source_repo,candidate_url_path,candidate_source,candidate_text_chars,candidate_quality_pass,candidate_text_file
aws-amplify/docs,/,live_fetch,3219,true,data/content/new_candidates/aws_amplify_docs/9efdc39d0d5b670b.txt
aws-amplify/docs,/404/index.html,repo_head,0,false,data/content/new_candidates/aws_amplify_docs/9ed17fc1f145a99b.txt
aws-amplify/docs,/<platform>/build-a-backend/auth/connect-your-frontend/manage-user-sessions,repo_head,4905,true,data/content/new_candidates/aws_amplify_docs/5ee4c8176a804ffa.txt
aws-amplify/docs,/<platform>/build-a-backend/auth/connect-your-frontend/sign-up,repo_head,6702,true,data/content/new_candidates/aws_amplify_docs/f4025f7c72a2f771.txt
aws-amplify/docs,/<platform>/build-a-backend/auth/modify-resources-with-cdk,repo_head,1559,true,data/content/new_candidates/aws_amplify_docs/6d264ba4775da672.txt
aws-amplify/docs,/amplify-js/api,repo_head,576,false,data/content/new_candidates/aws_amplify_docs/e92791977ae26d7a.txt
aws-amplify/docs,/android/build-a-backend/auth/accessing-credentials,repo_head,845,true,data/content/new_candidates/aws_amplify_docs/024b6bad4d66d05a.txt
aws-amplify/docs,/android/build-a-backend/auth/add-social-provider,repo_head,18400,true,data/content/new_candidates/aws_amplify_docs/47f4b73dfd81d2f2.txt
aws-amplify/docs,/android/build-a-backend/auth/app-uninstall,repo_head,1932,true,data/content/new_candidates/aws_amplify_docs/389db93ddbcbcd67.txt
aws-amplify/docs,/android/build-a-backend/auth/delete-user-account,repo_head,2941,true,data/content/new_candidates/aws_amplify_docs/a88804c2184d4b62.txt
aws-amplify/docs,/android/build-a-backend/auth/managing-attributes,repo_head,816,true,data/content/new_candidates/aws_amplify_docs/b490205f264b7e4a.txt
aws-amplify/docs,/android/build-a-backend/auth/multi-step-sign-in,repo_head,855,true,data/content/new_candidates/aws_amplify_docs/4fc6d5d4ee0c6bd2.txt
aws-amplify/docs,/android/build-a-backend/auth/remember-device,repo_head,1354,true,data/content/new_candidates/aws_amplify_docs/0630c162f8a681e4.txt
aws-amplify/docs,/android/build-a-backend/auth/sdk,repo_head,636,true,data/content/new_candidates/aws_amplify_docs/d0b43fac2814f840.txt
aws-amplify/docs,/android/build-a-backend/auth/set-up-auth,repo_head,8861,true,data/content/new_candidates/aws_amplify_docs/f5fb1c92cd87b6ff.txt
aws-amplify/docs,/android/build-a-backend/auth/sign-in-custom-flow,repo_head,912,true,data/content/new_candidates/aws_amplify_docs/79b56fb70d190c11.txt
aws-amplify/docs,/android/build-a-backend/auth/sign-in-with-web-ui,repo_head,7148,true,data/content/new_candidates/aws_amplify_docs/613dcc403a78e745.txt
aws-amplify/docs,/android/build-a-backend/auth/sign-out,repo_head,766,true,data/content/new_candidates/aws_amplify_docs/a11d6a68f585f5f0.txt
aws-amplify/docs,/android/build-a-backend/auth/under-the-hood,repo_head,1042,true,data/content/new_candidates/aws_amplify_docs/c4e7862c04ce2798.txt
aws-amplify/docs,/android/build-a-backend/functions,repo_head,684,true,data/content/new_candidates/aws_amplify_docs/5acd961f483b57ef.txt
aws-amplify/docs,/android/build-a-backend/graphqlapi/api-graphql-concepts,repo_head,820,true,data/content/new_candidates/aws_amplify_docs/90c46c9d541bed24.txt
aws-amplify/docs,/android/build-a-backend/graphqlapi/client-code-generation,repo_head,8275,true,data/content/new_candidates/aws_amplify_docs/68993c9e39306a99.txt
aws-amplify/docs,/android/build-a-backend/graphqlapi/relational-models,repo_head,10981,true,data/content/new_candidates/aws_amplify_docs/a21434384cb635b6.txt
aws-amplify/docs,/android/build-a-backend/more-features/analytics/identify-user,repo_head,1507,true,data/content/new_candidates/aws_amplify_docs/f17a8ecee8226f4c.txt
aws-amplify/docs,/android/build-a-backend/more-features/analytics/record-events,repo_head,2081,true,data/content/new_candidates/aws_amplify_docs/2ffca8a3ac96740e.txt
aws-amplify/docs,/android/build-a-backend/more-features/datastore,repo_head,784,true,data/content/new_candidates/aws_amplify_docs/695c2b618f005b80.txt
aws-amplify/docs,/android/build-a-backend/more-features/datastore/conflict-resolution,repo_head,1224,true,data/content/new_candidates/aws_amplify_docs/40239e3d4057e98c.txt
aws-amplify/docs,/android/build-a-backend/more-features/datastore/manipulate-data,repo_head,1229,true,data/content/new_candidates/aws_amplify_docs/2e3e4807764dc635.txt
aws-amplify/docs,/android/build-a-backend/more-features/datastore/sync-to-cloud,repo_head,1240,true,data/content/new_candidates/aws_amplify_docs/199f01b72d2db4f1.txt
aws-amplify/docs,/android/build-a-backend/more-features/geo/amazon-location-sdk,repo_head,1026,true,data/content/new_candidates/aws_amplify_docs/9fcbcb8e98e9348b.txt
aws-amplify/docs,/android/build-a-backend/more-features/geo/maps,repo_head,762,true,data/content/new_candidates/aws_amplify_docs/cc64bf90e1d76b14.txt
aws-amplify/docs,/android/build-a-backend/more-features/geo/set-up-geo,repo_head,939,true,data/content/new_candidates/aws_amplify_docs/e2470736e1c94107.txt
aws-amplify/docs,/android/build-a-backend/more-features/logging/change-log-levels,repo_head,579,true,data/content/new_candidates/aws_amplify_docs/ca0425b6964173bd.txt
aws-amplify/docs,/android/build-a-backend/more-features/logging/configure-user,repo_head,581,true,data/content/new_candidates/aws_amplify_docs/cac60813facb5387.txt
aws-amplify/docs,/android/build-a-backend/more-features/logging/flush-logs,live_fetch,3228,true,data/content/new_candidates/aws_amplify_docs/c926841d4ebdf491.txt
aws-amplify/docs,/android/build-a-backend/more-features/predictions/identify-text,repo_head,968,true,data/content/new_candidates/aws_amplify_docs/c420e8763d477365.txt
aws-amplify/docs,/android/build-a-backend/push-notifications/record-notifications,repo_head,885,true,data/content/new_candidates/aws_amplify_docs/8625a4dea490b037.txt
aws-amplify/docs,/android/build-a-backend/push-notifications/register-device,repo_head,703,true,data/content/new_candidates/aws_amplify_docs/d9d007d758f21a2a.txt
aws-amplify/docs,/android/build-a-backend/push-notifications/set-up-push-notifications,repo_head,672,true,data/content/new_candidates/aws_amplify_docs/87d1abda4c6ba2b8.txt
aws-amplify/docs,/android/build-a-backend/push-notifications/set-up-push-service,repo_head,725,true,data/content/new_candidates/aws_amplify_docs/2b03b60f5093f763.txt
aws-amplify/docs,/android/build-a-backend/push-notifications/test-notifications,repo_head,650,true,data/content/new_candidates/aws_amplify_docs/93ae84df51a2b6c7.txt
aws-amplify/docs,/android/build-a-backend/restapi,repo_head,752,true,data/content/new_candidates/aws_amplify_docs/f7401888af22b4fa.txt
aws-amplify/docs,/android/build-a-backend/restapi/existing-resources,repo_head,1767,true,data/content/new_candidates/aws_amplify_docs/b4e1593b617dd067.txt
aws-amplify/docs,/android/build-a-backend/restapi/gen-ai,repo_head,5899,true,data/content/new_candidates/aws_amplify_docs/55e946da7676cab9.txt
aws-amplify/docs,/android/build-a-backend/restapi/set-up-rest-api,repo_head,1121,true,data/content/new_candidates/aws_amplify_docs/98fb2c0ad5669902.txt
aws-amplify/docs,/android/build-a-backend/storage/lambda-triggers,repo_head,2004,true,data/content/new_candidates/aws_amplify_docs/819b8276ef8ca590.txt
aws-amplify/docs,/android/build-a-backend/storage/list,repo_head,3025,true,data/content/new_candidates/aws_amplify_docs/e57d5b4202cf5eb4.txt
aws-amplify/docs,/android/build-a-backend/storage/upload,repo_head,2631,true,data/content/new_candidates/aws_amplify_docs/ef5cde50819350d8.txt
aws-amplify/docs,/android/deploy-and-host,repo_head,683,true,data/content/new_candidates/aws_amplify_docs/811d85024e3069d9.txt
aws-amplify/docs,/android/sdk,repo_head,777,true,data/content/new_candidates/aws_amplify_docs/1a8ecb34bbc26561.txt
aws-amplify/docs,/android/sdk/analytics/endpoints,repo_head,2343,true,data/content/new_candidates/aws_amplify_docs/649453469ea95d18.txt
aws-amplify/docs,/android/sdk/analytics/kinesis,repo_head,4709,true,data/content/new_candidates/aws_amplify_docs/f88a5afe2d414a81.txt
aws-amplify/docs,/android/sdk/api/graphql,repo_head,23941,true,data/content/new_candidates/aws_amplify_docs/047e331ae843418d.txt
aws-amplify/docs,/android/sdk/auth/drop-in-auth,repo_head,788,true,data/content/new_candidates/aws_amplify_docs/58746c52edd6d677.txt
aws-amplify/docs,/android/sdk/auth/federated-identities,repo_head,9675,true,data/content/new_candidates/aws_amplify_docs/c65347d9fbb2f0e2.txt
aws-amplify/docs,/android/sdk/auth/getting-started,repo_head,2045,true,data/content/new_candidates/aws_amplify_docs/1ba98ddfe0d5632a.txt
aws-amplify/docs,/android/sdk/auth/working-with-api,repo_head,2245,true,data/content/new_candidates/aws_amplify_docs/858ebce117a24144.txt
aws-amplify/docs,/android/sdk/pubsub/working-api,repo_head,1806,true,data/content/new_candidates/aws_amplify_docs/eeae6591bbc24b73.txt
aws-amplify/docs,/android/start/getting-started/generate-model,repo_head,1188,true,data/content/new_candidates/aws_amplify_docs/353de78b7d63f8cf.txt
aws-amplify/docs,/android/start/getting-started/installation,repo_head,4571,true,data/content/new_candidates/aws_amplify_docs/6576eaf6b662d23d.txt
aws-amplify/docs,/android/start/getting-started/integrate,repo_head,4970,true,data/content/new_candidates/aws_amplify_docs/20d2e07af4c55f9b.txt
aws-amplify/docs,/android/start/getting-started/nextsteps,live_fetch,607,true,data/content/new_candidates/aws_amplify_docs/17a98937d353a613.txt
aws-amplify/docs,/android/start/getting-started/setup,repo_head,2236,true,data/content/new_candidates/aws_amplify_docs/4d8e609f27d9af9e.txt
aws-amplify/docs,/android/start/sample-apps/to-do-app,repo_head,537,true,data/content/new_candidates/aws_amplify_docs/392d1ecafe80ebc6.txt
aws-amplify/docs,/angular/build-a-backend,repo_head,748,true,data/content/new_candidates/aws_amplify_docs/cb60c05fad0e3bcb.txt
aws-amplify/docs,/angular/build-a-backend/auth,repo_head,683,true,data/content/new_candidates/aws_amplify_docs/b5a08cc37e25d6de.txt
aws-amplify/docs,/angular/build-a-backend/functions,repo_head,684,true,data/content/new_candidates/aws_amplify_docs/0971d618c9447f71.txt
aws-amplify/docs,/angular/build-a-backend/more-features/datastore/conflict-resolution,repo_head,1224,true,data/content/new_candidates/aws_amplify_docs/f1d4c451f94e72c3.txt
aws-amplify/docs,/angular/build-a-backend/more-features/predictions/identify-text,repo_head,968,true,data/content/new_candidates/aws_amplify_docs/d9ff41fda325ce46.txt
aws-amplify/docs,/angular/build-a-backend/server-side-rendering,repo_head,10805,true,data/content/new_candidates/aws_amplify_docs/5d08f819fb0fdd1c.txt
aws-amplify/docs,/angular/build-a-backend/troubleshooting/cdktoolkit-stack,repo_head,2306,true,data/content/new_candidates/aws_amplify_docs/c311c27d8ca87101.txt
aws-amplify/docs,/angular/getting-started/migration,repo_head,730,true,data/content/new_candidates/aws_amplify_docs/884ef7cb6b8b5e05.txt
aws-amplify/docs,/angular/start/connect-to-aws-resources,repo_head,2147,true,data/content/new_candidates/aws_amplify_docs/96ddeea75ad91694.txt
aws-amplify/docs,/angular/start/getting-started/hosting,repo_head,1416,true,data/content/new_candidates/aws_amplify_docs/5af6d4d39824e589.txt
aws-amplify/docs,/angular/start/getting-started/nextsteps,repo_head,13,false,data/content/new_candidates/aws_amplify_docs/483288353dd1c134.txt
aws-amplify/docs,/flutter,repo_head,510,true,data/content/new_candidates/aws_amplify_docs/b4dc945e8ff6fb27.txt
aws-amplify/docs,/flutter/build-a-backend,repo_head,748,true,data/content/new_candidates/aws_amplify_docs/896b25222e0cf354.txt
aws-amplify/docs,/flutter/build-a-backend/auth/auth-events,repo_head,4959,true,data/content/new_candidates/aws_amplify_docs/6c363cde88cf0928.txt
aws-amplify/docs,/flutter/build-a-backend/auth/delete-user-account,repo_head,2941,true,data/content/new_candidates/aws_amplify_docs/9ae0c349f2c28b41.txt
aws-amplify/docs,/flutter/build-a-backend/auth/enable-guest-access,repo_head,814,true,data/content/new_candidates/aws_amplify_docs/9cdd883a93e52bb3.txt
aws-amplify/docs,/flutter/build-a-backend/auth/manage-mfa,repo_head,16738,true,data/content/new_candidates/aws_amplify_docs/3f38d137352f051c.txt
aws-amplify/docs,/flutter/build-a-backend/auth/multi-step-sign-in,repo_head,855,true,data/content/new_candidates/aws_amplify_docs/6a6c8cf990b33849.txt
aws-amplify/docs,/flutter/build-a-backend/auth/set-up-auth,repo_head,8861,true,data/content/new_candidates/aws_amplify_docs/b0ead12a5f1dbb72.txt
aws-amplify/docs,/flutter/build-a-backend/auth/sign-in-custom-flow,repo_head,912,true,data/content/new_candidates/aws_amplify_docs/b51cf93f9a440c4f.txt
aws-amplify/docs,/flutter/build-a-backend/auth/sign-out,repo_head,766,true,data/content/new_candidates/aws_amplify_docs/6365dfa89c74bf4d.txt
aws-amplify/docs,/flutter/build-a-backend/graphqlapi,repo_head,781,true,data/content/new_candidates/aws_amplify_docs/23d68616e1856ada.txt
aws-amplify/docs,/flutter/build-a-backend/graphqlapi/advanced-workflows,repo_head,867,true,data/content/new_candidates/aws_amplify_docs/3e4899b556efa080.txt
aws-amplify/docs,/flutter/build-a-backend/graphqlapi/api-graphql-concepts,repo_head,820,true,data/content/new_candidates/aws_amplify_docs/a67bf32ba15128a7.txt
aws-amplify/docs,/flutter/build-a-backend/graphqlapi/existing-resources,repo_head,863,true,data/content/new_candidates/aws_amplify_docs/78935a39b5ef644c.txt
aws-amplify/docs,/flutter/build-a-backend/graphqlapi/query-data,repo_head,9027,true,data/content/new_candidates/aws_amplify_docs/23fef75dfa1f19ed.txt
aws-amplify/docs,/flutter/build-a-backend/graphqlapi/subscribe-data,repo_head,5708,true,data/content/new_candidates/aws_amplify_docs/3cb84beeb3189474.txt
aws-amplify/docs,/flutter/build-a-backend/more-features/analytics/auto-track-sessions,repo_head,1393,true,data/content/new_candidates/aws_amplify_docs/40d4e221f8233efe.txt
aws-amplify/docs,/flutter/build-a-backend/more-features/analytics/identify-user,repo_head,1507,true,data/content/new_candidates/aws_amplify_docs/5649272ede2e19af.txt
aws-amplify/docs,/flutter/build-a-backend/more-features/datastore/additional-methods,repo_head,1176,true,data/content/new_candidates/aws_amplify_docs/adb9282111564088.txt
aws-amplify/docs,/flutter/build-a-backend/more-features/datastore/authz-rules-setup,repo_head,1260,true,data/content/new_candidates/aws_amplify_docs/c2c1efa009d38591.txt
aws-amplify/docs,/flutter/build-a-backend/more-features/datastore/datastore-events,repo_head,5200,true,data/content/new_candidates/aws_amplify_docs/34fce1f82e4539c4.txt
aws-amplify/docs,/flutter/build-a-backend/more-features/datastore/manipulate-data,repo_head,1229,true,data/content/new_candidates/aws_amplify_docs/d8dedd3a08469dad.txt
aws-amplify/docs,/flutter/build-a-backend/more-features/datastore/schema-updates,repo_head,1218,true,data/content/new_candidates/aws_amplify_docs/91048ad0e7fd8bce.txt
aws-amplify/docs,/flutter/build-a-backend/more-features/datastore/set-up-datastore,repo_head,1432,true,data/content/new_candidates/aws_amplify_docs/6a52d70cc37568b1.txt
aws-amplify/docs,/flutter/build-a-backend/more-features/datastore/sync-to-cloud,repo_head,1240,true,data/content/new_candidates/aws_amplify_docs/524bf8f406d13afd.txt
aws-amplify/docs,/flutter/build-a-backend/push-notifications/enable-rich-notifications,repo_head,603,true,data/content/new_candidates/aws_amplify_docs/2449bb21bcbec13f.txt
aws-amplify/docs,/flutter/build-a-backend/push-notifications/identify-user,repo_head,672,true,data/content/new_candidates/aws_amplify_docs/0b9a2d22d5c05c5d.txt
aws-amplify/docs,/flutter/build-a-backend/push-notifications/interact-with-notifications,repo_head,651,true,data/content/new_candidates/aws_amplify_docs/4b47be277bd21845.txt
aws-amplify/docs,/flutter/build-a-backend/push-notifications/receive-device-token,repo_head,609,true,data/content/new_candidates/aws_amplify_docs/270bb148fb565fb2.txt
aws-amplify/docs,/flutter/build-a-backend/restapi/fetch-data,repo_head,962,true,data/content/new_candidates/aws_amplify_docs/f838ac34d496e9a9.txt
aws-amplify/docs,/flutter/build-a-backend/storage/configure-access,repo_head,3587,true,data/content/new_candidates/aws_amplify_docs/18d13e7238d73552.txt
aws-amplify/docs,/flutter/build-a-backend/storage/download,repo_head,4630,true,data/content/new_candidates/aws_amplify_docs/69ba8a693f76e8c6.txt
aws-amplify/docs,/flutter/build-a-backend/storage/get-properties,repo_head,1344,true,data/content/new_candidates/aws_amplify_docs/cd250777789912f5.txt
aws-amplify/docs,/flutter/build-a-backend/troubleshooting/cdktoolkit-stack,repo_head,2306,true,data/content/new_candidates/aws_amplify_docs/2ef25cd3182b7b6e.txt
aws-amplify/docs,/flutter/start/getting-started/nextsteps,repo_head,564,true,data/content/new_candidates/aws_amplify_docs/85b387ecd4e8443c.txt
aws-amplify/docs,/flutter/start/project-setup/escape-hatch,live_fetch,2984,true,data/content/new_candidates/aws_amplify_docs/f8168c693c84df83.txt
aws-amplify/docs,/flutter/start/project-setup/upgrade-guide,repo_head,854,true,data/content/new_candidates/aws_amplify_docs/4457b3645ccc38bf.txt
aws-amplify/docs,/gen1/<platform>/build-a-backend/auth/auth-events,repo_head,4959,true,data/content/new_candidates/aws_amplify_docs/882861a58fa61177.txt
aws-amplify/docs,/gen1/<platform>/build-a-backend/auth/delete-user-account,repo_head,2941,true,data/content/new_candidates/aws_amplify_docs/653e653844ba1ae3.txt
aws-amplify/docs,/gen1/<platform>/build-a-backend/auth/existing-resources,repo_head,860,true,data/content/new_candidates/aws_amplify_docs/4b6b143d50cf47bd.txt
aws-amplify/docs,/gen1/<platform>/build-a-backend/auth/managing-credentials,repo_head,553,false,data/content/new_candidates/aws_amplify_docs/fba9dacfd3ed1efb.txt
aws-amplify/docs,/gen1/<platform>/build-a-backend/debugging,repo_head,844,true,data/content/new_candidates/aws_amplify_docs/bc7e2bc1f5e7ccc6.txt
aws-amplify/docs,/gen1/<platform>/build-a-backend/existing-resources,repo_head,745,true,data/content/new_candidates/aws_amplify_docs/e57da7a90a6770b4.txt
aws-amplify/docs,/gen1/<platform>/build-a-backend/functions/layers,repo_head,6649,true,data/content/new_candidates/aws_amplify_docs/022763c42d5a6ebc.txt
aws-amplify/docs,/gen1/<platform>/build-a-backend/graphqlapi/<page>,repo_head,781,true,data/content/new_candidates/aws_amplify_docs/0711a3ec4f5390e0.txt
aws-amplify/docs,/gen1/<platform>/build-a-backend/graphqlapi/connect-api-to-existing-database,repo_head,21620,true,data/content/new_candidates/aws_amplify_docs/c95ba13aed0d321d.txt
aws-amplify/docs,/gen1/<platform>/build-a-backend/more-features,repo_head,813,true,data/content/new_candidates/aws_amplify_docs/9ac70e0985b739fd.txt
aws-amplify/docs,/gen1/<platform>/build-a-backend/more-features/<page>,repo_head,813,true,data/content/new_candidates/aws_amplify_docs/3825211289b98401.txt
aws-amplify/docs,/gen1/<platform>/build-a-backend/push-notifications,repo_head,728,true,data/content/new_candidates/aws_amplify_docs/ff7c07e2f441c5cd.txt
aws-amplify/docs,/gen1/<platform>/build-a-backend/push-notifications/<page>,repo_head,728,true,data/content/new_candidates/aws_amplify_docs/c057a78fce29ecc6.txt
aws-amplify/docs,/gen1/<platform>/build-a-backend/restapi,repo_head,752,true,data/content/new_candidates/aws_amplify_docs/dd62916c46c679be.txt
aws-amplify/docs,/gen1/<platform>/build-a-backend/storage/configure-storage,repo_head,3613,true,data/content/new_candidates/aws_amplify_docs/59619f95745286d5.txt
aws-amplify/docs,/gen1/<platform>/build-a-backend/storage/import,repo_head,5386,true,data/content/new_candidates/aws_amplify_docs/292bcadd3e036211.txt
aws-amplify/docs,/gen1/<platform>/build-a-backend/utilities,repo_head,756,true,data/content/new_candidates/aws_amplify_docs/9d73524ba871cd67.txt
aws-amplify/docs,/gen1/<platform>/deploy-and-host/deployment/<page>,repo_head,773,true,data/content/new_candidates/aws_amplify_docs/c4087f64f63760e4.txt
aws-amplify/docs,/gen1/<platform>/deploy-and-host/frameworks/<page>,repo_head,711,true,data/content/new_candidates/aws_amplify_docs/1ea967a7ba8a858a.txt
aws-amplify/docs,/gen1/<platform>/prev/build-a-backend/<category>/<page>,repo_head,2351,true,data/content/new_candidates/aws_amplify_docs/56e37c41d17d8e08.txt
aws-amplify/docs,/gen1/<platform>/prev/build-a-backend/<page>,repo_head,1305,true,data/content/new_candidates/aws_amplify_docs/0c21393966281dee.txt
aws-amplify/docs,/gen1/<platform>/prev/start/<page>,repo_head,912,true,data/content/new_candidates/aws_amplify_docs/357aae62bf5f322d.txt
aws-amplify/docs,/gen1/<platform>/prev/tools/<category>/<page>,repo_head,1171,true,data/content/new_candidates/aws_amplify_docs/e252c472bd3863b3.txt
aws-amplify/docs,/gen1/<platform>/sdk/analytics/<page>,repo_head,697,true,data/content/new_candidates/aws_amplify_docs/fb9297063860c07e.txt
aws-amplify/docs,/gen1/<platform>/sdk/push-notifications/<page>,repo_head,691,true,data/content/new_candidates/aws_amplify_docs/eb004ff2a821efda.txt
aws-amplify/docs,/gen1/<platform>/start/getting-started,repo_head,789,true,data/content/new_candidates/aws_amplify_docs/0e201cce06711650.txt
aws-amplify/docs,/gen1/<platform>/start/getting-started/<page>,repo_head,789,true,data/content/new_candidates/aws_amplify_docs/b2788e12728bf80a.txt
aws-amplify/docs,/gen1/<platform>/start/project-setup/<page>,repo_head,768,true,data/content/new_candidates/aws_amplify_docs/42d82a521c430e0c.txt
aws-amplify/docs,/gen1/<platform>/tools/cli-legacy,repo_head,747,true,data/content/new_candidates/aws_amplify_docs/9ded33de378a6a79.txt
aws-amplify/docs,/gen1/<platform>/tools/cli/<page>,repo_head,4679,true,data/content/new_candidates/aws_amplify_docs/8eab0998d0be3315.txt
aws-amplify/docs,/gen1/<platform>/tools/console,repo_head,3822,true,data/content/new_candidates/aws_amplify_docs/3fa7da64729020bd.txt
aws-amplify/docs,/gen1/<platform>/tools/libraries,repo_head,1718,true,data/content/new_candidates/aws_amplify_docs/02d9dac0c951773e.txt
aws-amplify/docs,/gen1/<platform>/tools/libraries/<page>,repo_head,1718,true,data/content/new_candidates/aws_amplify_docs/dd8b3ccbb011c7f9.txt
aws-amplify/docs,/gen1/android/build-a-backend/auth/add-social-provider,repo_head,18400,true,data/content/new_candidates/aws_amplify_docs/2cc0bfc13c4a4c39.txt
aws-amplify/docs,/gen1/android/build-a-backend/auth/switch-auth,repo_head,1056,true,data/content/new_candidates/aws_amplify_docs/e500ea2d7ea2f675.txt
aws-amplify/docs,/gen1/android/build-a-backend/storage/query-transfers,repo_head,577,true,data/content/new_candidates/aws_amplify_docs/26da2901ae8568de.txt
aws-amplify/docs,/gen1/android/prev/build-a-backend,repo_head,1305,true,data/content/new_candidates/aws_amplify_docs/7ecac49a8d02ca71.txt
aws-amplify/docs,/gen1/android/prev/build-a-backend/auth/accessing-credentials,repo_head,1260,true,data/content/new_candidates/aws_amplify_docs/7eb1446c1d3244ba.txt
aws-amplify/docs,/gen1/android/prev/build-a-backend/auth/auth-events,repo_head,5578,true,data/content/new_candidates/aws_amplify_docs/bf9887a854159da3.txt
aws-amplify/docs,/gen1/android/prev/build-a-backend/auth/delete-user-account,repo_head,3437,true,data/content/new_candidates/aws_amplify_docs/5bcdad2546f480a3.txt
aws-amplify/docs,/gen1/android/prev/build-a-backend/auth/enable-sign-in,repo_head,1235,true,data/content/new_candidates/aws_amplify_docs/3a31d46aa0ce6567.txt
aws-amplify/docs,/gen1/android/prev/build-a-backend/auth/existing-resources,repo_head,1134,true,data/content/new_candidates/aws_amplify_docs/95dee13a52ea4ba0.txt
aws-amplify/docs,/gen1/android/prev/build-a-backend/auth/manage-passwords,repo_head,5318,true,data/content/new_candidates/aws_amplify_docs/19a240bdc9c6eef9.txt
aws-amplify/docs,/gen1/android/prev/build-a-backend/auth/sdk,repo_head,908,true,data/content/new_candidates/aws_amplify_docs/978e30526f02c0b6.txt
aws-amplify/docs,/gen1/android/prev/build-a-backend/auth/set-up-auth,repo_head,18087,true,data/content/new_candidates/aws_amplify_docs/4eadc8538d512aca.txt
aws-amplify/docs,/gen1/android/prev/build-a-backend/auth/sign-out,repo_head,1182,true,data/content/new_candidates/aws_amplify_docs/8268bb0c29f66a48.txt
aws-amplify/docs,/gen1/android/prev/build-a-backend/auth/under-the-hood,repo_head,5093,true,data/content/new_candidates/aws_amplify_docs/6bd1f851ade97d00.txt
aws-amplify/docs,/gen1/android/prev/build-a-backend/graphqlapi/advanced-workflows,repo_head,1654,true,data/content/new_candidates/aws_amplify_docs/6d733ef6c29918f6.txt
aws-amplify/docs,/gen1/android/prev/build-a-backend/graphqlapi/query-data,repo_head,9597,true,data/content/new_candidates/aws_amplify_docs/e47a3fbd168c8684.txt
aws-amplify/docs,/gen1/android/prev/build-a-backend/graphqlapi/set-up-graphql-api,repo_head,1665,true,data/content/new_candidates/aws_amplify_docs/40b2beed6b70e6aa.txt
aws-amplify/docs,/gen1/android/prev/build-a-backend/graphqlapi/subscribe-data,repo_head,6320,true,data/content/new_candidates/aws_amplify_docs/32aeac20cb2c9469.txt
aws-amplify/docs,/gen1/android/prev/build-a-backend/more-features/analytics/auto-track-sessions,repo_head,1715,true,data/content/new_candidates/aws_amplify_docs/0b1e2630bcf09423.txt
aws-amplify/docs,/gen1/android/prev/build-a-backend/more-features/analytics/enable-disable,repo_head,2581,true,data/content/new_candidates/aws_amplify_docs/77d91c81fd645cf1.txt
aws-amplify/docs,/gen1/android/prev/build-a-backend/more-features/analytics/existing-resources,repo_head,1685,true,data/content/new_candidates/aws_amplify_docs/15c154e6a3296198.txt
aws-amplify/docs,/gen1/android/prev/build-a-backend/more-features/datastore/additional-methods,repo_head,1597,true,data/content/new_candidates/aws_amplify_docs/4f5d7c6cfe673d3d.txt
aws-amplify/docs,/gen1/android/prev/build-a-backend/more-features/datastore/sync-to-cloud,repo_head,1661,true,data/content/new_candidates/aws_amplify_docs/6b269192d6dd5f35.txt
aws-amplify/docs,/gen1/android/prev/build-a-backend/more-features/geo/existing-resources,repo_head,1215,true,data/content/new_candidates/aws_amplify_docs/1d3ad990e643b1a4.txt
aws-amplify/docs,/gen1/android/prev/build-a-backend/more-features/predictions/identify-text,repo_head,1305,true,data/content/new_candidates/aws_amplify_docs/d2be773491088629.txt
aws-amplify/docs,/gen1/android/prev/build-a-backend/more-features/predictions/interpret-sentiment,repo_head,1289,true,data/content/new_candidates/aws_amplify_docs/187b80b49afc1fa8.txt
aws-amplify/docs,/gen1/android/prev/build-a-backend/more-features/predictions/set-up-predictions,repo_head,1349,true,data/content/new_candidates/aws_amplify_docs/b2bcb7d6991e9610.txt
aws-amplify/docs,/gen1/android/prev/build-a-backend/restapi/delete-data,repo_head,1520,true,data/content/new_candidates/aws_amplify_docs/1e604493790359c6.txt
aws-amplify/docs,/gen1/android/prev/build-a-backend/restapi/fetch-data,repo_head,1511,true,data/content/new_candidates/aws_amplify_docs/c480515ec331e7ec.txt
aws-amplify/docs,/gen1/android/prev/build-a-backend/storage,repo_head,2351,true,data/content/new_candidates/aws_amplify_docs/1a3848843de77ad0.txt
aws-amplify/docs,/gen1/android/prev/build-a-backend/storage/existing-resources,repo_head,1647,true,data/content/new_candidates/aws_amplify_docs/53e6849a1a1c1fdd.txt
aws-amplify/docs,/gen1/android/prev/build-a-backend/storage/lambda-triggers,repo_head,1207,true,data/content/new_candidates/aws_amplify_docs/8f3378e0e8c1c419.txt
aws-amplify/docs,/gen1/android/prev/build-a-backend/storage/sdk,repo_head,1094,true,data/content/new_candidates/aws_amplify_docs/671ed85b57743e74.txt
aws-amplify/docs,/gen1/android/prev/start/project-setup/prerequisites,live_fetch,5011,true,data/content/new_candidates/aws_amplify_docs/82667638f8e0b9d2.txt
aws-amplify/docs,/gen1/android/prev/start/project-setup/rxjava,repo_head,736,true,data/content/new_candidates/aws_amplify_docs/d6d469250f017cd3.txt
aws-amplify/docs,/gen1/android/prev/start/project-setup/use-existing-resources,repo_head,1044,true,data/content/new_candidates/aws_amplify_docs/64bade341a52cdb8.txt
aws-amplify/docs,/gen1/angular/build-a-backend/server-side-rendering/nextjs,repo_head,2983,true,data/content/new_candidates/aws_amplify_docs/d07c5458e1f60665.txt
aws-amplify/docs,/gen1/angular/deploy-and-host/custom-configuration,repo_head,713,true,data/content/new_candidates/aws_amplify_docs/1e635d5c9ba78657.txt
aws-amplify/docs,/gen1/angular/deploy-and-host/deployment,repo_head,773,true,data/content/new_candidates/aws_amplify_docs/e37f8041da2ab46d.txt
aws-amplify/docs,/gen1/angular/prev,repo_head,653,true,data/content/new_candidates/aws_amplify_docs/353ce925ac53d6b5.txt
aws-amplify/docs,/gen1/angular/prev/build-a-backend,repo_head,1305,true,data/content/new_candidates/aws_amplify_docs/eee9cbe02d0597c9.txt
aws-amplify/docs,/gen1/angular/prev/start/project-setup/create-application,repo_head,1690,true,data/content/new_candidates/aws_amplify_docs/f72cf72a35bfb28c.txt
aws-amplify/docs,/gen1/flutter/build-a-backend/auth/add-social-provider,repo_head,18400,true,data/content/new_candidates/aws_amplify_docs/d9e78ffbeed9ef43.txt
aws-amplify/docs,/gen1/flutter/build-a-backend/troubleshooting/upgrade-amplify-packages,repo_head,1571,true,data/content/new_candidates/aws_amplify_docs/b46e997ad8a64f24.txt
aws-amplify/docs,/gen1/flutter/prev/build-a-backend,repo_head,1305,true,data/content/new_candidates/aws_amplify_docs/349ff4960eb21325.txt
aws-amplify/docs,/gen1/flutter/prev/build-a-backend/auth/accessing-credentials,repo_head,1260,true,data/content/new_candidates/aws_amplify_docs/14df620146bc713d.txt
aws-amplify/docs,/gen1/flutter/prev/build-a-backend/auth/add-social-provider,repo_head,17117,true,data/content/new_candidates/aws_amplify_docs/22ea980f2adadad7.txt
aws-amplify/docs,/gen1/flutter/prev/build-a-backend/auth/enable-sign-in,repo_head,1235,true,data/content/new_candidates/aws_amplify_docs/fad077e6b83ff461.txt
aws-amplify/docs,/gen1/flutter/prev/build-a-backend/auth/remember-device,repo_head,5417,true,data/content/new_candidates/aws_amplify_docs/e284707e8eb30885.txt
aws-amplify/docs,/gen1/flutter/prev/build-a-backend/auth/set-up-auth,repo_head,18087,true,data/content/new_candidates/aws_amplify_docs/ac14983c3f4f6bd4.txt
aws-amplify/docs,/gen1/flutter/prev/build-a-backend/auth/sign-out,repo_head,1182,true,data/content/new_candidates/aws_amplify_docs/4c62da98f2058e87.txt
aws-amplify/docs,/gen1/flutter/prev/build-a-backend/auth/under-the-hood,repo_head,5093,true,data/content/new_candidates/aws_amplify_docs/c2a0c03cff495050.txt
aws-amplify/docs,/gen1/flutter/prev/build-a-backend/graphqlapi/advanced-workflows,repo_head,1654,true,data/content/new_candidates/aws_amplify_docs/69b7e7ac958ad05b.txt
aws-amplify/docs,/gen1/flutter/prev/build-a-backend/graphqlapi/existing-resources,repo_head,1666,true,data/content/new_candidates/aws_amplify_docs/9df11a5de723356a.txt
aws-amplify/docs,/gen1/flutter/prev/build-a-backend/graphqlapi/mutate-data,repo_head,4648,true,data/content/new_candidates/aws_amplify_docs/2ac6ed086802e50b.txt
aws-amplify/docs,/gen1/flutter/prev/build-a-backend/graphqlapi/offline,repo_head,1156,true,data/content/new_candidates/aws_amplify_docs/a84266a36ef0ef43.txt
aws-amplify/docs,/gen1/flutter/prev/build-a-backend/graphqlapi/query-data,repo_head,9597,true,data/content/new_candidates/aws_amplify_docs/29d0d71448f6b320.txt
aws-amplify/docs,/gen1/flutter/prev/build-a-backend/more-features/analytics/auto-track-sessions,repo_head,1715,true,data/content/new_candidates/aws_amplify_docs/94caffbfbb85412b.txt
aws-amplify/docs,/gen1/flutter/prev/build-a-backend/more-features/analytics/enable-disable,repo_head,2581,true,data/content/new_candidates/aws_amplify_docs/1ec8acf1266ec263.txt
aws-amplify/docs,/gen1/flutter/prev/build-a-backend/more-features/datastore/authz-rules-setup,repo_head,1681,true,data/content/new_candidates/aws_amplify_docs/4520958c55dd13fb.txt
aws-amplify/docs,/gen1/flutter/prev/build-a-backend/more-features/datastore/customize-primary-keys,repo_head,1017,true,data/content/new_candidates/aws_amplify_docs/1d34c753f85d6ccd.txt
aws-amplify/docs,/gen1/flutter/prev/build-a-backend/more-features/datastore/real-time,repo_head,1627,true,data/content/new_candidates/aws_amplify_docs/5a88efcd7835b258.txt
aws-amplify/docs,/gen1/flutter/prev/build-a-backend/more-features/datastore/sync-to-cloud,repo_head,1661,true,data/content/new_candidates/aws_amplify_docs/e3f08d7fc17b28c9.txt
aws-amplify/docs,/gen1/flutter/prev/build-a-backend/restapi/customize-authz,repo_head,1610,true,data/content/new_candidates/aws_amplify_docs/3d7bdd8e09b5d962.txt
aws-amplify/docs,/gen1/flutter/prev/build-a-backend/restapi/delete-data,repo_head,1520,true,data/content/new_candidates/aws_amplify_docs/12f95fb9e8b55fde.txt
aws-amplify/docs,/gen1/flutter/prev/build-a-backend/restapi/set-up-rest-api,repo_head,1820,true,data/content/new_candidates/aws_amplify_docs/36f5cae14c5a208f.txt
aws-amplify/docs,/gen1/flutter/prev/build-a-backend/storage/download,repo_head,1586,true,data/content/new_candidates/aws_amplify_docs/44c3b73fc1877b9f.txt
aws-amplify/docs,/gen1/flutter/prev/build-a-backend/storage/list,repo_head,1563,true,data/content/new_candidates/aws_amplify_docs/4c8ea46e7c9a2a77.txt
aws-amplify/docs,/gen1/flutter/prev/build-a-backend/storage/remove,repo_head,1548,true,data/content/new_candidates/aws_amplify_docs/40129d422b2d09ef.txt
aws-amplify/docs,/gen1/flutter/prev/build-a-backend/storage/set-up-storage,repo_head,1783,true,data/content/new_candidates/aws_amplify_docs/160d8b58e39f1249.txt
aws-amplify/docs,/gen1/flutter/prev/start/project-setup,repo_head,5732,true,data/content/new_candidates/aws_amplify_docs/b992ce8a517f5b07.txt
aws-amplify/docs,/gen1/javascript/build-a-backend/server-side-rendering/nuxt,repo_head,6065,true,data/content/new_candidates/aws_amplify_docs/5fc9e13c37a7eb38.txt
aws-amplify/docs,/gen1/javascript/build-a-backend/storage/storage-v5-to-v6-migration-guide,repo_head,9186,true,data/content/new_candidates/aws_amplify_docs/82310b717f58ec3c.txt
aws-amplify/docs,/gen1/javascript/build-a-backend/troubleshooting/upgrade-amplify-packages,repo_head,1571,true,data/content/new_candidates/aws_amplify_docs/dc2b44bf40fedede.txt
aws-amplify/docs,/gen1/javascript/build-ui/uibuilder,repo_head,7283,true,data/content/new_candidates/aws_amplify_docs/13c6ad593a90a392.txt
aws-amplify/docs,/gen1/javascript/deploy-and-host/custom-configuration,repo_head,713,true,data/content/new_candidates/aws_amplify_docs/0fc8311aeb6096a4.txt
aws-amplify/docs,/gen1/javascript/prev,repo_head,653,true,data/content/new_candidates/aws_amplify_docs/a5672d3d9dbad2c7.txt
aws-amplify/docs,/gen1/javascript/prev/build-a-backend/auth/add-social-provider,repo_head,17117,true,data/content/new_candidates/aws_amplify_docs/4dd8b2d2281a6da5.txt
aws-amplify/docs,/gen1/javascript/prev/build-a-backend/auth/auth-events,repo_head,5578,true,data/content/new_candidates/aws_amplify_docs/5e1d9de1945a484d.txt
aws-amplify/docs,/gen1/javascript/prev/build-a-backend/auth/enable-sign-up,repo_head,9223,true,data/content/new_candidates/aws_amplify_docs/c83cd40537683337.txt
aws-amplify/docs,/gen1/javascript/prev/build-a-backend/auth/manage-mfa,repo_head,16415,true,data/content/new_candidates/aws_amplify_docs/260db367b0a7b3f2.txt
aws-amplify/docs,/gen1/javascript/prev/build-a-backend/auth/manage-passwords,repo_head,5318,true,data/content/new_candidates/aws_amplify_docs/68df5bf46b3db16a.txt
aws-amplify/docs,/gen1/javascript/prev/build-a-backend/auth/remember-device,repo_head,5417,true,data/content/new_candidates/aws_amplify_docs/14643e0bf4666a02.txt
aws-amplify/docs,/gen1/javascript/prev/build-a-backend/auth/switch-auth,repo_head,4063,true,data/content/new_candidates/aws_amplify_docs/df17eb66c70ff3c1.txt
aws-amplify/docs,/gen1/javascript/prev/build-a-backend/auth/under-the-hood,repo_head,5093,true,data/content/new_candidates/aws_amplify_docs/7aac2973edc60486.txt
aws-amplify/docs,/gen1/javascript/prev/build-a-backend/graphqlapi/advanced-workflows,repo_head,1654,true,data/content/new_candidates/aws_amplify_docs/7e529ac4cf502dde.txt
aws-amplify/docs,/gen1/javascript/prev/build-a-backend/graphqlapi/api-graphql-concepts,repo_head,1625,true,data/content/new_candidates/aws_amplify_docs/593b6f0b15001e2e.txt
aws-amplify/docs,/gen1/javascript/prev/build-a-backend/graphqlapi/customize-authz-modes,repo_head,1630,true,data/content/new_candidates/aws_amplify_docs/e6f0a9bb3b1d01dc.txt
aws-amplify/docs,/gen1/javascript/prev/build-a-backend/graphqlapi/offline,repo_head,1156,true,data/content/new_candidates/aws_amplify_docs/8ac8e783cf1ff98d.txt
aws-amplify/docs,/gen1/javascript/prev/build-a-backend/more-features/analytics/auto-track-sessions,repo_head,1715,true,data/content/new_candidates/aws_amplify_docs/13f73e6a86b1df5f.txt
aws-amplify/docs,/gen1/javascript/prev/build-a-backend/more-features/analytics/create-custom-plugin,repo_head,1081,true,data/content/new_candidates/aws_amplify_docs/a30b9caa83b919dd.txt
aws-amplify/docs,/gen1/javascript/prev/build-a-backend/more-features/analytics/record-events,repo_head,1547,true,data/content/new_candidates/aws_amplify_docs/976f1c2f258811e1.txt
aws-amplify/docs,/gen1/javascript/prev/build-a-backend/more-features/analytics/storing-data,repo_head,774,true,data/content/new_candidates/aws_amplify_docs/be4cc01a8036a6d7.txt
aws-amplify/docs,/gen1/javascript/prev/build-a-backend/more-features/analytics/update-endpoint,repo_head,1063,true,data/content/new_candidates/aws_amplify_docs/d08bebd06b0b5124.txt
aws-amplify/docs,/gen1/javascript/prev/build-a-backend/more-features/datastore,repo_head,929,true,data/content/new_candidates/aws_amplify_docs/efa096dc8d019786.txt
aws-amplify/docs,/gen1/javascript/prev/build-a-backend/more-features/datastore/additional-methods,repo_head,1597,true,data/content/new_candidates/aws_amplify_docs/fbc0bfd0074b5ef7.txt
aws-amplify/docs,/gen1/javascript/prev/build-a-backend/more-features/datastore/manipulate-data,repo_head,1651,true,data/content/new_candidates/aws_amplify_docs/c23f2fc3d4025e70.txt
aws-amplify/docs,/gen1/javascript/prev/build-a-backend/more-features/datastore/real-time,repo_head,1627,true,data/content/new_candidates/aws_amplify_docs/9b62164bb79e5573.txt
aws-amplify/docs,/gen1/javascript/prev/build-a-backend/more-features/datastore/relational-models,repo_head,1789,true,data/content/new_candidates/aws_amplify_docs/8484c185a1b65e97.txt
aws-amplify/docs,/gen1/javascript/prev/build-a-backend/more-features/datastore/sync-to-cloud,repo_head,1661,true,data/content/new_candidates/aws_amplify_docs/e9142cb680c43850.txt
aws-amplify/docs,/gen1/javascript/prev/build-a-backend/more-features/geo/existing-resources,repo_head,1215,true,data/content/new_candidates/aws_amplify_docs/7503b317af1b8aac.txt
aws-amplify/docs,/gen1/javascript/prev/build-a-backend/more-features/geo/location-search,repo_head,1175,true,data/content/new_candidates/aws_amplify_docs/09a2830aefc109d9.txt
aws-amplify/docs,/gen1/javascript/prev/build-a-backend/more-features/geo/set-up-geo,repo_head,1220,true,data/content/new_candidates/aws_amplify_docs/8c6c81d44c2aae3e.txt
aws-amplify/docs,/gen1/javascript/prev/build-a-backend/more-features/in-app-messaging/clear-messages,repo_head,835,true,data/content/new_candidates/aws_amplify_docs/acacc0fee3577ce8.txt
aws-amplify/docs,/gen1/javascript/prev/build-a-backend/more-features/in-app-messaging/display-messages,repo_head,934,true,data/content/new_candidates/aws_amplify_docs/6942578728b4bb34.txt
denoland/docs,/404,repo_head,129,false,data/content/new_candidates/deno_docs/a8583db4dbb6d72c.txt
denoland/docs,/README,repo_head,10646,true,data/content/new_candidates/deno_docs/92a209690b1bd54c.txt
denoland/docs,/ai,repo_head,3667,true,data/content/new_candidates/deno_docs/1eceea2a99046abc.txt
denoland/docs,/api/deno,repo_head,11541,true,data/content/new_candidates/deno_docs/1ee6e7a069dac735.txt
denoland/docs,/api/node,repo_head,3212,true,data/content/new_candidates/deno_docs/ad0f8ad7f2fde942.txt
denoland/docs,/api/web,repo_head,11126,true,data/content/new_candidates/deno_docs/056a6210238261bb.txt
denoland/docs,/deploy,repo_head,3361,true,data/content/new_candidates/deno_docs/17bb71191655dfb7.txt
denoland/docs,/deploy/*,repo_head,3361,true,data/content/new_candidates/deno_docs/c5ecfd5a8590e020.txt
denoland/docs,/deploy/acceptable_use_policy,repo_head,1057,true,data/content/new_candidates/deno_docs/9a1f15a8e7fee765.txt
denoland/docs,/deploy/changelog,repo_head,21161,true,data/content/new_candidates/deno_docs/ed866fe4df1dd7de.txt
denoland/docs,/deploy/classic,repo_head,4343,true,data/content/new_candidates/deno_docs/85712a149f5f2c54.txt
denoland/docs,/deploy/classic/*,repo_head,4343,true,data/content/new_candidates/deno_docs/4df7c8bfd4a7f928.txt
denoland/docs,/deploy/classic/api,repo_head,1808,true,data/content/new_candidates/deno_docs/590c68f884bd6350.txt
denoland/docs,/deploy/classic/api/compression,repo_head,2020,true,data/content/new_candidates/deno_docs/3f1f1f3513a55c6e.txt
denoland/docs,/deploy/classic/api/dynamic-import,repo_head,2327,true,data/content/new_candidates/deno_docs/1e4df0ad2b0fbffc.txt
denoland/docs,/deploy/classic/api/runtime-broadcast-channel,repo_head,2825,true,data/content/new_candidates/deno_docs/26089a62c37b3059.txt
denoland/docs,/deploy/classic/api/runtime-fetch,repo_head,1654,true,data/content/new_candidates/deno_docs/bd5a45a9cb4b4de2.txt
denoland/docs,/deploy/classic/api/runtime-fs,repo_head,5134,true,data/content/new_candidates/deno_docs/89ed7c0d6d3597cb.txt
denoland/docs,/deploy/classic/api/runtime-headers,repo_head,1430,true,data/content/new_candidates/deno_docs/80481c032eeec83e.txt
denoland/docs,/deploy/classic/api/runtime-node,repo_head,1375,true,data/content/new_candidates/deno_docs/8282fc00ef331e11.txt
denoland/docs,/deploy/classic/api/runtime-request,repo_head,5093,true,data/content/new_candidates/deno_docs/d7ad7d9a8d685b49.txt
denoland/docs,/deploy/classic/api/runtime-response,repo_head,4185,true,data/content/new_candidates/deno_docs/6323b00541354c46.txt
denoland/docs,/deploy/classic/api/runtime-sockets,repo_head,820,true,data/content/new_candidates/deno_docs/c16912ccb85506a7.txt
denoland/docs,/deploy/classic/ci_github,repo_head,2682,true,data/content/new_candidates/deno_docs/f47bf6f317f23c25.txt
denoland/docs,/deploy/classic/cron,repo_head,4351,true,data/content/new_candidates/deno_docs/6b7b56beb772e142.txt
denoland/docs,/deploy/classic/custom-domains,repo_head,2494,true,data/content/new_candidates/deno_docs/cbcc7f83ce7ccc3f.txt
denoland/docs,/deploy/classic/deployctl,repo_head,11814,true,data/content/new_candidates/deno_docs/6501471972f800bd.txt
denoland/docs,/deploy/classic/deployments,repo_head,2150,true,data/content/new_candidates/deno_docs/20a23ad0ad738c59.txt
denoland/docs,/deploy/classic/dynamodb,repo_head,2271,true,data/content/new_candidates/deno_docs/8046f4486d717698.txt
denoland/docs,/deploy/classic/edge_cache,repo_head,1214,true,data/content/new_candidates/deno_docs/fcae24f03bce131f.txt
denoland/docs,/deploy/classic/environment-variables,repo_head,2648,true,data/content/new_candidates/deno_docs/6ad702997a97d361.txt
denoland/docs,/deploy/classic/firebase,repo_head,3378,true,data/content/new_candidates/deno_docs/cdc8ef4358f0b3e0.txt
denoland/docs,/deploy/classic/how-to-deploy,repo_head,939,true,data/content/new_candidates/deno_docs/3102166aef81d1a2.txt
denoland/docs,/deploy/classic/kv_on_deploy,repo_head,3642,true,data/content/new_candidates/deno_docs/f864cd9dae021f8d.txt
denoland/docs,/deploy/classic/logs,repo_head,1309,true,data/content/new_candidates/deno_docs/458447a4484204ce.txt
denoland/docs,/deploy/classic/middleware,repo_head,807,true,data/content/new_candidates/deno_docs/91ec4a99900dea87.txt
denoland/docs,/deploy/classic/neon-postgres,repo_head,2379,true,data/content/new_candidates/deno_docs/ba0ca44abee02d02.txt
denoland/docs,/deploy/classic/organizations,repo_head,1857,true,data/content/new_candidates/deno_docs/c87b49ee3a42cf9c.txt
denoland/docs,/deploy/classic/playgrounds,repo_head,4146,true,data/content/new_candidates/deno_docs/0b15c44fdec51603.txt
denoland/docs,/deploy/classic/postgres,repo_head,2880,true,data/content/new_candidates/deno_docs/5129bd182d3a5468.txt
denoland/docs,/deploy/classic/prisma-postgres,repo_head,3170,true,data/content/new_candidates/deno_docs/04c982607526ea77.txt
denoland/docs,/deploy/classic/queues,repo_head,4639,true,data/content/new_candidates/deno_docs/268e510ca237f0cd.txt
denoland/docs,/deploy/classic/regions,repo_head,756,true,data/content/new_candidates/deno_docs/d70f5c3f6183a3bf.txt
denoland/docs,/deploy/classic/running-scripts-locally,repo_head,607,true,data/content/new_candidates/deno_docs/f65cd74ec0f47e25.txt
denoland/docs,/deploy/fulfillment_policy,repo_head,1588,true,data/content/new_candidates/deno_docs/b0eff90d06d4a2fc.txt
denoland/docs,/deploy/getting_started,repo_head,9055,true,data/content/new_candidates/deno_docs/f4544eb2bccc73c1.txt
denoland/docs,/deploy/kv,repo_head,4614,true,data/content/new_candidates/deno_docs/ca27442c9f9d6664.txt
denoland/docs,/deploy/kv/backup,repo_head,6359,true,data/content/new_candidates/deno_docs/64ec1beac85cabaf.txt
denoland/docs,/deploy/kv/data_modeling_typescript,repo_head,2939,true,data/content/new_candidates/deno_docs/8477a43cdb79ce18.txt
denoland/docs,/deploy/kv/key_expiration,repo_head,1058,true,data/content/new_candidates/deno_docs/aca680e8194207a1.txt
denoland/docs,/deploy/kv/key_space,repo_head,5475,true,data/content/new_candidates/deno_docs/4a20bfbf5eb99764.txt
denoland/docs,/deploy/kv/node,repo_head,1199,true,data/content/new_candidates/deno_docs/1121a79a125366bf.txt
denoland/docs,/deploy/kv/operations,repo_head,6620,true,data/content/new_candidates/deno_docs/4a64519e706931f9.txt
denoland/docs,/deploy/kv/secondary_indexes,repo_head,6731,true,data/content/new_candidates/deno_docs/a6fab0ba48e22f06.txt
denoland/docs,/deploy/kv/transactions,repo_head,2943,true,data/content/new_candidates/deno_docs/d0616862c0369345.txt
denoland/docs,/deploy/pricing_and_limits,repo_head,1389,true,data/content/new_candidates/deno_docs/46cb8e6a9a39a1e5.txt
denoland/docs,/deploy/privacy_policy,repo_head,15633,false,data/content/new_candidates/deno_docs/469e7fad606b9e6a.txt
denoland/docs,/deploy/reference/accounts,repo_head,688,true,data/content/new_candidates/deno_docs/60d53878700941e0.txt
denoland/docs,/deploy/reference/apps,repo_head,4722,true,data/content/new_candidates/deno_docs/d6005c0f79158f7e.txt
denoland/docs,/deploy/reference/builds,repo_head,8734,true,data/content/new_candidates/deno_docs/62afca8e432e4720.txt
denoland/docs,/deploy/reference/button,repo_head,1646,true,data/content/new_candidates/deno_docs/187fc070b3464b24.txt
denoland/docs,/deploy/reference/caching,repo_head,5816,true,data/content/new_candidates/deno_docs/faed720df5eb2e8b.txt
denoland/docs,/deploy/reference/cloud_connections,repo_head,14033,false,data/content/new_candidates/deno_docs/44a791de79af54e2.txt
denoland/docs,/deploy/reference/cron,repo_head,5643,true,data/content/new_candidates/deno_docs/b73bec70096cf445.txt
denoland/docs,/deploy/reference/databases,repo_head,17814,true,data/content/new_candidates/deno_docs/27cfd3df192545ae.txt
denoland/docs,/deploy/reference/deno_kv,repo_head,3436,true,data/content/new_candidates/deno_docs/e2e58c522b34852c.txt
denoland/docs,/deploy/reference/domains,repo_head,6330,true,data/content/new_candidates/deno_docs/cd3002cbc2fd9613.txt
denoland/docs,/deploy/reference/env_vars_and_contexts,repo_head,5285,true,data/content/new_candidates/deno_docs/feb071d57ce07366.txt
denoland/docs,/deploy/reference/frameworks,repo_head,3570,true,data/content/new_candidates/deno_docs/1063a4518d239e02.txt
denoland/docs,/deploy/reference/observability,repo_head,5029,true,data/content/new_candidates/deno_docs/525d5fbaabcdaff6.txt
denoland/docs,/deploy/reference/oidc,repo_head,4187,true,data/content/new_candidates/deno_docs/8effc6ca3b19a17f.txt
denoland/docs,/deploy/reference/organizations,repo_head,4188,true,data/content/new_candidates/deno_docs/153312620bda76ce.txt
denoland/docs,/deploy/reference/playgrounds,repo_head,4611,true,data/content/new_candidates/deno_docs/99d39a4c836e67b2.txt
denoland/docs,/deploy/reference/runtime,repo_head,5745,true,data/content/new_candidates/deno_docs/ddfd4fc7209cc550.txt
denoland/docs,/deploy/reference/timelines,repo_head,3747,true,data/content/new_candidates/deno_docs/46a09baeda2f2585.txt
denoland/docs,/deploy/reference/tunnel,repo_head,3001,true,data/content/new_candidates/deno_docs/b65488b3f8f4587c.txt
denoland/docs,/deploy/security,repo_head,2024,true,data/content/new_candidates/deno_docs/75707d0c8b205eb0.txt
denoland/docs,/deploy/support,repo_head,1035,true,data/content/new_candidates/deno_docs/0da46ffa78104d3b.txt
denoland/docs,/deploy/terms_and_conditions,repo_head,29787,false,data/content/new_candidates/deno_docs/0b5efdac03962dc7.txt
denoland/docs,/deploy/usage,repo_head,1292,true,data/content/new_candidates/deno_docs/bd777ffa240c6afe.txt
denoland/docs,/examples,repo_head,787,true,data/content/new_candidates/deno_docs/7b0f998351d86f9e.txt
denoland/docs,/examples/aes_encryption,repo_head,6952,true,data/content/new_candidates/deno_docs/66a5fd47bd1b93c7.txt
denoland/docs,/examples/bdd_tutorial,repo_head,5348,true,data/content/new_candidates/deno_docs/71848358b163e2f1.txt
denoland/docs,/examples/byte_manipulation,live_fetch,1375,true,data/content/new_candidates/deno_docs/efd7a99d21dcefd5.txt
denoland/docs,/examples/color_logging,repo_head,8020,true,data/content/new_candidates/deno_docs/43b241b467bb792e.txt
denoland/docs,/examples/debugging_with_console_tutorial,repo_head,2388,true,data/content/new_candidates/deno_docs/bcbb6e250f21f4ee.txt
denoland/docs,/examples/deno_deploy_tutorial,repo_head,2959,true,data/content/new_candidates/deno_docs/361820d9d15e10b1.txt
denoland/docs,/examples/deno_doc_tutorial,repo_head,2706,true,data/content/new_candidates/deno_docs/06932e0c387320d8.txt
denoland/docs,/examples/deno_version,live_fetch,945,true,data/content/new_candidates/deno_docs/410682c813840524.txt
denoland/docs,/examples/deploy_otel_tutorial,repo_head,3016,true,data/content/new_candidates/deno_docs/2290c42052b60a1b.txt
denoland/docs,/examples/digital_ocean_tutorial,repo_head,3412,true,data/content/new_candidates/deno_docs/85737b05a6c70abf.txt
denoland/docs,/examples/dns_queries,live_fetch,1323,true,data/content/new_candidates/deno_docs/776792e6737b8df0.txt
denoland/docs,/examples/drizzle_tutorial,repo_head,5773,true,data/content/new_candidates/deno_docs/479ff8d682f015d8.txt
denoland/docs,/examples/file_server_tutorial,repo_head,3051,true,data/content/new_candidates/deno_docs/2535ef316a3e7abf.txt
denoland/docs,/examples/hashbang_tutorial,repo_head,2326,true,data/content/new_candidates/deno_docs/52b41f3b23a50c43.txt
denoland/docs,/examples/hex_base64_encoding,repo_head,8020,true,data/content/new_candidates/deno_docs/5ad798f233952907.txt
denoland/docs,/examples/hmac_generate_verify,repo_head,1172,true,data/content/new_candidates/deno_docs/88caec599e2434cc.txt
denoland/docs,/examples/honeycomb_tutorial,repo_head,4819,true,data/content/new_candidates/deno_docs/f0fdd2dc7dbf5361.txt
denoland/docs,/examples/http_server_streaming,repo_head,3051,true,data/content/new_candidates/deno_docs/8e27f8b3e7cca71b.txt
denoland/docs,/examples/import_export,repo_head,2403,true,data/content/new_candidates/deno_docs/74443e06594a4ad8.txt
denoland/docs,/examples/importing_json,repo_head,3725,true,data/content/new_candidates/deno_docs/b17c232146356737.txt
denoland/docs,/examples/kv,repo_head,4614,true,data/content/new_candidates/deno_docs/68f406ad9ee60bdd.txt
denoland/docs,/examples/llm_tutorial,repo_head,5373,true,data/content/new_candidates/deno_docs/85b774238eddc577.txt
denoland/docs,/examples/mocking_tutorial,repo_head,8020,true,data/content/new_candidates/deno_docs/9f8cd357473015f2.txt
denoland/docs,/examples/module_metadata_tutorial,repo_head,1245,true,data/content/new_candidates/deno_docs/e978fd2d170a82ee.txt
denoland/docs,/examples/mongoose_tutorial,live_fetch,4278,true,data/content/new_candidates/deno_docs/e627ea56f19e4552.txt
denoland/docs,/examples/mysql2_tutorial,repo_head,1767,true,data/content/new_candidates/deno_docs/ce9cfa2bd445c75e.txt
denoland/docs,/examples/node_built_in,repo_head,2481,true,data/content/new_candidates/deno_docs/28c9b6d1c0db36ae.txt
denoland/docs,/examples/openai_chat_completion,repo_head,4318,true,data/content/new_candidates/deno_docs/1f74437d2d4cccfb.txt
denoland/docs,/examples/os_signals,repo_head,935,true,data/content/new_candidates/deno_docs/648d500545c8b935.txt
denoland/docs,/examples/parsing_serializing_csv,repo_head,1017,true,data/content/new_candidates/deno_docs/859752122c0be3a6.txt
denoland/docs,/examples/parsing_serializing_json,repo_head,3725,true,data/content/new_candidates/deno_docs/08a190839ed04435.txt
denoland/docs,/examples/parsing_serializing_yaml,repo_head,1017,true,data/content/new_candidates/deno_docs/47048637d0aa5c3b.txt
denoland/docs,/examples/piping_streams,repo_head,1017,true,data/content/new_candidates/deno_docs/01353092fa87e0ba.txt
denoland/docs,/examples/qwik_tutorial,repo_head,4337,true,data/content/new_candidates/deno_docs/1826a5d959c491ec.txt
denoland/docs,/examples/react_tutorial,repo_head,7310,true,data/content/new_candidates/deno_docs/f0d5b2a03503462a.txt
denoland/docs,/examples/sandbox/access_output,repo_head,922,true,data/content/new_candidates/deno_docs/ab1d4af4f8d28048.txt
denoland/docs,/examples/sandbox/command_cancellation,repo_head,713,true,data/content/new_candidates/deno_docs/59611cbb7dc64517.txt
denoland/docs,/examples/sandbox/environment_variables,repo_head,688,true,data/content/new_candidates/deno_docs/b3f5ee513397bfe7.txt
denoland/docs,/examples/sandbox/error_handling,repo_head,1229,true,data/content/new_candidates/deno_docs/49e312dbfab35806.txt
denoland/docs,/examples/sandbox/evaluating_javascript,repo_head,602,true,data/content/new_candidates/deno_docs/7097bd09b3f89760.txt
denoland/docs,/examples/sandbox/javascript_repl,repo_head,507,true,data/content/new_candidates/deno_docs/3241199728dbbf92.txt
denoland/docs,/examples/sandbox/memory,repo_head,1172,true,data/content/new_candidates/deno_docs/42b9d4dc9be70816.txt
denoland/docs,/examples/sandbox/spawn_subprocess,repo_head,510,true,data/content/new_candidates/deno_docs/c7f776bb3ac4913f.txt
denoland/docs,/examples/sandbox/ssh_access,repo_head,323,false,data/content/new_candidates/deno_docs/27c99d6aabbd8866.txt
denoland/docs,/examples/sandbox/stream_output,repo_head,624,true,data/content/new_candidates/deno_docs/b75bc3b00631fce7.txt
denoland/docs,/examples/sandbox/template_literals,repo_head,941,true,data/content/new_candidates/deno_docs/b243a0ae3b4564b9.txt
denoland/docs,/examples/sandbox/timeout_control,repo_head,1550,true,data/content/new_candidates/deno_docs/8e5c23e122595456.txt
denoland/docs,/examples/sandbox/upload_files,repo_head,590,true,data/content/new_candidates/deno_docs/4fb8de4163e12c44.txt
denoland/docs,/examples/sandbox/vscode_instance,repo_head,610,true,data/content/new_candidates/deno_docs/a3e8afd5feaa68b3.txt
denoland/docs,/examples/sandbox/web_framework,repo_head,484,true,data/content/new_candidates/deno_docs/60fbab4db7ac0d3b.txt
denoland/docs,/examples/solidjs_tutorial,repo_head,5641,true,data/content/new_candidates/deno_docs/8041a6a0f6c3195a.txt
denoland/docs,/examples/spy_functions,repo_head,1477,true,data/content/new_candidates/deno_docs/ba51e5a4220cf4db.txt
denoland/docs,/examples/tcp_echo_server,repo_head,3051,true,data/content/new_candidates/deno_docs/ee00ce78418962c7.txt
denoland/docs,/examples/temporary_files,repo_head,590,true,data/content/new_candidates/deno_docs/207e55573a319055.txt
denoland/docs,/examples/tls_connector,repo_head,4819,true,data/content/new_candidates/deno_docs/70353a9a8a5e616b.txt
denoland/docs,/examples/tutorials/apollo,repo_head,2808,true,data/content/new_candidates/deno_docs/ff6392182042592e.txt
denoland/docs,/examples/tutorials/astro,repo_head,4320,true,data/content/new_candidates/deno_docs/78a364a5705f4659.txt
denoland/docs,/examples/tutorials/aws_lambda,repo_head,3124,true,data/content/new_candidates/deno_docs/bf4738f624e29c73.txt
denoland/docs,/examples/tutorials/aws_lightsail,repo_head,3683,true,data/content/new_candidates/deno_docs/da70947d6f3257a1.txt
denoland/docs,/examples/tutorials/basic_opentelemetry,repo_head,3349,true,data/content/new_candidates/deno_docs/fb6b0e688079cddc.txt
denoland/docs,/examples/tutorials/bdd,repo_head,5348,true,data/content/new_candidates/deno_docs/b8fca73973d5b7cc.txt
denoland/docs,/examples/tutorials/chat_app,repo_head,4318,true,data/content/new_candidates/deno_docs/d8bf95d905e94225.txt
denoland/docs,/examples/tutorials/cjs_to_esm,repo_head,2262,true,data/content/new_candidates/deno_docs/215c918ff86ba833.txt
denoland/docs,/examples/tutorials/cloudflare_workers,repo_head,1492,true,data/content/new_candidates/deno_docs/0dbaf629b7b09914.txt
denoland/docs,/examples/tutorials/connecting_to_databases,repo_head,3497,true,data/content/new_candidates/deno_docs/260a09fd7632cb96.txt
denoland/docs,/examples/tutorials/debugging_with_console,repo_head,2388,true,data/content/new_candidates/deno_docs/5cfe5b5b540c9f58.txt
denoland/docs,/examples/tutorials/deno_deploy,repo_head,2959,true,data/content/new_candidates/deno_docs/b6c05f7bdc100975.txt
denoland/docs,/examples/tutorials/deno_doc,repo_head,2706,true,data/content/new_candidates/deno_docs/9cf7f3eba371f8ac.txt
denoland/docs,/examples/tutorials/deploy_command,repo_head,3780,true,data/content/new_candidates/deno_docs/fb75b0fc879b6f68.txt
denoland/docs,/examples/tutorials/deploy_otel,repo_head,3016,true,data/content/new_candidates/deno_docs/94c19fd8f7fd67b4.txt
denoland/docs,/examples/tutorials/digital_ocean,repo_head,3412,true,data/content/new_candidates/deno_docs/a37a7044ed48f374.txt
denoland/docs,/examples/tutorials/drizzle,repo_head,5773,true,data/content/new_candidates/deno_docs/605d4e74443d6798.txt
denoland/docs,/examples/tutorials/express,repo_head,2403,true,data/content/new_candidates/deno_docs/cd0dae2722539f1e.txt
denoland/docs,/examples/tutorials/fetch_data,repo_head,2531,true,data/content/new_candidates/deno_docs/991231981e6d5d35.txt
denoland/docs,/examples/tutorials/file_based_routing,repo_head,2333,true,data/content/new_candidates/deno_docs/68373af9052ea73e.txt
denoland/docs,/examples/tutorials/file_server,repo_head,3051,true,data/content/new_candidates/deno_docs/2ad0befaf6b69be1.txt
denoland/docs,/examples/tutorials/file_system_events,repo_head,811,true,data/content/new_candidates/deno_docs/6bd86e426d804b87.txt
denoland/docs,/examples/tutorials/fresh,repo_head,5472,true,data/content/new_candidates/deno_docs/559c823ced0ebc9a.txt
denoland/docs,/examples/tutorials/google_cloud_run,repo_head,3477,true,data/content/new_candidates/deno_docs/a399691ebccba142.txt
denoland/docs,/examples/tutorials/grafana,repo_head,5695,true,data/content/new_candidates/deno_docs/eb0fb2fed6c451a5.txt
denoland/docs,/examples/tutorials/hashbang,repo_head,2326,true,data/content/new_candidates/deno_docs/5c023e117270fa40.txt
denoland/docs,/examples/tutorials/honeycomb,repo_head,4819,true,data/content/new_candidates/deno_docs/618702a3fcb49a54.txt
denoland/docs,/examples/tutorials/hyperdx,repo_head,3764,true,data/content/new_candidates/deno_docs/8fd5d58155f14433.txt
denoland/docs,/examples/tutorials/initialize_project,repo_head,2378,true,data/content/new_candidates/deno_docs/a380867bf9240d48.txt
denoland/docs,/examples/tutorials/kinsta,repo_head,1017,true,data/content/new_candidates/deno_docs/5f4a037cf651960f.txt
denoland/docs,/examples/tutorials/llm,repo_head,5373,true,data/content/new_candidates/deno_docs/102f208b06e75e87.txt
denoland/docs,/examples/tutorials/migrate_custom_domain,repo_head,1522,true,data/content/new_candidates/deno_docs/87d634ba0cff7bbb.txt
denoland/docs,/examples/tutorials/mocking,repo_head,8020,true,data/content/new_candidates/deno_docs/c2afdfd889bd7ce6.txt
denoland/docs,/examples/tutorials/module_metadata,repo_head,1245,true,data/content/new_candidates/deno_docs/a0b7525ba31cdb1c.txt
denoland/docs,/examples/tutorials/mongoose,repo_head,1477,true,data/content/new_candidates/deno_docs/07ce0d137e269e6b.txt
denoland/docs,/examples/tutorials/mysql2,repo_head,1767,true,data/content/new_candidates/deno_docs/0fcb34d03ec1373b.txt
denoland/docs,/examples/tutorials/next,repo_head,2793,true,data/content/new_candidates/deno_docs/aa795ca6ec6ca50e.txt
denoland/docs,/examples/tutorials/nuxt,repo_head,5362,true,data/content/new_candidates/deno_docs/4e5bb69c499231c2.txt
denoland/docs,/examples/tutorials/os_signals,repo_head,935,true,data/content/new_candidates/deno_docs/73a0f45eba7d3be3.txt
denoland/docs,/examples/tutorials/otel_span_propagation,repo_head,3307,true,data/content/new_candidates/deno_docs/3215981093f93c27.txt
denoland/docs,/examples/tutorials/planetscale,repo_head,1999,true,data/content/new_candidates/deno_docs/8bcab55594776772.txt
denoland/docs,/examples/tutorials/prisma,repo_head,3130,true,data/content/new_candidates/deno_docs/f0d6076a8be6f67c.txt
denoland/docs,/examples/tutorials/qwik,repo_head,4337,true,data/content/new_candidates/deno_docs/a8562162a5e1347b.txt
denoland/docs,/examples/tutorials/react,repo_head,7310,true,data/content/new_candidates/deno_docs/fb129f5dcf535c96.txt
denoland/docs,/examples/tutorials/redis,repo_head,2811,true,data/content/new_candidates/deno_docs/766eb13376c012f7.txt
denoland/docs,/examples/tutorials/run_script,repo_head,2662,true,data/content/new_candidates/deno_docs/f302a1ac57316fb7.txt
denoland/docs,/examples/tutorials/simple_api,repo_head,3951,true,data/content/new_candidates/deno_docs/40def647b6e6c341.txt
denoland/docs,/examples/tutorials/snapshot_python,repo_head,4106,true,data/content/new_candidates/deno_docs/34d76269fef2c14b.txt
denoland/docs,/examples/tutorials/snapshot_test,repo_head,9722,true,data/content/new_candidates/deno_docs/761ff4f55ccff966.txt
denoland/docs,/examples/tutorials/snapshots,repo_head,2798,true,data/content/new_candidates/deno_docs/d451459078300596.txt
denoland/docs,/examples/tutorials/solidjs,repo_head,5641,true,data/content/new_candidates/deno_docs/ee8221a7cb1b3604.txt
denoland/docs,/examples/tutorials/stubbing,repo_head,3197,true,data/content/new_candidates/deno_docs/5d0afaf97674d797.txt
denoland/docs,/examples/tutorials/subprocess,repo_head,1591,true,data/content/new_candidates/deno_docs/10d6d22affaee6fe.txt
denoland/docs,/examples/tutorials/svelte,repo_head,6532,true,data/content/new_candidates/deno_docs/e351b3e4de73310f.txt
denoland/docs,/examples/tutorials/sveltekit,repo_head,7168,true,data/content/new_candidates/deno_docs/245937afc083e982.txt
denoland/docs,/examples/tutorials/tanstack,repo_head,4690,true,data/content/new_candidates/deno_docs/84c9603fa0ee46dc.txt
denoland/docs,/examples/tutorials/testing,repo_head,6952,true,data/content/new_candidates/deno_docs/360faee24170bdcb.txt
denoland/docs,/examples/tutorials/trpc,repo_head,4829,true,data/content/new_candidates/deno_docs/c850175b500a7ea1.txt
denoland/docs,/examples/tutorials/tunnel,repo_head,4704,true,data/content/new_candidates/deno_docs/e0eea15085ed416d.txt
denoland/docs,/examples/tutorials/tunnel_database,repo_head,5314,true,data/content/new_candidates/deno_docs/07784782589b1ffc.txt
denoland/docs,/examples/tutorials/tunnel_telemetry,repo_head,3569,true,data/content/new_candidates/deno_docs/6c00ebd0cae89816.txt
denoland/docs,/examples/tutorials/volumes,repo_head,3229,true,data/content/new_candidates/deno_docs/dc05c1ee43742821.txt
denoland/docs,/examples/tutorials/vue,repo_head,7056,true,data/content/new_candidates/deno_docs/bb970e7fdffdc115.txt
denoland/docs,/examples/tutorials/web_testing,repo_head,2848,true,data/content/new_candidates/deno_docs/5e5cdda2710d6bfe.txt
denoland/docs,/examples/tutorials/word_finder,repo_head,2212,true,data/content/new_candidates/deno_docs/9e3de05121ab37fd.txt
denoland/docs,/examples/udp_listener,repo_head,4704,true,data/content/new_candidates/deno_docs/078fadb9c3de376e.txt
denoland/docs,/examples/unix_cat,repo_head,2793,true,data/content/new_candidates/deno_docs/c2041fa4715dcdec.txt
denoland/docs,/examples/videos/all-in-one_tooling,repo_head,2481,true,data/content/new_candidates/deno_docs/bda9762e135d20c0.txt
denoland/docs,/examples/videos/backward_compat_with_node_npm,repo_head,2362,true,data/content/new_candidates/deno_docs/04e24e482a00d167.txt
denoland/docs,/examples/videos/browser_apis_in_deno,repo_head,4427,true,data/content/new_candidates/deno_docs/471322bbe7a66e41.txt
denoland/docs,/examples/videos/build_api_server_ts,repo_head,2593,true,data/content/new_candidates/deno_docs/fdf6deec08af03a1.txt
denoland/docs,/examples/videos/byte_and_text_imports,repo_head,324,false,data/content/new_candidates/deno_docs/b209a000b39ef6ba.txt
denoland/docs,/examples/videos/command_line_utility,repo_head,5514,true,data/content/new_candidates/deno_docs/1daa52ef63738da1.txt
denoland/docs,/examples/videos/configuration_with_deno_json,repo_head,3725,true,data/content/new_candidates/deno_docs/4f795265c111def6.txt
denoland/docs,/examples/videos/deno_bench,repo_head,3012,true,data/content/new_candidates/deno_docs/f545b4bfcfaf09ba.txt
denoland/docs,/examples/videos/deno_coverage,repo_head,939,true,data/content/new_candidates/deno_docs/532963344d757683.txt
denoland/docs,/examples/videos/deno_dev_environment,repo_head,2740,true,data/content/new_candidates/deno_docs/88ba3c33e62f45e6.txt
denoland/docs,/examples/videos/deno_fmt,repo_head,3089,true,data/content/new_candidates/deno_docs/4879b07d57cb2314.txt
denoland/docs,/examples/videos/deno_test,repo_head,145,false,data/content/new_candidates/deno_docs/e10b529fc5a2061c.txt
denoland/docs,/examples/videos/deploy_deno_to_aws_lambda,repo_head,2439,true,data/content/new_candidates/deno_docs/12620cbf21d4c2d3.txt
denoland/docs,/examples/videos/deploying_deno_with_docker,repo_head,2473,true,data/content/new_candidates/deno_docs/19e566132789cb38.txt
denoland/docs,/examples/videos/esmodules,repo_head,181,false,data/content/new_candidates/deno_docs/54ac15bfaab516f6.txt
denoland/docs,/examples/videos/image_bundling_deno_compile,repo_head,274,false,data/content/new_candidates/deno_docs/fecbab8eaec44201.txt
denoland/docs,/examples/videos/interoperability_with_nodejs,repo_head,1364,true,data/content/new_candidates/deno_docs/f6171f9570a6c10f.txt
denoland/docs,/examples/videos/intro_to_deno_apis,repo_head,4080,true,data/content/new_candidates/deno_docs/562598eabbd5d224.txt
denoland/docs,/examples/videos/mongoose,repo_head,145,false,data/content/new_candidates/deno_docs/273bdc7362cb7ea5.txt
denoland/docs,/examples/videos/prisma,repo_head,129,false,data/content/new_candidates/deno_docs/18a66a0f7283debe.txt
denoland/docs,/examples/videos/publishing_modules_with_jsr,repo_head,2723,true,data/content/new_candidates/deno_docs/08b470f2560ac627.txt
denoland/docs,/examples/videos/react_app_video,repo_head,138,false,data/content/new_candidates/deno_docs/93225f176a5c0045.txt
denoland/docs,/examples/videos/realtime_websocket_app,repo_head,215,false,data/content/new_candidates/deno_docs/cc6a5da0f65b8cf9.txt
denoland/docs,/examples/videos/snapshot_python,repo_head,7426,true,data/content/new_candidates/deno_docs/c1a90285892b0edb.txt
denoland/docs,/examples/videos/ts_jsx,repo_head,179,false,data/content/new_candidates/deno_docs/d8aab494fa32c918.txt
denoland/docs,/examples/videos/vue_app_video,repo_head,134,false,data/content/new_candidates/deno_docs/2bd29d75920df4dd.txt
denoland/docs,/examples/videos/what_is_deno,repo_head,1834,true,data/content/new_candidates/deno_docs/8b71fb23463ad132.txt
denoland/docs,/examples/walking_directories,live_fetch,1337,true,data/content/new_candidates/deno_docs/cf8f78a59878a8eb.txt
denoland/docs,/examples/watching_files,repo_head,590,true,data/content/new_candidates/deno_docs/9bf7a3177a95e008.txt
denoland/docs,/examples/writing_files,repo_head,590,true,data/content/new_candidates/deno_docs/fdddc4d14a65b625.txt
denoland/docs,/examples/writing_tests,repo_head,1017,true,data/content/new_candidates/deno_docs/46dbaec10c8212db.txt
denoland/docs,/lint/rules/adjacent-overload-signatures,live_fetch,2142,true,data/content/new_candidates/deno_docs/180a111d750a1519.txt
denoland/docs,/lint/rules/ban-ts-comment,live_fetch,1387,true,data/content/new_candidates/deno_docs/832fa67c0d8fe5f9.txt
denoland/docs,/lint/rules/ban-types,repo_head,993,true,data/content/new_candidates/deno_docs/14d4e5b92981fd1e.txt
denoland/docs,/lint/rules/ban-unknown-rule-code,live_fetch,1370,true,data/content/new_candidates/deno_docs/7e535038930c2fec.txt
denoland/docs,/lint/rules/ban-untagged-ignore,live_fetch,1075,true,data/content/new_candidates/deno_docs/8c1946148f3a6ad4.txt
denoland/docs,/lint/rules/ban-untagged-todo,live_fetch,967,true,data/content/new_candidates/deno_docs/c8ed1de4c9ca22fe.txt
denoland/docs,/lint/rules/ban-unused-ignore,repo_head,532,true,data/content/new_candidates/deno_docs/28ea987fb46403ce.txt
denoland/docs,/lint/rules/camelcase,repo_head,609,true,data/content/new_candidates/deno_docs/09a942d7bd509cd1.txt
denoland/docs,/lint/rules/constructor-super,live_fetch,1388,true,data/content/new_candidates/deno_docs/a97c596a199345a0.txt
denoland/docs,/lint/rules/default-param-last,repo_head,406,true,data/content/new_candidates/deno_docs/284aa81a644ec0d5.txt
denoland/docs,/lint/rules/eqeqeq,live_fetch,700,true,data/content/new_candidates/deno_docs/e2aec57ad3c367a9.txt
denoland/docs,/lint/rules/explicit-function-return-type,live_fetch,681,true,data/content/new_candidates/deno_docs/a50ff1f67564f56f.txt
denoland/docs,/runtime/contributing,repo_head,4023,true,data/content/new_candidates/deno_docs/35b034eef86f86cc.txt
denoland/docs,/runtime/reference/jsx,repo_head,4012,true,data/content/new_candidates/deno_docs/29de72975ef9e465.txt
denoland/docs,/runtime/reference/migration_guide,repo_head,9578,true,data/content/new_candidates/deno_docs/0449c527eecaf88b.txt
denoland/docs,/runtime/reference/std,repo_head,4012,true,data/content/new_candidates/deno_docs/82557f26100b0abf.txt
hashicorp/terraform-website,/.github/pull_request_template,repo_head,1609,true,data/content/new_candidates/terraform_website/63059c55d0c7fdc2.txt
hashicorp/terraform-website,/MIGRATION,repo_head,5668,true,data/content/new_candidates/terraform_website/156fa876081aa136.txt
hashicorp/terraform-website,/README,repo_head,19134,true,data/content/new_candidates/terraform_website/14802d9f9b0fb886.txt
hashicorp/terraform-website,/cloud-docs/policy-enforcement/policy-results,repo_head,0,false,data/content/new_candidates/terraform_website/254c8e923e01da62.txt
hashicorp/terraform-website,/cloud-docs/policy-enforcement/sentinel,live_fetch,10075,true,data/content/new_candidates/terraform_website/17f423dd295820f6.txt
hashicorp/terraform-website,/cloud-docs/policy-enforcement/sentinel/import/tfplan,repo_head,0,false,data/content/new_candidates/terraform_website/e29656b428f30222.txt
hashicorp/terraform-website,/cloud-docs/policy-enforcement/sentinel/import/tfstate,repo_head,0,false,data/content/new_candidates/terraform_website/e216c6e786f60622.txt
hashicorp/terraform-website,/cloud-docs/policy-enforcement/sentinel/import/tfstate-v2,live_fetch,6166,true,data/content/new_candidates/terraform_website/60220465ebeecbda.txt
hashicorp/terraform-website,/cloud-docs/run/remote-operations,live_fetch,10094,true,data/content/new_candidates/terraform_website/0d2b8a2cf4aa59e1.txt
hashicorp/terraform-website,/cloud-docs/users-teams-organizations/users,live_fetch,13131,true,data/content/new_candidates/terraform_website/94b483fc13d5ab63.txt
hashicorp/terraform-website,/cloud-docs/workspaces/health,live_fetch,13791,true,data/content/new_candidates/terraform_website/1962a578e427cf25.txt
hashicorp/terraform-website,/community,live_fetch,2612,true,data/content/new_candidates/terraform_website/43ed85e1c52b0257.txt
hashicorp/terraform-website,/docs/extend/writing-custom-providers.html,live_fetch,1504,true,data/content/new_candidates/terraform_website/b502c44552668654.txt
hashicorp/terraform-website,/enterprise/api-docs/admin/runs,live_fetch,5158,true,data/content/new_candidates/terraform_website/de21c891c0a44c62.txt
hashicorp/terraform-website,/enterprise/api-docs/admin/settings,repo_head,0,false,data/content/new_candidates/terraform_website/d042819365626862.txt
hashicorp/terraform-website,/enterprise/api-docs/admin/terraform-versions,repo_head,0,false,data/content/new_candidates/terraform_website/35d77a87218b4782.txt
hashicorp/terraform-website,/enterprise/api-docs/admin/users,live_fetch,11802,true,data/content/new_candidates/terraform_website/45e6ba1bd8f728ab.txt
hashicorp/terraform-website,/enterprise/install/automated/active-active,live_fetch,18861,true,data/content/new_candidates/terraform_website/6cd2b4493eddbfb9.txt
hashicorp/terraform-website,/enterprise/install/pre-install-checklist,live_fetch,1993,true,data/content/new_candidates/terraform_website/61b9ffa26d2435cc.txt
hashicorp/terraform-website,/enterprise/releases,repo_head,0,false,data/content/new_candidates/terraform_website/1fb857e701e7102f.txt
hashicorp/terraform-website,/enterprise/requirements/network,live_fetch,6464,true,data/content/new_candidates/terraform_website/014f80070746d494.txt
hashicorp/terraform-website,/enterprise/requirements/os-specific/centos-requirements,live_fetch,1055,true,data/content/new_candidates/terraform_website/6dabb046dffb9db4.txt
hashicorp/terraform-website,/enterprise/requirements/os-specific/rhel-requirements,live_fetch,1524,true,data/content/new_candidates/terraform_website/cf0a90dcf6552f83.txt
hashicorp/terraform-website,/enterprise/saml/configuration,live_fetch,4526,true,data/content/new_candidates/terraform_website/30b4b4a5accb524d.txt
hashicorp/terraform-website,/guides,live_fetch,4423,true,data/content/new_candidates/terraform_website/fe31c3767ee85870.txt
hashicorp/terraform-website,/intro,live_fetch,4423,true,data/content/new_candidates/terraform_website/1dc66ecbc08b146b.txt
hashicorp/terraform-website,/intro/vs,live_fetch,765,true,data/content/new_candidates/terraform_website/97554eded2ce299e.txt
hashicorp/terraform-website,/intro/vs/boto,live_fetch,878,true,data/content/new_candidates/terraform_website/260d68b735076df2.txt
hashicorp/terraform-website,/language/modules,live_fetch,2762,true,data/content/new_candidates/terraform_website/f8c6545ea7960103.txt
hashicorp/terraform-website,/language/upgrade-guides/0-13,live_fetch,22173,true,data/content/new_candidates/terraform_website/7701ba192cd9cb0b.txt
hashicorp/terraform-website,/language/upgrade-guides/0-14,live_fetch,19773,true,data/content/new_candidates/terraform_website/f9bd5cdb0eb4c45b.txt
hashicorp/terraform-website,/language/upgrade-guides/0-15,live_fetch,21039,true,data/content/new_candidates/terraform_website/f4a1cda59228f89e.txt
hashicorp/terraform-website,/language/upgrade-guides/0-8,live_fetch,4320,true,data/content/new_candidates/terraform_website/36f2f1fde994fa9d.txt
hashicorp/terraform-website,/language/upgrade-guides/0-9,live_fetch,2381,true,data/content/new_candidates/terraform_website/32ade2b9e2487c91.txt
hashicorp/terraform-website,/language/v1.1.x/configuration-0-11,live_fetch,899,true,data/content/new_candidates/terraform_website/88e52628f2e66292.txt
hashicorp/terraform-website,/language/v1.1.x/resources/provisioners/salt-masterless,live_fetch,2981,true,data/content/new_candidates/terraform_website/36c3fdae9c77e826.txt
hashicorp/terraform-website,/language/v1.1.x/upgrade-guides/0-10,live_fetch,6700,true,data/content/new_candidates/terraform_website/5144f18c05fa946e.txt
hashicorp/terraform-website,/language/v1.1.x/upgrade-guides/0-11,live_fetch,10688,true,data/content/new_candidates/terraform_website/9e0fc6da740fb6f9.txt
hashicorp/terraform-website,/language/v1.1.x/upgrade-guides/0-12,live_fetch,32000,true,data/content/new_candidates/terraform_website/ccf69803abaaacf2.txt
hashicorp/terraform-website,/language/v1.1.x/upgrade-guides/0-15,live_fetch,21039,true,data/content/new_candidates/terraform_website/785977a70a9b4d80.txt
hashicorp/terraform-website,/language/v1.1.x/upgrade-guides/0-9,live_fetch,2381,true,data/content/new_candidates/terraform_website/7b86e491a01f832d.txt
hashicorp/terraform-website,/language/v1.1.x/upgrade-guides/1-0,live_fetch,3992,true,data/content/new_candidates/terraform_website/b93161a0755648fe.txt
hashicorp/terraform-website,/language/v1.2.x/settings/backends/etcdv3,live_fetch,2210,true,data/content/new_candidates/terraform_website/a046fee89ccc4e20.txt
hashicorp/terraform-website,/language/v1.2.x/settings/backends/manta,live_fetch,2627,true,data/content/new_candidates/terraform_website/b8d0319f6a1d41d0.txt
hashicorp/terraform-website,/language/v1.2.x/settings/backends/swift,live_fetch,7584,true,data/content/new_candidates/terraform_website/2bd1bcb6fa0daf3a.txt
hashicorp/terraform-website,/products/terraform,live_fetch,2612,true,data/content/new_candidates/terraform_website/29eb19c9c47f8f93.txt
hashicorp/terraform-website,/providers/AviatrixSystems/aviatrix/latest/docs/data-sources/:path*,live_fetch,2612,true,data/content/new_candidates/terraform_website/fbbb4b3f42d770dd.txt
hashicorp/terraform-website,/providers/AviatrixSystems/aviatrix/latest/docs/guides/:path*,live_fetch,2612,true,data/content/new_candidates/terraform_website/bf7f2041150f69a4.txt
hashicorp/terraform-website,/providers/AviatrixSystems/aviatrix/latest/docs/resources/:path*,live_fetch,2612,true,data/content/new_candidates/terraform_website/f0fa122fae8a935f.txt
hashicorp/terraform-website,/providers/CheckPointSW/checkpoint/latest/docs/data-sources/:path*,live_fetch,2612,true,data/content/new_candidates/terraform_website/c8550974632796f5.txt
hashicorp/terraform-website,/providers/CheckPointSW/checkpoint/latest/docs/guides/:path*,live_fetch,2612,true,data/content/new_candidates/terraform_website/5c478461fb539c0a.txt
hashicorp/terraform-website,/providers/CiscoDevNet/aci/latest/docs/data-sources/:path*,live_fetch,2612,true,data/content/new_candidates/terraform_website/4c0a410288819e4c.txt
hashicorp/terraform-website,/providers/CiscoDevNet/mso/latest/docs,live_fetch,2612,true,data/content/new_candidates/terraform_website/d26c9f5f14977cf1.txt
hashicorp/terraform-website,/providers/CiscoDevNet/mso/latest/docs/data-sources/:path*,live_fetch,2612,true,data/content/new_candidates/terraform_website/f6e8896d8eb42605.txt
hashicorp/terraform-website,/providers/CiscoDevNet/mso/latest/docs/guides/:path*,live_fetch,2612,true,data/content/new_candidates/terraform_website/273a89146390fc59.txt
hashicorp/terraform-website,/providers/CiscoDevNet/mso/latest/docs/resources/:path*,live_fetch,2612,true,data/content/new_candidates/terraform_website/d6cf5a2ff9002746.txt
hashicorp/terraform-website,/providers/Constellix/constellix/latest/docs/guides/:path*,live_fetch,2612,true,data/content/new_candidates/terraform_website/a2dc75edac1179af.txt
hashicorp/terraform-website,/providers/DNSMadeEasy/dme/latest/docs/data-sources/:path*,live_fetch,2612,true,data/content/new_candidates/terraform_website/aebee86cc2caf5a1.txt
hashicorp/terraform-website,/providers/DNSMadeEasy/dme/latest/docs/guides/:path*,live_fetch,2612,true,data/content/new_candidates/terraform_website/2bacd792c8586a25.txt
hashicorp/terraform-website,/providers/DataDog/datadog/latest/docs,live_fetch,2612,true,data/content/new_candidates/terraform_website/a39125b893cdafb4.txt
hashicorp/terraform-website,/providers/DataDog/datadog/latest/docs/resources/:path*,live_fetch,2612,true,data/content/new_candidates/terraform_website/59c7d9335620b525.txt
hashicorp/terraform-website,/providers/F5Networks/bigip/latest/docs,live_fetch,2612,true,data/content/new_candidates/terraform_website/d5917640a25272b8.txt
hashicorp/terraform-website,/providers/FlexibleEngineCloud/flexibleengine/latest/docs,live_fetch,2612,true,data/content/new_candidates/terraform_website/81f911ddebc8f90e.txt
hashicorp/terraform-website,/providers/FlexibleEngineCloud/flexibleengine/latest/docs/resources/:path*,live_fetch,2612,true,data/content/new_candidates/terraform_website/50db1caa56d0938a.txt
hashicorp/terraform-website,/providers/Icinga/icinga2/latest/docs,live_fetch,2612,true,data/content/new_candidates/terraform_website/24cb649ad4fb529e.txt
hashicorp/terraform-website,/providers/NaverCloudPlatform/ncloud/latest/docs,live_fetch,2612,true,data/content/new_candidates/terraform_website/24d4d6c713674847.txt
hashicorp/terraform-website,/providers/OpenNebula/opennebula/latest/docs,live_fetch,2612,true,data/content/new_candidates/terraform_website/0bf61e60fc9deb0b.txt
hashicorp/terraform-website,/providers/PagerDuty/pagerduty/latest/docs/data-sources/:path*,live_fetch,2612,true,data/content/new_candidates/terraform_website/1d142f5ee1ba5a36.txt
hashicorp/terraform-website,/providers/PagerDuty/pagerduty/latest/docs/guides/:path*,live_fetch,2612,true,data/content/new_candidates/terraform_website/50b386dc5af0cfe1.txt
hashicorp/terraform-website,/providers/PaloAltoNetworks/panos/latest/docs,live_fetch,2612,true,data/content/new_candidates/terraform_website/524907bea191f686.txt
hashicorp/terraform-website,/providers/PaloAltoNetworks/prismacloud/latest/docs,live_fetch,2612,true,data/content/new_candidates/terraform_website/04e71b93f2c7a26e.txt
hashicorp/terraform-website,/providers/StatusCakeDev/statuscake/latest/docs,live_fetch,2612,true,data/content/new_candidates/terraform_website/a2d8cebb77cd3d88.txt
hashicorp/terraform-website,/providers/StatusCakeDev/statuscake/latest/docs/data-sources/:path*,live_fetch,2612,true,data/content/new_candidates/terraform_website/4922171b3a9d87c3.txt
hashicorp/terraform-website,/providers/SumoLogic/sumologic/latest/docs,live_fetch,2612,true,data/content/new_candidates/terraform_website/ce2a784ca7efa492.txt
hashicorp/terraform-website,/providers/SumoLogic/sumologic/latest/docs/data-sources/:path*,live_fetch,2612,true,data/content/new_candidates/terraform_website/dfc0841cee9d0a95.txt
hashicorp/terraform-website,/providers/Venafi/venafi/latest/docs,live_fetch,2612,true,data/content/new_candidates/terraform_website/8a04d5cf23b37184.txt
hashicorp/terraform-website,/providers/Venafi/venafi/latest/docs/resources/:path*,live_fetch,2612,true,data/content/new_candidates/terraform_website/e0685b75ff0d8cef.txt
hashicorp/terraform-website,/providers/akamai/akamai/latest/docs,live_fetch,2612,true,data/content/new_candidates/terraform_website/4c9f11952971b42a.txt
hashicorp/terraform-website,/providers/akamai/akamai/latest/docs/resources/:path*,live_fetch,2612,true,data/content/new_candidates/terraform_website/c5e929dfdb7dfbd0.txt
hashicorp/terraform-website,/providers/alexkappa/auth0/latest/docs/guides/:path*,live_fetch,2612,true,data/content/new_candidates/terraform_website/3bb24ed0bebbe21b.txt
hashicorp/terraform-website,/providers/aliyun/alicloud/latest/docs,live_fetch,2612,true,data/content/new_candidates/terraform_website/f44d41f809ce8f12.txt
hashicorp/terraform-website,/providers/aliyun/alicloud/latest/docs/data-sources/:path*,live_fetch,2612,true,data/content/new_candidates/terraform_website/1cdb3f1b3e268874.txt
hashicorp/terraform-website,/providers/aliyun/alicloud/latest/docs/resources/:path*,live_fetch,2612,true,data/content/new_candidates/terraform_website/809248cea9d16b62.txt
hashicorp/terraform-website,/providers/baidubce/baiducloud/latest/docs,live_fetch,2612,true,data/content/new_candidates/terraform_website/4050258bf08e9218.txt
hashicorp/terraform-website,/providers/baidubce/baiducloud/latest/docs/guides/:path*,live_fetch,2612,true,data/content/new_candidates/terraform_website/052b5106ae56b727.txt
hashicorp/terraform-website,/providers/brightbox/brightbox/latest/docs/data-sources/:path*,live_fetch,2612,true,data/content/new_candidates/terraform_website/bfe95a3969c9f6cb.txt
hashicorp/terraform-website,/providers/circonus-labs/circonus/latest/docs,live_fetch,2612,true,data/content/new_candidates/terraform_website/fb57aa2d32ea9148.txt
hashicorp/terraform-website,/providers/circonus-labs/circonus/latest/docs/resources/:path*,live_fetch,2612,true,data/content/new_candidates/terraform_website/aa6842908b875cee.txt
hashicorp/terraform-website,/providers/cloudamqp/cloudamqp/latest/docs,live_fetch,2612,true,data/content/new_candidates/terraform_website/d4baf62e66334b29.txt
hashicorp/terraform-website,/providers/cloudflare/cloudflare/latest/docs/data-sources/:path*,live_fetch,2612,true,data/content/new_candidates/terraform_website/f2ed39e28766bf99.txt
hashicorp/terraform-website,/providers/cloudflare/cloudflare/latest/docs/guides/:path*,live_fetch,2612,true,data/content/new_candidates/terraform_website/c8682cb3426ca1dc.txt
hashicorp/terraform-website,/providers/cloudflare/cloudflare/latest/docs/resources/:path*,live_fetch,2612,true,data/content/new_candidates/terraform_website/7897abeba51c0682.txt
hashicorp/terraform-website,/providers/cloudscale-ch/cloudscale/latest/docs/resources/:path*,live_fetch,2612,true,data/content/new_candidates/terraform_website/c96d42eead33d33a.txt
hashicorp/terraform-website,/providers/cobber/cobbler/latest/docs,live_fetch,2612,true,data/content/new_candidates/terraform_website/6bbc2326e9642f42.txt
hashicorp/terraform-website,/providers/cobber/cobbler/latest/docs/data-sources/:path*,live_fetch,2612,true,data/content/new_candidates/terraform_website/a41b4b548721853c.txt
hashicorp/terraform-website,/providers/cyrilgdn/rabbitmq/latest/docs/guides/:path*,live_fetch,2612,true,data/content/new_candidates/terraform_website/5b2f8037b806d7ea.txt
hashicorp/terraform-website,/providers/cyrilgdn/rabbitmq/latest/docs/resources/:path*,live_fetch,2612,true,data/content/new_candidates/terraform_website/8f2ab0e54dbc183a.txt
hashicorp/terraform-website,/providers/digitalocean/digitalocean/latest/docs,live_fetch,2612,true,data/content/new_candidates/terraform_website/0ed2a034a02f812d.txt
hashicorp/terraform-website,/providers/digitalocean/digitalocean/latest/docs/data-sources/:path*,live_fetch,2612,true,data/content/new_candidates/terraform_website/ce31fc727f450e81.txt
hashicorp/terraform-website,/providers/digitalocean/digitalocean/latest/docs/resources/:path*,live_fetch,2612,true,data/content/new_candidates/terraform_website/6b5f13e35bcd3f3e.txt
hashicorp/terraform-website,/providers/dnsimple/dnsimple/latest/docs,live_fetch,2612,true,data/content/new_candidates/terraform_website/8e87fc5757073ba3.txt
hashicorp/terraform-website,/providers/dome9/dome9/latest/docs/data-sources/:path*,live_fetch,2612,true,data/content/new_candidates/terraform_website/2e02dd82da769781.txt
hashicorp/terraform-website,/providers/dome9/dome9/latest/docs/resources/:path*,live_fetch,2612,true,data/content/new_candidates/terraform_website/c5aa480932908186.txt
hashicorp/terraform-website,/providers/exoscale/exoscale/latest/docs/resources/:path*,live_fetch,2612,true,data/content/new_candidates/terraform_website/77e3465ced8203fb.txt
hashicorp/terraform-website,/providers/fastly/fastly/latest/docs/guides/:path*,live_fetch,2612,true,data/content/new_candidates/terraform_website/cf669d8daa6c673a.txt
hashicorp/terraform-website,/providers/fastly/fastly/latest/docs/resources/:path*,live_fetch,2612,true,data/content/new_candidates/terraform_website/4e9e9a6bd1da87e0.txt
hashicorp/terraform-website,/providers/fortinetdev/fortios/latest/docs,live_fetch,2612,true,data/content/new_candidates/terraform_website/2ab6ae59a83d07e2.txt
hashicorp/terraform-website,/providers/fortinetdev/fortios/latest/docs/data-sources/:path*,live_fetch,2612,true,data/content/new_candidates/terraform_website/74b97c4a16487564.txt
hashicorp/terraform-website,/providers/fortinetdev/fortios/latest/docs/guides/:path*,live_fetch,2612,true,data/content/new_candidates/terraform_website/17a473ad0642c672.txt
hashicorp/terraform-website,/providers/gitlabhq/gitlab/latest/docs/data-sources/:path*,live_fetch,2612,true,data/content/new_candidates/terraform_website/a1e94af997728289.txt
hashicorp/terraform-website,/providers/gitlabhq/gitlab/latest/docs/guides/:path*,live_fetch,2612,true,data/content/new_candidates/terraform_website/c046459319fb7ecf.txt
hashicorp/terraform-website,/providers/grafana/grafana/latest/docs,live_fetch,2612,true,data/content/new_candidates/terraform_website/805845a30ac95364.txt
hashicorp/terraform-website,/providers/grafana/grafana/latest/docs/data-sources/:path*,live_fetch,2612,true,data/content/new_candidates/terraform_website/6bac40067a0d8902.txt
hashicorp/terraform-website,/providers/grafana/grafana/latest/docs/resources/:path*,live_fetch,2612,true,data/content/new_candidates/terraform_website/c4a776daa8eef0f7.txt
hashicorp/terraform-website,/providers/gridscale/gridscale/latest/docs,live_fetch,2612,true,data/content/new_candidates/terraform_website/11b1e33887d5cd9c.txt
hashicorp/terraform-website,/providers/gridscale/gridscale/latest/docs/data-sources/:path*,live_fetch,2612,true,data/content/new_candidates/terraform_website/7a6cc3002c4add7d.txt
hashicorp/terraform-website,/providers/gridscale/gridscale/latest/docs/guides/:path*,live_fetch,2612,true,data/content/new_candidates/terraform_website/6c6b517e45209368.txt
hashicorp/terraform-website,/providers/hashicorp/archive/latest/docs/resources/:path*,live_fetch,2612,true,data/content/new_candidates/terraform_website/a10530d3ddbbda68.txt
hashicorp/terraform-website,/providers/hashicorp/aws/latest/docs/guides/:path*,live_fetch,2612,true,data/content/new_candidates/terraform_website/3022dcbe2ab9999b.txt
hashicorp/terraform-website,/providers/hashicorp/azuread/latest/docs,live_fetch,2612,true,data/content/new_candidates/terraform_website/d7e7e178d11f1a12.txt
hashicorp/terraform-website,/providers/hashicorp/azuread/latest/docs/guides/:path*,live_fetch,2612,true,data/content/new_candidates/terraform_website/75b06d3d65eb80e0.txt
hashicorp/terraform-website,/providers/hashicorp/azuread/latest/docs/resources/:path*,live_fetch,2612,true,data/content/new_candidates/terraform_website/dc15282b7f63ffc1.txt
hashicorp/terraform-website,/providers/hashicorp/azurerm/latest/docs,live_fetch,2612,true,data/content/new_candidates/terraform_website/d14172193881e2b1.txt
hashicorp/terraform-website,/providers/hashicorp/azurerm/latest/docs/data-sources/:path*,live_fetch,2612,true,data/content/new_candidates/terraform_website/abe8c36df27ebc5a.txt
hashicorp/terraform-website,/providers/hashicorp/azurerm/latest/docs/resources/:path*,live_fetch,2612,true,data/content/new_candidates/terraform_website/f0eedb6e1b196933.txt
hashicorp/terraform-website,/providers/hashicorp/azurestack/latest/docs/data-sources/:path*,live_fetch,2612,true,data/content/new_candidates/terraform_website/e07920db327ff244.txt
hashicorp/terraform-website,/providers/hashicorp/azurestack/latest/docs/guides/:path*,live_fetch,2612,true,data/content/new_candidates/terraform_website/4a3a21ca36a0481b.txt
hashicorp/terraform-website,/providers/hashicorp/azurestack/latest/docs/resources/:path*,live_fetch,2612,true,data/content/new_candidates/terraform_website/66098e38c43a2e1f.txt
hashicorp/terraform-website,/providers/hashicorp/ciscoasa/latest/docs/resources/:path*,live_fetch,2612,true,data/content/new_candidates/terraform_website/21ad358950c18632.txt
hashicorp/terraform-website,/providers/hashicorp/cloudinit/latest/docs/resources/:path*,live_fetch,2612,true,data/content/new_candidates/terraform_website/0f780ef583156806.txt
hashicorp/terraform-website,/providers/hashicorp/consul/latest/docs,live_fetch,2612,true,data/content/new_candidates/terraform_website/0347904e6c4c21c6.txt
hashicorp/terraform-website,/providers/hashicorp/consul/latest/docs/data-sources/:path*,live_fetch,2612,true,data/content/new_candidates/terraform_website/8bd52fc7d9a3d870.txt
hashicorp/terraform-website,/providers/hashicorp/consul/latest/docs/guides/:path*,live_fetch,2612,true,data/content/new_candidates/terraform_website/9dc630d48fd45e8a.txt
hashicorp/terraform-website,/providers/hashicorp/dns/latest/docs/data-sources/:path*,live_fetch,2612,true,data/content/new_candidates/terraform_website/c88be0112a36001c.txt
hashicorp/terraform-website,/providers/hashicorp/google/latest/docs/data-sources/:path*,live_fetch,2612,true,data/content/new_candidates/terraform_website/96fc406837d7c963.txt
hashicorp/terraform-website,/providers/hashicorp/google/latest/docs/resources/:path*,live_fetch,2612,true,data/content/new_candidates/terraform_website/89047068474503af.txt
hashicorp/terraform-website,/providers/hashicorp/http/latest/docs/data-sources/:path*,live_fetch,2612,true,data/content/new_candidates/terraform_website/7653d8e64342321c.txt
hashicorp/terraform-website,/providers/hashicorp/kubernetes/latest/docs/resources/:path*,live_fetch,2612,true,data/content/new_candidates/terraform_website/961fca36b7346efc.txt
hashicorp/terraform-website,/providers/hashicorp/nomad/latest/docs,live_fetch,2612,true,data/content/new_candidates/terraform_website/2f6c349227a877ec.txt
hashicorp/terraform-website,/providers/hashicorp/nomad/latest/docs/resources/:path*,live_fetch,2612,true,data/content/new_candidates/terraform_website/48e90b3d0733c13b.txt
hashicorp/terraform-website,/providers/hashicorp/null/latest/docs/data-sources/:path*,live_fetch,2612,true,data/content/new_candidates/terraform_website/d28bee7a094e5fb8.txt
hashicorp/terraform-website,/providers/hashicorp/null/latest/docs/guides/:path*,live_fetch,2612,true,data/content/new_candidates/terraform_website/681b238c52088625.txt
hashicorp/terraform-website,/providers/hashicorp/opc/latest/docs/data-sources/:path*,live_fetch,2612,true,data/content/new_candidates/terraform_website/46ce6a4f8a113d94.txt
hashicorp/terraform-website,/providers/hashicorp/random/latest/docs/data-sources/:path*,live_fetch,2612,true,data/content/new_candidates/terraform_website/a1cfafc2c35d9452.txt
hashicorp/terraform-website,/providers/hashicorp/random/latest/docs/guides/:path*,live_fetch,2612,true,data/content/new_candidates/terraform_website/60cd368f5009e9dc.txt
hashicorp/terraform-website,/providers/hashicorp/template/latest/docs,live_fetch,2612,true,data/content/new_candidates/terraform_website/e4a70976edf95fec.txt
hashicorp/terraform-website,/providers/hashicorp/template/latest/docs/guides/:path*,live_fetch,2612,true,data/content/new_candidates/terraform_website/de315e2691b93663.txt
hashicorp/terraform-website,/providers/hashicorp/tfe/latest/docs,live_fetch,2612,true,data/content/new_candidates/terraform_website/db0a4e3318448d2d.txt
hashicorp/terraform-website,/providers/hashicorp/tfe/latest/docs/guides/:path*,live_fetch,2612,true,data/content/new_candidates/terraform_website/1f2b48ec3a0d4996.txt
hashicorp/terraform-website,/providers/hashicorp/time/latest/docs/data-sources/:path*,live_fetch,2612,true,data/content/new_candidates/terraform_website/0c389ac545111954.txt
hashicorp/terraform-website,/providers/hashicorp/time/latest/docs/guides/:path*,live_fetch,2612,true,data/content/new_candidates/terraform_website/1a5be172b933e6c4.txt
hashicorp/terraform-website,/providers/hashicorp/tls/latest/docs,live_fetch,2612,true,data/content/new_candidates/terraform_website/0edb241ab9837934.txt
hashicorp/terraform-website,/providers/hashicorp/tls/latest/docs/guides/:path*,live_fetch,2612,true,data/content/new_candidates/terraform_website/28e13ef0f0c30a2e.txt
hashicorp/terraform-website,/providers/hashicorp/vault/latest/docs,live_fetch,2612,true,data/content/new_candidates/terraform_website/c0fad9e3c2370af3.txt
hashicorp/terraform-website,/providers/hashicorp/vault/latest/docs/data-sources/:path*,live_fetch,2612,true,data/content/new_candidates/terraform_website/9184996d10a8f5c2.txt
hashicorp/terraform-website,/providers/hashicorp/vsphere/latest/docs/data-sources/:path*,live_fetch,2612,true,data/content/new_candidates/terraform_website/18c6f9d8d098b29e.txt
hashicorp/terraform-website,/providers/hashicorp/vsphere/latest/docs/guides/:path*,live_fetch,2612,true,data/content/new_candidates/terraform_website/65c460ed8047682c.txt
hashicorp/terraform-website,/providers/hashicorp/vsphere/latest/docs/resources/:path*,live_fetch,2612,true,data/content/new_candidates/terraform_website/69ae8cd3b4ae337b.txt
hashicorp/terraform-website,/providers/heroku/heroku/latest/docs,live_fetch,2612,true,data/content/new_candidates/terraform_website/5ceee03337d6210e.txt
hashicorp/terraform-website,/providers/hetznercloud/hcloud/latest/docs,live_fetch,2612,true,data/content/new_candidates/terraform_website/30d9d6e142eba8f6.txt
hashicorp/terraform-website,/providers/hetznercloud/hcloud/latest/docs/resources/:path*,live_fetch,2612,true,data/content/new_candidates/terraform_website/99623fb5c8dcb984.txt
hashicorp/terraform-website,/providers/huaweicloud/huaweicloud/latest/docs/data-sources/:path*,live_fetch,2612,true,data/content/new_candidates/terraform_website/f8dd2afa3216b2d2.txt
hashicorp/terraform-website,/providers/huaweicloud/huaweicloudstack/latest/docs/guides/:path*,live_fetch,2612,true,data/content/new_candidates/terraform_website/9cbf6a718ca1ce17.txt
hashicorp/terraform-website,/providers/huaweicloud/huaweicloudstack/latest/docs/resources/:path*,live_fetch,2612,true,data/content/new_candidates/terraform_website/bca894cfe856d98b.txt
hashicorp/terraform-website,/providers/imperva/incapsula/latest/docs/resources/:path*,live_fetch,2612,true,data/content/new_candidates/terraform_website/6dd2b73e72517bcb.txt
hashicorp/terraform-website,/providers/integrations/github/latest/docs/resources/:path*,live_fetch,2612,true,data/content/new_candidates/terraform_website/a1156fce683af8a6.txt
hashicorp/terraform-website,/providers/ionos-cloud/profitbricks/latest/docs/guides/:path*,live_fetch,2612,true,data/content/new_candidates/terraform_website/97743aeb762faa85.txt
hashicorp/terraform-website,/providers/joyent/triton/latest/docs/guides/:path*,live_fetch,2612,true,data/content/new_candidates/terraform_website/3c2ac51b2fbf9013.txt
hashicorp/terraform-website,/providers/kingsoftcloud/ksyun/latest/docs,live_fetch,2612,true,data/content/new_candidates/terraform_website/c5357bd39dbb0b45.txt
hashicorp/terraform-website,/providers/kingsoftcloud/ksyun/latest/docs/resources/:path*,live_fetch,2612,true,data/content/new_candidates/terraform_website/0c3895f2c50c7a4c.txt
hashicorp/terraform-website,/providers/kreuzwerker/docker/latest/docs,live_fetch,2612,true,data/content/new_candidates/terraform_website/2526a2e6b0b662c9.txt
hashicorp/terraform-website,/providers/kreuzwerker/docker/latest/docs/data-sources/:path*,live_fetch,2612,true,data/content/new_candidates/terraform_website/7615cf53c6d4adbb.txt
hashicorp/terraform-website,/providers/linode/linode/latest/docs,live_fetch,2612,true,data/content/new_candidates/terraform_website/b4882417ce764509.txt
hashicorp/terraform-website,/providers/logicmonitor/logicmonitor/latest/docs/data-sources/:path*,live_fetch,2612,true,data/content/new_candidates/terraform_website/d837369e87ded4cb.txt
hashicorp/terraform-website,/providers/logicmonitor/logicmonitor/latest/docs/guides/:path*,live_fetch,2612,true,data/content/new_candidates/terraform_website/18703563fad3d849.txt
hashicorp/terraform-website,/providers/microsoft/azuredevops/latest/docs/data-sources/:path*,live_fetch,2612,true,data/content/new_candidates/terraform_website/cd649b858ad5d3d2.txt
hashicorp/terraform-website,/providers/microsoft/azuredevops/latest/docs/resources/:path*,live_fetch,2612,true,data/content/new_candidates/terraform_website/89b7ca32b5711109.txt
hashicorp/terraform-website,/providers/mongodb/mongodbatlas/latest/docs/resources/:path*,live_fetch,2612,true,data/content/new_candidates/terraform_website/93350da586067c83.txt
hashicorp/terraform-website,/providers/newrelic/newrelic/latest/docs/resources/:path*,live_fetch,2612,true,data/content/new_candidates/terraform_website/98c89883f656b235.txt
hashicorp/terraform-website,/providers/ns1-terraform/ns1/latest/docs,live_fetch,2612,true,data/content/new_candidates/terraform_website/245dc9b24fd0850f.txt
hashicorp/terraform-website,/providers/ns1-terraform/ns1/latest/docs/resources/:path*,live_fetch,2612,true,data/content/new_candidates/terraform_website/30b6db7c2aa6210e.txt
hashicorp/terraform-website,/providers/nttcom/ecl/latest/docs,live_fetch,2612,true,data/content/new_candidates/terraform_website/642f217fbdf70f37.txt
hashicorp/terraform-website,/providers/nttcom/ecl/latest/docs/guides/:path*,live_fetch,2612,true,data/content/new_candidates/terraform_website/f36b77596a156150.txt
hashicorp/terraform-website,/providers/nttcom/ecl/latest/docs/resources/:path*,live_fetch,2612,true,data/content/new_candidates/terraform_website/369205fb0d015490.txt
hashicorp/terraform-website,/providers/nutanix/nutanix/latest/docs/data-sources/:path*,live_fetch,2612,true,data/content/new_candidates/terraform_website/2b5155302082f9f3.txt
hashicorp/terraform-website,/providers/nutanix/nutanix/latest/docs/resources/:path*,live_fetch,2612,true,data/content/new_candidates/terraform_website/6a4ec719c68013f6.txt
hashicorp/terraform-website,/providers/oktadeveloper/okta/latest/docs,live_fetch,2612,true,data/content/new_candidates/terraform_website/ec1241859b9a8687.txt
hashicorp/terraform-website,/providers/oktadeveloper/oktaasa/latest/docs,live_fetch,2612,true,data/content/new_candidates/terraform_website/2ed2df0940503a5e.txt
hashicorp/terraform-website,/providers/oktadeveloper/oktaasa/latest/docs/data-sources/:path*,live_fetch,2612,true,data/content/new_candidates/terraform_website/996a8c7f93c59e5d.txt
hashicorp/terraform-website,/providers/opsgenie/opsgenie/latest/docs/guides/:path*,live_fetch,2612,true,data/content/new_candidates/terraform_website/8eadc06e47696d50.txt
hashicorp/terraform-website,/providers/oracle/oci/latest/docs/guides/:path*,live_fetch,2612,true,data/content/new_candidates/terraform_website/8a8947f2bed12188.txt
hashicorp/terraform-website,/providers/ovh/ovh/latest/docs/guides/:path*,live_fetch,2612,true,data/content/new_candidates/terraform_website/2d5b4d8b66f3bc63.txt
hashicorp/terraform-website,/providers/packethost/packet/latest/docs/data-sources/:path*,live_fetch,2612,true,data/content/new_candidates/terraform_website/d57e3671d6edb289.txt
hashicorp/terraform-website,/providers/pan-net/powerdns/latest/docs/data-sources/:path*,live_fetch,2612,true,data/content/new_candidates/terraform_website/3bfee34b3cdb88a8.txt
hashicorp/terraform-website,/providers/pan-net/powerdns/latest/docs/guides/:path*,live_fetch,2612,true,data/content/new_candidates/terraform_website/11cd7935ab74ca65.txt
hashicorp/terraform-website,/providers/rancher/rancher2/latest/docs,live_fetch,2612,true,data/content/new_candidates/terraform_website/dc7bb4b8c06a5aae.txt
hashicorp/terraform-website,/providers/rancher/rancher2/latest/docs/data-sources/:path*,live_fetch,2612,true,data/content/new_candidates/terraform_website/924f88def69caf59.txt
hashicorp/terraform-website,/providers/rancher/rancher2/latest/docs/guides/:path*,live_fetch,2612,true,data/content/new_candidates/terraform_website/01e4f7213fdf6c02.txt
hashicorp/terraform-website,/providers/scaleway/scaleway/latest/docs/data-sources/:path*,live_fetch,2612,true,data/content/new_candidates/terraform_website/a409ea40c2961153.txt
hashicorp/terraform-website,/providers/scaleway/scaleway/latest/docs/guides/:path*,live_fetch,2612,true,data/content/new_candidates/terraform_website/4daa09fe09eec53a.txt
hashicorp/terraform-website,/providers/scaleway/scaleway/latest/docs/resources/:path*,live_fetch,2612,true,data/content/new_candidates/terraform_website/bef949e4cfcdc478.txt
hashicorp/terraform-website,/providers/selectel/selectel/latest/docs/data-sources/:path*,live_fetch,2612,true,data/content/new_candidates/terraform_website/9c0e9951b82644c8.txt
hashicorp/terraform-website,/providers/skytap/skytap/latest/docs,live_fetch,2612,true,data/content/new_candidates/terraform_website/c3ba75804ec47414.txt
hashicorp/terraform-website,/providers/skytap/skytap/latest/docs/data-sources/:path*,live_fetch,2612,true,data/content/new_candidates/terraform_website/20e4d0fbd7fae237.txt
hashicorp/terraform-website,/providers/splunk-terraform/signalfx/latest/docs/resources/:path*,live_fetch,2612,true,data/content/new_candidates/terraform_website/c4661b45009cbeb2.txt
hashicorp/terraform-website,/providers/tencentcloudstack/tencentcloud/latest/docs,live_fetch,2612,true,data/content/new_candidates/terraform_website/7d6eefe8d4193fbb.txt
hashicorp/terraform-website,/providers/terraform-provider-openstack/openstack/latest/docs,live_fetch,2612,true,data/content/new_candidates/terraform_website/4f27ae1fddaab0da.txt
hashicorp/terraform-website,/providers/terraform-provider-openstack/openstack/latest/docs/data-sources/:path*,live_fetch,2612,true,data/content/new_candidates/terraform_website/64b6fc021f7bd69f.txt
hashicorp/terraform-website,/providers/terraform-provider-openstack/openstack/latest/docs/guides/:path*,live_fetch,2612,true,data/content/new_candidates/terraform_website/5c5c7a03c833bf27.txt
hashicorp/terraform-website,/providers/turbot/turbot/latest/docs,live_fetch,2612,true,data/content/new_candidates/terraform_website/172d79f97aee3531.txt
hashicorp/terraform-website,/providers/turbot/turbot/latest/docs/guides/:path*,live_fetch,2612,true,data/content/new_candidates/terraform_website/d1bfd574180826db.txt
hashicorp/terraform-website,/providers/turbot/turbot/latest/docs/resources/:path*,live_fetch,2612,true,data/content/new_candidates/terraform_website/8b675a230aaa4eb3.txt
hashicorp/terraform-website,/providers/ucloud/ucloud/latest/docs,live_fetch,2612,true,data/content/new_candidates/terraform_website/8585723613debfb8.txt
hashicorp/terraform-website,/providers/vancluever/acme/latest/docs/data-sources/:path*,live_fetch,2612,true,data/content/new_candidates/terraform_website/7aff002c9e7460f2.txt
hashicorp/terraform-website,/providers/vancluever/acme/latest/docs/resources/:path*,live_fetch,2612,true,data/content/new_candidates/terraform_website/172555fd9fdc38d4.txt
hashicorp/terraform-website,/providers/vmware/nsxt/latest/docs/data-sources/:path*,live_fetch,2612,true,data/content/new_candidates/terraform_website/0b72d52c6e7f7965.txt
hashicorp/terraform-website,/providers/vmware/nsxt/latest/docs/guides/:path*,live_fetch,2612,true,data/content/new_candidates/terraform_website/b5beb53feb09ece1.txt
hashicorp/terraform-website,/providers/vmware/vcd/latest/docs/data-sources/:path*,live_fetch,2612,true,data/content/new_candidates/terraform_website/87e0d68440db0e69.txt
hashicorp/terraform-website,/providers/vmware/vcd/latest/docs/guides/:path*,live_fetch,2612,true,data/content/new_candidates/terraform_website/cf5d80ffecfd68a2.txt
hashicorp/terraform-website,/providers/vmware/vcd/latest/docs/resources/:path*,live_fetch,2612,true,data/content/new_candidates/terraform_website/4339510ff91170b1.txt
hashicorp/terraform-website,/providers/vmware/wavefront/latest/docs/guides/:path*,live_fetch,2612,true,data/content/new_candidates/terraform_website/b34f8010debe6c2c.txt
hashicorp/terraform-website,/providers/vmware/wavefront/latest/docs/resources/:path*,live_fetch,2612,true,data/content/new_candidates/terraform_website/0c7cdd81f893c957.txt
hashicorp/terraform-website,/providers/vultr/vultr/latest/docs,live_fetch,2612,true,data/content/new_candidates/terraform_website/c0b797ad5bb609ad.txt
hashicorp/terraform-website,/providers/vultr/vultr/latest/docs/data-sources/:path*,live_fetch,2612,true,data/content/new_candidates/terraform_website/997fcf6366c6e58c.txt
hashicorp/terraform-website,/security,repo_head,0,false,data/content/new_candidates/terraform_website/6219af14a7a456ef.txt
hashicorp/terraform-website,/terraform/plugin/best-practices/interacting-with-providers,live_fetch,2612,true,data/content/new_candidates/terraform_website/f1c87b9eb7055d80.txt
hashicorp/terraform-website,/terraform/plugin/best-practices/provider-code,live_fetch,2612,true,data/content/new_candidates/terraform_website/10dd9205eb498176.txt
hashicorp/terraform-website,/terraform/plugin/framework-benefits,live_fetch,2612,true,data/content/new_candidates/terraform_website/0e4b82752821f9fb.txt
hashicorp/terraform-website,/terraform/plugin/framework/handling-data/accessing-values,live_fetch,2612,true,data/content/new_candidates/terraform_website/8057984bd6632730.txt
hashicorp/terraform-website,/terraform/plugin/framework/handling-data/paths,live_fetch,2612,true,data/content/new_candidates/terraform_website/dfe8889c935f265d.txt
hashicorp/terraform-website,/terraform/plugin/framework/handling-data/writing-state,live_fetch,2612,true,data/content/new_candidates/terraform_website/d8c07e54c6ced2f5.txt
hashicorp/terraform-website,/terraform/plugin/testing/testing-patterns,live_fetch,2612,true,data/content/new_candidates/terraform_website/a5e1c6dbb299e2ed.txt
withastro/docs,/.github/PULL_REQUEST_TEMPLATE,repo_head,1195,true,data/content/new_candidates/astro_docs/50fcf73da44fe23a.txt
withastro/docs,/:lang/404,repo_head,0,false,data/content/new_candidates/astro_docs/04781975b96f066f.txt
withastro/docs,/:lang/:splat,repo_head,0,false,data/content/new_candidates/astro_docs/a304323b0df05840.txt
withastro/docs,/:lang/basics/astro-components,repo_head,5872,false,data/content/new_candidates/astro_docs/1f517daf107d6c31.txt
withastro/docs,/:lang/basics/astro-pages,repo_head,4746,true,data/content/new_candidates/astro_docs/44c7ab69a52f1010.txt
withastro/docs,/:lang/basics/astro-syntax,repo_head,2765,true,data/content/new_candidates/astro_docs/0725c6d587dcfa2c.txt
withastro/docs,/:lang/basics/layouts,repo_head,4434,true,data/content/new_candidates/astro_docs/419625737f92fa50.txt
withastro/docs,/:lang/basics/project-structure,repo_head,3880,true,data/content/new_candidates/astro_docs/e95e03767febf511.txt
withastro/docs,/:lang/concepts/islands,repo_head,8545,true,data/content/new_candidates/astro_docs/7884cd2f23721363.txt
withastro/docs,/:lang/concepts/why-astro,repo_head,7841,true,data/content/new_candidates/astro_docs/1767f84c528cf84a.txt
withastro/docs,/:lang/guides/astro-db,repo_head,16347,true,data/content/new_candidates/astro_docs/fc0ca6826fa24d5d.txt
withastro/docs,/:lang/guides/backend/appwrite,repo_head,426,false,data/content/new_candidates/astro_docs/17a2f0ecbed89114.txt
withastro/docs,/:lang/guides/backend/firebase,repo_head,9073,true,data/content/new_candidates/astro_docs/1f640ad0573a0b6f.txt
withastro/docs,/:lang/guides/content-collections,repo_head,16623,true,data/content/new_candidates/astro_docs/dddcd9da74b8c617.txt
withastro/docs,/:lang/guides/deploy/:service,repo_head,3931,true,data/content/new_candidates/astro_docs/9303dabd9a45c0de.txt
withastro/docs,/:lang/guides/deploy/aws-via-flightcontrol,repo_head,1143,true,data/content/new_candidates/astro_docs/99f2684cf9c4cec4.txt
withastro/docs,/:lang/guides/deploy/aws-via-sst,repo_head,899,true,data/content/new_candidates/astro_docs/9cb9b09e08da0da1.txt
withastro/docs,/:lang/guides/deploy/firebase,repo_head,2365,true,data/content/new_candidates/astro_docs/36ff99e82a126bbc.txt
withastro/docs,/:lang/guides/endpoints,repo_head,4165,true,data/content/new_candidates/astro_docs/c82d1edf74dfddc1.txt
withastro/docs,/:lang/guides/framework-components,repo_head,6506,true,data/content/new_candidates/astro_docs/f3ce29fab84aaea6.txt
withastro/docs,/:lang/guides/images,repo_head,17230,true,data/content/new_candidates/astro_docs/93addf66e8d2c080.txt
withastro/docs,/:lang/guides/imports,repo_head,7528,true,data/content/new_candidates/astro_docs/a9690c1fc8d511f4.txt
withastro/docs,/:lang/guides/markdown-content,repo_head,8638,true,data/content/new_candidates/astro_docs/bc215589758101eb.txt
withastro/docs,/:lang/guides/migrate-to-astro,repo_head,1741,true,data/content/new_candidates/astro_docs/d3b3e58f76140f05.txt
withastro/docs,/:lang/guides/on-demand-rendering,repo_head,6258,true,data/content/new_candidates/astro_docs/a65b28267f5e5160.txt
withastro/docs,/:lang/guides/routing,repo_head,11328,true,data/content/new_candidates/astro_docs/ea475c5b3978c51d.txt
withastro/docs,/:lang/guides/sessions,repo_head,2760,true,data/content/new_candidates/astro_docs/1fec944c9378f825.txt
withastro/docs,/:lang/guides/syntax-highlighting,repo_head,3516,true,data/content/new_candidates/astro_docs/bd1be4db0d4c67c2.txt
withastro/docs,/:lang/guides/upgrade-to/v1,repo_head,19888,true,data/content/new_candidates/astro_docs/a2ba0529d28a782d.txt
withastro/docs,/:lang/guides/view-transitions,repo_head,23206,true,data/content/new_candidates/astro_docs/e9e2b5ff69c8d0e9.txt
withastro/docs,/:lang/install-and-setup,repo_head,7009,true,data/content/new_candidates/astro_docs/7d09ca5d8085e627.txt
withastro/docs,/:lang/recipes,repo_head,677,true,data/content/new_candidates/astro_docs/80be57e73fa8908f.txt
withastro/docs,/:lang/recipes/rss,repo_head,5942,true,data/content/new_candidates/astro_docs/533014f53e182496.txt
withastro/docs,/:lang/recipes/sharing-state-islands,repo_head,7007,true,data/content/new_candidates/astro_docs/efd2a28ea5e8d0dd.txt
withastro/docs,/:lang/reference/astro-syntax,repo_head,2765,true,data/content/new_candidates/astro_docs/898fe433a4701f1e.txt
withastro/docs,/:lang/reference/dev-toolbar-app-reference,repo_head,10001,true,data/content/new_candidates/astro_docs/ebdf46132eef78cf.txt
withastro/docs,/:lang/reference/modules/astro-config,repo_head,1072,true,data/content/new_candidates/astro_docs/1b193bff99d5ff76.txt
withastro/docs,/:lang/reference/publish-to-npm,repo_head,6380,true,data/content/new_candidates/astro_docs/64586b050c0fe992.txt
withastro/docs,/:lang/tutorial/6-islands/4,repo_head,6733,true,data/content/new_candidates/astro_docs/1cc8a197cc129582.txt
withastro/docs,/:splat,repo_head,0,false,data/content/new_candidates/astro_docs/4f41a419b261651e.txt
withastro/docs,/CONTRIBUTING,repo_head,9960,true,data/content/new_candidates/astro_docs/09bb48f9e6d32290.txt
withastro/docs,/README,repo_head,2182,true,data/content/new_candidates/astro_docs/6750a555214d9814.txt
withastro/docs,/ar/basics/astro-components,live_fetch,11332,true,data/content/new_candidates/astro_docs/d486ae1b4169d2e3.txt
withastro/docs,/ar/basics/astro-pages,repo_head,4746,true,data/content/new_candidates/astro_docs/e82612ed8156da3c.txt
withastro/docs,/ar/basics/layouts,repo_head,4434,true,data/content/new_candidates/astro_docs/6d86e0c7b9d1b111.txt
withastro/docs,/ar/basics/project-structure,repo_head,3880,true,data/content/new_candidates/astro_docs/e1462241b40cf46c.txt
withastro/docs,/ar/concepts/why-astro,repo_head,7841,true,data/content/new_candidates/astro_docs/8fc749a71d16dd21.txt
withastro/docs,/ar/contribute,repo_head,2807,false,data/content/new_candidates/astro_docs/a26564c8891805f1.txt
withastro/docs,/ar/editor-setup,repo_head,4003,true,data/content/new_candidates/astro_docs/c753ef5e96ec0ee7.txt
withastro/docs,/ar/getting-started,repo_head,1606,true,data/content/new_candidates/astro_docs/1f48bb2e04ab2a18.txt
withastro/docs,/ar/guides/fonts,repo_head,2505,true,data/content/new_candidates/astro_docs/3d27a3a9bfd68613.txt
withastro/docs,/config/README,repo_head,262,false,data/content/new_candidates/astro_docs/94c6567931613703.txt
withastro/docs,/de/astro-courses,repo_head,1773,true,data/content/new_candidates/astro_docs/a179e5f2d80ac509.txt
withastro/docs,/de/basics/astro-components,repo_head,9412,true,data/content/new_candidates/astro_docs/08ced87079809e6a.txt
withastro/docs,/de/basics/astro-pages,repo_head,6587,true,data/content/new_candidates/astro_docs/29416a5412134fc8.txt
withastro/docs,/de/basics/layouts,repo_head,5202,true,data/content/new_candidates/astro_docs/bba7dc901c1ed019.txt
withastro/docs,/de/basics/project-structure,repo_head,6016,true,data/content/new_candidates/astro_docs/9e7a934f257c932a.txt
withastro/docs,/de/concepts/islands,repo_head,9881,true,data/content/new_candidates/astro_docs/bcdbe469f7580775.txt
withastro/docs,/de/concepts/why-astro,repo_head,10006,true,data/content/new_candidates/astro_docs/1674119c50d90e07.txt
withastro/docs,/de/contribute,repo_head,3681,true,data/content/new_candidates/astro_docs/dcb046ab1afe969e.txt
withastro/docs,/de/develop-and-build,repo_head,6903,true,data/content/new_candidates/astro_docs/f099c8d9050f92dd.txt
withastro/docs,/de/editor-setup,repo_head,5714,true,data/content/new_candidates/astro_docs/ff48c99b95664c3b.txt
withastro/docs,/de/getting-started,repo_head,1804,true,data/content/new_candidates/astro_docs/67c6e350e76f88cf.txt
withastro/docs,/de/guides/backend,repo_head,1658,true,data/content/new_candidates/astro_docs/c1ef961f5c3ef81c.txt
withastro/docs,/de/guides/cms,repo_head,940,true,data/content/new_candidates/astro_docs/ed68d14e6c6e09b6.txt
withastro/docs,/de/guides/data-fetching,repo_head,1888,true,data/content/new_candidates/astro_docs/1952b916168bc0c8.txt
withastro/docs,/de/guides/deploy/aws-via-flightcontrol,repo_head,1389,true,data/content/new_candidates/astro_docs/9f51e2ac97ff4137.txt
withastro/docs,/de/guides/deploy/buddy,repo_head,1255,true,data/content/new_candidates/astro_docs/70a19da482865223.txt
withastro/docs,/de/guides/deploy/cleavr,repo_head,1613,true,data/content/new_candidates/astro_docs/ec857868009419b3.txt
withastro/docs,/de/guides/deploy/deno,repo_head,4029,true,data/content/new_candidates/astro_docs/6ad499bcdd4979fc.txt
withastro/docs,/de/guides/deploy/firebase,repo_head,2704,true,data/content/new_candidates/astro_docs/83f4b72cc9efb063.txt
withastro/docs,/de/guides/deploy/gitlab,repo_head,3016,true,data/content/new_candidates/astro_docs/8832a3c3aefc4426.txt
withastro/docs,/de/guides/deploy/google-cloud,repo_head,2938,true,data/content/new_candidates/astro_docs/b70f8ef79db2e3e2.txt
withastro/docs,/de/guides/deploy/heroku,repo_head,990,true,data/content/new_candidates/astro_docs/cced5df6c57fc9d3.txt
withastro/docs,/de/guides/dev-toolbar,repo_head,3857,true,data/content/new_candidates/astro_docs/0341f58ff96377a1.txt
withastro/docs,/de/recipes,live_fetch,2505,true,data/content/new_candidates/astro_docs/49248028f00bbeeb.txt
withastro/docs,/de/recipes/add-yaml-support,repo_head,1207,true,data/content/new_candidates/astro_docs/a9041edb2ad29277.txt
withastro/docs,/de/tutorial/0-introduction,repo_head,1439,true,data/content/new_candidates/astro_docs/bbcb9cdfe2258f1e.txt
withastro/docs,/de/tutorial/0-introduction/1,repo_head,2543,true,data/content/new_candidates/astro_docs/8c9eb022d7d3dcb3.txt
withastro/docs,/de/tutorial/1-setup,repo_head,5532,true,data/content/new_candidates/astro_docs/7c4f5d365747180d.txt
withastro/docs,/de/tutorial/1-setup/1,repo_head,3166,true,data/content/new_candidates/astro_docs/065a3f7aaae42a60.txt
withastro/docs,/de/tutorial/1-setup/2,repo_head,4842,true,data/content/new_candidates/astro_docs/7a2f2a023beff2e4.txt
withastro/docs,/de/tutorial/1-setup/3,repo_head,1525,true,data/content/new_candidates/astro_docs/2d53df09b94c0422.txt
withastro/docs,/de/tutorial/1-setup/4,repo_head,4007,true,data/content/new_candidates/astro_docs/b7872f03b89a3c9b.txt
withastro/docs,/de/tutorial/1-setup/5,repo_head,3183,true,data/content/new_candidates/astro_docs/8c49376ab533729b.txt
withastro/docs,/de/tutorial/2-pages,repo_head,1125,true,data/content/new_candidates/astro_docs/8b0d34ff482dba90.txt
withastro/docs,/de/tutorial/2-pages/1,repo_head,4943,true,data/content/new_candidates/astro_docs/1f9da9f308a55dc2.txt
withastro/docs,/de/tutorial/2-pages/2,repo_head,3565,true,data/content/new_candidates/astro_docs/73984f0b4106b74f.txt
withastro/docs,/de/tutorial/2-pages/3,repo_head,5068,true,data/content/new_candidates/astro_docs/c0642f166d8961aa.txt
withastro/docs,/de/tutorial/2-pages/4,repo_head,3378,true,data/content/new_candidates/astro_docs/df9a1db7d04b7c5a.txt
withastro/docs,/de/tutorial/2-pages/5,repo_head,3458,true,data/content/new_candidates/astro_docs/80f68eb2a6ec0276.txt
withastro/docs,/de/tutorial/3-components,repo_head,1616,true,data/content/new_candidates/astro_docs/8df2341830205611.txt
withastro/docs,/de/tutorial/3-components/1,repo_head,4197,true,data/content/new_candidates/astro_docs/ed2563f3964a0614.txt
withastro/docs,/de/tutorial/3-components/2,repo_head,3632,true,data/content/new_candidates/astro_docs/269452215ab5dd98.txt
withastro/docs,/de/tutorial/3-components/3,repo_head,2981,true,data/content/new_candidates/astro_docs/31f3e6f574cee066.txt
withastro/docs,/de/tutorial/3-components/4,repo_head,4761,true,data/content/new_candidates/astro_docs/88af7441eb71d446.txt
withastro/docs,/de/tutorial/4-layouts,repo_head,1099,true,data/content/new_candidates/astro_docs/93363dffe425c239.txt
withastro/docs,/de/tutorial/4-layouts/1,repo_head,5254,true,data/content/new_candidates/astro_docs/d287d3bfb25da2c4.txt
withastro/docs,/de/tutorial/4-layouts/2,repo_head,3260,true,data/content/new_candidates/astro_docs/e19d81f15fe79f5d.txt
withastro/docs,/de/tutorial/4-layouts/3,repo_head,3547,true,data/content/new_candidates/astro_docs/72ac40b5f7d58cab.txt
withastro/docs,/de/tutorial/5-astro-api,repo_head,1183,true,data/content/new_candidates/astro_docs/833d9d94620ae1f8.txt
withastro/docs,/de/tutorial/5-astro-api/1,repo_head,3771,true,data/content/new_candidates/astro_docs/4123bb02ddac217b.txt
withastro/docs,/de/tutorial/5-astro-api/2,repo_head,7922,true,data/content/new_candidates/astro_docs/f84ba7c2a9b9486b.txt
withastro/docs,/de/tutorial/5-astro-api/3,repo_head,6868,true,data/content/new_candidates/astro_docs/e5bc9ea17cb09db0.txt
withastro/docs,/de/tutorial/5-astro-api/4,repo_head,2990,true,data/content/new_candidates/astro_docs/732bfaee137152a2.txt
withastro/docs,/de/tutorial/6-islands,repo_head,1295,true,data/content/new_candidates/astro_docs/a261e097cf1c106d.txt
withastro/docs,/de/tutorial/6-islands/1,repo_head,4574,true,data/content/new_candidates/astro_docs/ef76147171c618b8.txt
withastro/docs,/de/tutorial/6-islands/2,repo_head,4504,true,data/content/new_candidates/astro_docs/771b48178827a282.txt
withastro/docs,/de/tutorial/6-islands/3,repo_head,2741,true,data/content/new_candidates/astro_docs/bea4702d45e2f1d4.txt
withastro/docs,/de/tutorial/6-islands/4,repo_head,6233,true,data/content/new_candidates/astro_docs/25277ec8d392f5a7.txt
withastro/docs,/de/upgrade-astro,repo_head,10345,true,data/content/new_candidates/astro_docs/f3ec69b282c5513f.txt
withastro/docs,/en/astro-courses,repo_head,1700,true,data/content/new_candidates/astro_docs/c20c06900b6737c9.txt
withastro/docs,/en/basics/astro-components,repo_head,7909,true,data/content/new_candidates/astro_docs/9a34c21843cb7805.txt
withastro/docs,/en/basics/astro-pages,repo_head,5281,true,data/content/new_candidates/astro_docs/48169c5e19f45e0b.txt
withastro/docs,/en/basics/layouts,repo_head,4450,true,data/content/new_candidates/astro_docs/a5a9fbd856933d6d.txt
withastro/docs,/en/basics/project-structure,repo_head,4818,true,data/content/new_candidates/astro_docs/0717f1510f408584.txt
withastro/docs,/en/concepts/islands,repo_head,8545,true,data/content/new_candidates/astro_docs/b50f78635e3c2cfe.txt
withastro/docs,/en/concepts/why-astro,repo_head,8688,true,data/content/new_candidates/astro_docs/c25c0749a8ec5169.txt
withastro/docs,/en/contribute,repo_head,3226,true,data/content/new_candidates/astro_docs/66cb566430b85df1.txt
withastro/docs,/en/develop-and-build,repo_head,5980,true,data/content/new_candidates/astro_docs/cf387ec52299b0bf.txt
withastro/docs,/en/editor-setup,repo_head,5071,true,data/content/new_candidates/astro_docs/8e68c94b815ad137.txt
withastro/docs,/en/getting-started,repo_head,1668,true,data/content/new_candidates/astro_docs/d5cf5926b3792ca0.txt
withastro/docs,/en/guides/actions,repo_head,13658,true,data/content/new_candidates/astro_docs/d2190368ebed1f3a.txt
withastro/docs,/en/guides/astro-db,repo_head,16347,true,data/content/new_candidates/astro_docs/4a3ca94904c7b871.txt
withastro/docs,/en/guides/authentication,repo_head,4000,true,data/content/new_candidates/astro_docs/36134a352dbfeb20.txt
withastro/docs,/en/guides/backend,repo_head,1331,true,data/content/new_candidates/astro_docs/671cefa61e953309.txt
withastro/docs,/en/guides/backend/appwrite,live_fetch,472,true,data/content/new_candidates/astro_docs/36c750200cbcb19a.txt
withastro/docs,/en/guides/backend/firebase,repo_head,9073,true,data/content/new_candidates/astro_docs/8a0206c6d1666df3.txt
withastro/docs,/en/guides/backend/neon,repo_head,1438,true,data/content/new_candidates/astro_docs/8d02e4e062dcbe28.txt
withastro/docs,/en/guides/backend/prisma-postgres,repo_head,3015,true,data/content/new_candidates/astro_docs/870ecff72f3cb8a9.txt
withastro/docs,/en/guides/backend/sentry,repo_head,2285,true,data/content/new_candidates/astro_docs/a2b2548033f1b91a.txt
withastro/docs,/en/guides/backend/supabase,repo_head,5920,true,data/content/new_candidates/astro_docs/c4e878b9f0193099.txt
withastro/docs,/en/guides/backend/turso,repo_head,1603,true,data/content/new_candidates/astro_docs/208512f8e6a69627.txt
withastro/docs,/en/guides/backend/xata,repo_head,1944,true,data/content/new_candidates/astro_docs/8bf24cb6c4c71e31.txt
withastro/docs,/en/guides/build-with-ai,repo_head,10427,true,data/content/new_candidates/astro_docs/003cbf8fadd629a4.txt
withastro/docs,/en/guides/client-side-scripts,repo_head,4950,true,data/content/new_candidates/astro_docs/59130ce9ee1a63b1.txt
withastro/docs,/en/guides/cms,repo_head,2317,true,data/content/new_candidates/astro_docs/fedd15c63cdc8829.txt
withastro/docs,/en/guides/cms/apostrophecms,repo_head,10798,true,data/content/new_candidates/astro_docs/4144a104f4cadffe.txt
withastro/docs,/en/guides/cms/builderio,repo_head,9279,true,data/content/new_candidates/astro_docs/0bab704c0aecca02.txt
withastro/docs,/en/guides/cms/buttercms,repo_head,1798,true,data/content/new_candidates/astro_docs/a9b941c372925db4.txt
withastro/docs,/en/guides/cms/caisy,repo_head,554,true,data/content/new_candidates/astro_docs/f276905aa8a7bb07.txt
withastro/docs,/en/guides/cms/cloudcannon,repo_head,9309,true,data/content/new_candidates/astro_docs/cbec15605d739d6b.txt
withastro/docs,/en/guides/cms/contentful,repo_head,9364,true,data/content/new_candidates/astro_docs/49b835109f23145f.txt
withastro/docs,/en/guides/cms/cosmic,repo_head,5278,true,data/content/new_candidates/astro_docs/a8a41f9a80684c3c.txt
withastro/docs,/en/guides/cms/craft-cms,repo_head,487,true,data/content/new_candidates/astro_docs/d0137fdd5b9deb3c.txt
withastro/docs,/en/guides/cms/craft-cross-cms,live_fetch,821,true,data/content/new_candidates/astro_docs/e5c051be6efb4907.txt
withastro/docs,/en/guides/cms/crystallize,live_fetch,1396,true,data/content/new_candidates/astro_docs/2354816c139acc89.txt
withastro/docs,/en/guides/cms/datocms,repo_head,5005,true,data/content/new_candidates/astro_docs/6f36601b5417e1cb.txt
withastro/docs,/en/guides/cms/decap-cms,repo_head,3172,true,data/content/new_candidates/astro_docs/cfec9b757be15f7e.txt
withastro/docs,/en/guides/cms/directus,repo_head,663,true,data/content/new_candidates/astro_docs/78cab1bf0555e375.txt
withastro/docs,/en/guides/cms/drupal,repo_head,8183,true,data/content/new_candidates/astro_docs/771f4d4a2bd01973.txt
withastro/docs,/en/guides/cms/flotiq,repo_head,4498,true,data/content/new_candidates/astro_docs/c114425715f098e2.txt
withastro/docs,/en/guides/cms/frontmatter-cms,repo_head,4081,true,data/content/new_candidates/astro_docs/921b7a1b4ab06974.txt
withastro/docs,/en/guides/cms/ghost,repo_head,4494,true,data/content/new_candidates/astro_docs/37e150087b7345a3.txt
withastro/docs,/en/guides/cms/gitcms,live_fetch,851,true,data/content/new_candidates/astro_docs/c734d276b7f86fb0.txt
withastro/docs,/en/guides/cms/hashnode,repo_head,3133,true,data/content/new_candidates/astro_docs/0b2aed54e1590674.txt
withastro/docs,/en/guides/cms/hygraph,repo_head,2187,true,data/content/new_candidates/astro_docs/1362167f76489438.txt
withastro/docs,/en/guides/cms/jekyllpad,repo_head,757,true,data/content/new_candidates/astro_docs/3516ca2c2fdadc58.txt
withastro/docs,/en/guides/cms/keystatic,repo_head,3827,true,data/content/new_candidates/astro_docs/98ce9a6be38c7ba8.txt
withastro/docs,/en/guides/cms/keystonejs,live_fetch,705,true,data/content/new_candidates/astro_docs/edee8855f555b96a.txt
withastro/docs,/en/guides/cms/kontent-ai,repo_head,8767,true,data/content/new_candidates/astro_docs/f2cbf975a6de8ca6.txt
withastro/docs,/en/guides/cms/microcms,live_fetch,826,true,data/content/new_candidates/astro_docs/abfef744c490b957.txt
withastro/docs,/en/guides/cms/optimizely,live_fetch,956,true,data/content/new_candidates/astro_docs/493c2afb8f4aad03.txt
withastro/docs,/en/guides/cms/payload,repo_head,3181,true,data/content/new_candidates/astro_docs/a741e12b40662282.txt
withastro/docs,/en/guides/cms/preprcms,repo_head,3729,true,data/content/new_candidates/astro_docs/4734f5c4b4956c27.txt
withastro/docs,/en/guides/cms/prismic,live_fetch,773,true,data/content/new_candidates/astro_docs/b894feab5d20e898.txt
withastro/docs,/en/guides/cms/sanity,repo_head,505,true,data/content/new_candidates/astro_docs/239c7a5a23afa93b.txt
withastro/docs,/en/guides/cms/sitecore,repo_head,575,true,data/content/new_candidates/astro_docs/996f3705547ec5b8.txt
withastro/docs,/en/guides/cms/sitepins,repo_head,783,true,data/content/new_candidates/astro_docs/31972acbdb8cfee9.txt
withastro/docs,/en/guides/cms/spinal,repo_head,673,true,data/content/new_candidates/astro_docs/72f689adb4049217.txt
withastro/docs,/en/guides/cms/statamic,repo_head,2235,true,data/content/new_candidates/astro_docs/1f6c3ddcc545d242.txt
withastro/docs,/en/guides/cms/storyblok,repo_head,10034,true,data/content/new_candidates/astro_docs/550306f7b86f27a6.txt
withastro/docs,/en/guides/cms/strapi,repo_head,4886,true,data/content/new_candidates/astro_docs/46fa87f373499060.txt
withastro/docs,/en/guides/cms/studiocms,repo_head,449,true,data/content/new_candidates/astro_docs/b0f22694477b7c42.txt
withastro/docs,/en/guides/cms/tina-cms,repo_head,2173,true,data/content/new_candidates/astro_docs/33c8afe692209a0e.txt
withastro/docs,/en/guides/cms/umbraco,repo_head,4021,true,data/content/new_candidates/astro_docs/66f49c396ba68b4a.txt
withastro/docs,/en/guides/cms/vault-cms,live_fetch,856,true,data/content/new_candidates/astro_docs/8957f07c41217e44.txt
withastro/docs,/en/guides/cms/wordpress,repo_head,6463,true,data/content/new_candidates/astro_docs/f0b17994cd57e1ee.txt
withastro/docs,/en/guides/configuring-astro,repo_head,3602,true,data/content/new_candidates/astro_docs/e2234c96574e75cf.txt
withastro/docs,/en/guides/content-collections,repo_head,16623,true,data/content/new_candidates/astro_docs/f6939ed7e9b2b3b3.txt
withastro/docs,/en/guides/data-fetching,repo_head,1550,true,data/content/new_candidates/astro_docs/2f87b0fc3185920c.txt
withastro/docs,/en/guides/deploy,repo_head,3931,true,data/content/new_candidates/astro_docs/965e8e079f36ff1e.txt
withastro/docs,/en/guides/deploy/aws,repo_head,6010,true,data/content/new_candidates/astro_docs/58fec7f04b0fbd55.txt
withastro/docs,/en/guides/deploy/aws-via-flightcontrol,repo_head,1143,true,data/content/new_candidates/astro_docs/aff69a90d69d025a.txt
withastro/docs,/en/guides/deploy/aws-via-sst,repo_head,899,true,data/content/new_candidates/astro_docs/4645b93d2ea2b331.txt
withastro/docs,/en/guides/deploy/azion,repo_head,3381,true,data/content/new_candidates/astro_docs/599f85b2e7fd9d59.txt
withastro/docs,/en/guides/deploy/buddy,repo_head,1068,true,data/content/new_candidates/astro_docs/249278053e625e97.txt
withastro/docs,/en/guides/deploy/cleavr,repo_head,1375,true,data/content/new_candidates/astro_docs/bbc26e84987e673d.txt
withastro/docs,/en/guides/deploy/clever-cloud,repo_head,2640,true,data/content/new_candidates/astro_docs/faf8629541916bb2.txt
withastro/docs,/en/guides/deploy/cloudflare,repo_head,5338,true,data/content/new_candidates/astro_docs/f46beda5eacd45fc.txt
withastro/docs,/en/guides/deploy/cloudray,repo_head,1320,true,data/content/new_candidates/astro_docs/e23343e15beb5ada.txt
withastro/docs,/en/guides/deploy/deno,repo_head,4368,true,data/content/new_candidates/astro_docs/475d49a2c6558d97.txt
withastro/docs,/en/guides/deploy/deployhq,repo_head,1745,true,data/content/new_candidates/astro_docs/30b737acf39c1362.txt
withastro/docs,/en/guides/deploy/edgeone-pages,repo_head,482,true,data/content/new_candidates/astro_docs/a0e77abd326db7f9.txt
withastro/docs,/en/guides/deploy/firebase,repo_head,2365,true,data/content/new_candidates/astro_docs/db7a2c76f533ecba.txt
withastro/docs,/en/guides/deploy/fleek,repo_head,1483,true,data/content/new_candidates/astro_docs/f868ca1796eeb6a2.txt
withastro/docs,/en/guides/deploy/flyio,repo_head,1412,true,data/content/new_candidates/astro_docs/29d1f719dcd9fc3c.txt
withastro/docs,/en/guides/deploy/github,repo_head,3118,true,data/content/new_candidates/astro_docs/48aa56673afd0706.txt
withastro/docs,/en/guides/deploy/gitlab,repo_head,2546,true,data/content/new_candidates/astro_docs/0c0a24790054b13f.txt
withastro/docs,/en/guides/deploy/google-cloud,repo_head,2341,true,data/content/new_candidates/astro_docs/9d25047973632f33.txt
withastro/docs,/en/guides/deploy/heroku,repo_head,780,true,data/content/new_candidates/astro_docs/0e8376008f752064.txt
withastro/docs,/en/guides/deploy/juno,repo_head,2372,true,data/content/new_candidates/astro_docs/de89fd4eed3aed3c.txt
withastro/docs,/en/guides/deploy/microsoft-azure,repo_head,1889,true,data/content/new_candidates/astro_docs/8cc85712ca1ed12f.txt
withastro/docs,/en/guides/deploy/netlify,repo_head,3829,true,data/content/new_candidates/astro_docs/4b8ca6f3c131ef0b.txt
withastro/docs,/en/guides/deploy/railway,repo_head,1989,true,data/content/new_candidates/astro_docs/698b6a6d3c56aa59.txt
withastro/docs,/en/guides/deploy/render,repo_head,900,true,data/content/new_candidates/astro_docs/75d9ae2384ab1876.txt
withastro/docs,/en/guides/deploy/seenode,repo_head,2174,true,data/content/new_candidates/astro_docs/aac8aaf5d05de28e.txt
withastro/docs,/en/guides/deploy/sevalla,repo_head,1941,true,data/content/new_candidates/astro_docs/5c5578c1e63d2acd.txt
withastro/docs,/en/guides/deploy/stormkit,repo_head,929,true,data/content/new_candidates/astro_docs/8385d244cebbb666.txt
withastro/docs,/en/guides/deploy/surge,repo_head,591,true,data/content/new_candidates/astro_docs/c3eb4db6816514e7.txt
withastro/docs,/en/guides/deploy/vercel,repo_head,2593,true,data/content/new_candidates/astro_docs/aba40a03469b3198.txt
withastro/docs,/en/guides/deploy/zeabur,repo_head,1441,true,data/content/new_candidates/astro_docs/9327f62c19032076.txt
withastro/docs,/en/guides/deploy/zephyr,repo_head,2778,true,data/content/new_candidates/astro_docs/264168c9d9946720.txt
withastro/docs,/en/guides/deploy/zerops,repo_head,2551,true,data/content/new_candidates/astro_docs/5ed8b27defaf7fef.txt
withastro/docs,/en/guides/dev-toolbar,repo_head,3015,true,data/content/new_candidates/astro_docs/cf78b11bde11d0e3.txt
withastro/docs,/en/guides/ecommerce,repo_head,5869,true,data/content/new_candidates/astro_docs/a54671806d3c941f.txt
withastro/docs,/en/guides/endpoints,repo_head,4165,true,data/content/new_candidates/astro_docs/aa73e646fc3b3102.txt
withastro/docs,/en/guides/environment-variables,repo_head,6605,true,data/content/new_candidates/astro_docs/8692f8714dc2c7ac.txt
withastro/docs,/en/guides/fonts,repo_head,2979,true,data/content/new_candidates/astro_docs/87d74ef2b7ccbd01.txt
withastro/docs,/en/guides/framework-components,repo_head,6506,true,data/content/new_candidates/astro_docs/f2e0f6d26120c500.txt
withastro/docs,/en/guides/images,repo_head,17230,true,data/content/new_candidates/astro_docs/58c0d4758d3a98f9.txt
withastro/docs,/en/guides/imports,repo_head,7528,true,data/content/new_candidates/astro_docs/3982f9ae1951815f.txt
withastro/docs,/en/guides/integrations-guide,repo_head,5212,true,data/content/new_candidates/astro_docs/047683afe811c2d4.txt
withastro/docs,/en/guides/integrations-guide/alpinejs,repo_head,2609,true,data/content/new_candidates/astro_docs/8e6838022f0ca5bf.txt
withastro/docs,/en/guides/integrations-guide/cloudflare,repo_head,13463,true,data/content/new_candidates/astro_docs/906bcf8b0ff95979.txt
withastro/docs,/en/guides/integrations-guide/db,repo_head,7979,true,data/content/new_candidates/astro_docs/5bfda3e48ee94ae6.txt
withastro/docs,/en/guides/integrations-guide/deno,repo_head,461,true,data/content/new_candidates/astro_docs/757adf47ca96466a.txt
withastro/docs,/en/guides/integrations-guide/lit,repo_head,512,true,data/content/new_candidates/astro_docs/7f4fd326e1b9524e.txt
withastro/docs,/en/guides/integrations-guide/markdoc,repo_head,9978,true,data/content/new_candidates/astro_docs/476f4ed734a1353a.txt
withastro/docs,/en/guides/integrations-guide/mdx,repo_head,7989,true,data/content/new_candidates/astro_docs/e8b2eeb9d0711875.txt
withastro/docs,/en/guides/integrations-guide/netlify,repo_head,9291,true,data/content/new_candidates/astro_docs/4e8e200e78839bb8.txt
withastro/docs,/en/guides/integrations-guide/node,repo_head,6739,true,data/content/new_candidates/astro_docs/c4d9dbc80953c211.txt
withastro/docs,/en/guides/integrations-guide/partytown,repo_head,3373,true,data/content/new_candidates/astro_docs/b8fb064161efee40.txt
withastro/docs,/en/guides/integrations-guide/preact,repo_head,4901,true,data/content/new_candidates/astro_docs/49cf27a8f5c3695a.txt
withastro/docs,/en/guides/integrations-guide/prefetch,repo_head,367,false,data/content/new_candidates/astro_docs/dff55972dbfb04ad.txt
withastro/docs,/en/guides/integrations-guide/react,repo_head,4784,true,data/content/new_candidates/astro_docs/371de7c652a48c67.txt
withastro/docs,/en/guides/integrations-guide/sitemap,repo_head,7987,true,data/content/new_candidates/astro_docs/c0a2eea313d9bddd.txt
withastro/docs,/en/guides/integrations-guide/solid-js,repo_head,4338,true,data/content/new_candidates/astro_docs/76d8eff3419fa8ae.txt
withastro/docs,/en/guides/integrations-guide/svelte,repo_head,2743,true,data/content/new_candidates/astro_docs/bee43f93a644a71f.txt
withastro/docs,/en/guides/integrations-guide/tailwind,repo_head,296,false,data/content/new_candidates/astro_docs/2b667b7184dbb03b.txt
withastro/docs,/en/guides/migrate-to-astro,repo_head,1741,true,data/content/new_candidates/astro_docs/b8c7c996647e53af.txt
withastro/docs,/en/guides/troubleshooting,repo_head,10837,true,data/content/new_candidates/astro_docs/518cfc4d28a252af.txt
withastro/docs,/en/install-and-setup,repo_head,7009,true,data/content/new_candidates/astro_docs/8a8bd075429cca9b.txt
withastro/docs,/en/installation,repo_head,13658,true,data/content/new_candidates/astro_docs/cd27eed946ce049b.txt
withastro/docs,/en/reference/integrations-reference,repo_head,32000,false,data/content/new_candidates/astro_docs/07c9582a6d28b9f8.txt
withastro/docs,/i18n-guides/README,repo_head,609,true,data/content/new_candidates/astro_docs/5c125008c6bcfb04.txt
withastro/docs,/i18n-guides/deutsch,repo_head,8144,true,data/content/new_candidates/astro_docs/1b1928b619bf3ef5.txt
withastro/docs,/i18n-guides/italiano,repo_head,5783,true,data/content/new_candidates/astro_docs/b8cfc725fe51d279.txt
withastro/docs,/i18n-guides/russian,repo_head,302,false,data/content/new_candidates/astro_docs/8149ea304f4b8423.txt
withastro/docs,/robots,repo_head,22,false,data/content/new_candidates/astro_docs/01b4f8d5cd7db129.txt
fluxcd/website,/CODE_OF_CONDUCT,repo_head,46,false,data/content/new_candidates/flux_website/8f20e5b186713270.txt
fluxcd/website,/CONTRIBUTING,repo_head,1623,true,data/content/new_candidates/flux_website/31b8e2710bbe39ad.txt
fluxcd/website,/README,repo_head,5550,true,data/content/new_candidates/flux_website/5ea6b68dfa0f3e9b.txt
fluxcd/website,/blog/2025/07/time-based-deployments,repo_head,3699,true,data/content/new_candidates/flux_website/477e4f88f7001963.txt
fluxcd/website,/contributing/:splat,repo_head,320,false,data/content/new_candidates/flux_website/c81127b77aec9ef3.txt
fluxcd/website,/ecosystem,repo_head,7812,true,data/content/new_candidates/flux_website/b76cebf4faf01125.txt
fluxcd/website,/en/_index,repo_head,6161,true,data/content/new_candidates/flux_website/bbb494c5db48506c.txt
fluxcd/website,/en/adopters/_index,repo_head,514,true,data/content/new_candidates/flux_website/8de2129598b75ac7.txt
fluxcd/website,/en/blog/2020-12-01-december-update,repo_head,5700,true,data/content/new_candidates/flux_website/2d554f01f8666264.txt
fluxcd/website,/en/blog/2021-01-06-january-update,repo_head,5548,true,data/content/new_candidates/flux_website/dda180d94148ee5d.txt
fluxcd/website,/en/blog/2021-02-01-february-update,repo_head,7849,true,data/content/new_candidates/flux_website/4354813fa3cf94df.txt
fluxcd/website,/en/blog/2021-03-01-march-update,repo_head,5802,true,data/content/new_candidates/flux_website/46698e6a3479422d.txt
fluxcd/website,/en/blog/2021-03-08-flux-is-a-cncf-incubation-project,repo_head,3879,true,data/content/new_candidates/flux_website/a655a66ae93ee5dc.txt
fluxcd/website,/en/blog/2021-03-31-april-update,repo_head,9102,true,data/content/new_candidates/flux_website/7264f7be951b4d32.txt
fluxcd/website,/en/blog/2021-04-29-may-update,repo_head,8636,true,data/content/new_candidates/flux_website/7c59b654271d72b3.txt
fluxcd/website,/en/blog/2021-05-31-june-update,repo_head,6331,true,data/content/new_candidates/flux_website/b1777af7fa22ee34.txt
fluxcd/website,/en/blog/2021-06-28-bug-scrub-announce,repo_head,3625,true,data/content/new_candidates/flux_website/37f733940811faef.txt
fluxcd/website,/en/blog/2021-07-02-july-update,repo_head,9419,true,data/content/new_candidates/flux_website/f4550c1123bb8100.txt
fluxcd/website,/en/blog/2021-08-02-august-update,repo_head,10320,true,data/content/new_candidates/flux_website/cafef38db12dc5ed.txt
fluxcd/website,/en/blog/2021-08-30-september-update,repo_head,9063,true,data/content/new_candidates/flux_website/71332ef1190197e1.txt
fluxcd/website,/en/blog/2021-09-17-gitops-one-stop-shop-event,repo_head,1443,true,data/content/new_candidates/flux_website/c4daaa8d82be3bcb.txt
fluxcd/website,/en/blog/2021-09-29-server-side-reconciliation-is-coming,repo_head,6158,true,data/content/new_candidates/flux_website/9e378223b77be22f.txt
fluxcd/website,/en/blog/2021-10-01-october-update,repo_head,11045,true,data/content/new_candidates/flux_website/79619518d2f15fe5.txt
fluxcd/website,/en/blog/2021-10-29-november-update,repo_head,11270,true,data/content/new_candidates/flux_website/80565cde40ac309f.txt
fluxcd/website,/en/blog/2021-11-10-flux-security-audit,repo_head,5881,true,data/content/new_candidates/flux_website/74a3c60817b17f99.txt
fluxcd/website,/en/blog/2021-11-30-december-update,repo_head,13143,true,data/content/new_candidates/flux_website/9e47c20ffb423859.txt
fluxcd/website,/en/blog/2022-01-31-january-update,repo_head,17464,true,data/content/new_candidates/flux_website/49068140fb3be9c0.txt
fluxcd/website,/en/blog/2022-02-09-security-the-value-of-sboms,repo_head,6012,true,data/content/new_candidates/flux_website/b9bfe533f3cef9eb.txt
fluxcd/website,/en/blog/2022-02-14-security-image-provenance,repo_head,2728,true,data/content/new_candidates/flux_website/1fe90f0fae572deb.txt
fluxcd/website,/en/blog/2022-02-22-security-fuzzing,repo_head,3619,true,data/content/new_candidates/flux_website/4c014b8206c60334.txt
fluxcd/website,/en/blog/2022-03-01-february-update,repo_head,12503,true,data/content/new_candidates/flux_website/167d92b9359d615c.txt
fluxcd/website,/en/blog/2022-03-09-pod-security-standard-restricted,repo_head,4797,true,data/content/new_candidates/flux_website/6b93829fb12fbcb2.txt
fluxcd/website,/en/blog/2022-03-11-flagger-is-adding-gateway-api,repo_head,5720,true,data/content/new_candidates/flux_website/043ba50c4b0cd32c.txt
fluxcd/website,/en/blog/2022-03-25-putting-the-git-into-gitops,repo_head,8036,true,data/content/new_candidates/flux_website/3c572540b0855af7.txt
fluxcd/website,/en/blog/2022-04-04-march-update,repo_head,21749,true,data/content/new_candidates/flux_website/bcd7aa411626c7e9.txt
fluxcd/website,/en/blog/2022-04-13-contributing-to-flux,repo_head,8951,true,data/content/new_candidates/flux_website/7a7d98f61059bf90.txt
fluxcd/website,/en/blog/2022-05-04-april-update,repo_head,18745,true,data/content/new_candidates/flux_website/57c2ae4683affa82.txt
fluxcd/website,/en/blog/2022-05-10-may-2022-security-announcement,repo_head,9966,true,data/content/new_candidates/flux_website/fab834674f194a60.txt
fluxcd/website,/en/blog/2022-05-12-flux-at-kubecon-eu-2022,repo_head,7392,true,data/content/new_candidates/flux_website/5fe25256baef87e6.txt
fluxcd/website,/en/blog/2022-05-25-kubecon-eu-2022-wrapup,repo_head,7848,true,data/content/new_candidates/flux_website/93673fdba2670e90.txt
fluxcd/website,/en/blog/2022-06-01-may-update,repo_head,13855,true,data/content/new_candidates/flux_website/c94c32b90e8251cb.txt
fluxcd/website,/en/blog/2022-06-03-gitops-days-2022,repo_head,5321,true,data/content/new_candidates/flux_website/c2b672375fa06ad8.txt
fluxcd/website,/en/blog/2022-07-04-june-update,repo_head,12575,true,data/content/new_candidates/flux_website/e62b13be69935a8c.txt
fluxcd/website,/en/blog/2022-07-11-gitopsdays-vscode-extension-demo,repo_head,3325,true,data/content/new_candidates/flux_website/d8b33f010aab1b85.txt
fluxcd/website,/en/blog/2022-08-02-july-update,repo_head,15063,true,data/content/new_candidates/flux_website/67132c8d5ae82c13.txt
fluxcd/website,/en/blog/2022-09-01-manage-kyverno-policies-as-ocirepositories,repo_head,6686,true,data/content/new_candidates/flux_website/46d3a5184d650478.txt
fluxcd/website,/en/blog/2022-09-05-august-update,repo_head,12708,true,data/content/new_candidates/flux_website/dc3eda48a550b808.txt
fluxcd/website,/en/blog/2022-09-14-how-to-gitops-your-terraform,repo_head,6154,true,data/content/new_candidates/flux_website/d16935be399bf624.txt
fluxcd/website,/en/blog/2022-09-28-gitops-without-leaving-your-ide,repo_head,3370,true,data/content/new_candidates/flux_website/0203fe9002cce079.txt
fluxcd/website,/en/blog/2022-10-04-september-update,repo_head,17066,true,data/content/new_candidates/flux_website/7772e43b1c47f70e.txt
fluxcd/website,/en/blog/2022-10-17-prove-the-authenticity-of-oci-artifacts,repo_head,6349,true,data/content/new_candidates/flux_website/67419898c3762bde.txt
fluxcd/website,/en/blog/2022-10-19-kubecon-2022-na,repo_head,3026,true,data/content/new_candidates/flux_website/21178c1a31963146.txt
fluxcd/website,/en/blog/2022-10-26-cncf-talk-flux-oci,repo_head,2775,true,data/content/new_candidates/flux_website/336f1b82d1fa8dfe.txt
fluxcd/website,/en/blog/2022-11-01-november-update,repo_head,17078,true,data/content/new_candidates/flux_website/4cf2d7dbe46782ea.txt
fluxcd/website,/en/blog/2022-11-11-prove-the-authenticity-of-helm-charts,repo_head,7838,true,data/content/new_candidates/flux_website/412a14cbf978bb9b.txt
fluxcd/website,/en/blog/2022-11-30-flux-is-a-cncf-graduated-project,repo_head,5838,true,data/content/new_candidates/flux_website/a859d57b9f265406.txt
fluxcd/website,/en/blog/2022-12-01-november-update,repo_head,13123,true,data/content/new_candidates/flux_website/5bcba3531c3114de.txt
fluxcd/website,/en/blog/2023-02-01-january-update,repo_head,17426,true,data/content/new_candidates/flux_website/e03dc7716109e1df.txt
fluxcd/website,/en/blog/2023-02-14-flux-pulumi-superpowers,repo_head,4171,true,data/content/new_candidates/flux_website/5481c5669229f7fd.txt
fluxcd/website,/en/blog/2023-03-01-february-update,repo_head,15167,true,data/content/new_candidates/flux_website/f870d2cfe5717e0e.txt
fluxcd/website,/en/blog/2023-04-01-march-update,repo_head,16317,true,data/content/new_candidates/flux_website/62e9fc7f0c4f9296.txt
fluxcd/website,/en/blog/2023-04-04-how-to-use-weave-gitops-as-your-flux-ui,repo_head,5036,true,data/content/new_candidates/flux_website/5b8685e68c3bcb2e.txt
fluxcd/website,/en/blog/2023-05-02-april-update,repo_head,5995,true,data/content/new_candidates/flux_website/6efce703c8844df1.txt
fluxcd/website,/en/blog/2023-06-06-may-update,repo_head,10676,true,data/content/new_candidates/flux_website/4a0f0ac0450b5d98.txt
fluxcd/website,/en/blog/2023-07-17-june-update,repo_head,7166,true,data/content/new_candidates/flux_website/ebeca59373507ef3.txt
fluxcd/website,/en/blog/2023-08-28-announcing-flux-v2.1.0,repo_head,10137,true,data/content/new_candidates/flux_website/6d2ae948270e70c5.txt
fluxcd/website,/en/blog/2023-11-08-flux-security-audit,repo_head,4440,true,data/content/new_candidates/flux_website/9b35a721dd6da726.txt
fluxcd/website,/en/blog/2023-12-12-announcing-flux-v2.2.0,repo_head,7848,true,data/content/new_candidates/flux_website/723d2d5a617ea383.txt
fluxcd/website,/en/blog/2024-02-27-introducing-capacitor,repo_head,3365,true,data/content/new_candidates/flux_website/f40a45ad4071ab6d.txt
fluxcd/website,/en/blog/2024-03-19-flux-kubeconeu2024,repo_head,5249,true,data/content/new_candidates/flux_website/839946fbc9d43915.txt
fluxcd/website,/en/blog/2024-05-13-announcing-flux-v2.3.0,repo_head,9671,true,data/content/new_candidates/flux_website/0615a553ce536737.txt
fluxcd/website,/en/blog/2024-09-30-announcing-flux-v2.4.0,repo_head,5047,true,data/content/new_candidates/flux_website/244166937cfa1a09.txt
fluxcd/website,/en/blog/2025-02-20-announcing-flux-v2.5.0,repo_head,6503,true,data/content/new_candidates/flux_website/f9042388b3545622.txt
fluxcd/website,/en/blog/2025-04-14-flux-operator-github-app-bootstrap,repo_head,4649,true,data/content/new_candidates/flux_website/b1366619dda48d10.txt
fluxcd/website,/en/blog/2025-05-14-ai-assisted-gitops,repo_head,7313,true,data/content/new_candidates/flux_website/634689b1d199fa20.txt
fluxcd/website,/en/blog/2025-05-29-announcing-flux-v2.6.0,repo_head,8143,true,data/content/new_candidates/flux_website/c6f44d27f8c484e0.txt
fluxcd/website,/en/blog/2025-06-06-fluxcon-na-2025,repo_head,2115,true,data/content/new_candidates/flux_website/3b8fb7cd6ec3e903.txt
fluxcd/website,/en/blog/2025-07-07-time-based-deployments,repo_head,3699,true,data/content/new_candidates/flux_website/740fa1f08658e4b6.txt
fluxcd/website,/en/blog/2025-09-29-announcing-flux-v2.7.0,repo_head,8630,true,data/content/new_candidates/flux_website/843dd31dacf1ed8b.txt
fluxcd/website,/en/blog/2026-02-23-announcing-flux-v2.8.0,repo_head,7866,true,data/content/new_candidates/flux_website/848c8f4abb7effc4.txt
fluxcd/website,/en/blog/_index,repo_head,56,false,data/content/new_candidates/flux_website/51b65288383ae42b.txt
fluxcd/website,/en/contributing/_index,repo_head,320,false,data/content/new_candidates/flux_website/efd96d9e26ec06b4.txt
fluxcd/website,/en/contributing/docs/_index,repo_head,596,true,data/content/new_candidates/flux_website/73057216f76be597.txt
fluxcd/website,/en/contributing/docs/google-season-of-docs-2023,repo_head,7424,true,data/content/new_candidates/flux_website/7258e8e0d53c3ebe.txt
fluxcd/website,/en/contributing/docs/proposing-changes,repo_head,5883,true,data/content/new_candidates/flux_website/9a82446bc12c247f.txt
fluxcd/website,/en/contributing/docs/style-guide,repo_head,13122,true,data/content/new_candidates/flux_website/c7fa7798c2ce26f4.txt
fluxcd/website,/en/contributing/docs/writing-docs,repo_head,3419,true,data/content/new_candidates/flux_website/4d33248fb438bd3e.txt
fluxcd/website,/en/contributing/flux-adopters,repo_head,1427,true,data/content/new_candidates/flux_website/75f8bda7b9023dce.txt
fluxcd/website,/en/ecosystem,repo_head,7812,true,data/content/new_candidates/flux_website/5b5dc61b99b78532.txt
fluxcd/website,/en/flagger/SUMMARY,repo_head,109,false,data/content/new_candidates/flux_website/3860b9fc84e788d2.txt
fluxcd/website,/en/flagger/_index,repo_head,1635,true,data/content/new_candidates/flux_website/5e8dc0a1700e5489.txt
fluxcd/website,/en/flagger/dev/_index,repo_head,28,false,data/content/new_candidates/flux_website/6c7a835e112e2313.txt
fluxcd/website,/en/flagger/dev/dev-guide,repo_head,2583,true,data/content/new_candidates/flux_website/bcf10c995cb119df.txt
fluxcd/website,/en/flagger/dev/release-guide,repo_head,1427,true,data/content/new_candidates/flux_website/e008800951276136.txt
fluxcd/website,/en/flagger/dev/upgrade-guide,repo_head,1425,true,data/content/new_candidates/flux_website/5e088aacd94e181b.txt
fluxcd/website,/en/flagger/faq,repo_head,8644,true,data/content/new_candidates/flux_website/09774d8dd298f4b0.txt
fluxcd/website,/en/flagger/install/_index,repo_head,32,false,data/content/new_candidates/flux_website/3be1b4d6475a5ac7.txt
fluxcd/website,/en/flagger/install/flagger-install-on-alibaba-servicemesh,repo_head,1880,true,data/content/new_candidates/flux_website/4a6fc10b33b43ebf.txt
fluxcd/website,/en/flagger/install/flagger-install-on-eks-appmesh,repo_head,2008,true,data/content/new_candidates/flux_website/d096f7e4b4f2bbaa.txt
fluxcd/website,/en/flagger/install/flagger-install-on-google-cloud,repo_head,4149,true,data/content/new_candidates/flux_website/3e7549c5595a76c1.txt
fluxcd/website,/en/flagger/install/flagger-install-on-kubernetes,repo_head,3159,true,data/content/new_candidates/flux_website/36dd401af44b05e5.txt
fluxcd/website,/en/flagger/install/flagger-install-with-flux,repo_head,2276,true,data/content/new_candidates/flux_website/cadd9ce074dbf535.txt
fluxcd/website,/en/flagger/tutorials/_index,repo_head,34,false,data/content/new_candidates/flux_website/cb6699608bad6610.txt
fluxcd/website,/en/flagger/tutorials/apisix-progressive-delivery,repo_head,2864,true,data/content/new_candidates/flux_website/7a3855d9dc487d28.txt
fluxcd/website,/en/flagger/tutorials/appmesh-progressive-delivery,repo_head,4103,true,data/content/new_candidates/flux_website/3496b4af33fed04b.txt
fluxcd/website,/en/flagger/tutorials/contour-progressive-delivery,repo_head,5079,true,data/content/new_candidates/flux_website/5bf5072e5ee5ade8.txt
fluxcd/website,/en/flagger/tutorials/gatewayapi-progressive-delivery,repo_head,4575,true,data/content/new_candidates/flux_website/ba80f72f9be96581.txt
fluxcd/website,/en/flagger/tutorials/gloo-progressive-delivery,repo_head,4352,true,data/content/new_candidates/flux_website/1fdd73a356272aa6.txt
fluxcd/website,/en/flagger/tutorials/istio-ab-testing,repo_head,2040,true,data/content/new_candidates/flux_website/3a1d7d2c7bf1d467.txt
fluxcd/website,/en/flagger/tutorials/istio-progressive-delivery,repo_head,4916,true,data/content/new_candidates/flux_website/a64a95418ef82b28.txt
fluxcd/website,/en/flagger/tutorials/keda-scaledobject,repo_head,3323,true,data/content/new_candidates/flux_website/fa20e983ecb90afd.txt
fluxcd/website,/en/flagger/tutorials/kubernetes-blue-green,repo_head,3847,true,data/content/new_candidates/flux_website/a2a35b9df63a606f.txt
fluxcd/website,/en/flagger/tutorials/kuma-progressive-delivery,repo_head,2847,true,data/content/new_candidates/flux_website/cee766eec581479c.txt
fluxcd/website,/en/flagger/tutorials/linkerd-progressive-delivery,repo_head,5026,true,data/content/new_candidates/flux_website/f8d1ca58f0d7785c.txt
fluxcd/website,/en/flagger/tutorials/nginx-progressive-delivery,repo_head,3744,true,data/content/new_candidates/flux_website/3291e0a9d42f2d2d.txt
fluxcd/website,/en/flagger/tutorials/osm-progressive-delivery,repo_head,4621,true,data/content/new_candidates/flux_website/937b0aa33112395b.txt
fluxcd/website,/en/flagger/tutorials/prometheus-operator,repo_head,1303,true,data/content/new_candidates/flux_website/d01fcf1bdb5040de.txt
fluxcd/website,/en/flagger/tutorials/skipper-progressive-delivery,repo_head,2782,true,data/content/new_candidates/flux_website/fc58dc60d7577887.txt
fluxcd/website,/en/flagger/tutorials/traefik-progressive-delivery,repo_head,2902,true,data/content/new_candidates/flux_website/544c4443dfd4e6c6.txt
fluxcd/website,/en/flagger/tutorials/zero-downtime-deployments,repo_head,3704,true,data/content/new_candidates/flux_website/d64d166208d18a08.txt
fluxcd/website,/en/flagger/usage/_index,repo_head,30,false,data/content/new_candidates/flux_website/1a7ae6802cd8f20e.txt
fluxcd/website,/en/flagger/usage/alerting,repo_head,2608,true,data/content/new_candidates/flux_website/dd4a583b1eaa48a6.txt
fluxcd/website,/en/flagger/usage/deployment-strategies,repo_head,11987,true,data/content/new_candidates/flux_website/7cb6d658f647d3c1.txt
fluxcd/website,/en/flagger/usage/how-it-works,repo_head,7859,true,data/content/new_candidates/flux_website/577ec92a3ae5de0f.txt
fluxcd/website,/en/flagger/usage/metrics,repo_head,4525,true,data/content/new_candidates/flux_website/b5338f6710eb67b6.txt
fluxcd/website,/en/flagger/usage/monitoring,repo_head,994,true,data/content/new_candidates/flux_website/77ab26bc7a63524d.txt
fluxcd/website,/en/flagger/usage/webhooks,repo_head,8433,true,data/content/new_candidates/flux_website/c1d6ad1201130fd1.txt
fluxcd/website,/en/flux/_index,repo_head,6447,true,data/content/new_candidates/flux_website/c2d5378e16f1c5a3.txt
fluxcd/website,/en/flux/cheatsheets/_index,repo_head,97,false,data/content/new_candidates/flux_website/a8170b329223b54e.txt
fluxcd/website,/en/flux/cheatsheets/cel-healthchecks,repo_head,1824,true,data/content/new_candidates/flux_website/fbb3cc403b8f6830.txt
fluxcd/website,/en/flux/cheatsheets/oci-artifacts,repo_head,9064,true,data/content/new_candidates/flux_website/f7b186815eae37dd.txt
fluxcd/website,/en/flux/cheatsheets/troubleshooting,repo_head,3516,true,data/content/new_candidates/flux_website/51ae5084d4b19185.txt
fluxcd/website,/en/flux/cmd/_index,repo_head,1343,true,data/content/new_candidates/flux_website/6f86b46cba680ab9.txt
fluxcd/website,/en/flux/components/_index,repo_head,763,true,data/content/new_candidates/flux_website/b56884f5faf15f75.txt
fluxcd/website,/en/flux/components/helm/_index,repo_head,1340,true,data/content/new_candidates/flux_website/9405c1d03c925fcc.txt
fluxcd/website,/en/flux/components/helm/api/_index,repo_head,66,false,data/content/new_candidates/flux_website/750aa8a5f49d6568.txt
fluxcd/website,/en/flux/components/helm/options,repo_head,6051,true,data/content/new_candidates/flux_website/debf1f1b907bb3b6.txt
fluxcd/website,/en/flux/components/image/_index,repo_head,666,true,data/content/new_candidates/flux_website/bd74cecaded06e6d.txt
fluxcd/website,/en/flux/components/image/automation-api/_index,repo_head,112,false,data/content/new_candidates/flux_website/e88d3b0a7f0a4f38.txt
fluxcd/website,/en/flux/components/image/options,repo_head,7047,true,data/content/new_candidates/flux_website/5753342e95b8c72f.txt
fluxcd/website,/en/flux/components/image/reflector-api/_index,repo_head,96,false,data/content/new_candidates/flux_website/670cfb9149529fd5.txt
fluxcd/website,/en/flux/components/kustomize/_index,repo_head,969,true,data/content/new_candidates/flux_website/344c112fbdc3728d.txt
fluxcd/website,/en/flux/components/kustomize/api/_index,repo_head,66,false,data/content/new_candidates/flux_website/a82a04d887935421.txt
fluxcd/website,/en/flux/components/kustomize/options,repo_head,6055,true,data/content/new_candidates/flux_website/ad5a9c96351efaf3.txt
fluxcd/website,/en/flux/components/notification/_index,repo_head,701,true,data/content/new_candidates/flux_website/add0111f3169ec73.txt
fluxcd/website,/en/flux/components/notification/api/_index,repo_head,66,false,data/content/new_candidates/flux_website/7f5bfc8cd96fc17f.txt
fluxcd/website,/en/flux/components/notification/options,repo_head,3080,true,data/content/new_candidates/flux_website/a272bdf53e5abdd8.txt
fluxcd/website,/en/flux/components/source/_index,repo_head,1714,true,data/content/new_candidates/flux_website/48671d6c7137a90f.txt
fluxcd/website,/en/flux/components/source/api/_index,repo_head,66,false,data/content/new_candidates/flux_website/f8ac39462aef1895.txt
fluxcd/website,/en/flux/components/source/options,repo_head,8436,true,data/content/new_candidates/flux_website/931386ef3351c42a.txt
fluxcd/website,/en/flux/concepts,repo_head,5609,true,data/content/new_candidates/flux_website/e296b8334dd7c47c.txt
fluxcd/website,/en/flux/faq,repo_head,9189,true,data/content/new_candidates/flux_website/f9348389a98c228b.txt
fluxcd/website,/en/flux/flux-e2e,repo_head,32000,true,data/content/new_candidates/flux_website/a49a81efd6ea5955.txt
fluxcd/website,/en/flux/flux-gh-action,repo_head,1193,true,data/content/new_candidates/flux_website/6a94821173eb70a5.txt
fluxcd/website,/en/flux/get-started,repo_head,3665,true,data/content/new_candidates/flux_website/bc844d1b24059ed9.txt
fluxcd/website,/en/flux/gitops-toolkit/_index,repo_head,139,false,data/content/new_candidates/flux_website/3217decb5a8fffcc.txt
fluxcd/website,/en/flux/gitops-toolkit/debugging,repo_head,1049,true,data/content/new_candidates/flux_website/4c7141cfcd25474e.txt
fluxcd/website,/en/flux/gitops-toolkit/packages,repo_head,1740,true,data/content/new_candidates/flux_website/10dda3f1f713a2b4.txt
fluxcd/website,/en/flux/gitops-toolkit/source-watcher,repo_head,1683,true,data/content/new_candidates/flux_website/4540b019966845f7.txt
fluxcd/website,/en/flux/guides/_index,repo_head,92,false,data/content/new_candidates/flux_website/380ee03353deb773.txt
fluxcd/website,/en/flux/guides/helmreleases,repo_head,11259,true,data/content/new_candidates/flux_website/3d00de4c311ac11e.txt
fluxcd/website,/en/flux/guides/image-update,repo_head,11328,true,data/content/new_candidates/flux_website/2497ab2abc16b6bb.txt
fluxcd/website,/en/flux/guides/mozilla-sops,repo_head,7236,true,data/content/new_candidates/flux_website/eebe9a2ac855468b.txt
fluxcd/website,/en/flux/guides/repository-structure,repo_head,5174,true,data/content/new_candidates/flux_website/f8732c45ee1f8ed7.txt
fluxcd/website,/en/flux/guides/sealed-secrets,repo_head,3584,true,data/content/new_candidates/flux_website/c2dfc7f4e2b8f027.txt
fluxcd/website,/en/flux/guides/sortable-image-tags,repo_head,3611,true,data/content/new_candidates/flux_website/c085db7a74843b5b.txt
fluxcd/website,/en/flux/guides/webhook-receivers,repo_head,4721,true,data/content/new_candidates/flux_website/303200ab6df05f03.txt
fluxcd/website,/en/flux/installation/_index,repo_head,4874,true,data/content/new_candidates/flux_website/7178d3d330946c30.txt
fluxcd/website,/en/flux/installation/bootstrap/_index,repo_head,128,false,data/content/new_candidates/flux_website/82c7a7a592c5c757.txt
fluxcd/website,/en/flux/installation/bootstrap/azure-devops,repo_head,2275,true,data/content/new_candidates/flux_website/0545a510c354d47a.txt
fluxcd/website,/en/flux/installation/bootstrap/bitbucket,repo_head,3507,true,data/content/new_candidates/flux_website/25fdc189c30a2ff5.txt
fluxcd/website,/en/flux/installation/bootstrap/generic-git-server,repo_head,3212,true,data/content/new_candidates/flux_website/48678a5d36bb7aa8.txt
fluxcd/website,/en/flux/installation/bootstrap/gitea,repo_head,4038,true,data/content/new_candidates/flux_website/eafeb6fcbcd0a602.txt
fluxcd/website,/en/flux/installation/bootstrap/github,repo_head,4562,true,data/content/new_candidates/flux_website/4d74c54cf7f3022d.txt
fluxcd/website,/en/flux/installation/bootstrap/gitlab,repo_head,3325,true,data/content/new_candidates/flux_website/89da18a3de0bc594.txt
fluxcd/website,/en/flux/installation/bootstrap/google-cloud-source,repo_head,1224,true,data/content/new_candidates/flux_website/76af127146479833.txt
fluxcd/website,/en/flux/installation/bootstrap/oracle-vbs-git-repositories,repo_head,1688,true,data/content/new_candidates/flux_website/4343770e2c88ffa4.txt
fluxcd/website,/en/flux/installation/configuration/_index,repo_head,127,false,data/content/new_candidates/flux_website/441fac79af34e4a7.txt
fluxcd/website,/en/flux/installation/configuration/air-gapped,repo_head,1356,true,data/content/new_candidates/flux_website/5ef914bee70a3364.txt
fluxcd/website,/en/flux/installation/configuration/bootstrap-customization,repo_head,723,true,data/content/new_candidates/flux_website/8a3fe246a0157d50.txt
fluxcd/website,/en/flux/installation/configuration/deploy-key-rotation,repo_head,1033,true,data/content/new_candidates/flux_website/d484af5e7b4d9ccd.txt
fluxcd/website,/en/flux/installation/configuration/helm-dns-lookup,repo_head,328,false,data/content/new_candidates/flux_website/b521aacdeb3c6e4a.txt
fluxcd/website,/en/flux/installation/configuration/helm-drift-detection,repo_head,308,false,data/content/new_candidates/flux_website/0ad715282444a72b.txt
fluxcd/website,/en/flux/installation/configuration/helm-oom-detection,repo_head,894,true,data/content/new_candidates/flux_website/6e8174780e3af4bc.txt
fluxcd/website,/en/flux/installation/configuration/multitenancy,repo_head,5036,true,data/content/new_candidates/flux_website/69715a27c2c7b745.txt
fluxcd/website,/en/flux/installation/configuration/openshift,repo_head,1132,true,data/content/new_candidates/flux_website/8e51cf3b1a53e70c.txt
fluxcd/website,/en/flux/installation/configuration/optional-components,repo_head,1411,true,data/content/new_candidates/flux_website/14d6e6587b8517cf.txt
fluxcd/website,/en/flux/installation/configuration/proxy-setting,repo_head,873,true,data/content/new_candidates/flux_website/ceb34a5e41e383e8.txt
fluxcd/website,/en/flux/installation/configuration/sharding,repo_head,3095,true,data/content/new_candidates/flux_website/3d8d356160c53c83.txt
fluxcd/website,/en/flux/installation/configuration/vertical-scaling,repo_head,2554,true,data/content/new_candidates/flux_website/2972c4dfd1ca8d04.txt
fluxcd/website,/en/flux/installation/configuration/workload-identity,repo_head,1434,true,data/content/new_candidates/flux_website/dee05972e42cda66.txt
fluxcd/website,/en/flux/installation/uninstall,repo_head,1404,true,data/content/new_candidates/flux_website/287344ba9910a4cb.txt
fluxcd/website,/en/flux/installation/upgrade,repo_head,2310,true,data/content/new_candidates/flux_website/1b94c0427e4a91d1.txt
fluxcd/website,/en/flux/integrations/_index,repo_head,553,true,data/content/new_candidates/flux_website/9bc24e0704389eae.txt
fluxcd/website,/en/flux/integrations/aws,repo_head,22116,false,data/content/new_candidates/flux_website/d25e8dd5c9ec8003.txt
fluxcd/website,/en/flux/integrations/azure,repo_head,22329,false,data/content/new_candidates/flux_website/250078c6d3ae7f10.txt
fluxcd/website,/en/flux/integrations/cross-cloud,repo_head,8159,true,data/content/new_candidates/flux_website/0535d5c1e481a960.txt
fluxcd/website,/en/flux/integrations/gcp,repo_head,21384,false,data/content/new_candidates/flux_website/c0a9afec70806428.txt
fluxcd/website,/en/flux/migration/_index,repo_head,1127,true,data/content/new_candidates/flux_website/e78fad24e319fd5f.txt
fluxcd/website,/en/flux/migration/faq-migration,repo_head,6537,true,data/content/new_candidates/flux_website/2d2fb01dd9cabf83.txt
fluxcd/website,/en/flux/migration/flux-v1-automation-migration,repo_head,18303,true,data/content/new_candidates/flux_website/ca6de27870ceef5b.txt
fluxcd/website,/en/flux/migration/flux-v1-migration,repo_head,4101,true,data/content/new_candidates/flux_website/cfbaea80fbeeea64.txt
fluxcd/website,/en/flux/migration/helm-operator-migration,repo_head,18185,true,data/content/new_candidates/flux_website/70425e0fdb327be0.txt
fluxcd/website,/en/flux/migration/timetable,repo_head,3191,true,data/content/new_candidates/flux_website/1ea53328ad15cc36.txt
fluxcd/website,/en/flux/monitoring/_index,repo_head,120,false,data/content/new_candidates/flux_website/9a831783108b838b.txt
fluxcd/website,/en/flux/monitoring/alerts,repo_head,7883,true,data/content/new_candidates/flux_website/b5b874feda6f2c69.txt
fluxcd/website,/en/flux/monitoring/custom-metrics,repo_head,4160,true,data/content/new_candidates/flux_website/7063f567cd6658cc.txt
fluxcd/website,/en/flux/monitoring/events,repo_head,2426,true,data/content/new_candidates/flux_website/221a4f2ab4b7e491.txt
fluxcd/website,/en/flux/monitoring/logs,repo_head,3914,true,data/content/new_candidates/flux_website/345e78f1d91a7de1.txt
fluxcd/website,/flagger/tutorials/appmesh-progressive-delivery,repo_head,4103,true,data/content/new_candidates/flux_website/e8a21dedcf54782a.txt
fluxcd/website,/flagger/tutorials/contour-progressive-delivery,repo_head,5079,true,data/content/new_candidates/flux_website/91f54d83faddf01e.txt
fluxcd/website,/flagger/tutorials/crossover-progressive-delivery,repo_head,5079,true,data/content/new_candidates/flux_website/3719694842295997.txt
fluxcd/website,/flagger/tutorials/gatewayapi-progressive-delivery,repo_head,4575,true,data/content/new_candidates/flux_website/df7f4a8add0d9819.txt
fluxcd/website,/flagger/tutorials/gloo-progressive-delivery,repo_head,4352,true,data/content/new_candidates/flux_website/16bed8d829f22c8c.txt
fluxcd/website,/flagger/tutorials/istio-ab-testing,repo_head,2040,true,data/content/new_candidates/flux_website/53af29323016c2f5.txt
fluxcd/website,/flagger/tutorials/istio-progressive-delivery,repo_head,4916,true,data/content/new_candidates/flux_website/cd8fa472259cece1.txt
fluxcd/website,/flagger/tutorials/kubernetes-blue-green,repo_head,3847,true,data/content/new_candidates/flux_website/fd81e57d4c601ced.txt
fluxcd/website,/flagger/tutorials/kuma-progressive-delivery,repo_head,2847,true,data/content/new_candidates/flux_website/2ad6a2954925269e.txt
fluxcd/website,/flagger/tutorials/linkerd-progressive-delivery,repo_head,5026,true,data/content/new_candidates/flux_website/9e7c87bcc7131b8e.txt
fluxcd/website,/flagger/tutorials/nginx-progressive-delivery,repo_head,3744,true,data/content/new_candidates/flux_website/5b1c252faee77b87.txt
fluxcd/website,/flagger/tutorials/osm-progressive-delivery,repo_head,4621,true,data/content/new_candidates/flux_website/118b265271fc797c.txt
fluxcd/website,/flagger/tutorials/skipper-progressive-delivery,repo_head,2782,true,data/content/new_candidates/flux_website/be4a4b8ebdc3a9ed.txt
fluxcd/website,/flagger/tutorials/traefik-progressive-delivery,repo_head,2902,true,data/content/new_candidates/flux_website/01a07c35b9d41e22.txt
fluxcd/website,/flagger/usage/how-it-works,repo_head,7859,true,data/content/new_candidates/flux_website/70ca667f2c3d247b.txt
fluxcd/website,/flux/:splat,repo_head,9189,true,data/content/new_candidates/flux_website/28b100efeed53e3c.txt
fluxcd/website,/flux/components/helm,repo_head,4738,true,data/content/new_candidates/flux_website/05b15c474c25c263.txt
fluxcd/website,/flux/components/image,repo_head,666,true,data/content/new_candidates/flux_website/0492c09027dbe7ca.txt
fluxcd/website,/flux/components/kustomize,repo_head,969,true,data/content/new_candidates/flux_website/a93b02ddd8df4d66.txt
fluxcd/website,/flux/components/kustomize/kustomizations,repo_head,6055,true,data/content/new_candidates/flux_website/5a16904e7662040d.txt
fluxcd/website,/flux/components/notification,repo_head,701,true,data/content/new_candidates/flux_website/3b203c19814bb808.txt
fluxcd/website,/flux/components/notification/alerts,repo_head,7883,true,data/content/new_candidates/flux_website/2b0d136bfcf95f11.txt
fluxcd/website,/flux/components/notification/events,repo_head,2426,true,data/content/new_candidates/flux_website/75f93202d9bfd392.txt
fluxcd/website,/flux/components/notification/providers,repo_head,701,true,data/content/new_candidates/flux_website/483e23798d7ce6ab.txt
fluxcd/website,/flux/components/notification/receivers,repo_head,701,true,data/content/new_candidates/flux_website/da031b7ac6cb0d4b.txt
fluxcd/website,/flux/components/source,repo_head,1714,true,data/content/new_candidates/flux_website/366d91db6d3fd905.txt
fluxcd/website,/flux/contributing/docs/writing-docs,repo_head,3419,true,data/content/new_candidates/flux_website/f6b23824b0226228.txt
fluxcd/website,/flux/contributing/flux,repo_head,1427,true,data/content/new_candidates/flux_website/923838461e2d770f.txt
fluxcd/website,/flux/installation,repo_head,4874,true,data/content/new_candidates/flux_website/cca7f0cdd6292cce.txt
fluxcd/website,/flux/installation/bootstrap/aws-codecommit,repo_head,4038,true,data/content/new_candidates/flux_website/dee47d19058672ed.txt
fluxcd/website,/flux/installation/bootstrap/azure-devops,repo_head,2275,true,data/content/new_candidates/flux_website/d29b06d81302718f.txt
fluxcd/website,/flux/installation/bootstrap/google-cloud-source,repo_head,1224,true,data/content/new_candidates/flux_website/7edaae6ee2d502e8.txt
fluxcd/website,/flux/installation/configuration,live_fetch,1080,true,data/content/new_candidates/flux_website/eaa49f0d21de2277.txt
fluxcd/website,/flux/installation/configuration/bootstrap-customization,repo_head,723,true,data/content/new_candidates/flux_website/72bf99fed9b62b9c.txt
fluxcd/website,/flux/installation/configuration/openshift,repo_head,1132,true,data/content/new_candidates/flux_website/067cf599ac87073e.txt
fluxcd/website,/flux/installation/configuration/sharding,repo_head,3095,true,data/content/new_candidates/flux_website/d2b454d058aae5d3.txt
fluxcd/website,/flux/migration,repo_head,1127,true,data/content/new_candidates/flux_website/b41200ef896c09cc.txt
fluxcd/website,/flux/monitoring/alerts,repo_head,7883,true,data/content/new_candidates/flux_website/92f483d370a0b749.txt
fluxcd/website,/flux/monitoring/metrics,repo_head,6339,true,data/content/new_candidates/flux_website/a71f62952a2acafb.txt
fluxcd/website,/fluxcd/website,repo_head,0,false,data/content/new_candidates/flux_website/7c4440d13c629e20.txt
fluxcd/website,/roadmap,repo_head,3577,true,data/content/new_candidates/flux_website/6a9d7df734229ab7.txt
