pair_id,old_content_source,old_snapshot_ref,new_content_source,old_text_chars,new_text_chars,old_content_quality_pass,new_content_quality_pass
001cb53b16c607df87b6,git_history,df96bb0aa487ee20c2a537f93c8d7e902cf56963,live_fetch,474,3228,true,true
004d614e717e6cf84e19,git_history,df96bb0aa487ee20c2a537f93c8d7e902cf56963,live_fetch,1572,1464,true,true
00853681aa1108183968,git_history,1a80726074e26766353485bb4ba787372cadc467,live_fetch,948,2574,true,true
00d64736ed148f216535,unavailable,,repo_head,0,760,false,true
00f03d49daca0d2692d4,git_history,df96bb0aa487ee20c2a537f93c8d7e902cf56963,live_fetch,534,5023,true,true
00fa09a9cedcc9fd0768,git_history,080d7fc39e311195462c7dd449fa6c246bdd8c76,live_fetch,4328,2612,true,true
010e6c850d34c5eb762f,git_history,df96bb0aa487ee20c2a537f93c8d7e902cf56963,live_fetch,3247,3072,true,true
0197e48921d188ed9419,unavailable,,live_fetch,0,1035,false,true
01b23220ba48a564831e,unavailable,,unavailable,0,0,false,false
01bae2941f127beacb85,unavailable,,live_fetch,0,1842,false,true
01e28b9ddf46396f5e2a,unavailable,,live_fetch,0,13439,false,true
01f98ecac95ed598cbeb,unavailable,,live_fetch,0,8066,false,true
02889599579c92896fa8,git_history,df96bb0aa487ee20c2a537f93c8d7e902cf56963,live_fetch,546,1738,true,true
0293d463a0d4b9ea0219,git_history,080d7fc39e311195462c7dd449fa6c246bdd8c76,live_fetch,8054,2612,true,true
0298ecd8cb6702312664,git_history,df96bb0aa487ee20c2a537f93c8d7e902cf56963,live_fetch,487,14660,true,true
02eaa3001fdc29386822,git_history,df96bb0aa487ee20c2a537f93c8d7e902cf56963,live_fetch,487,1352,true,true
02ed5c29b5cc187afe9e,git_history,080d7fc39e311195462c7dd449fa6c246bdd8c76,live_fetch,8054,2612,true,true
0300474bd4a6c40be5a8,git_history,df96bb0aa487ee20c2a537f93c8d7e902cf56963,live_fetch,1476,951,true,true
0314596dc31f9992764f,git_history,080d7fc39e311195462c7dd449fa6c246bdd8c76,live_fetch,8054,2612,true,true
035378592a6dd15192f8,git_history,080d7fc39e311195462c7dd449fa6c246bdd8c76,live_fetch,8054,2612,true,true
037262bb7b7ca6a13092,git_history,df96bb0aa487ee20c2a537f93c8d7e902cf56963,live_fetch,487,4147,true,true
03f60c72b6a795b01279,git_history,df96bb0aa487ee20c2a537f93c8d7e902cf56963,live_fetch,1247,1680,true,true
04165d74cedea7285298,git_history,080d7fc39e311195462c7dd449fa6c246bdd8c76,live_fetch,4328,2612,true,true
0439637d1accdf67cc97,unavailable,,live_fetch,0,9307,false,true
04713758e4327137f272,git_history,df96bb0aa487ee20c2a537f93c8d7e902cf56963,live_fetch,550,893,true,true
0473600a4f88dc268f62,git_history,080d7fc39e311195462c7dd449fa6c246bdd8c76,live_fetch,6204,10075,true,true
04ca74ad1f6332b0cecf,git_history,080d7fc39e311195462c7dd449fa6c246bdd8c76,live_fetch,8054,2612,true,true
04de8b1b5f816036a2bc,git_history,080d7fc39e311195462c7dd449fa6c246bdd8c76,live_fetch,4328,2612,true,true
04e2a742e1a26cf006a4,git_history,1a80726074e26766353485bb4ba787372cadc467,live_fetch,699,963,true,true
05283c511ee27b79b39b,git_history,080d7fc39e311195462c7dd449fa6c246bdd8c76,live_fetch,8054,2612,true,true
054944f3f05fa5083bdc,git_history,df96bb0aa487ee20c2a537f93c8d7e902cf56963,live_fetch,534,8714,true,true
05ce0be692b0dad98a06,unavailable,,unavailable,0,0,false,false
0606b0094ec609100f24,git_history,df96bb0aa487ee20c2a537f93c8d7e902cf56963,live_fetch,2748,2861,true,true
066bb039d6ff9bb1988e,unavailable,,live_fetch,0,1536,false,true
0777eeeaff625da13101,git_history,080d7fc39e311195462c7dd449fa6c246bdd8c76,live_fetch,4328,2612,true,true
07beaaf21d2dbefb93b0,git_history,1a80726074e26766353485bb4ba787372cadc467,live_fetch,2082,8514,true,true
081586ce9f497e92dc59,git_history,df96bb0aa487ee20c2a537f93c8d7e902cf56963,live_fetch,474,2260,true,true
081a3d765b551c35808f,git_history,df96bb0aa487ee20c2a537f93c8d7e902cf56963,live_fetch,1181,6590,true,true
0829a3f8668fedf8090a,git_history,df96bb0aa487ee20c2a537f93c8d7e902cf56963,live_fetch,474,951,true,true
08a051a090ee82111d67,wayback,https://web.archive.org/web/20230726125515id_/https://fluxcd.io/flux/cheatsheets/sharding,live_fetch,12937,8444,true,true
08d23ee78d112ab6d9f8,unavailable,,unavailable,0,0,false,false
08da8f5882f669f3c296,git_history,df96bb0aa487ee20c2a537f93c8d7e902cf56963,live_fetch,1536,589,true,true
08e474cbcbdd012f91d4,unavailable,,live_fetch,0,10318,false,true
08fb960e63f04143fd1d,git_history,1a80726074e26766353485bb4ba787372cadc467,live_fetch,1035,2791,true,true
092c7e53c7c26e840f97,git_history,df96bb0aa487ee20c2a537f93c8d7e902cf56963,live_fetch,550,2471,true,true
09391bc2e488f4aec6e7,git_history,df96bb0aa487ee20c2a537f93c8d7e902cf56963,live_fetch,550,5388,true,true
09f78315996b8e973a2d,git_history,080d7fc39e311195462c7dd449fa6c246bdd8c76,live_fetch,8054,2612,true,true
0a2cfa024f8ad67a8b17,unavailable,,live_fetch,0,11332,false,true
0a4e706aa1db9e37ac6e,git_history,df96bb0aa487ee20c2a537f93c8d7e902cf56963,repo_head,487,1344,true,true
0a7ff03f0bc1e3f5c012,git_history,df96bb0aa487ee20c2a537f93c8d7e902cf56963,live_fetch,452,6995,true,true
0ab6f43e3d320a1de7d2,git_history,df96bb0aa487ee20c2a537f93c8d7e902cf56963,live_fetch,474,3618,true,true
0ae4f25d2448c12aa790,unavailable,,live_fetch,0,5053,false,true
0b71df3d38e51b3702e6,unavailable,,repo_head,0,2986,false,true
0b75cf559825f49260a7,unavailable,,live_fetch,0,1823,false,true
0b8e4a0955ef03d86450,unavailable,,live_fetch,0,1067,false,true
0b8fecf5013aa23d6fc4,git_history,df96bb0aa487ee20c2a537f93c8d7e902cf56963,live_fetch,7163,7544,true,true
0b9278049f7883b31b23,git_history,df96bb0aa487ee20c2a537f93c8d7e902cf56963,live_fetch,3480,4898,true,true
0bd4077c5423a5c37d1a,git_history,df96bb0aa487ee20c2a537f93c8d7e902cf56963,live_fetch,474,8825,true,true
0c463bff126b36f04656,unavailable,,live_fetch,0,7593,false,true
0c8f2815cc41fd66a8e4,git_history,df96bb0aa487ee20c2a537f93c8d7e902cf56963,repo_head,1087,18030,true,true
0cad0f54afbafb245b25,git_history,df96bb0aa487ee20c2a537f93c8d7e902cf56963,live_fetch,1305,6753,true,true
0cb3f453f294af042969,git_history,df96bb0aa487ee20c2a537f93c8d7e902cf56963,live_fetch,474,6920,true,true
0cc95a7d27cc58f6bc12,git_history,df96bb0aa487ee20c2a537f93c8d7e902cf56963,repo_head,9005,6702,true,true
0d3fbfe86fedb110f062,git_history,080d7fc39e311195462c7dd449fa6c246bdd8c76,live_fetch,5625,3992,true,true
0d65c595712599d32031,unavailable,,live_fetch,0,1909,false,true
0db156ab735c14b01d5c,unavailable,,live_fetch,0,7341,false,true
0dc4371edf26705dce8b,git_history,df96bb0aa487ee20c2a537f93c8d7e902cf56963,live_fetch,487,1439,true,true
0dfbd2a8112553531237,git_history,080d7fc39e311195462c7dd449fa6c246bdd8c76,live_fetch,8054,2612,true,true
0e0ee77212b9a4b28eee,git_history,df96bb0aa487ee20c2a537f93c8d7e902cf56963,live_fetch,1476,951,true,true
0e103d0501ab1bfdd80e,git_history,df96bb0aa487ee20c2a537f93c8d7e902cf56963,repo_head,709,728,true,true
0e23c138bdabfb6b97b7,git_history,080d7fc39e311195462c7dd449fa6c246bdd8c76,live_fetch,8054,2612,true,true
0ec6580aa51a97815cc5,unavailable,,live_fetch,0,7584,false,true
0ed847f65329df3dc0e7,git_history,df96bb0aa487ee20c2a537f93c8d7e902cf56963,live_fetch,474,4162,true,true
0f4ee9ebd19f639e5811,git_history,df96bb0aa487ee20c2a537f93c8d7e902cf56963,live_fetch,971,3563,true,true
0f6a5f6b224914d11d59,git_history,df96bb0aa487ee20c2a537f93c8d7e902cf56963,live_fetch,6099,9764,true,true
0fb4c822dc3d7cd699ff,git_history,080d7fc39e311195462c7dd449fa6c246bdd8c76,live_fetch,8054,2612,true,true
0fd57ae51b347e550125,git_history,df96bb0aa487ee20c2a537f93c8d7e902cf56963,live_fetch,550,951,true,true
100e227726994caea679,git_history,c312c0a0daaaf6673a713d8c1281ecb7623d900a,repo_head,3176,1741,true,true
10a0c54301e199fa74d4,git_history,df96bb0aa487ee20c2a537f93c8d7e902cf56963,live_fetch,5097,9612,true,true
10af0f22725240cb43de,git_history,df96bb0aa487ee20c2a537f93c8d7e902cf56963,live_fetch,664,2933,true,true
10b410c084cc7c99a44f,git_history,080d7fc39e311195462c7dd449fa6c246bdd8c76,live_fetch,8054,2612,true,true
10ed6d90a0c561802930,git_history,1a80726074e26766353485bb4ba787372cadc467,live_fetch,775,1095,true,true
10f7f017be91c9ae6f10,git_history,080d7fc39e311195462c7dd449fa6c246bdd8c76,live_fetch,4328,2612,true,true
11568e4abd2859da8699,git_history,df96bb0aa487ee20c2a537f93c8d7e902cf56963,live_fetch,7613,3094,true,true
11c3b0d4ce1923fb90f9,git_history,df96bb0aa487ee20c2a537f93c8d7e902cf56963,repo_head,474,4970,true,true
11d4814862ab66f85137,git_history,df96bb0aa487ee20c2a537f93c8d7e902cf56963,live_fetch,474,11843,true,true
120f2ffef15f0db13c9a,git_history,df96bb0aa487ee20c2a537f93c8d7e902cf56963,live_fetch,664,2933,true,true
121554be45b50212f6cd,git_history,a18fd1b3f93e69eeafae7afa792a2aa217eedd33,live_fetch,701,2072,true,true
121c6f6ab1c9ef7a5459,git_history,df96bb0aa487ee20c2a537f93c8d7e902cf56963,repo_head,688,2986,true,true
12247d601d994d37d340,git_history,df96bb0aa487ee20c2a537f93c8d7e902cf56963,repo_head,635,838,true,true
1233fb77e11f7ae10fdb,git_history,df96bb0aa487ee20c2a537f93c8d7e902cf56963,live_fetch,1609,5357,true,true
1241489af8c8a3208069,git_history,df96bb0aa487ee20c2a537f93c8d7e902cf56963,live_fetch,550,22945,true,true
1298fdb2635a26713369,git_history,df96bb0aa487ee20c2a537f93c8d7e902cf56963,live_fetch,917,1819,true,true
12aa61b71c0eac02bd06,git_history,df96bb0aa487ee20c2a537f93c8d7e902cf56963,live_fetch,1443,1970,true,true
12c61619ffcded51490d,git_history,df96bb0aa487ee20c2a537f93c8d7e902cf56963,live_fetch,546,3977,true,true
1303fabc4bc3ec87632f,git_history,df96bb0aa487ee20c2a537f93c8d7e902cf56963,repo_head,474,912,true,true
13e41a598db59574325d,git_history,c312c0a0daaaf6673a713d8c1281ecb7623d900a,repo_head,1057,1143,true,true
141ba75db53e30751f3e,git_history,080d7fc39e311195462c7dd449fa6c246bdd8c76,unavailable,13059,0,true,false
1426b16b526bce8e58c2,git_history,df96bb0aa487ee20c2a537f93c8d7e902cf56963,repo_head,740,1305,true,true
144d3c606a9138891075,git_history,df96bb0aa487ee20c2a537f93c8d7e902cf56963,live_fetch,474,32000,true,true
14f860b5c6f83425bcb6,git_history,080d7fc39e311195462c7dd449fa6c246bdd8c76,live_fetch,4328,2612,true,true
1550a07d896659bf3d80,unavailable,,live_fetch,0,1819,false,true
15b9928b054ce96ebf07,git_history,df96bb0aa487ee20c2a537f93c8d7e902cf56963,live_fetch,559,1754,true,true
15c4d59d62e97dfdfe50,git_history,df96bb0aa487ee20c2a537f93c8d7e902cf56963,repo_head,534,761,true,true
15ec0e975e5ed9071931,git_history,080d7fc39e311195462c7dd449fa6c246bdd8c76,live_fetch,4328,2612,true,true
1612069b21210be57f73,git_history,1a80726074e26766353485bb4ba787372cadc467,live_fetch,2075,1326,true,true
169b4365048804bf775c,unavailable,,live_fetch,0,4625,false,true
16a458be50b2c5d9c92b,unavailable,,unavailable,0,0,false,false
16cae477060299632806,git_history,080d7fc39e311195462c7dd449fa6c246bdd8c76,live_fetch,5625,3992,true,true
16d56cdebfecec8d551d,git_history,df96bb0aa487ee20c2a537f93c8d7e902cf56963,repo_head,710,912,true,true
16d801e2f28374b726c2,unavailable,,live_fetch,0,14528,false,true
16dd17779970f33d9a1d,unavailable,,live_fetch,0,13012,false,true
171e3b4170b0792c8725,git_history,080d7fc39e311195462c7dd449fa6c246bdd8c76,live_fetch,4328,2612,true,true
1763c12473d95e729458,unavailable,,live_fetch,0,806,false,true
176a11d03793b140e568,git_history,080d7fc39e311195462c7dd449fa6c246bdd8c76,live_fetch,8054,2612,true,true
177fff7f0b0eccd03fd8,git_history,df96bb0aa487ee20c2a537f93c8d7e902cf56963,live_fetch,2324,4029,true,true
17a5da92af3adedfad09,unavailable,,live_fetch,0,3219,false,true
17a90a8462bb14b96f67,git_history,df96bb0aa487ee20c2a537f93c8d7e902cf56963,live_fetch,1160,1170,true,true
17a9770ffa264708627f,unavailable,,live_fetch,0,10607,false,true
17b153f9cb24de7b20c5,git_history,080d7fc39e311195462c7dd449fa6c246bdd8c76,live_fetch,8054,2612,true,true
17b264ab5edc53e03ceb,git_history,1a80726074e26766353485bb4ba787372cadc467,live_fetch,2391,5406,true,true
17c94aa0fa73c6af4b6d,unavailable,,live_fetch,0,3699,false,true
17cf1130843e097c2f6e,git_history,df96bb0aa487ee20c2a537f93c8d7e902cf56963,live_fetch,1622,2187,true,true
1831c5496206afc40bbc,unavailable,,live_fetch,0,977,false,true
184659483710bebf1df7,git_history,1a80726074e26766353485bb4ba787372cadc467,live_fetch,1089,4278,true,true
18524e2bc0c4cb8bfbfa,unavailable,,live_fetch,0,2881,false,true
187252af1abe3017743a,git_history,df96bb0aa487ee20c2a537f93c8d7e902cf56963,repo_head,1087,18030,true,true
18f525ef2cd4446fc8a8,git_history,df96bb0aa487ee20c2a537f93c8d7e902cf56963,repo_head,1030,756,true,true
1963257f401489bd6e23,unavailable,,live_fetch,0,11169,false,true
19dc50098b7fad797193,git_history,080d7fc39e311195462c7dd449fa6c246bdd8c76,live_fetch,8054,2612,true,true
1a0602cdbcdd93a03114,unavailable,,live_fetch,0,10276,false,true
1a5c33d1bbfc3f78fa23,git_history,df96bb0aa487ee20c2a537f93c8d7e902cf56963,live_fetch,550,4063,true,true
1a62b2b2c3e9400739a9,git_history,c312c0a0daaaf6673a713d8c1281ecb7623d900a,repo_head,5646,23206,true,true
1a745c697a5d832e634e,git_history,df96bb0aa487ee20c2a537f93c8d7e902cf56963,live_fetch,4651,11693,true,true
1a852e037cc504c6cb37,git_history,df96bb0aa487ee20c2a537f93c8d7e902cf56963,live_fetch,550,5943,true,true
1a92e6c9dde6c0ecc226,git_history,df96bb0aa487ee20c2a537f93c8d7e902cf56963,live_fetch,7163,7544,true,true
1ab0a5bee7e262be8cf3,git_history,080d7fc39e311195462c7dd449fa6c246bdd8c76,live_fetch,8054,2612,true,true
1acd1f25a065f2593d1d,git_history,df96bb0aa487ee20c2a537f93c8d7e902cf56963,repo_head,735,711,true,true
1b131a61d526cb822dbd,unavailable,,live_fetch,0,1493,false,true
1b267e7c1166da2952ee,git_history,080d7fc39e311195462c7dd449fa6c246bdd8c76,live_fetch,8054,2612,true,true
1b524b1088dbd32d2dbd,git_history,df96bb0aa487ee20c2a537f93c8d7e902cf56963,live_fetch,7163,7593,true,true
1b5baed2b80e086ea7b9,git_history,df96bb0aa487ee20c2a537f93c8d7e902cf56963,live_fetch,1179,1867,true,true
1b66f70aba9fdb93e36d,git_history,080d7fc39e311195462c7dd449fa6c246bdd8c76,live_fetch,4328,2612,true,true
1be98512765ad1eaf7aa,git_history,df96bb0aa487ee20c2a537f93c8d7e902cf56963,live_fetch,1474,2115,true,true
1bfe8c8d19e9f6787d88,git_history,df96bb0aa487ee20c2a537f93c8d7e902cf56963,live_fetch,680,7429,true,true
1c417516fde442b44da4,git_history,df96bb0aa487ee20c2a537f93c8d7e902cf56963,live_fetch,534,1812,true,true
1c4ec1f50f23d050c5da,git_history,df96bb0aa487ee20c2a537f93c8d7e902cf56963,live_fetch,474,3174,true,true
1c992ab67ea6df44cd27,unavailable,,live_fetch,0,3189,false,true
1c9ffa576fd17e20b3d5,git_history,df96bb0aa487ee20c2a537f93c8d7e902cf56963,live_fetch,487,1413,true,true
1cbeeb3dea16c2a32c9c,unavailable,,live_fetch,0,653,false,true
1d0aa7f16245c06e6f32,git_history,080d7fc39e311195462c7dd449fa6c246bdd8c76,live_fetch,4328,2612,true,true
1d62fcea492f719a9f80,git_history,df96bb0aa487ee20c2a537f93c8d7e902cf56963,repo_head,735,768,true,true
1dbe301bc7d90928b4cf,git_history,df96bb0aa487ee20c2a537f93c8d7e902cf56963,repo_head,2032,9186,true,true
1e53b829b9ccfdc70742,unavailable,,live_fetch,0,11332,false,true
1e644c4d48eb54387411,unavailable,,live_fetch,0,11798,false,true
1e64e4d1429cc6a04bc1,git_history,df96bb0aa487ee20c2a537f93c8d7e902cf56963,live_fetch,3823,2931,true,true
1e83b10e92df471c7895,git_history,1a80726074e26766353485bb4ba787372cadc467,repo_head,1803,9578,true,true
1f0556cf232b6cb439bf,unavailable,,live_fetch,0,8458,false,true
1f63bbfab77f5cb6062d,git_history,df96bb0aa487ee20c2a537f93c8d7e902cf56963,live_fetch,2448,7069,true,true
1fac3f0c62b5675b5ef3,git_history,df96bb0aa487ee20c2a537f93c8d7e902cf56963,live_fetch,474,9786,true,true
2048475d5858b4b2e49c,git_history,df96bb0aa487ee20c2a537f93c8d7e902cf56963,live_fetch,3896,5305,true,true
20bd2987885c4daeba52,git_history,df96bb0aa487ee20c2a537f93c8d7e902cf56963,live_fetch,550,1416,true,true
20c323414f73fbd11dce,git_history,df96bb0aa487ee20c2a537f93c8d7e902cf56963,live_fetch,546,1605,true,true
211593e75810702b0ec4,unavailable,,live_fetch,0,1141,false,true
211c30914ae11408262e,git_history,df96bb0aa487ee20c2a537f93c8d7e902cf56963,live_fetch,550,8934,true,true
212777ab2d3fff7cb094,git_history,df96bb0aa487ee20c2a537f93c8d7e902cf56963,live_fetch,2356,5657,true,true
216125626ed878e44ddd,git_history,df96bb0aa487ee20c2a537f93c8d7e902cf56963,live_fetch,474,2177,true,true
2172f3d76994213a1952,git_history,df96bb0aa487ee20c2a537f93c8d7e902cf56963,live_fetch,945,1511,true,true
21980dcf89e3d4087985,git_history,a18fd1b3f93e69eeafae7afa792a2aa217eedd33,repo_head,701,701,true,true
21fb6f191c2c3cae29de,git_history,df96bb0aa487ee20c2a537f93c8d7e902cf56963,live_fetch,546,4120,true,true
22d0b6df480a9f9fa556,unavailable,,live_fetch,0,1101,false,true
23069d5b2b40e3777d05,git_history,df96bb0aa487ee20c2a537f93c8d7e902cf56963,live_fetch,6099,9764,true,true
236bfcd21846b39de11c,unavailable,,live_fetch,0,11841,false,true
2393688b5d8a0b1bca1a,git_history,df96bb0aa487ee20c2a537f93c8d7e902cf56963,repo_head,1210,1690,true,true
23cfbc306b795f4618e1,git_history,df96bb0aa487ee20c2a537f93c8d7e902cf56963,live_fetch,550,10414,true,true
241a250121ba3ffc7094,unavailable,,live_fetch,0,4184,false,true
241b7a821fee5df29510,git_history,df96bb0aa487ee20c2a537f93c8d7e902cf56963,repo_head,706,4970,true,true
2443194e981891a24f74,git_history,df96bb0aa487ee20c2a537f93c8d7e902cf56963,live_fetch,4861,439,true,true
245d00574e89bf2eb774,git_history,df96bb0aa487ee20c2a537f93c8d7e902cf56963,repo_head,766,713,true,true
247ff9ba88244d06c03d,git_history,df96bb0aa487ee20c2a537f93c8d7e902cf56963,live_fetch,474,9690,true,true
2487bca79476fa00ba87,git_history,080d7fc39e311195462c7dd449fa6c246bdd8c76,live_fetch,8054,2612,true,true
24e2f3d16731a5460592,unavailable,,repo_head,0,747,false,true
250f3c6b80c9819b44c2,git_history,080d7fc39e311195462c7dd449fa6c246bdd8c76,live_fetch,8054,2612,true,true
258367e32c4086a2b89a,git_history,080d7fc39e311195462c7dd449fa6c246bdd8c76,live_fetch,8054,2612,true,true
2594863546eeab933416,git_history,df96bb0aa487ee20c2a537f93c8d7e902cf56963,live_fetch,797,1867,true,true
259aeedce43193f23b94,git_history,080d7fc39e311195462c7dd449fa6c246bdd8c76,live_fetch,756,1993,true,true
25a94d00594a2c653d9e,git_history,df96bb0aa487ee20c2a537f93c8d7e902cf56963,repo_head,474,855,true,true
26b230f45aab8a1c31ec,git_history,df96bb0aa487ee20c2a537f93c8d7e902cf56963,live_fetch,5301,6059,true,true
26bb8c6289bce5fdb03e,git_history,df96bb0aa487ee20c2a537f93c8d7e902cf56963,live_fetch,736,408,true,true
28031408cb83593085dd,unavailable,,live_fetch,0,1779,false,true
281a55e64da5e524cd91,unavailable,,live_fetch,0,3219,false,true
2848a1106ccf1595b918,git_history,df96bb0aa487ee20c2a537f93c8d7e902cf56963,repo_head,550,5962,true,true
289da31e484d41b8fede,unavailable,,live_fetch,0,6070,false,true
28a234c08dc8db0471d9,git_history,080d7fc39e311195462c7dd449fa6c246bdd8c76,live_fetch,8054,2612,true,true
2900b26314adeeb7c849,unavailable,,live_fetch,0,891,false,true
290aad54f93c815f1ed3,git_history,df96bb0aa487ee20c2a537f93c8d7e902cf56963,live_fetch,801,1101,true,true
295654d09e05f1b86e19,git_history,a18fd1b3f93e69eeafae7afa792a2aa217eedd33,repo_head,3911,9189,true,true
299654544194c006316d,git_history,080d7fc39e311195462c7dd449fa6c246bdd8c76,live_fetch,8054,2612,true,true
29e8ddc8149fd4c17bfc,unavailable,,live_fetch,0,1633,false,true
2a4f746b71becd572cb2,unavailable,,live_fetch,0,589,false,true
2a75c3d78b5688296c2b,git_history,df96bb0aa487ee20c2a537f93c8d7e902cf56963,live_fetch,631,21458,true,true
2a988cb0e68e0cd52108,git_history,df96bb0aa487ee20c2a537f93c8d7e902cf56963,live_fetch,10317,15151,true,true
2a9e802d9ac128eaa8a3,unavailable,,live_fetch,0,3792,false,true
2af26f46bda484fa766a,git_history,c312c0a0daaaf6673a713d8c1281ecb7623d900a,repo_head,3594,8638,true,true
2b0b184613d6df7774b7,git_history,080d7fc39e311195462c7dd449fa6c246bdd8c76,live_fetch,5625,32000,true,true
2c25a1e71065a98ead03,git_history,df96bb0aa487ee20c2a537f93c8d7e902cf56963,live_fetch,3742,4166,true,true
2c4861cd6712ea61c340,git_history,df96bb0aa487ee20c2a537f93c8d7e902cf56963,live_fetch,550,1949,true,true
2c585996b4ec18023a37,unavailable,,live_fetch,0,3695,false,true
2c9051056a7b300d8415,git_history,080d7fc39e311195462c7dd449fa6c246bdd8c76,live_fetch,8054,2612,true,true
2ca9f041407ff5738c5e,git_history,a18fd1b3f93e69eeafae7afa792a2aa217eedd33,repo_head,701,701,true,true
2cb6453f424be0509cbc,git_history,df96bb0aa487ee20c2a537f93c8d7e902cf56963,live_fetch,2344,8031,true,true
2cdd698e759cdbce36f4,git_history,080d7fc39e311195462c7dd449fa6c246bdd8c76,live_fetch,8054,2612,true,true
2cfdfe8b5ce1bf1ca748,git_history,080d7fc39e311195462c7dd449fa6c246bdd8c76,live_fetch,4328,2612,true,true
2cffd71e68c215ed3895,git_history,df96bb0aa487ee20c2a537f93c8d7e902cf56963,live_fetch,4657,4797,true,true
2d00fb156b9056b4f97e,git_history,df96bb0aa487ee20c2a537f93c8d7e902cf56963,repo_head,1146,21620,true,true
2d43cf3122717f64f386,git_history,df96bb0aa487ee20c2a537f93c8d7e902cf56963,live_fetch,1731,2622,true,true
2d59542811a2c1eaa7c9,git_history,df96bb0aa487ee20c2a537f93c8d7e902cf56963,live_fetch,2022,18598,true,true
2da7ba2a83e4a334e8a3,git_history,df96bb0aa487ee20c2a537f93c8d7e902cf56963,live_fetch,474,21649,true,true
2dbf0416368b06fc5a36,git_history,df96bb0aa487ee20c2a537f93c8d7e902cf56963,repo_head,550,748,true,true
2e81eef04bd5816e902e,git_history,df96bb0aa487ee20c2a537f93c8d7e902cf56963,unavailable,654,0,true,false
2ec4a78a663d4f24bebd,unavailable,,live_fetch,0,10476,false,true
2f0e768a4e2bddf27f29,git_history,df96bb0aa487ee20c2a537f93c8d7e902cf56963,repo_head,474,2631,true,true
30220b2e6139d16b6e7b,git_history,080d7fc39e311195462c7dd449fa6c246bdd8c76,live_fetch,4328,2612,true,true
302512ff59a98d069acc,git_history,df96bb0aa487ee20c2a537f93c8d7e902cf56963,live_fetch,474,14809,true,true
302e4f4680c2be0cbf28,unavailable,,live_fetch,0,4008,false,true
30dad2e72ed9c8ead4a0,git_history,df96bb0aa487ee20c2a537f93c8d7e902cf56963,live_fetch,505,1355,true,true
30e5b5e02a6bcd72fd30,unavailable,,live_fetch,0,1684,false,true
30fd9d1556f82d67d080,git_history,c312c0a0daaaf6673a713d8c1281ecb7623d900a,repo_head,7087,7841,true,true
3133b3680c34ec9125ac,git_history,080d7fc39e311195462c7dd449fa6c246bdd8c76,live_fetch,8054,2612,true,true
31549fba3a930ecb86b8,git_history,df96bb0aa487ee20c2a537f93c8d7e902cf56963,live_fetch,474,11039,true,true
31a46ca9798820c50593,unavailable,,live_fetch,0,1873,false,true
323870ce99cd20c559bf,git_history,df96bb0aa487ee20c2a537f93c8d7e902cf56963,repo_head,702,653,true,true
323edb621db9c984c73a,unavailable,,live_fetch,0,977,false,true
3244355ec237548805f3,git_history,080d7fc39e311195462c7dd449fa6c246bdd8c76,live_fetch,8054,2612,true,true
32502c6562e8bafc183b,git_history,df96bb0aa487ee20c2a537f93c8d7e902cf56963,live_fetch,709,951,true,true
328643c5b0201541091b,git_history,df96bb0aa487ee20c2a537f93c8d7e902cf56963,repo_head,487,855,true,true
32998804340605f555a8,git_history,df96bb0aa487ee20c2a537f93c8d7e902cf56963,live_fetch,487,5116,true,true
32a1c0cb5a6ee44ac627,git_history,df96bb0aa487ee20c2a537f93c8d7e902cf56963,live_fetch,474,6922,true,true
32bb71dab95174d93ff6,git_history,df96bb0aa487ee20c2a537f93c8d7e902cf56963,live_fetch,3203,5514,true,true
32e89d096eae3a3c786b,git_history,df96bb0aa487ee20c2a537f93c8d7e902cf56963,repo_head,609,4959,true,true
332083dbe31b500b76c1,git_history,df96bb0aa487ee20c2a537f93c8d7e902cf56963,live_fetch,546,1568,true,true
33862c763419cec79b9d,unavailable,,live_fetch,0,954,false,true
338e7cba0ef99ab5b77a,unavailable,,repo_head,0,5962,false,true
33dd742e67bd0b258982,git_history,080d7fc39e311195462c7dd449fa6c246bdd8c76,live_fetch,4328,2612,true,true
3423a86f477ab757a355,git_history,c312c0a0daaaf6673a713d8c1281ecb7623d900a,repo_head,3103,7009,true,true
3438c96298846343cc04,unavailable,,live_fetch,0,4797,false,true
3446eece8e9c9dcfd29f,unavailable,,live_fetch,0,533,false,true
3470ec3060f40a0b362f,unavailable,,live_fetch,0,9189,false,true
348e973c97f8de514bfe,git_history,df96bb0aa487ee20c2a537f93c8d7e902cf56963,live_fetch,446,1718,true,true
349c5ff3448ffcb4e67d,git_history,080d7fc39e311195462c7dd449fa6c246bdd8c76,live_fetch,8054,2612,true,true
34beed6729405993db67,git_history,080d7fc39e311195462c7dd449fa6c246bdd8c76,live_fetch,7461,10094,true,true
34ec270839a7944cf340,git_history,080d7fc39e311195462c7dd449fa6c246bdd8c76,unavailable,1289,0,true,false
351375d6eef656d1cb0e,git_history,df96bb0aa487ee20c2a537f93c8d7e902cf56963,repo_head,702,653,true,true
35171715be67cdaaa9c1,git_history,df96bb0aa487ee20c2a537f93c8d7e902cf56963,live_fetch,474,5985,true,true
35440376931aaad121c6,git_history,df96bb0aa487ee20c2a537f93c8d7e902cf56963,live_fetch,797,1867,true,true
35a1bd18728d862e0193,git_history,080d7fc39e311195462c7dd449fa6c246bdd8c76,live_fetch,8054,2612,true,true
35e88caa4ddf307d330e,git_history,080d7fc39e311195462c7dd449fa6c246bdd8c76,live_fetch,8054,2612,true,true
35ff0a3e986dd144dd9d,git_history,df96bb0aa487ee20c2a537f93c8d7e902cf56963,live_fetch,3661,4582,true,true
36306b9d4fd83c2f4a19,git_history,df96bb0aa487ee20c2a537f93c8d7e902cf56963,live_fetch,487,3786,true,true
366efaed2c1b6bb2c7c6,unavailable,,live_fetch,0,2842,false,true
36fd3decf2d7fa5f13a9,unavailable,,live_fetch,0,2191,false,true
3708802c7cdcdfb803b5,git_history,df96bb0aa487ee20c2a537f93c8d7e902cf56963,live_fetch,560,2722,true,true
3730a1d12091f8da9078,git_history,df96bb0aa487ee20c2a537f93c8d7e902cf56963,live_fetch,7873,11775,true,true
380b0da0db72714b0989,git_history,c312c0a0daaaf6673a713d8c1281ecb7623d900a,repo_head,12733,23206,true,true
38c164f30aae0df29a96,unavailable,,live_fetch,0,7098,false,true
38ceab89d8fda2be9ad1,git_history,080d7fc39e311195462c7dd449fa6c246bdd8c76,live_fetch,8054,2612,true,true
38d04ccf5c20f474a72f,git_history,df96bb0aa487ee20c2a537f93c8d7e902cf56963,live_fetch,4888,6025,true,true
390ecc443369350f80b2,git_history,080d7fc39e311195462c7dd449fa6c246bdd8c76,live_fetch,8054,2612,true,true
3991b3971284a551bd45,git_history,df96bb0aa487ee20c2a537f93c8d7e902cf56963,repo_head,2583,1718,true,true
39cf9d1f71ce06a39a57,unavailable,,live_fetch,0,13351,false,true
39efcd87c095bbd4201d,git_history,1a80726074e26766353485bb4ba787372cadc467,live_fetch,1467,2149,true,true
3ad78b60c572605f0981,git_history,1a80726074e26766353485bb4ba787372cadc467,repo_head,3348,4343,true,true
3ada48eef3b161fdc723,unavailable,,live_fetch,0,12659,false,true
3ae533a60efd19252602,unavailable,,live_fetch,0,2512,false,true
3b2af4fe3fa93f199e1c,unavailable,,live_fetch,0,5135,false,true
3b51100f5fb1edc4f858,git_history,df96bb0aa487ee20c2a537f93c8d7e902cf56963,live_fetch,3097,8257,true,true
3b6841d4cbf719221a9c,git_history,df96bb0aa487ee20c2a537f93c8d7e902cf56963,repo_head,740,1305,true,true
3bce904aade12188c8c5,git_history,df96bb0aa487ee20c2a537f93c8d7e902cf56963,live_fetch,3819,1055,true,true
3bdbc1fcc7855e22f410,git_history,080d7fc39e311195462c7dd449fa6c246bdd8c76,live_fetch,8054,2612,true,true
3ca384f4f6809119d4aa,git_history,080d7fc39e311195462c7dd449fa6c246bdd8c76,live_fetch,8054,2612,true,true
3cab49bc0e59fdd15886,git_history,080d7fc39e311195462c7dd449fa6c246bdd8c76,live_fetch,4328,2612,true,true
3cb15b3f6c106fffac40,git_history,df96bb0aa487ee20c2a537f93c8d7e902cf56963,repo_head,2032,9186,true,true
3cec18e7c0e85ca37e60,git_history,c312c0a0daaaf6673a713d8c1281ecb7623d900a,repo_head,3183,2765,true,true
3cfcf6b215b903a5b82c,unavailable,,live_fetch,0,9736,false,true
3d0adff9fca9e7725f74,git_history,df96bb0aa487ee20c2a537f93c8d7e902cf56963,live_fetch,550,2487,true,true
3d420b04aa767ac7b9b8,unavailable,,live_fetch,0,10541,false,true
3d7569ef3f6cbfe5e573,git_history,080d7fc39e311195462c7dd449fa6c246bdd8c76,live_fetch,8054,2612,true,true
3def6aaf606321a9b4fd,git_history,df96bb0aa487ee20c2a537f93c8d7e902cf56963,live_fetch,2552,3530,true,true
3e0e6b51a3b7a0e5dd44,git_history,080d7fc39e311195462c7dd449fa6c246bdd8c76,live_fetch,8054,2612,true,true
3e84e7bc69164ef8fbd4,git_history,080d7fc39e311195462c7dd449fa6c246bdd8c76,live_fetch,4328,2612,true,true
3f25d4e65f63995421e4,git_history,df96bb0aa487ee20c2a537f93c8d7e902cf56963,repo_head,558,2986,true,true
3f619c7746d09bfe7b7a,unavailable,,live_fetch,0,6411,false,true
3f8ee5fda4d6f7d63bfb,git_history,080d7fc39e311195462c7dd449fa6c246bdd8c76,live_fetch,5625,22173,true,true
3fa6ef3def1138ff62b6,unavailable,,live_fetch,0,1627,false,true
40065817d4691eccc8d7,git_history,080d7fc39e311195462c7dd449fa6c246bdd8c76,live_fetch,980,1055,true,true
40512dedffd3031c014c,unavailable,,live_fetch,0,8257,false,true
4073f2cca47aa6d12c7e,unavailable,,live_fetch,0,951,false,true
40c8c7b830b52e83f90d,git_history,080d7fc39e311195462c7dd449fa6c246bdd8c76,live_fetch,8054,2612,true,true
410d32a398a8bfcdb9b7,git_history,080d7fc39e311195462c7dd449fa6c246bdd8c76,live_fetch,7224,2612,true,true
412b70b8a9716dd164cc,git_history,c312c0a0daaaf6673a713d8c1281ecb7623d900a,repo_head,900,2760,true,true
4183658eaa243b73c89b,git_history,df96bb0aa487ee20c2a537f93c8d7e902cf56963,live_fetch,2083,1505,true,true
418fec2bb08f798b58ee,unavailable,,live_fetch,0,1837,false,true
4190fcb1aa1d091af6d4,unavailable,,live_fetch,0,3767,false,true
41b7a1ab0aa210abff3a,git_history,080d7fc39e311195462c7dd449fa6c246bdd8c76,live_fetch,5625,4320,true,true
41bc97c8361f8c214fcc,git_history,df96bb0aa487ee20c2a537f93c8d7e902cf56963,live_fetch,550,22945,true,true
41dacecb8a17b54922a4,git_history,a18fd1b3f93e69eeafae7afa792a2aa217eedd33,live_fetch,701,8492,true,true
420e8a6728219e8a72dc,git_history,df96bb0aa487ee20c2a537f93c8d7e902cf56963,live_fetch,474,3787,true,true
4244f5392d474d193abc,git_history,df96bb0aa487ee20c2a537f93c8d7e902cf56963,live_fetch,487,2177,true,true
42a8a64fa8b51d735738,unavailable,,live_fetch,0,10567,false,true
42ad3a352db93b966717,git_history,080d7fc39e311195462c7dd449fa6c246bdd8c76,live_fetch,8054,2612,true,true
42f10281907ef9fa30fd,git_history,df96bb0aa487ee20c2a537f93c8d7e902cf56963,live_fetch,3454,8259,true,true
430c7be15d56681fbe3e,git_history,df96bb0aa487ee20c2a537f93c8d7e902cf56963,repo_head,741,789,true,true
43775d2faaf0e02186dc,git_history,df96bb0aa487ee20c2a537f93c8d7e902cf56963,live_fetch,534,1815,true,true
437f71921babb9f7edf6,git_history,df96bb0aa487ee20c2a537f93c8d7e902cf56963,repo_head,807,915,true,true
439f078eb7d480fcc4da,git_history,df96bb0aa487ee20c2a537f93c8d7e902cf56963,live_fetch,474,951,true,true
43b0a64e317099a6b86c,unavailable,,live_fetch,0,10872,false,true
43be4c6bb618929235f8,git_history,df96bb0aa487ee20c2a537f93c8d7e902cf56963,live_fetch,3858,4170,true,true
43c30fb57dabe5640614,git_history,df96bb0aa487ee20c2a537f93c8d7e902cf56963,repo_head,588,577,true,true
43cc6958c638b608ae24,git_history,df96bb0aa487ee20c2a537f93c8d7e902cf56963,live_fetch,546,2534,true,true
43cf19f3eb590a6abf53,git_history,df96bb0aa487ee20c2a537f93c8d7e902cf56963,live_fetch,579,3104,true,true
441b3fc5b642b1846a56,git_history,df96bb0aa487ee20c2a537f93c8d7e902cf56963,live_fetch,4240,10193,true,true
44443d79ff3f33b083aa,git_history,df96bb0aa487ee20c2a537f93c8d7e902cf56963,live_fetch,654,1944,true,true
44f32161f3bdf914df9f,git_history,df96bb0aa487ee20c2a537f93c8d7e902cf56963,live_fetch,2748,2861,true,true
45f2516976ae8780b406,git_history,080d7fc39e311195462c7dd449fa6c246bdd8c76,unavailable,6005,0,true,false
4638dd463f4ec1cf3dd9,git_history,df96bb0aa487ee20c2a537f93c8d7e902cf56963,live_fetch,534,5735,true,true
46876c0a337f6ec2dc37,git_history,df96bb0aa487ee20c2a537f93c8d7e902cf56963,repo_head,3238,978,true,true
46e831c4161a05e29243,git_history,df96bb0aa487ee20c2a537f93c8d7e902cf56963,live_fetch,550,1819,true,true
46f3d5a26fc59d58d70e,git_history,c312c0a0daaaf6673a713d8c1281ecb7623d900a,live_fetch,889,13391,true,true
4700a464b58f448c17f4,git_history,df96bb0aa487ee20c2a537f93c8d7e902cf56963,repo_head,748,691,true,true
4717160e908a3a44b471,git_history,080d7fc39e311195462c7dd449fa6c246bdd8c76,live_fetch,8054,2612,true,true
47b9332058972ca0b75b,unavailable,,live_fetch,0,1793,false,true
47d6dfd3bd6ef2ec9c8a,unavailable,,repo_head,0,5899,false,true
480c8bf6543e153e4e9a,git_history,df96bb0aa487ee20c2a537f93c8d7e902cf56963,live_fetch,474,4633,true,true
482a27e48bf447d0b10e,git_history,df96bb0aa487ee20c2a537f93c8d7e902cf56963,live_fetch,7906,8650,true,true
483f83e5a7eaa2a0a544,git_history,080d7fc39e311195462c7dd449fa6c246bdd8c76,live_fetch,8054,2612,true,true
485f7dbdfe609024a395,unavailable,,live_fetch,0,1628,false,true
4878a72bdc57806e123f,git_history,080d7fc39e311195462c7dd449fa6c246bdd8c76,live_fetch,8054,2612,true,true
488ecd72a8e417600ab5,git_history,a18fd1b3f93e69eeafae7afa792a2aa217eedd33,live_fetch,666,1119,true,true
4898fdcf2db7a2906f15,git_history,df96bb0aa487ee20c2a537f93c8d7e902cf56963,live_fetch,550,4913,true,true
48a54ec7e758560113c6,git_history,df96bb0aa487ee20c2a537f93c8d7e902cf56963,live_fetch,4675,18793,true,true
48ca4c8423573409dfb5,git_history,df96bb0aa487ee20c2a537f93c8d7e902cf56963,live_fetch,534,4671,true,true
48eb29c0cc9541c9a14c,git_history,080d7fc39e311195462c7dd449fa6c246bdd8c76,unavailable,2002,0,true,false
4955ce62a0b109dd35ee,git_history,df96bb0aa487ee20c2a537f93c8d7e902cf56963,live_fetch,2990,4475,true,true
4992436ff4cf5e58d025,git_history,080d7fc39e311195462c7dd449fa6c246bdd8c76,live_fetch,8054,2612,true,true
49cd3f67695a2eac8cad,git_history,080d7fc39e311195462c7dd449fa6c246bdd8c76,live_fetch,4328,2612,true,true
4a2e702e55da85abdffe,git_history,080d7fc39e311195462c7dd449fa6c246bdd8c76,live_fetch,8054,2612,true,true
4a52b3bc2f43a6fc0678,unavailable,,live_fetch,0,1055,false,true
4a5e2d02954d5bd752d4,git_history,c312c0a0daaaf6673a713d8c1281ecb7623d900a,repo_head,5203,17230,true,true
4a614b31a6d99cd7eed5,git_history,df96bb0aa487ee20c2a537f93c8d7e902cf56963,live_fetch,825,1327,true,true
4a862461b48d336e0ff4,git_history,df96bb0aa487ee20c2a537f93c8d7e902cf56963,live_fetch,2438,1956,true,true
4b50b94b72a449d19359,git_history,df96bb0aa487ee20c2a537f93c8d7e902cf56963,live_fetch,2857,3342,true,true
4b600e8bce118e6cc66d,git_history,c312c0a0daaaf6673a713d8c1281ecb7623d900a,unavailable,10587,0,true,false
4b6be50115897adfb2af,unavailable,,live_fetch,0,10103,false,true
4b847696f8a2b45066d8,git_history,df96bb0aa487ee20c2a537f93c8d7e902cf56963,live_fetch,474,1240,true,true
4b88fb7f25fbe940667f,git_history,df96bb0aa487ee20c2a537f93c8d7e902cf56963,live_fetch,3732,3574,true,true
4bd64330535af1e3b721,git_history,1a80726074e26766353485bb4ba787372cadc467,live_fetch,9067,18803,true,true
4c46d186a4bac9da7d36,unavailable,,unavailable,0,0,false,false
4c939cfe27360958ec13,git_history,080d7fc39e311195462c7dd449fa6c246bdd8c76,live_fetch,1330,765,true,true
4c959a6a66f6fa0b0ae6,git_history,c312c0a0daaaf6673a713d8c1281ecb7623d900a,repo_head,3594,7009,true,true
4ce77b8b8674f614a32e,git_history,df96bb0aa487ee20c2a537f93c8d7e902cf56963,live_fetch,474,9786,true,true
4d46c681b00c694f0d84,git_history,df96bb0aa487ee20c2a537f93c8d7e902cf56963,live_fetch,550,6956,true,true
4d6bb4ec5cdee172d164,git_history,080d7fc39e311195462c7dd449fa6c246bdd8c76,live_fetch,5625,32000,true,true
4d7127837a0a9e3744b3,git_history,df96bb0aa487ee20c2a537f93c8d7e902cf56963,live_fetch,650,3874,true,true
4d8b7213b1170f103664,git_history,df96bb0aa487ee20c2a537f93c8d7e902cf56963,repo_head,766,713,true,true
4d94dbc1fb7e1f8e0100,unavailable,,live_fetch,0,3738,false,true
4ddee714a2e2814fe503,unavailable,,live_fetch,0,15004,false,true
4df02e5ca1bae48c3dc3,unavailable,,live_fetch,0,2612,false,true
4e1962ea423100a03cda,git_history,080d7fc39e311195462c7dd449fa6c246bdd8c76,live_fetch,8054,2612,true,true
4e2cf528517a09f02094,git_history,df96bb0aa487ee20c2a537f93c8d7e902cf56963,live_fetch,534,4660,true,true
4e5dc84c36ba44fc8b94,git_history,df96bb0aa487ee20c2a537f93c8d7e902cf56963,unavailable,764,0,true,false
4e6e6feea74a5efe0625,git_history,df96bb0aa487ee20c2a537f93c8d7e902cf56963,repo_head,1210,1690,true,true
4eb86f0daf510dbe1f10,unavailable,,live_fetch,0,1131,false,true
4eb970640a26cc950d15,git_history,1a80726074e26766353485bb4ba787372cadc467,live_fetch,1161,4640,true,true
4ed183c690024272c016,git_history,df96bb0aa487ee20c2a537f93c8d7e902cf56963,live_fetch,550,6177,true,true
4ed1a7f6282535a638ed,unavailable,,live_fetch,0,2082,false,true
4ee514b497f32e6b2c70,git_history,df96bb0aa487ee20c2a537f93c8d7e902cf56963,repo_head,710,1171,true,true
4f659f865c5a42f9515f,unavailable,,live_fetch,0,2285,false,true
4ff03356ca53e9376d14,git_history,df96bb0aa487ee20c2a537f93c8d7e902cf56963,live_fetch,712,5226,true,true
500357394ab0d4a4d391,git_history,df96bb0aa487ee20c2a537f93c8d7e902cf56963,live_fetch,550,4183,true,true
500b410f4d5667336902,unavailable,,live_fetch,0,6452,false,true
5070e2e1c5ef4a412b83,unavailable,,live_fetch,0,5406,false,true
5109caa0a2a6f184209e,git_history,df96bb0aa487ee20c2a537f93c8d7e902cf56963,live_fetch,550,1157,true,true
5138ba44a50269f11c22,git_history,df96bb0aa487ee20c2a537f93c8d7e902cf56963,live_fetch,546,2761,true,true
515bd6904f6237909108,git_history,df96bb0aa487ee20c2a537f93c8d7e902cf56963,repo_head,474,1229,true,true
517a1ba26c5387489d4d,git_history,df96bb0aa487ee20c2a537f93c8d7e902cf56963,live_fetch,2554,4280,true,true
5184e1a7e084639228cc,git_history,080d7fc39e311195462c7dd449fa6c246bdd8c76,live_fetch,8054,2612,true,true
519295c94761ba2f3d93,git_history,df96bb0aa487ee20c2a537f93c8d7e902cf56963,live_fetch,5224,18987,true,true
51df7672757ebc589235,git_history,df96bb0aa487ee20c2a537f93c8d7e902cf56963,repo_head,741,789,true,true
52009da7454f0400202b,git_history,df96bb0aa487ee20c2a537f93c8d7e902cf56963,live_fetch,1956,2085,true,true
52131d6f2d0f6dc719de,git_history,df96bb0aa487ee20c2a537f93c8d7e902cf56963,live_fetch,546,3182,true,true
521ec24b0832f6da851e,git_history,df96bb0aa487ee20c2a537f93c8d7e902cf56963,live_fetch,666,4349,true,true
527e495c1ba1f4ddb6bf,git_history,df96bb0aa487ee20c2a537f93c8d7e902cf56963,live_fetch,2249,5243,true,true
52a551c0e1a723c43bcd,unavailable,,live_fetch,0,5679,false,true
5346e8a72b409947eb35,unavailable,,live_fetch,0,7069,false,true
535abc8e08b61e40fede,unavailable,,live_fetch,0,491,false,true
53f225dec988846fa90b,unavailable,,live_fetch,0,1275,false,true
53fe5e95db130c40fbea,git_history,080d7fc39e311195462c7dd449fa6c246bdd8c76,live_fetch,4328,2612,true,true
54549888a29a4f4a3baa,git_history,df96bb0aa487ee20c2a537f93c8d7e902cf56963,live_fetch,550,5634,true,true
546269cda1e717225a66,git_history,080d7fc39e311195462c7dd449fa6c246bdd8c76,live_fetch,4328,2612,true,true
54721773db7e1b547380,git_history,080d7fc39e311195462c7dd449fa6c246bdd8c76,live_fetch,4328,2612,true,true
5481822057b124c4be67,git_history,df96bb0aa487ee20c2a537f93c8d7e902cf56963,repo_head,736,5962,true,true
549a5995a6cc4333f077,git_history,080d7fc39e311195462c7dd449fa6c246bdd8c76,live_fetch,8054,2612,true,true
54b46e26e018ad8e59bf,unavailable,,live_fetch,0,4025,false,true
54d69da09f0c359bb73d,git_history,080d7fc39e311195462c7dd449fa6c246bdd8c76,live_fetch,1330,4423,true,true
54df152429c90f991170,unavailable,,repo_head,0,16347,false,true
5545e3b0e8f5409f69c4,git_history,df96bb0aa487ee20c2a537f93c8d7e902cf56963,live_fetch,764,12881,true,true
556d6bc3e4945e58690e,git_history,c312c0a0daaaf6673a713d8c1281ecb7623d900a,repo_head,4061,6258,true,true
55a9022d7b2135ee6632,git_history,df96bb0aa487ee20c2a537f93c8d7e902cf56963,live_fetch,3263,2690,true,true
55b8ea2f072fd9d9c7bc,git_history,df96bb0aa487ee20c2a537f93c8d7e902cf56963,repo_head,474,9675,true,true
55d506c4654c02d7e48f,unavailable,,live_fetch,0,1635,false,true
55ebba82c1abe9553193,git_history,df96bb0aa487ee20c2a537f93c8d7e902cf56963,live_fetch,550,3618,true,true
55f6704e519648e77d55,git_history,080d7fc39e311195462c7dd449fa6c246bdd8c76,live_fetch,8054,2612,true,true
55fb3e1e445168ccf864,git_history,df96bb0aa487ee20c2a537f93c8d7e902cf56963,live_fetch,487,1419,true,true
5619bdd170c5604d74a2,unavailable,,live_fetch,0,14082,false,true
56407f98f58479273e65,git_history,df96bb0aa487ee20c2a537f93c8d7e902cf56963,live_fetch,1478,3030,true,true
56aa6d7c6cfd8d6efe86,git_history,df96bb0aa487ee20c2a537f93c8d7e902cf56963,live_fetch,1416,2035,true,true
56c6dfd06852dc787460,git_history,df96bb0aa487ee20c2a537f93c8d7e902cf56963,live_fetch,709,951,true,true
56cded35cf62d509f9d2,git_history,c312c0a0daaaf6673a713d8c1281ecb7623d900a,repo_head,4916,17230,true,true
575aeed94d5e54b8c88b,git_history,df96bb0aa487ee20c2a537f93c8d7e902cf56963,live_fetch,550,1517,true,true
576f13f91841edf388ac,git_history,c312c0a0daaaf6673a713d8c1281ecb7623d900a,repo_head,1631,19888,true,true
57c6ce80e800210aef91,git_history,df96bb0aa487ee20c2a537f93c8d7e902cf56963,live_fetch,550,6552,true,true
57eafb5c459978df3173,git_history,c312c0a0daaaf6673a713d8c1281ecb7623d900a,repo_head,3162,16623,true,true
57f0ddc606d38497dad5,git_history,df96bb0aa487ee20c2a537f93c8d7e902cf56963,live_fetch,474,3464,true,true
58a22e60eab45d45a41e,git_history,df96bb0aa487ee20c2a537f93c8d7e902cf56963,live_fetch,806,2631,true,true
58cfcfd546c232de02cb,git_history,df96bb0aa487ee20c2a537f93c8d7e902cf56963,live_fetch,740,1166,true,true
5937f4ee75b2a493e384,unavailable,,live_fetch,0,16239,false,true
594fa437bdd039e6dfd4,unavailable,,live_fetch,0,653,false,true
595b8959c367637aa64f,git_history,df96bb0aa487ee20c2a537f93c8d7e902cf56963,live_fetch,706,2635,true,true
595d9ee17953cad1092b,git_history,df96bb0aa487ee20c2a537f93c8d7e902cf56963,live_fetch,651,13074,true,true
595e809712140c64b8fd,git_history,080d7fc39e311195462c7dd449fa6c246bdd8c76,live_fetch,8113,18861,true,true
59d472f7a60c7e33a79f,git_history,df96bb0aa487ee20c2a537f93c8d7e902cf56963,live_fetch,3819,3437,true,true
5a0feb2ce61dcd9e4ae2,git_history,df96bb0aa487ee20c2a537f93c8d7e902cf56963,live_fetch,1256,1013,true,true
5b1426d712b41f5fb279,git_history,a18fd1b3f93e69eeafae7afa792a2aa217eedd33,live_fetch,2107,3040,true,true
5b1e0722fcb97695366d,git_history,df96bb0aa487ee20c2a537f93c8d7e902cf56963,live_fetch,654,1680,true,true
5b28bdd863ced204cfda,unavailable,,unavailable,0,0,false,false
5b503a49fcccf1067a3d,git_history,df96bb0aa487ee20c2a537f93c8d7e902cf56963,repo_head,1035,2941,true,true
5b721b41492a15ec312b,unavailable,,unavailable,0,0,false,false
5b7602f8305d8e690c83,git_history,df96bb0aa487ee20c2a537f93c8d7e902cf56963,live_fetch,3366,4127,true,true
5bd8c270b3f702020aaf,git_history,080d7fc39e311195462c7dd449fa6c246bdd8c76,live_fetch,5625,2381,true,true
5bea286cf1e801bc7b60,git_history,df96bb0aa487ee20c2a537f93c8d7e902cf56963,repo_head,1210,1690,true,true
5c36ab2d92dd8220e8cd,git_history,a18fd1b3f93e69eeafae7afa792a2aa217eedd33,live_fetch,5118,4582,true,true
5cc85ea169131595d77b,git_history,df96bb0aa487ee20c2a537f93c8d7e902cf56963,repo_head,756,2986,true,true
5ce1a75e859f09dabb09,unavailable,,repo_head,0,3361,false,true
5d2858197a22b28fd2c9,git_history,c312c0a0daaaf6673a713d8c1281ecb7623d900a,repo_head,5931,6506,true,true
5d3b8c302a2e636fa376,git_history,df96bb0aa487ee20c2a537f93c8d7e902cf56963,live_fetch,452,3021,true,true
5d708e6007f454a5ab04,unavailable,,live_fetch,0,3896,false,true
5db06dfd38d2ca5f68bc,unavailable,,live_fetch,0,3816,false,true
5dd795e006b6d8b9c789,git_history,df96bb0aa487ee20c2a537f93c8d7e902cf56963,repo_head,1980,820,true,true
5df1652310b00fb9e1ac,git_history,080d7fc39e311195462c7dd449fa6c246bdd8c76,live_fetch,8054,2612,true,true
5e67dcb6a926ed34cb4a,unavailable,,repo_head,0,796,false,true
5e8a64476b664638f1ae,git_history,1a80726074e26766353485bb4ba787372cadc467,live_fetch,917,4419,true,true
5ef9d3008cb4844ee5d9,unavailable,,live_fetch,0,5135,false,true
5f154d39ef4953ee4a98,git_history,df96bb0aa487ee20c2a537f93c8d7e902cf56963,live_fetch,3454,5212,true,true
5f88e4b480c034f6c041,unavailable,,live_fetch,0,8439,false,true
60322e029b27f8fe0084,unavailable,,live_fetch,0,8431,false,true
605749445f4aa256a9d8,git_history,df96bb0aa487ee20c2a537f93c8d7e902cf56963,live_fetch,4181,15677,true,true
60aeaa135c7830a91903,git_history,df96bb0aa487ee20c2a537f93c8d7e902cf56963,live_fetch,2925,951,true,true
60b6a17542c1dec2ee5d,unavailable,,live_fetch,0,8639,false,true
60f609ff501ad2da6fe9,git_history,080d7fc39e311195462c7dd449fa6c246bdd8c76,live_fetch,11366,1993,true,true
60fa86a2096d20ced040,git_history,df96bb0aa487ee20c2a537f93c8d7e902cf56963,repo_head,693,725,true,true
616811fe059073820a64,git_history,080d7fc39e311195462c7dd449fa6c246bdd8c76,live_fetch,4328,2612,true,true
61c9ddc83a506931f2fd,git_history,df96bb0aa487ee20c2a537f93c8d7e902cf56963,live_fetch,4455,2113,true,true
61eb77d9f615752e1b83,git_history,080d7fc39e311195462c7dd449fa6c246bdd8c76,live_fetch,8054,2612,true,true
61fc982a6bf992ab6f7d,git_history,df96bb0aa487ee20c2a537f93c8d7e902cf56963,live_fetch,550,18400,true,true
6239f16416eb38583134,git_history,c312c0a0daaaf6673a713d8c1281ecb7623d900a,repo_head,5203,5942,true,true
626e75f0be877cb02488,git_history,df96bb0aa487ee20c2a537f93c8d7e902cf56963,live_fetch,546,1931,true,true
62e99cf53c740102021c,unavailable,,live_fetch,0,3219,false,true
62f38830a29eab7917c2,git_history,080d7fc39e311195462c7dd449fa6c246bdd8c76,live_fetch,2272,2612,true,true
63119045f77e84f9231d,git_history,df96bb0aa487ee20c2a537f93c8d7e902cf56963,live_fetch,2590,2094,true,true
63ba30465aedf5461c88,git_history,c312c0a0daaaf6673a713d8c1281ecb7623d900a,repo_head,889,7528,true,true
640e3c5b6e7f8d838d22,unavailable,,repo_head,0,730,false,true
6464017c73108eb35984,git_history,df96bb0aa487ee20c2a537f93c8d7e902cf56963,live_fetch,550,2080,true,true
6467007955cfb75ccae7,git_history,df96bb0aa487ee20c2a537f93c8d7e902cf56963,live_fetch,550,22945,true,true
646a28f7429531407cf1,git_history,1a80726074e26766353485bb4ba787372cadc467,live_fetch,1339,5250,true,true
647f2fc04e8281935973,unavailable,,live_fetch,0,951,false,true
64de657008682e5515ed,git_history,df96bb0aa487ee20c2a537f93c8d7e902cf56963,live_fetch,5224,18987,true,true
64eb59b69b532039f4b5,git_history,df96bb0aa487ee20c2a537f93c8d7e902cf56963,live_fetch,1505,8031,true,true
64ebf65044377c2cf96e,unavailable,,live_fetch,0,13235,false,true
64f6fa4dbddb82101316,unavailable,,live_fetch,0,1395,false,true
6512ed6ddd370b71501e,git_history,df96bb0aa487ee20c2a537f93c8d7e902cf56963,live_fetch,546,4241,true,true
655617accef26be956ea,git_history,df96bb0aa487ee20c2a537f93c8d7e902cf56963,live_fetch,1030,795,true,true
656ea431465e90eef333,git_history,df96bb0aa487ee20c2a537f93c8d7e902cf56963,live_fetch,534,4237,true,true
657a28d753362c6806be,git_history,c312c0a0daaaf6673a713d8c1281ecb7623d900a,repo_head,2297,2365,true,true
65ad23d4826f43bcef08,unavailable,,live_fetch,0,5368,false,true
65d4f595f36d54032b96,unavailable,,live_fetch,0,1323,false,true
65f8dc1c08741d487c2b,git_history,a18fd1b3f93e69eeafae7afa792a2aa217eedd33,repo_head,3148,1427,true,true
66a43ed058322ffc80fc,git_history,df96bb0aa487ee20c2a537f93c8d7e902cf56963,live_fetch,534,1595,true,true
685030df9863aeb44e27,git_history,df96bb0aa487ee20c2a537f93c8d7e902cf56963,live_fetch,534,3842,true,true
68c47ad7f5316cd9dff2,git_history,df96bb0aa487ee20c2a537f93c8d7e902cf56963,live_fetch,534,6172,true,true
68cdf791be963ca3b438,git_history,df96bb0aa487ee20c2a537f93c8d7e902cf56963,repo_head,16231,18030,true,true
68cff72c9c30dc975791,git_history,c312c0a0daaaf6673a713d8c1281ecb7623d900a,repo_head,1962,677,true,true
68d78988281c47a1b313,git_history,080d7fc39e311195462c7dd449fa6c246bdd8c76,live_fetch,537,4526,true,true
68fd7918466b4f37af22,git_history,df96bb0aa487ee20c2a537f93c8d7e902cf56963,live_fetch,474,3746,true,true
6933790f866f51ccf011,git_history,df96bb0aa487ee20c2a537f93c8d7e902cf56963,repo_head,806,747,true,true
69472eb00ed292c8230e,git_history,df96bb0aa487ee20c2a537f93c8d7e902cf56963,live_fetch,534,4649,true,true
6986597e33c9d79b738a,unavailable,,live_fetch,0,2167,false,true
6a0ce8e6a4021f61ffb9,git_history,df96bb0aa487ee20c2a537f93c8d7e902cf56963,live_fetch,550,951,true,true
6a56c3884d0de5d8fd03,git_history,080d7fc39e311195462c7dd449fa6c246bdd8c76,live_fetch,4328,2612,true,true
6af096ad2702aa1282ec,git_history,df96bb0aa487ee20c2a537f93c8d7e902cf56963,live_fetch,6071,3959,true,true
6b104f19d6992c8a3c06,git_history,df96bb0aa487ee20c2a537f93c8d7e902cf56963,live_fetch,2378,1432,true,true
6b1346ff07728825e82e,git_history,df96bb0aa487ee20c2a537f93c8d7e902cf56963,repo_head,709,728,true,true
6b2486fd409fcb699d22,git_history,df96bb0aa487ee20c2a537f93c8d7e902cf56963,live_fetch,487,627,true,true
6b49a2b95de39a7192d1,git_history,df96bb0aa487ee20c2a537f93c8d7e902cf56963,live_fetch,550,3630,true,true
6b5b9f8e28e6115111c5,git_history,df96bb0aa487ee20c2a537f93c8d7e902cf56963,live_fetch,5205,18756,true,true
6bb17da18866f71c607c,unavailable,,live_fetch,0,2612,false,true
6bcb23193384a3bf1b02,git_history,a18fd1b3f93e69eeafae7afa792a2aa217eedd33,repo_head,2107,4038,true,true
6c10d86de0dd5b4fd2c3,git_history,df96bb0aa487ee20c2a537f93c8d7e902cf56963,live_fetch,748,2152,true,true
6c6fc45d67721e6d94bd,git_history,df96bb0aa487ee20c2a537f93c8d7e902cf56963,live_fetch,474,4911,true,true
6c79562c90a4ee6060ca,unavailable,,repo_head,0,5962,false,true
6c8da379050ac1f0513d,unavailable,,unavailable,0,0,false,false
6ccda3f9e9f794861b38,git_history,df96bb0aa487ee20c2a537f93c8d7e902cf56963,live_fetch,534,2780,true,true
6ce30a3021c6c932c0ff,git_history,df96bb0aa487ee20c2a537f93c8d7e902cf56963,live_fetch,5507,9896,true,true
6d1056e583b2e6ec22aa,git_history,c312c0a0daaaf6673a713d8c1281ecb7623d900a,repo_head,2013,4746,true,true
6d3f9847578481ad414d,git_history,080d7fc39e311195462c7dd449fa6c246bdd8c76,live_fetch,4328,2612,true,true
6d7a9ce4400cf2848f38,git_history,df96bb0aa487ee20c2a537f93c8d7e902cf56963,live_fetch,378,716,true,true
6d8026259577221ed27e,git_history,080d7fc39e311195462c7dd449fa6c246bdd8c76,unavailable,10422,0,true,false
6d8b5ea240ac35f71465,git_history,df96bb0aa487ee20c2a537f93c8d7e902cf56963,live_fetch,1858,6070,true,true
6dddaa4c58653b0988aa,git_history,080d7fc39e311195462c7dd449fa6c246bdd8c76,live_fetch,4328,2612,true,true
6df2c3a4e81c444c97e9,unavailable,,live_fetch,0,910,false,true
6e67718d51700c5bc02e,git_history,c312c0a0daaaf6673a713d8c1281ecb7623d900a,repo_head,2651,3880,true,true
6edfb168ee9c2d341718,git_history,df96bb0aa487ee20c2a537f93c8d7e902cf56963,live_fetch,3289,7715,true,true
6f7e0114d8a673c261a3,git_history,df96bb0aa487ee20c2a537f93c8d7e902cf56963,live_fetch,546,4085,true,true
6f8a81a3e3ab0ab937a4,git_history,df96bb0aa487ee20c2a537f93c8d7e902cf56963,live_fetch,550,431,true,true
6fb1dc2e90e624572430,git_history,080d7fc39e311195462c7dd449fa6c246bdd8c76,live_fetch,4328,2612,true,true
6fbd71e6f55511614da8,git_history,df96bb0aa487ee20c2a537f93c8d7e902cf56963,live_fetch,5561,13941,true,true
6fda3b8f9a7f7ac82bd4,git_history,df96bb0aa487ee20c2a537f93c8d7e902cf56963,live_fetch,550,1240,true,true
6fde3a82a7ecb1732082,unavailable,,repo_head,0,1428,false,true
6fe34ad1322305241dd4,git_history,df96bb0aa487ee20c2a537f93c8d7e902cf56963,live_fetch,510,1793,true,true
704317579a9b950910ea,unavailable,,repo_head,0,752,false,true
707b8c8399769a0de01b,unavailable,,live_fetch,0,2612,false,true
709c623569e0e7a521f8,unavailable,,live_fetch,0,1697,false,true
711b7ab4956e58d774ec,git_history,df96bb0aa487ee20c2a537f93c8d7e902cf56963,live_fetch,474,4732,true,true
71496745d83a966a09ea,unavailable,,live_fetch,0,2627,false,true
714ef80817512d2d6103,git_history,080d7fc39e311195462c7dd449fa6c246bdd8c76,live_fetch,8054,2612,true,true
7161b43e343597241858,unavailable,,live_fetch,0,1122,false,true
716f60a3770d6ffa5199,unavailable,,live_fetch,0,1505,false,true
71ccd93cb3e54a1881cc,git_history,df96bb0aa487ee20c2a537f93c8d7e902cf56963,repo_head,1732,15660,true,true
71eb48dc0648d6af549c,unavailable,,live_fetch,0,1191,false,true
72478062ab6bfb88474b,git_history,df96bb0aa487ee20c2a537f93c8d7e902cf56963,live_fetch,3819,4894,true,true
729fe0119d3251d16350,git_history,df96bb0aa487ee20c2a537f93c8d7e902cf56963,live_fetch,1782,10474,true,true
7332722479d53a3ca7bc,unavailable,,unavailable,0,0,false,false
737de1862fc9d7de33b9,git_history,df96bb0aa487ee20c2a537f93c8d7e902cf56963,live_fetch,715,22595,true,true
73c907aa0506c2efb66f,git_history,df96bb0aa487ee20c2a537f93c8d7e902cf56963,live_fetch,769,2118,true,true
73ece4084b1380b19280,git_history,df96bb0aa487ee20c2a537f93c8d7e902cf56963,live_fetch,2249,5011,true,true
73f0f1967926100e50ba,git_history,df96bb0aa487ee20c2a537f93c8d7e902cf56963,live_fetch,4186,12307,true,true
742545f050e435305c21,git_history,df96bb0aa487ee20c2a537f93c8d7e902cf56963,live_fetch,1005,1229,true,true
742c8fa054b74e308de1,git_history,df96bb0aa487ee20c2a537f93c8d7e902cf56963,live_fetch,474,5769,true,true
7478c6002619ff14b9f3,unavailable,,live_fetch,0,1596,false,true
74c6c663d0f22c08ff52,git_history,df96bb0aa487ee20c2a537f93c8d7e902cf56963,live_fetch,487,4560,true,true
74cced5f620ea0eeee0b,git_history,1a80726074e26766353485bb4ba787372cadc467,live_fetch,1467,1616,true,true
74fc9a190697d5adb1b9,unavailable,,live_fetch,0,7564,false,true
751399004d86a67d0653,unavailable,,live_fetch,0,6464,false,true
7524d9af8f3cb4daabe9,git_history,df96bb0aa487ee20c2a537f93c8d7e902cf56963,live_fetch,474,3635,true,true
7569ca90848dc549264d,git_history,df96bb0aa487ee20c2a537f93c8d7e902cf56963,live_fetch,474,1585,true,true
7584c3054408748e7bd2,git_history,df96bb0aa487ee20c2a537f93c8d7e902cf56963,live_fetch,550,6290,true,true
75978a96b5a53689174e,git_history,df96bb0aa487ee20c2a537f93c8d7e902cf56963,live_fetch,474,1207,true,true
75be646b8c78d59288c9,git_history,df96bb0aa487ee20c2a537f93c8d7e902cf56963,live_fetch,546,2842,true,true
764675e1411903d63501,unavailable,,live_fetch,0,5354,false,true
7657b753e9da5d3156f9,git_history,df96bb0aa487ee20c2a537f93c8d7e902cf56963,live_fetch,6649,8855,true,true
7688a217449dd33853a7,git_history,df96bb0aa487ee20c2a537f93c8d7e902cf56963,live_fetch,1975,9728,true,true
76bf4cf82706cc0571b4,git_history,df96bb0aa487ee20c2a537f93c8d7e902cf56963,live_fetch,2517,2228,true,true
76f6c40ac7f5ed65b74c,git_history,080d7fc39e311195462c7dd449fa6c246bdd8c76,live_fetch,8054,2612,true,true
77371ad367a83cbabf15,git_history,1a80726074e26766353485bb4ba787372cadc467,live_fetch,659,1337,true,true
77562979ee74f8c4a933,git_history,df96bb0aa487ee20c2a537f93c8d7e902cf56963,repo_head,2032,9186,true,true
77b6d508c4366f90466a,git_history,df96bb0aa487ee20c2a537f93c8d7e902cf56963,live_fetch,654,11830,true,true
77e30515e5450cffb320,git_history,df96bb0aa487ee20c2a537f93c8d7e902cf56963,live_fetch,2467,2622,true,true
78441738cbea5c0be875,unavailable,,live_fetch,0,2421,false,true
7844515664b4c3f26476,git_history,df96bb0aa487ee20c2a537f93c8d7e902cf56963,live_fetch,2449,10607,true,true
7854bc5040e4c66359bc,git_history,df96bb0aa487ee20c2a537f93c8d7e902cf56963,live_fetch,546,13753,true,true
7903c8621169d9252009,git_history,080d7fc39e311195462c7dd449fa6c246bdd8c76,live_fetch,5625,10688,true,true
79373baff77661721aa1,unavailable,,repo_head,0,768,false,true
794f22bf43686014476b,git_history,df96bb0aa487ee20c2a537f93c8d7e902cf56963,live_fetch,534,13460,true,true
79be2b84cb270fb1362f,git_history,df96bb0aa487ee20c2a537f93c8d7e902cf56963,live_fetch,2915,5437,true,true
79ed04a740907a2bd018,git_history,080d7fc39e311195462c7dd449fa6c246bdd8c76,live_fetch,8054,2612,true,true
7a3d688cc5a00b1b3ccb,unavailable,,live_fetch,0,13716,false,true
7a4995c32685da27dc5d,git_history,080d7fc39e311195462c7dd449fa6c246bdd8c76,live_fetch,4328,2612,true,true
7a7e143964f43d5cb203,unavailable,,live_fetch,0,11506,false,true
7abecc6afd89b98ee92d,git_history,080d7fc39e311195462c7dd449fa6c246bdd8c76,live_fetch,4328,2612,true,true
7b1b6ec746ee15e1ef9a,git_history,df96bb0aa487ee20c2a537f93c8d7e902cf56963,live_fetch,3632,1292,true,true
7b643106ecf4c3aa53f5,git_history,df96bb0aa487ee20c2a537f93c8d7e902cf56963,repo_head,474,816,true,true
7b9525a9c92b39da188c,git_history,080d7fc39e311195462c7dd449fa6c246bdd8c76,live_fetch,8054,1504,true,true
7bbce6549391f43f4356,git_history,df96bb0aa487ee20c2a537f93c8d7e902cf56963,live_fetch,5695,5938,true,true
7bd56e40775cbc94b9a2,unavailable,,live_fetch,0,10536,false,true
7c1c5cca809d333d51ba,git_history,df96bb0aa487ee20c2a537f93c8d7e902cf56963,repo_head,846,745,true,true
7cef27a1e303e6c80d04,git_history,c312c0a0daaaf6673a713d8c1281ecb7623d900a,repo_head,8811,10001,true,true
7d3901832aa1073ee6b0,git_history,df96bb0aa487ee20c2a537f93c8d7e902cf56963,live_fetch,550,4368,true,true
7d53d837f1b5437ea3c3,unavailable,,live_fetch,0,3219,false,true
7daa4b31fbc893f99d95,unavailable,,live_fetch,0,12515,false,true
7e41d7cfc0d7b8dd87bb,git_history,080d7fc39e311195462c7dd449fa6c246bdd8c76,live_fetch,8054,2612,true,true
7ece0ab7a6e5710196d2,git_history,df96bb0aa487ee20c2a537f93c8d7e902cf56963,live_fetch,534,4493,true,true
7f10b59489d8528e0cc6,unavailable,,live_fetch,0,945,false,true
7f5870fdbd910053bfac,git_history,df96bb0aa487ee20c2a537f93c8d7e902cf56963,live_fetch,736,408,true,true
7f69afca26bc5c5e03ad,git_history,df96bb0aa487ee20c2a537f93c8d7e902cf56963,live_fetch,588,2654,true,true
7f8468aa2bda4bc6bbf7,git_history,080d7fc39e311195462c7dd449fa6c246bdd8c76,live_fetch,4328,2612,true,true
7fda64f02322f3cf7c70,git_history,df96bb0aa487ee20c2a537f93c8d7e902cf56963,live_fetch,3097,4359,true,true
7fefe999234385f38c28,git_history,df96bb0aa487ee20c2a537f93c8d7e902cf56963,live_fetch,550,4280,true,true
8000e4ce3f790c27063c,unavailable,,live_fetch,0,3008,false,true
806e86a6b4aceb993665,git_history,080d7fc39e311195462c7dd449fa6c246bdd8c76,live_fetch,4328,2612,true,true
8106251b07f7281bdef8,git_history,080d7fc39e311195462c7dd449fa6c246bdd8c76,live_fetch,8054,2612,true,true
810b8f99576aafd825e8,git_history,080d7fc39e311195462c7dd449fa6c246bdd8c76,live_fetch,4328,2612,true,true
81637076b3ef3e2625e3,unavailable,,live_fetch,0,10034,false,true
81f655e60e48da2a73ef,unavailable,,repo_head,0,661,false,true
827199913842f3030fa9,unavailable,,live_fetch,0,11169,false,true
8275845db66f7d97a8e0,unavailable,,live_fetch,0,4103,false,true
829ed9e7cf705d172efb,unavailable,,live_fetch,0,3699,false,true
82b2df876732a2754591,git_history,080d7fc39e311195462c7dd449fa6c246bdd8c76,live_fetch,8054,2612,true,true
82b5f415f11e14d1f44f,git_history,df96bb0aa487ee20c2a537f93c8d7e902cf56963,live_fetch,550,1352,true,true
82e5c9c1020d26bd2a11,git_history,df96bb0aa487ee20c2a537f93c8d7e902cf56963,live_fetch,8381,3816,true,true
82ea60267a9090ed2427,unavailable,,live_fetch,0,11801,false,true
82f2d6c13f76115f3b28,git_history,df96bb0aa487ee20c2a537f93c8d7e902cf56963,repo_head,1410,1996,true,true
833cc75de119829841fe,git_history,df96bb0aa487ee20c2a537f93c8d7e902cf56963,live_fetch,474,3205,true,true
8363012bf35f53ac3ab8,unavailable,,live_fetch,0,7442,false,true
837704e6ceb4c59c5307,unavailable,,live_fetch,0,4604,false,true
83bf510a9e7ab357a27d,git_history,df96bb0aa487ee20c2a537f93c8d7e902cf56963,live_fetch,3376,4519,true,true
83c06978dea67de4d54b,git_history,080d7fc39e311195462c7dd449fa6c246bdd8c76,live_fetch,8054,2612,true,true
840cd60d1c692cc4e54a,git_history,df96bb0aa487ee20c2a537f93c8d7e902cf56963,live_fetch,979,3959,true,true
84a3c1d7ce452a0b8d64,git_history,df96bb0aa487ee20c2a537f93c8d7e902cf56963,live_fetch,550,5966,true,true
85095034a2ccada14153,git_history,080d7fc39e311195462c7dd449fa6c246bdd8c76,live_fetch,8054,2612,true,true
85d5d7e499a43055a754,unavailable,,live_fetch,0,934,false,true
85efdca356688f4bcbf3,git_history,080d7fc39e311195462c7dd449fa6c246bdd8c76,live_fetch,8054,2612,true,true
85f914a887c8352cdb7e,unavailable,,live_fetch,0,1150,false,true
8603d8b2de67d48a9471,git_history,df96bb0aa487ee20c2a537f93c8d7e902cf56963,live_fetch,4855,4579,true,true
86213a262726cd8e2420,unavailable,,live_fetch,0,1555,false,true
8643f6e5c1ebae6f9e2b,git_history,080d7fc39e311195462c7dd449fa6c246bdd8c76,live_fetch,8054,2612,true,true
86523265279c1a305c7f,git_history,080d7fc39e311195462c7dd449fa6c246bdd8c76,live_fetch,4328,2612,true,true
8694cba8c5aa861dbaa1,git_history,080d7fc39e311195462c7dd449fa6c246bdd8c76,live_fetch,8054,2612,true,true
86aa3dc537e69268acbb,unavailable,,live_fetch,0,4910,false,true
8703fba2c74ec1949d9b,unavailable,,live_fetch,0,622,false,true
87105fd7c57ce9b60372,git_history,a18fd1b3f93e69eeafae7afa792a2aa217eedd33,live_fetch,913,32000,true,true
8755f0cf1025c0ba2da6,unavailable,,live_fetch,0,1319,false,true
87b0751e470f280c63f0,git_history,080d7fc39e311195462c7dd449fa6c246bdd8c76,live_fetch,8054,2612,true,true
87d10fe9be65de0f18de,git_history,080d7fc39e311195462c7dd449fa6c246bdd8c76,live_fetch,8054,2612,true,true
87ee2fde4da514e6825e,git_history,080d7fc39e311195462c7dd449fa6c246bdd8c76,live_fetch,8054,2612,true,true
8830fae0e11bce5a5d41,git_history,df96bb0aa487ee20c2a537f93c8d7e902cf56963,repo_head,474,5899,true,true
89335a046d6400fa3e21,git_history,df96bb0aa487ee20c2a537f93c8d7e902cf56963,live_fetch,622,1055,true,true
893f740cb505a5c5bad3,unavailable,,live_fetch,0,1204,false,true
89c175da75ddb655d37d,git_history,df96bb0aa487ee20c2a537f93c8d7e902cf56963,repo_head,487,3587,true,true
89eb33ec984cc7d9aad5,git_history,df96bb0aa487ee20c2a537f93c8d7e902cf56963,repo_head,1980,820,true,true
8a1e0760d672b24bcbf6,unavailable,,live_fetch,0,2981,false,true
8a63e9e0883c0eba671f,git_history,df96bb0aa487ee20c2a537f93c8d7e902cf56963,live_fetch,4231,3877,true,true
8a7dc6f720348ddc5b18,git_history,df96bb0aa487ee20c2a537f93c8d7e902cf56963,live_fetch,487,6160,true,true
8ab6efaa722abd77a844,git_history,080d7fc39e311195462c7dd449fa6c246bdd8c76,live_fetch,8054,2612,true,true
8af77fd7e1583a5c5069,git_history,080d7fc39e311195462c7dd449fa6c246bdd8c76,live_fetch,9406,18861,true,true
8b39d29c5ae4a45fc543,unavailable,,repo_head,0,17117,false,true
8b510a2885df6d083dbf,git_history,080d7fc39e311195462c7dd449fa6c246bdd8c76,live_fetch,8054,2612,true,true
8c0612b719f51e627006,git_history,080d7fc39e311195462c7dd449fa6c246bdd8c76,live_fetch,4328,2612,true,true
8c39ffe16d7f520b9f46,git_history,080d7fc39e311195462c7dd449fa6c246bdd8c76,live_fetch,4328,2612,true,true
8c48a3e3d0beda87fb99,unavailable,,repo_head,0,1996,false,true
8c4b0db9873a3a8044b8,git_history,df96bb0aa487ee20c2a537f93c8d7e902cf56963,live_fetch,1035,2378,true,true
8c52a0047abf2930fe80,git_history,080d7fc39e311195462c7dd449fa6c246bdd8c76,live_fetch,8054,2612,true,true
8c64252a30afe92a5704,git_history,df96bb0aa487ee20c2a537f93c8d7e902cf56963,live_fetch,1548,4184,true,true
8c81b28421e1589aede9,unavailable,,repo_head,0,796,false,true
8d2b6f4e7ba3af26ebfa,git_history,df96bb0aa487ee20c2a537f93c8d7e902cf56963,live_fetch,474,3317,true,true
8df25a1851ba93f8e355,git_history,df96bb0aa487ee20c2a537f93c8d7e902cf56963,live_fetch,832,2620,true,true
8e04516b3ed09f8e9fc7,unavailable,,unavailable,0,0,false,false
8fcaa7f0117d4881e256,git_history,df96bb0aa487ee20c2a537f93c8d7e902cf56963,live_fetch,487,9798,true,true
8fdd1fa0e94049a90bce,git_history,080d7fc39e311195462c7dd449fa6c246bdd8c76,live_fetch,8054,2612,true,true
8ffaeb7409426b84086c,git_history,df96bb0aa487ee20c2a537f93c8d7e902cf56963,live_fetch,546,22091,true,true
902fa7f4994c503c7a98,git_history,df96bb0aa487ee20c2a537f93c8d7e902cf56963,repo_head,702,653,true,true
906ba2fce46d023bcf6b,unavailable,,live_fetch,0,9636,false,true
90702d744da119d49596,unavailable,,live_fetch,0,1214,false,true
9072929269180e514697,git_history,df96bb0aa487ee20c2a537f93c8d7e902cf56963,live_fetch,550,17318,true,true
909538304c95fe9cf10d,git_history,df96bb0aa487ee20c2a537f93c8d7e902cf56963,live_fetch,1020,4872,true,true
90c146e75eb56438b32e,git_history,df96bb0aa487ee20c2a537f93c8d7e902cf56963,live_fetch,3632,13235,true,true
90c8a86e8833ed041457,git_history,080d7fc39e311195462c7dd449fa6c246bdd8c76,live_fetch,8054,2612,true,true
910cadb52aa5568ce15f,unavailable,,live_fetch,0,10390,false,true
9157ea108266afd4a215,git_history,df96bb0aa487ee20c2a537f93c8d7e902cf56963,live_fetch,546,2552,true,true
91f40c85550b7219e548,git_history,c312c0a0daaaf6673a713d8c1281ecb7623d900a,repo_head,6761,6258,true,true
92a28c3480cbe56ba15b,git_history,df96bb0aa487ee20c2a537f93c8d7e902cf56963,repo_head,458,950,true,true
92a3fe2df49ee2bae5ab,git_history,080d7fc39e311195462c7dd449fa6c246bdd8c76,live_fetch,8054,2612,true,true
92cad3b867cb9d339e70,git_history,df96bb0aa487ee20c2a537f93c8d7e902cf56963,live_fetch,806,2644,true,true
92eda496ee7dced906aa,git_history,080d7fc39e311195462c7dd449fa6c246bdd8c76,live_fetch,8054,2612,true,true
93b1eeaae8a4c28f9203,git_history,df96bb0aa487ee20c2a537f93c8d7e902cf56963,live_fetch,550,4450,true,true
94246c48002d64726087,git_history,df96bb0aa487ee20c2a537f93c8d7e902cf56963,live_fetch,546,7501,true,true
94279bb5ec4666551d21,git_history,df96bb0aa487ee20c2a537f93c8d7e902cf56963,live_fetch,6453,9184,true,true
942fc1f67607b9a4d026,git_history,df96bb0aa487ee20c2a537f93c8d7e902cf56963,live_fetch,3454,8259,true,true
94e865153aa13f25a10b,git_history,080d7fc39e311195462c7dd449fa6c246bdd8c76,live_fetch,8054,2612,true,true
94ea8cfd822841a7437c,git_history,df96bb0aa487ee20c2a537f93c8d7e902cf56963,live_fetch,797,1867,true,true
958e5bcc3386de4368c6,unavailable,,unavailable,0,0,false,false
95926bf56d7f71d80ad6,git_history,080d7fc39e311195462c7dd449fa6c246bdd8c76,live_fetch,4328,2612,true,true
95ab4ac4c211bd91f575,unavailable,,repo_head,0,21620,false,true
95c0d724e5f068acea53,git_history,df96bb0aa487ee20c2a537f93c8d7e902cf56963,live_fetch,1691,1373,true,true
95fe207d6abb21bacf13,git_history,df96bb0aa487ee20c2a537f93c8d7e902cf56963,live_fetch,546,1025,true,true
960831ede1878038502c,git_history,df96bb0aa487ee20c2a537f93c8d7e902cf56963,live_fetch,550,7297,true,true
9618774adaa268c62921,unavailable,,live_fetch,0,1230,false,true
961a4f8d27aefbcbbbca,git_history,df96bb0aa487ee20c2a537f93c8d7e902cf56963,live_fetch,487,3973,true,true
962f6ef700beeb8dd663,unavailable,,live_fetch,0,1342,false,true
9643e96647e7eec5c788,git_history,080d7fc39e311195462c7dd449fa6c246bdd8c76,live_fetch,8054,2612,true,true
96847b7eeb3705372eec,git_history,df96bb0aa487ee20c2a537f93c8d7e902cf56963,repo_head,715,4679,true,true
96900f611863c75874c7,git_history,df96bb0aa487ee20c2a537f93c8d7e902cf56963,live_fetch,3141,10541,true,true
969473f0de35830075e2,unavailable,,live_fetch,0,9128,false,true
96cb3060472e6b6aeaf4,git_history,df96bb0aa487ee20c2a537f93c8d7e902cf56963,live_fetch,419,3063,true,true
96f98ff1977cf0e587c7,git_history,080d7fc39e311195462c7dd449fa6c246bdd8c76,live_fetch,4328,2612,true,true
9700220f2dd9cf64e353,git_history,a18fd1b3f93e69eeafae7afa792a2aa217eedd33,live_fetch,701,1079,true,true
972b368058252bc0382f,git_history,080d7fc39e311195462c7dd449fa6c246bdd8c76,live_fetch,8054,2612,true,true
97fed8de4d97219459dd,unavailable,,live_fetch,0,3219,false,true
982482d82f76f4bfc47d,git_history,df96bb0aa487ee20c2a537f93c8d7e902cf56963,live_fetch,534,533,true,true
985179282d29224613b6,git_history,df96bb0aa487ee20c2a537f93c8d7e902cf56963,live_fetch,769,2118,true,true
991ee809837e188a823d,git_history,df96bb0aa487ee20c2a537f93c8d7e902cf56963,repo_head,3823,2986,true,true
99672c4a8e4bfea92f1d,git_history,080d7fc39e311195462c7dd449fa6c246bdd8c76,live_fetch,2272,11802,true,true
99890ce62b515d956726,git_history,080d7fc39e311195462c7dd449fa6c246bdd8c76,live_fetch,4328,2612,true,true
9999f22dc3bf688f14c3,unavailable,,live_fetch,0,2191,false,true
9a368818daba026cee6a,git_history,080d7fc39e311195462c7dd449fa6c246bdd8c76,unavailable,14271,0,true,false
9a5b3c87ebe11ff021b7,unavailable,,unavailable,0,0,false,false
9a60039b04c969146bc7,git_history,080d7fc39e311195462c7dd449fa6c246bdd8c76,live_fetch,8054,2612,true,true
9acfe1ac207eed093ec2,unavailable,,live_fetch,0,13645,false,true
9afcb31fe0d8123df4ad,git_history,df96bb0aa487ee20c2a537f93c8d7e902cf56963,repo_head,702,653,true,true
9b05590f6e0e5b4f1cf8,git_history,df96bb0aa487ee20c2a537f93c8d7e902cf56963,live_fetch,550,3082,true,true
9b67d8c095d8d0a7c0b9,git_history,df96bb0aa487ee20c2a537f93c8d7e902cf56963,repo_head,736,773,true,true
9bc2f3d31ff7506837e4,git_history,df96bb0aa487ee20c2a537f93c8d7e902cf56963,live_fetch,1256,6103,true,true
9be623a5d37fe1dfed02,git_history,df96bb0aa487ee20c2a537f93c8d7e902cf56963,repo_head,725,676,true,true
9bf2bbdabb39f94c0881,unavailable,,live_fetch,0,860,false,true
9c0deaf7408f0ce44d25,unavailable,,unavailable,0,0,false,false
9d0e2b64d16122723b0f,unavailable,,live_fetch,0,1337,false,true
9d41dea203acef60a51c,git_history,080d7fc39e311195462c7dd449fa6c246bdd8c76,live_fetch,8054,2612,true,true
9d5c1a96b78b4142e5f2,git_history,df96bb0aa487ee20c2a537f93c8d7e902cf56963,live_fetch,487,2103,true,true
9dc6888c244668af8cea,git_history,df96bb0aa487ee20c2a537f93c8d7e902cf56963,live_fetch,1476,951,true,true
9dcf0e3e95e9189b8951,git_history,df96bb0aa487ee20c2a537f93c8d7e902cf56963,repo_head,721,697,true,true
9e0f79e27b215cc0a630,git_history,c312c0a0daaaf6673a713d8c1281ecb7623d900a,repo_head,3162,16623,true,true
9e12b4a650616fd60fc3,unavailable,,live_fetch,0,2248,false,true
9e6794704480135b142c,git_history,df96bb0aa487ee20c2a537f93c8d7e902cf56963,live_fetch,546,4301,true,true
9e8b9cd1e0818665adb8,git_history,df96bb0aa487ee20c2a537f93c8d7e902cf56963,live_fetch,2438,2806,true,true
9e9c78f8ac41257384ea,git_history,df96bb0aa487ee20c2a537f93c8d7e902cf56963,repo_head,846,745,true,true
9eb4d34cfb9c848db483,git_history,c312c0a0daaaf6673a713d8c1281ecb7623d900a,live_fetch,1653,9292,true,true
9ecf9b61c068cb6ee2d4,git_history,df96bb0aa487ee20c2a537f93c8d7e902cf56963,live_fetch,1975,9737,true,true
9ee03bb7184fe55d096c,git_history,a18fd1b3f93e69eeafae7afa792a2aa217eedd33,live_fetch,7673,10369,true,true
9ee37a44a819fc1ba63a,git_history,c312c0a0daaaf6673a713d8c1281ecb7623d900a,repo_head,27617,1072,true,true
9ee4166ea82775cfa1cc,git_history,df96bb0aa487ee20c2a537f93c8d7e902cf56963,repo_head,849,844,true,true
9f2d723c0eb71095a389,git_history,080d7fc39e311195462c7dd449fa6c246bdd8c76,live_fetch,8054,2612,true,true
9f3ce4e3a67827e8415c,unavailable,,live_fetch,0,12422,false,true
9f44041fa86b809dd018,git_history,a18fd1b3f93e69eeafae7afa792a2aa217eedd33,unavailable,3148,0,true,false
9f53af8564e9499d32fa,git_history,080d7fc39e311195462c7dd449fa6c246bdd8c76,live_fetch,4328,2612,true,true
9f6518f536e079caff65,git_history,df96bb0aa487ee20c2a537f93c8d7e902cf56963,repo_head,806,748,true,true
9f82514274aac87ef3f6,unavailable,,live_fetch,0,7767,false,true
9f9ff64a4c6abfbf92f2,git_history,080d7fc39e311195462c7dd449fa6c246bdd8c76,live_fetch,8054,2612,true,true
9fa6fae2d12ca7fc2ec9,git_history,df96bb0aa487ee20c2a537f93c8d7e902cf56963,live_fetch,7172,8262,true,true
9fd0302368183548c561,git_history,df96bb0aa487ee20c2a537f93c8d7e902cf56963,live_fetch,3097,4256,true,true
a02b2ecf07d4474c37f2,git_history,df96bb0aa487ee20c2a537f93c8d7e902cf56963,repo_head,474,10981,true,true
a06d4c619ced2bb013ac,git_history,df96bb0aa487ee20c2a537f93c8d7e902cf56963,live_fetch,487,2466,true,true
a0c8d8d760b398f277fc,git_history,df96bb0aa487ee20c2a537f93c8d7e902cf56963,live_fetch,474,6227,true,true
a12de4cb559bd5c1e8a3,git_history,080d7fc39e311195462c7dd449fa6c246bdd8c76,live_fetch,8054,2612,true,true
a14c19b2d7f1d2e4685b,git_history,c312c0a0daaaf6673a713d8c1281ecb7623d900a,repo_head,9051,9073,true,true
a17cf1b7d748a0fe3cfb,git_history,df96bb0aa487ee20c2a537f93c8d7e902cf56963,live_fetch,550,1207,true,true
a189b1f94c9b5791a21b,git_history,080d7fc39e311195462c7dd449fa6c246bdd8c76,live_fetch,8054,2612,true,true
a1dff2960131a779ea64,git_history,c312c0a0daaaf6673a713d8c1281ecb7623d900a,repo_head,4061,6258,true,true
a1ee7b207e80b7a7c99a,git_history,a18fd1b3f93e69eeafae7afa792a2aa217eedd33,live_fetch,913,1117,true,true
a1eeb6400b06448fd327,git_history,df96bb0aa487ee20c2a537f93c8d7e902cf56963,live_fetch,6099,7653,true,true
a1ef8e2a3a4e5f7714dc,git_history,df96bb0aa487ee20c2a537f93c8d7e902cf56963,live_fetch,3270,3747,true,true
a1f89454942bda1bc4f5,git_history,080d7fc39e311195462c7dd449fa6c246bdd8c76,live_fetch,4328,2612,true,true
a2010bd067c62eef59b0,git_history,080d7fc39e311195462c7dd449fa6c246bdd8c76,live_fetch,8054,2612,true,true
a25859d4c329c4271640,git_history,df96bb0aa487ee20c2a537f93c8d7e902cf56963,live_fetch,546,11539,true,true
a26d442544fbc3730058,git_history,df96bb0aa487ee20c2a537f93c8d7e902cf56963,live_fetch,748,10390,true,true
a288eb5b1bedd10f06ff,git_history,080d7fc39e311195462c7dd449fa6c246bdd8c76,live_fetch,8054,2612,true,true
a28e41221c74a537d772,git_history,df96bb0aa487ee20c2a537f93c8d7e902cf56963,live_fetch,5422,2438,true,true
a2d4774d3c4bfc8e3fc4,git_history,df96bb0aa487ee20c2a537f93c8d7e902cf56963,live_fetch,534,2500,true,true
a2efabce244eb73d1dfa,unavailable,,live_fetch,0,1493,false,true
a304c4ae8d3502783844,git_history,080d7fc39e311195462c7dd449fa6c246bdd8c76,live_fetch,8054,2612,true,true
a31477b724b99dfa1da4,unavailable,,live_fetch,0,810,false,true
a35f4c45e73f514613f5,git_history,080d7fc39e311195462c7dd449fa6c246bdd8c76,live_fetch,4328,2612,true,true
a38c040bdb570482b480,unavailable,,live_fetch,0,1569,false,true
a3c11e8f9e6ea90c7957,git_history,df96bb0aa487ee20c2a537f93c8d7e902cf56963,live_fetch,550,10400,true,true
a3d9be9addc4d5cbc38b,git_history,df96bb0aa487ee20c2a537f93c8d7e902cf56963,repo_head,766,713,true,true
a44d5a43d5390ee75ce4,unavailable,,live_fetch,0,1762,false,true
a47b21292139c271c14b,git_history,1a80726074e26766353485bb4ba787372cadc467,live_fetch,4976,1486,true,true
a4a4c54af1ced7362771,git_history,df96bb0aa487ee20c2a537f93c8d7e902cf56963,live_fetch,550,953,true,true
a4cbda73f9f8458c1e65,git_history,df96bb0aa487ee20c2a537f93c8d7e902cf56963,live_fetch,546,2167,true,true
a4f72db5c1535ed9b3b6,unavailable,,repo_head,0,13679,false,true
a502d00511d5c8921f15,git_history,080d7fc39e311195462c7dd449fa6c246bdd8c76,live_fetch,8054,2612,true,true
a527d73b4bbe8378f134,git_history,080d7fc39e311195462c7dd449fa6c246bdd8c76,live_fetch,8054,2612,true,true
a554aa3f779fdcf548fd,git_history,df96bb0aa487ee20c2a537f93c8d7e902cf56963,live_fetch,468,1319,true,true
a5a3ffda8c2ced40e73c,unavailable,,live_fetch,0,1747,false,true
a601f61cc3444f1d6f58,git_history,df96bb0aa487ee20c2a537f93c8d7e902cf56963,repo_head,1020,1044,true,true
a603c642a37d7f3e2eb5,git_history,df96bb0aa487ee20c2a537f93c8d7e902cf56963,live_fetch,550,1265,true,true
a62cef4f3efeb83f09c9,git_history,df96bb0aa487ee20c2a537f93c8d7e902cf56963,live_fetch,487,2984,true,true
a6461308ea57c6e964e5,git_history,df96bb0aa487ee20c2a537f93c8d7e902cf56963,live_fetch,487,1408,true,true
a6d7983e16e7b5e49554,git_history,df96bb0aa487ee20c2a537f93c8d7e902cf56963,live_fetch,1536,951,true,true
a6f39cfae4937fa5e2f4,unavailable,,live_fetch,0,5357,false,true
a73f656ee75098f04c3d,unavailable,,live_fetch,0,1375,false,true
a7506a23126c750a8abb,unavailable,,live_fetch,0,2169,false,true
a75f42c138d9bf886979,git_history,df96bb0aa487ee20c2a537f93c8d7e902cf56963,live_fetch,487,2330,true,true
a76bca98c22418daf207,git_history,df96bb0aa487ee20c2a537f93c8d7e902cf56963,live_fetch,928,3616,true,true
a7b105770efe245252b7,git_history,df96bb0aa487ee20c2a537f93c8d7e902cf56963,live_fetch,2715,5762,true,true
a7de5d5b36554c03c55a,git_history,df96bb0aa487ee20c2a537f93c8d7e902cf56963,repo_head,691,813,true,true
a7f70dfd8f03f0d75160,git_history,080d7fc39e311195462c7dd449fa6c246bdd8c76,live_fetch,8054,2612,true,true
a81448e86ca491029560,git_history,a18fd1b3f93e69eeafae7afa792a2aa217eedd33,live_fetch,2107,1440,true,true
a823cbd9205438cae812,git_history,080d7fc39e311195462c7dd449fa6c246bdd8c76,live_fetch,8054,2612,true,true
a830701ee66dd279afa1,git_history,df96bb0aa487ee20c2a537f93c8d7e902cf56963,repo_head,1210,1690,true,true
a837001bec06cba767a2,git_history,080d7fc39e311195462c7dd449fa6c246bdd8c76,live_fetch,8054,2612,true,true
a83ccd269f49d4a181bc,git_history,df96bb0aa487ee20c2a537f93c8d7e902cf56963,live_fetch,664,2933,true,true
a8bbb723db49b7754688,git_history,df96bb0aa487ee20c2a537f93c8d7e902cf56963,live_fetch,546,1193,true,true
a8c7978dba0857ae7265,git_history,df96bb0aa487ee20c2a537f93c8d7e902cf56963,repo_head,3841,3613,true,true
a8e5e87f727e44ec0db1,git_history,1a80726074e26766353485bb4ba787372cadc467,live_fetch,2423,2209,true,true
a8feb5850627faa65f47,git_history,1a80726074e26766353485bb4ba787372cadc467,live_fetch,1339,5250,true,true
a91b94d60fbdbc5b6c09,git_history,080d7fc39e311195462c7dd449fa6c246bdd8c76,live_fetch,8054,2612,true,true
a92c4c0752b8ac22638b,git_history,080d7fc39e311195462c7dd449fa6c246bdd8c76,live_fetch,8054,2612,true,true
a97fa90ddbf93b600148,git_history,df96bb0aa487ee20c2a537f93c8d7e902cf56963,live_fetch,487,8763,true,true
a9a7958e8db5972c990b,unavailable,,live_fetch,0,916,false,true
aa0186af799f0498a9b2,git_history,df96bb0aa487ee20c2a537f93c8d7e902cf56963,live_fetch,654,12428,true,true
aa05219eddf068bbebed,unavailable,,live_fetch,0,2173,false,true
aa1052cbb02683a82139,git_history,080d7fc39e311195462c7dd449fa6c246bdd8c76,live_fetch,8054,2612,true,true
aa39c30974653c1b403a,git_history,df96bb0aa487ee20c2a537f93c8d7e902cf56963,live_fetch,550,7858,true,true
aa6c9e76029ee05f71e5,unavailable,,live_fetch,0,1062,false,true
aa95f771b1e5881eb445,git_history,df96bb0aa487ee20c2a537f93c8d7e902cf56963,live_fetch,989,791,true,true
aaa0210d8649d8b40af0,git_history,df96bb0aa487ee20c2a537f93c8d7e902cf56963,live_fetch,769,21458,true,true
aac8d78609a7658a879f,unavailable,,live_fetch,0,6922,false,true
aad960fd8842c7b17404,git_history,df96bb0aa487ee20c2a537f93c8d7e902cf56963,live_fetch,6099,7653,true,true
ab1b46f737ba32b87089,git_history,080d7fc39e311195462c7dd449fa6c246bdd8c76,live_fetch,8054,2612,true,true
ab6076641a20b3ebbe97,git_history,df96bb0aa487ee20c2a537f93c8d7e902cf56963,live_fetch,474,4919,true,true
ab8300b5cc2f6a5b4891,unavailable,,live_fetch,0,7053,false,true
ab91e3820cddc2801475,git_history,df96bb0aa487ee20c2a537f93c8d7e902cf56963,live_fetch,1063,12522,true,true
abc51a9f69f6185a2dbc,git_history,df96bb0aa487ee20c2a537f93c8d7e902cf56963,live_fetch,534,13672,true,true
abcbd79c8845cc9f5ca5,git_history,df96bb0aa487ee20c2a537f93c8d7e902cf56963,live_fetch,4276,6636,true,true
ac154ed22809cf39a05d,git_history,df96bb0aa487ee20c2a537f93c8d7e902cf56963,live_fetch,487,2015,true,true
ac1abc3ef724ffeff26b,git_history,df96bb0aa487ee20c2a537f93c8d7e902cf56963,repo_head,2020,5962,true,true
ac3e75e633ca4a530008,unavailable,,live_fetch,0,3336,false,true
ac7605b5edf0403c4146,git_history,df96bb0aa487ee20c2a537f93c8d7e902cf56963,live_fetch,797,1867,true,true
acba543f6a460024528f,git_history,df96bb0aa487ee20c2a537f93c8d7e902cf56963,live_fetch,474,2072,true,true
ad28d524b572012aa786,unavailable,,live_fetch,0,5247,false,true
ad3608111ff2c07da785,git_history,c312c0a0daaaf6673a713d8c1281ecb7623d900a,live_fetch,6917,8354,true,true
ad73ac76822aa0a38b9c,git_history,df96bb0aa487ee20c2a537f93c8d7e902cf56963,live_fetch,550,4548,true,true
adaa53146801f637223d,unavailable,,live_fetch,0,4942,false,true
adc5986633ba87781aea,git_history,080d7fc39e311195462c7dd449fa6c246bdd8c76,live_fetch,8054,2612,true,true
ae4336c917272595dd96,unavailable,,live_fetch,0,1354,false,true
ae51b93570e2ac510eb0,git_history,c312c0a0daaaf6673a713d8c1281ecb7623d900a,repo_head,3713,8545,true,true
ae6ab46bab455a08c4bc,git_history,df96bb0aa487ee20c2a537f93c8d7e902cf56963,live_fetch,6253,1921,true,true
aefc63f2b3b5ab3ebd1f,unavailable,,repo_head,0,1548,false,true
af14e4e85af4f2a0f8d7,git_history,080d7fc39e311195462c7dd449fa6c246bdd8c76,live_fetch,8054,2612,true,true
af643f5eaf2eac52624d,git_history,df96bb0aa487ee20c2a537f93c8d7e902cf56963,live_fetch,487,7586,true,true
af8ae355ae923f8872c9,git_history,df96bb0aa487ee20c2a537f93c8d7e902cf56963,live_fetch,3819,4008,true,true
af937e900cc327d1a44d,git_history,df96bb0aa487ee20c2a537f93c8d7e902cf56963,live_fetch,654,589,true,true
afaa10800d2f37393ce9,unavailable,,live_fetch,0,1688,false,true
b00e5d55ba3f571d66db,unavailable,,live_fetch,0,3191,false,true
b00f72c39812e3e41906,git_history,080d7fc39e311195462c7dd449fa6c246bdd8c76,live_fetch,867,13131,true,true
b02855f4567cbf9a1f28,unavailable,,live_fetch,0,5357,false,true
b091ad4e5a2e796e89d2,git_history,df96bb0aa487ee20c2a537f93c8d7e902cf56963,live_fetch,654,5525,true,true
b0bcee33e4c6cfd022ef,git_history,c312c0a0daaaf6673a713d8c1281ecb7623d900a,unavailable,4751,0,true,false
b0c461d6ef95f5da1832,git_history,a18fd1b3f93e69eeafae7afa792a2aa217eedd33,live_fetch,1340,1666,true,true
b0e3254e51f914b2efd3,git_history,df96bb0aa487ee20c2a537f93c8d7e902cf56963,live_fetch,2342,11158,true,true
b0e5a22da3f5f26f8108,git_history,df96bb0aa487ee20c2a537f93c8d7e902cf56963,live_fetch,546,3317,true,true
b11cfee7b98264dc0aa5,git_history,df96bb0aa487ee20c2a537f93c8d7e902cf56963,live_fetch,2512,5357,true,true
b1373bb9aa4040dd880d,git_history,080d7fc39e311195462c7dd449fa6c246bdd8c76,live_fetch,8054,2612,true,true
b17990f0cfd33b48b9b4,git_history,df96bb0aa487ee20c2a537f93c8d7e902cf56963,live_fetch,550,2984,true,true
b1b0cb111eb990c20817,git_history,df96bb0aa487ee20c2a537f93c8d7e902cf56963,live_fetch,22092,8650,true,true
b26e5cdb8aac64ac561f,git_history,080d7fc39e311195462c7dd449fa6c246bdd8c76,live_fetch,1023,878,true,true
b29354635a1f7995fe20,git_history,080d7fc39e311195462c7dd449fa6c246bdd8c76,live_fetch,8054,2612,true,true
b2d651ecdfea9f562d2a,git_history,df96bb0aa487ee20c2a537f93c8d7e902cf56963,live_fetch,560,6034,true,true
b2fd6a265713853ef474,unavailable,,live_fetch,0,3219,false,true
b3172fdd918e4eeda320,unavailable,,live_fetch,0,1371,false,true
b388539443e12f4a1b03,git_history,df96bb0aa487ee20c2a537f93c8d7e902cf56963,live_fetch,723,1792,true,true
b3c0e48759ef6ac3b953,git_history,080d7fc39e311195462c7dd449fa6c246bdd8c76,live_fetch,8054,2612,true,true
b455d75be28ad3c97480,unavailable,,live_fetch,0,12075,false,true
b4b9504d3e89011ce3df,git_history,df96bb0aa487ee20c2a537f93c8d7e902cf56963,live_fetch,1536,951,true,true
b4db9895dcab6c9609e5,unavailable,,live_fetch,0,656,false,true
b5198746f5fc350ee5e3,git_history,df96bb0aa487ee20c2a537f93c8d7e902cf56963,live_fetch,797,1867,true,true
b51b69fb3c0d763e3aed,git_history,df96bb0aa487ee20c2a537f93c8d7e902cf56963,live_fetch,550,5166,true,true
b51cdab096e7e63f3aa1,git_history,080d7fc39e311195462c7dd449fa6c246bdd8c76,live_fetch,8054,2612,true,true
b54b87e5e2e1ce283927,git_history,df96bb0aa487ee20c2a537f93c8d7e902cf56963,repo_head,2032,9186,true,true
b5bdddd6f3d37986b6f0,git_history,df96bb0aa487ee20c2a537f93c8d7e902cf56963,live_fetch,4818,12515,true,true
b5e77bb58c27696732a5,git_history,df96bb0aa487ee20c2a537f93c8d7e902cf56963,live_fetch,487,751,true,true
b5f67a64c8a84d841def,git_history,df96bb0aa487ee20c2a537f93c8d7e902cf56963,repo_head,487,16738,true,true
b64e4f4d6478e3011777,git_history,df96bb0aa487ee20c2a537f93c8d7e902cf56963,live_fetch,3097,11768,true,true
b677469dc30a3f4aafcb,unavailable,,live_fetch,0,3219,false,true
b687f7fdd607047dc933,unavailable,,repo_head,0,2986,false,true
b6971117b18da2301b1b,unavailable,,live_fetch,0,9346,false,true
b6cb23b87efd204833fd,git_history,080d7fc39e311195462c7dd449fa6c246bdd8c76,live_fetch,4328,2612,true,true
b6cf7887fc380e0e480f,git_history,080d7fc39e311195462c7dd449fa6c246bdd8c76,live_fetch,8054,2612,true,true
b6e38a69c46cc0ac5741,git_history,c312c0a0daaaf6673a713d8c1281ecb7623d900a,repo_head,1280,677,true,true
b6fdc695bbaafb119bdf,git_history,df96bb0aa487ee20c2a537f93c8d7e902cf56963,live_fetch,4455,2113,true,true
b749f7c3c94fc5a5e158,unavailable,,repo_head,0,17230,false,true
b74a7fd6354c15a7ab62,git_history,df96bb0aa487ee20c2a537f93c8d7e902cf56963,live_fetch,550,2145,true,true
b7c2d68946a0e13b4ce3,unavailable,,live_fetch,0,589,false,true
b8cf1d3ceb5ea9acbcc8,git_history,080d7fc39e311195462c7dd449fa6c246bdd8c76,live_fetch,4328,2612,true,true
b8f5bc05789cf42c7543,git_history,df96bb0aa487ee20c2a537f93c8d7e902cf56963,live_fetch,550,624,true,true
b92cda653459de348636,git_history,df96bb0aa487ee20c2a537f93c8d7e902cf56963,live_fetch,7135,4070,true,true
b9c13cbb05c2c05b182b,unavailable,,live_fetch,0,4911,false,true
b9d7703165128e38ea2f,unavailable,,live_fetch,0,3099,false,true
b9de188741dddca7ac23,git_history,df96bb0aa487ee20c2a537f93c8d7e902cf56963,live_fetch,550,951,true,true
ba5c07649980e01506f9,git_history,080d7fc39e311195462c7dd449fa6c246bdd8c76,live_fetch,8054,2612,true,true
ba72133a38068a71d8cb,git_history,df96bb0aa487ee20c2a537f93c8d7e902cf56963,repo_head,692,703,true,true
bb10936ffc016722a261,unavailable,,live_fetch,0,3371,false,true
bb614c60f3751d41f9f1,unavailable,,repo_head,0,748,false,true
bb9279d1c84840aaecf8,unavailable,,live_fetch,0,21579,false,true
bbc577c9d6bb35993545,git_history,1a80726074e26766353485bb4ba787372cadc467,live_fetch,1484,3302,true,true
bbd67c1db6e071ef0dfd,git_history,df96bb0aa487ee20c2a537f93c8d7e902cf56963,live_fetch,474,1645,true,true
bbd863c82a545f9d0335,git_history,1a80726074e26766353485bb4ba787372cadc467,live_fetch,1266,3695,true,true
bbf0c1f1e096bdf5efce,git_history,df96bb0aa487ee20c2a537f93c8d7e902cf56963,live_fetch,1536,951,true,true
bbf9781366127ca35754,git_history,df96bb0aa487ee20c2a537f93c8d7e902cf56963,live_fetch,550,4509,true,true
bc0dbe6f804c22c1a0e6,git_history,080d7fc39e311195462c7dd449fa6c246bdd8c76,live_fetch,8054,2612,true,true
bc1d25a18820032dc940,git_history,df96bb0aa487ee20c2a537f93c8d7e902cf56963,repo_head,550,756,true,true
bc3052d2ed225919643f,git_history,df96bb0aa487ee20c2a537f93c8d7e902cf56963,live_fetch,1975,9728,true,true
bc5651a950a062054705,git_history,df96bb0aa487ee20c2a537f93c8d7e902cf56963,live_fetch,1476,951,true,true
bcd9bc23d43a163040d1,git_history,080d7fc39e311195462c7dd449fa6c246bdd8c76,live_fetch,4328,2612,true,true
bd00e5f73aeb2139bc53,git_history,df96bb0aa487ee20c2a537f93c8d7e902cf56963,live_fetch,3097,16296,true,true
bd05640b9d2a856c196c,git_history,080d7fc39e311195462c7dd449fa6c246bdd8c76,live_fetch,4328,2612,true,true
bdae834a9db821c5b0d3,git_history,df96bb0aa487ee20c2a537f93c8d7e902cf56963,live_fetch,550,2469,true,true
bdcd528f5b67d8187f5a,unavailable,,live_fetch,0,1751,false,true
bddcf890b4f942dc5a75,git_history,df96bb0aa487ee20c2a537f93c8d7e902cf56963,live_fetch,550,927,true,true
bdf1949d44e0f709caa8,unavailable,,live_fetch,0,4359,false,true
be4bc8acd19fef064daa,git_history,080d7fc39e311195462c7dd449fa6c246bdd8c76,live_fetch,3932,5158,true,true
be77d253f60b872da54e,unavailable,,live_fetch,0,607,false,true
be7b8093d07d79886337,git_history,c312c0a0daaaf6673a713d8c1281ecb7623d900a,repo_head,833,899,true,true
bf698d987a353232e9dd,unavailable,,repo_head,0,4905,false,true
bf82f76a7cf7358a37bd,git_history,df96bb0aa487ee20c2a537f93c8d7e902cf56963,live_fetch,446,5357,true,true
bfb17ee5339e4ad268d1,git_history,df96bb0aa487ee20c2a537f93c8d7e902cf56963,live_fetch,654,589,true,true
bfe77680a4192125a03d,unavailable,,live_fetch,0,1819,false,true
bffe4c2236928ac4167a,git_history,df96bb0aa487ee20c2a537f93c8d7e902cf56963,repo_head,3823,3822,true,true
c03e1a2972e94e3bdcfb,unavailable,,live_fetch,0,25528,false,true
c06e136e11dbf983fd42,git_history,df96bb0aa487ee20c2a537f93c8d7e902cf56963,live_fetch,806,589,true,true
c0cc17596fd14273f4e3,unavailable,,live_fetch,0,589,false,true
c14041a1025be61d2128,git_history,df96bb0aa487ee20c2a537f93c8d7e902cf56963,live_fetch,1743,951,true,true
c1654d6002089842727d,git_history,df96bb0aa487ee20c2a537f93c8d7e902cf56963,live_fetch,550,690,true,true
c1719a0f061b3edff4c3,git_history,df96bb0aa487ee20c2a537f93c8d7e902cf56963,live_fetch,1233,1842,true,true
c18ca8b31ef854c15187,git_history,df96bb0aa487ee20c2a537f93c8d7e902cf56963,live_fetch,5726,6103,true,true
c26678138f68a4af014a,git_history,df96bb0aa487ee20c2a537f93c8d7e902cf56963,live_fetch,487,8560,true,true
c2a82dd0d910e903511e,git_history,df96bb0aa487ee20c2a537f93c8d7e902cf56963,live_fetch,550,1776,true,true
c2d89a12bdbc237fb894,git_history,df96bb0aa487ee20c2a537f93c8d7e902cf56963,live_fetch,546,491,true,true
c352c4e95afa12fe18f0,git_history,df96bb0aa487ee20c2a537f93c8d7e902cf56963,live_fetch,474,8083,true,true
c3567396b82815ad41ce,unavailable,,live_fetch,0,1191,false,true
c3c04819e3b3e5782dc2,git_history,080d7fc39e311195462c7dd449fa6c246bdd8c76,live_fetch,5893,899,true,true
c3f3aea1dd6f0329a9f5,git_history,df96bb0aa487ee20c2a537f93c8d7e902cf56963,live_fetch,3444,4194,true,true
c4ed333842fff8fddb4b,git_history,df96bb0aa487ee20c2a537f93c8d7e902cf56963,live_fetch,1893,1511,true,true
c4f61d7e75c15cdf119d,unavailable,,live_fetch,0,9971,false,true
c5051e5e87895cda0982,git_history,df96bb0aa487ee20c2a537f93c8d7e902cf56963,live_fetch,773,589,true,true
c51fe69c0ec147568215,git_history,df96bb0aa487ee20c2a537f93c8d7e902cf56963,repo_head,474,885,true,true
c524f68b069bbba0c38c,git_history,a18fd1b3f93e69eeafae7afa792a2aa217eedd33,live_fetch,1044,2333,true,true
c53998298709cb22a625,git_history,df96bb0aa487ee20c2a537f93c8d7e902cf56963,live_fetch,709,951,true,true
c563e41b08aca62984ab,git_history,080d7fc39e311195462c7dd449fa6c246bdd8c76,live_fetch,4328,2612,true,true
c60c15cea30bcd60a210,git_history,080d7fc39e311195462c7dd449fa6c246bdd8c76,live_fetch,8054,2612,true,true
c64c709cac96126a7f28,unavailable,,live_fetch,0,7836,false,true
c66f2cfc37a038b3c8f1,git_history,df96bb0aa487ee20c2a537f93c8d7e902cf56963,live_fetch,3530,11590,true,true
c6a82492831cb0954b22,unavailable,,live_fetch,0,1197,false,true
c6de01f207c094512f27,unavailable,,live_fetch,0,2612,false,true
c701fa87fbf940ab106a,unavailable,,live_fetch,0,701,false,true
c73c396fefe2fb6a73ab,git_history,df96bb0aa487ee20c2a537f93c8d7e902cf56963,live_fetch,5963,3437,true,true
c78a5d353fa7935ed4ac,git_history,df96bb0aa487ee20c2a537f93c8d7e902cf56963,live_fetch,510,2260,true,true
c7948e913a9277dfe482,git_history,df96bb0aa487ee20c2a537f93c8d7e902cf56963,live_fetch,1181,15001,true,true
c7cd32ebd8df66955c36,git_history,080d7fc39e311195462c7dd449fa6c246bdd8c76,live_fetch,8054,2612,true,true
c7eef4db939ab7b257b2,git_history,df96bb0aa487ee20c2a537f93c8d7e902cf56963,live_fetch,474,5443,true,true
c881de4b102fa8f52235,git_history,df96bb0aa487ee20c2a537f93c8d7e902cf56963,live_fetch,474,5600,true,true
c8f3263e4976f0c94261,unavailable,,live_fetch,0,1840,false,true
c90e50bdc9b30a4f9c6e,unavailable,,live_fetch,0,11807,false,true
c9109fb8e34f9db7bfa3,unavailable,,live_fetch,0,9189,false,true
c9367981dcae587d250d,unavailable,,live_fetch,0,7233,false,true
c93d32e33c9c52506732,git_history,df96bb0aa487ee20c2a537f93c8d7e902cf56963,live_fetch,1278,1684,true,true
c9a875ae7bf67fd85704,git_history,df96bb0aa487ee20c2a537f93c8d7e902cf56963,live_fetch,550,10744,true,true
c9b74ecf8ed778b4ddc1,git_history,080d7fc39e311195462c7dd449fa6c246bdd8c76,live_fetch,8054,2612,true,true
ca15fd00b5efe90c7ee1,unavailable,,unavailable,0,0,false,false
ca81eee904147abe8a97,git_history,df96bb0aa487ee20c2a537f93c8d7e902cf56963,repo_head,874,4299,true,true
caadcb1c941147bade18,git_history,c312c0a0daaaf6673a713d8c1281ecb7623d900a,repo_head,3162,11328,true,true
caeee2f8acef56ee222f,git_history,df96bb0aa487ee20c2a537f93c8d7e902cf56963,live_fetch,487,9589,true,true
caf7ff47ba5d4a6e9d0e,unavailable,,live_fetch,0,2631,false,true
cb2a8b8eb9b6cf8d524c,git_history,df96bb0aa487ee20c2a537f93c8d7e902cf56963,live_fetch,474,3032,true,true
cbc338037dc534ba2478,git_history,df96bb0aa487ee20c2a537f93c8d7e902cf56963,live_fetch,654,3900,true,true
cbfbf59e69b601627ff9,git_history,df96bb0aa487ee20c2a537f93c8d7e902cf56963,live_fetch,546,2925,true,true
cc3aa0c5118784e72f14,git_history,df96bb0aa487ee20c2a537f93c8d7e902cf56963,live_fetch,487,1708,true,true
cc87b3dd144a32dffdd9,unavailable,,live_fetch,0,6666,false,true
cc8cdb48f3e182027545,git_history,df96bb0aa487ee20c2a537f93c8d7e902cf56963,live_fetch,550,4054,true,true
cccb8d584e9a1988eba4,git_history,df96bb0aa487ee20c2a537f93c8d7e902cf56963,live_fetch,1136,3959,true,true
ccd4a6d79b71224f63c2,git_history,df96bb0aa487ee20c2a537f93c8d7e902cf56963,live_fetch,397,791,true,true
ccf18d3c57d2eadd5639,git_history,c312c0a0daaaf6673a713d8c1281ecb7623d900a,repo_head,955,7007,true,true
cd5c9c139b05a5469251,unavailable,,repo_head,0,5079,false,true
cd7ef10e8273fbacbcdb,git_history,c312c0a0daaaf6673a713d8c1281ecb7623d900a,repo_head,4197,3516,true,true
cde6d017556e6c88e18f,git_history,df96bb0aa487ee20c2a537f93c8d7e902cf56963,repo_head,691,813,true,true
ce1b763407b877941de0,git_history,df96bb0aa487ee20c2a537f93c8d7e902cf56963,live_fetch,1393,7544,true,true
ce8731bc92626cc0f2f6,git_history,c312c0a0daaaf6673a713d8c1281ecb7623d900a,repo_head,3183,2765,true,true
cea1856d74f0067fe243,git_history,df96bb0aa487ee20c2a537f93c8d7e902cf56963,live_fetch,546,4627,true,true
cecb74e208db9e6773d0,unavailable,,repo_head,0,2986,false,true
cee0a9c74d60bc66cfbc,git_history,080d7fc39e311195462c7dd449fa6c246bdd8c76,live_fetch,10876,13791,true,true
cefafbb7c6764b4aa70b,git_history,080d7fc39e311195462c7dd449fa6c246bdd8c76,live_fetch,8054,2612,true,true
cf375020f2c1eacb5499,unavailable,,live_fetch,0,2612,false,true
cf661b41515be95454c9,git_history,df96bb0aa487ee20c2a537f93c8d7e902cf56963,live_fetch,2171,3699,true,true
cfbbdae0f2f7a48286a4,git_history,df96bb0aa487ee20c2a537f93c8d7e902cf56963,live_fetch,3651,791,true,true
cfbc9bd0bb9c444b61bf,git_history,080d7fc39e311195462c7dd449fa6c246bdd8c76,live_fetch,8054,2612,true,true
cfd0fb3747d186f8097b,git_history,df96bb0aa487ee20c2a537f93c8d7e902cf56963,live_fetch,2342,11169,true,true
cff14cd68940ac50810d,unavailable,,repo_head,0,16415,false,true
d0443243c489a2bd5637,git_history,080d7fc39e311195462c7dd449fa6c246bdd8c76,live_fetch,4328,2612,true,true
d06115ac0c75837d1749,git_history,df96bb0aa487ee20c2a537f93c8d7e902cf56963,live_fetch,487,14543,true,true
d07bba36a76c86531a30,unavailable,,live_fetch,0,2103,false,true
d07f42090aed295a4cc7,git_history,df96bb0aa487ee20c2a537f93c8d7e902cf56963,repo_head,807,915,true,true
d0915a540e635839ec34,git_history,df96bb0aa487ee20c2a537f93c8d7e902cf56963,live_fetch,4181,3460,true,true
d0d9adb8134ce204c633,git_history,df96bb0aa487ee20c2a537f93c8d7e902cf56963,repo_head,736,781,true,true
d188c210500ca8129824,git_history,080d7fc39e311195462c7dd449fa6c246bdd8c76,live_fetch,5625,2381,true,true
d1b8b8c8016e1752ea1a,git_history,df96bb0aa487ee20c2a537f93c8d7e902cf56963,live_fetch,550,2754,true,true
d1d0b6289f74c4672c8f,git_history,df96bb0aa487ee20c2a537f93c8d7e902cf56963,live_fetch,550,11095,true,true
d1e4955f1ff867314aa1,git_history,df96bb0aa487ee20c2a537f93c8d7e902cf56963,live_fetch,534,1938,true,true
d2199dcc480a83f0b46a,git_history,080d7fc39e311195462c7dd449fa6c246bdd8c76,live_fetch,8054,2612,true,true
d21d9b701e7f19676318,git_history,080d7fc39e311195462c7dd449fa6c246bdd8c76,live_fetch,8054,2612,true,true
d226e79590a4579fc5ff,git_history,df96bb0aa487ee20c2a537f93c8d7e902cf56963,live_fetch,550,1547,true,true
d2aa4bea3473b3cc656d,git_history,df96bb0aa487ee20c2a537f93c8d7e902cf56963,live_fetch,3845,4007,true,true
d2bd07b0530f45703660,unavailable,,live_fetch,0,1926,false,true
d2d129801b6367623527,git_history,df96bb0aa487ee20c2a537f93c8d7e902cf56963,live_fetch,5153,4338,true,true
d2ecb729cf3c82312532,git_history,df96bb0aa487ee20c2a537f93c8d7e902cf56963,live_fetch,3819,6087,true,true
d3069513903a3a296085,git_history,df96bb0aa487ee20c2a537f93c8d7e902cf56963,live_fetch,2022,589,true,true
d341db7eec1c28b8f1c2,git_history,df96bb0aa487ee20c2a537f93c8d7e902cf56963,live_fetch,3690,5243,true,true
d37c167f2c430c2034d9,git_history,df96bb0aa487ee20c2a537f93c8d7e902cf56963,repo_head,846,860,true,true
d3b0db7ec1160c3636e7,unavailable,,live_fetch,0,1867,false,true
d3c2f14ed27508417f6d,git_history,df96bb0aa487ee20c2a537f93c8d7e902cf56963,repo_head,474,3025,true,true
d3ef8697b6d3ccafff29,git_history,df96bb0aa487ee20c2a537f93c8d7e902cf56963,live_fetch,18412,20542,true,true
d3f5afdc94a2428c11f0,unavailable,,repo_head,0,2986,false,true
d3fa82e22d744c4b6487,git_history,a18fd1b3f93e69eeafae7afa792a2aa217eedd33,live_fetch,1442,7057,true,true
d41c8ef9c08c5f63aa2b,unavailable,,repo_head,0,3419,false,true
d4603a3e60d50dca1f5f,git_history,df96bb0aa487ee20c2a537f93c8d7e902cf56963,live_fetch,550,1711,true,true
d48972aa2f702607ca88,git_history,df96bb0aa487ee20c2a537f93c8d7e902cf56963,live_fetch,6322,2715,true,true
d57fd5228b65e9112633,git_history,df96bb0aa487ee20c2a537f93c8d7e902cf56963,repo_head,5144,2986,true,true
d580302b005cdd7c10e7,git_history,df96bb0aa487ee20c2a537f93c8d7e902cf56963,live_fetch,3266,4904,true,true
d5b2fd9caeaab9161bc8,git_history,df96bb0aa487ee20c2a537f93c8d7e902cf56963,live_fetch,691,1362,true,true
d5e70f4a13003de38550,git_history,1a80726074e26766353485bb4ba787372cadc467,live_fetch,1392,14002,true,true
d6159b8c2a34f9f5f70c,git_history,df96bb0aa487ee20c2a537f93c8d7e902cf56963,repo_head,1005,943,true,true
d61813d88d8f569b5a9c,unavailable,,repo_head,0,791,false,true
d62aadeeb4417f96e0c3,unavailable,,live_fetch,0,1117,false,true
d66ba715490e4ed92222,unavailable,,live_fetch,0,1229,false,true
d68dbdee60b6fbaee602,git_history,a18fd1b3f93e69eeafae7afa792a2aa217eedd33,live_fetch,4087,1821,true,true
d69d724c4476a11872e3,git_history,df96bb0aa487ee20c2a537f93c8d7e902cf56963,repo_head,691,713,true,true
d6f1d673eb7516ae7676,unavailable,,live_fetch,0,6372,false,true
d74288c9f9349a7f943d,git_history,df96bb0aa487ee20c2a537f93c8d7e902cf56963,live_fetch,1893,1055,true,true
d753997a344fcf366308,git_history,080d7fc39e311195462c7dd449fa6c246bdd8c76,live_fetch,4328,2612,true,true
d7ec38d7ce71f6c3bda1,unavailable,,live_fetch,0,14676,false,true
d839258d099e162d2c8c,git_history,080d7fc39e311195462c7dd449fa6c246bdd8c76,live_fetch,8054,2612,true,true
d86132328d8e3772de0c,git_history,df96bb0aa487ee20c2a537f93c8d7e902cf56963,live_fetch,550,1207,true,true
d871f021116ecb03c0e5,git_history,df96bb0aa487ee20c2a537f93c8d7e902cf56963,live_fetch,727,6576,true,true
d8d9d504b6573fe12512,git_history,df96bb0aa487ee20c2a537f93c8d7e902cf56963,live_fetch,758,1062,true,true
d8faf7a1c8af0f45af30,git_history,080d7fc39e311195462c7dd449fa6c246bdd8c76,live_fetch,8054,2612,true,true
d913808dd167c706e7c6,git_history,c312c0a0daaaf6673a713d8c1281ecb7623d900a,repo_head,2348,3931,true,true
d920d2370bd2d381c4b6,git_history,df96bb0aa487ee20c2a537f93c8d7e902cf56963,live_fetch,1949,2801,true,true
d9229447bc7f801b193b,unavailable,,repo_head,0,637,false,true
d92beaa24c4afe938b99,git_history,df96bb0aa487ee20c2a537f93c8d7e902cf56963,repo_head,2583,1718,true,true
d930c23f9b7ba6f8bca3,git_history,df96bb0aa487ee20c2a537f93c8d7e902cf56963,live_fetch,3264,2806,true,true
d99dd56eb2e4b8092e35,git_history,080d7fc39e311195462c7dd449fa6c246bdd8c76,live_fetch,4342,6464,true,true
da1197539099e4dd49bf,git_history,df96bb0aa487ee20c2a537f93c8d7e902cf56963,live_fetch,796,1436,true,true
da47b755e5ef7efb4cfd,git_history,080d7fc39e311195462c7dd449fa6c246bdd8c76,live_fetch,4328,2612,true,true
da583d9dc04113a2b892,git_history,df96bb0aa487ee20c2a537f93c8d7e902cf56963,live_fetch,1609,5569,true,true
dac5da0bc25f1ff29987,git_history,df96bb0aa487ee20c2a537f93c8d7e902cf56963,live_fetch,474,841,true,true
daedd247e5d1619e00d9,git_history,df96bb0aa487ee20c2a537f93c8d7e902cf56963,live_fetch,487,927,true,true
db09d381b903401f4781,git_history,a18fd1b3f93e69eeafae7afa792a2aa217eedd33,live_fetch,5273,3608,true,true
db3e7bf51639e010289a,git_history,df96bb0aa487ee20c2a537f93c8d7e902cf56963,repo_head,807,915,true,true
db480d6afdfd57c2fd67,unavailable,,repo_head,0,683,false,true
db4d614ad829d46a2f20,git_history,080d7fc39e311195462c7dd449fa6c246bdd8c76,live_fetch,1579,1524,true,true
dbd4199122a3b442d3e1,unavailable,,live_fetch,0,4423,false,true
dc15612e6acc2a526102,git_history,c312c0a0daaaf6673a713d8c1281ecb7623d900a,repo_head,6192,6380,true,true
dc68bf9ea22584befd2a,git_history,df96bb0aa487ee20c2a537f93c8d7e902cf56963,live_fetch,550,1589,true,true
dcf5363341013bf708a0,git_history,c312c0a0daaaf6673a713d8c1281ecb7623d900a,unavailable,4751,0,true,false
dd36469a4fcc8c84dbe6,unavailable,,repo_head,0,2526,false,true
dd5065cb1376ac55e7b1,git_history,df96bb0aa487ee20c2a537f93c8d7e902cf56963,live_fetch,550,1101,true,true
dd5e50055d70789c1708,git_history,df96bb0aa487ee20c2a537f93c8d7e902cf56963,live_fetch,747,11864,true,true
dda9c639886eb6b82c86,git_history,df96bb0aa487ee20c2a537f93c8d7e902cf56963,live_fetch,706,3651,true,true
ddb590b82276f82400e2,git_history,df96bb0aa487ee20c2a537f93c8d7e902cf56963,live_fetch,1192,7787,true,true
ddb595d05e7925cd57b4,git_history,df96bb0aa487ee20c2a537f93c8d7e902cf56963,live_fetch,3454,8259,true,true
de9c0139c1a4130a00d3,git_history,080d7fc39e311195462c7dd449fa6c246bdd8c76,live_fetch,8054,2612,true,true
deb158611eb8e9891271,unavailable,,live_fetch,0,1086,false,true
df09f7da88037a684e26,git_history,df96bb0aa487ee20c2a537f93c8d7e902cf56963,live_fetch,654,2118,true,true
df23c2ce44d1cd031bec,git_history,080d7fc39e311195462c7dd449fa6c246bdd8c76,live_fetch,5625,21039,true,true
df40c30afe130e079965,git_history,080d7fc39e311195462c7dd449fa6c246bdd8c76,live_fetch,8054,2612,true,true
df6f9270361b6b006804,unavailable,,live_fetch,0,5173,false,true
df76e6147c8cc8f1b881,git_history,df96bb0aa487ee20c2a537f93c8d7e902cf56963,live_fetch,542,1263,true,true
dfd6b03880880d6a96f6,unavailable,,live_fetch,0,3820,false,true
e02b13747c13376df273,git_history,df96bb0aa487ee20c2a537f93c8d7e902cf56963,live_fetch,1950,1868,true,true
e03841ed41db9cf8f259,git_history,df96bb0aa487ee20c2a537f93c8d7e902cf56963,live_fetch,1823,2469,true,true
e0aa086f03fea61e8a98,unavailable,,live_fetch,0,3057,false,true
e0ddbdeed56c5152f291,unavailable,,live_fetch,0,778,false,true
e10c87ce210d6fc0cbc9,git_history,df96bb0aa487ee20c2a537f93c8d7e902cf56963,live_fetch,550,2827,true,true
e126ae7d523b583444a2,git_history,c312c0a0daaaf6673a713d8c1281ecb7623d900a,repo_head,5198,4165,true,true
e16eb9bf07085a7b6942,git_history,df96bb0aa487ee20c2a537f93c8d7e902cf56963,live_fetch,1743,951,true,true
e17ff128d2a241543a21,git_history,080d7fc39e311195462c7dd449fa6c246bdd8c76,live_fetch,8054,2612,true,true
e22e459c043a8f3f2d46,git_history,df96bb0aa487ee20c2a537f93c8d7e902cf56963,live_fetch,1975,9737,true,true
e23f12b5f36c95c2b97e,git_history,c312c0a0daaaf6673a713d8c1281ecb7623d900a,repo_head,3180,19888,true,true
e242eed672bb24ff4c80,git_history,df96bb0aa487ee20c2a537f93c8d7e902cf56963,live_fetch,550,13551,true,true
e3038b0651c99819f79b,git_history,080d7fc39e311195462c7dd449fa6c246bdd8c76,live_fetch,8054,2612,true,true
e34f83fe97058e5bdedf,git_history,df96bb0aa487ee20c2a537f93c8d7e902cf56963,live_fetch,487,1920,true,true
e38ecdf9dbcb057cd5e2,git_history,df96bb0aa487ee20c2a537f93c8d7e902cf56963,live_fetch,474,703,true,true
e3c6c20a35d1f1d83cb4,unavailable,,live_fetch,0,679,false,true
e48d1328828939bc3c99,git_history,c312c0a0daaaf6673a713d8c1281ecb7623d900a,repo_head,1047,17230,true,true
e51cc00af60a0f4c1afb,git_history,df96bb0aa487ee20c2a537f93c8d7e902cf56963,live_fetch,5224,18987,true,true
e56efcd2c3fae6e76ad3,git_history,df96bb0aa487ee20c2a537f93c8d7e902cf56963,live_fetch,709,589,true,true
e582adda270f2e61730d,unavailable,,unavailable,0,0,false,false
e59de135a22be4854829,git_history,df96bb0aa487ee20c2a537f93c8d7e902cf56963,live_fetch,487,1101,true,true
e5a99cc743319e9b6ec4,git_history,df96bb0aa487ee20c2a537f93c8d7e902cf56963,repo_head,940,2248,true,true
e5c53336fb0ed107cb0e,git_history,080d7fc39e311195462c7dd449fa6c246bdd8c76,live_fetch,5625,6700,true,true
e5fba4c7959c9d579e8b,git_history,df96bb0aa487ee20c2a537f93c8d7e902cf56963,live_fetch,1975,9737,true,true
e61d6b2b6b63342724c2,git_history,080d7fc39e311195462c7dd449fa6c246bdd8c76,live_fetch,4709,6166,true,true
e662b1dc4386e8724ccd,git_history,df96bb0aa487ee20c2a537f93c8d7e902cf56963,live_fetch,1467,1177,true,true
e6c5539a4bfb0acfa410,git_history,df96bb0aa487ee20c2a537f93c8d7e902cf56963,live_fetch,1993,905,true,true
e77846350d163aae2fda,unavailable,,live_fetch,0,4694,false,true
e799bbda373d093b813b,unavailable,,live_fetch,0,2210,false,true
e7ba25c319b7baa8402f,unavailable,,live_fetch,0,2612,false,true
e7c6755dcfa14e75fb45,unavailable,,live_fetch,0,8833,false,true
e84a90d671017ea9b940,git_history,df96bb0aa487ee20c2a537f93c8d7e902cf56963,repo_head,654,768,true,true
e858b1a44a8afc837b4f,git_history,c312c0a0daaaf6673a713d8c1281ecb7623d900a,repo_head,3567,4434,true,true
e8a20968687ac0f2bb6c,git_history,df96bb0aa487ee20c2a537f93c8d7e902cf56963,live_fetch,546,1404,true,true
e8ae0e60122a86edc4b4,unavailable,,live_fetch,0,2167,false,true
e8faa1883a419a25ee65,git_history,080d7fc39e311195462c7dd449fa6c246bdd8c76,live_fetch,8054,2612,true,true
e8fe36952c9a55dff4eb,git_history,080d7fc39e311195462c7dd449fa6c246bdd8c76,live_fetch,8054,2612,true,true
e9390b4c14eebf02b830,git_history,1a80726074e26766353485bb4ba787372cadc467,live_fetch,2103,3497,true,true
e957cb28bd72edcfc170,git_history,df96bb0aa487ee20c2a537f93c8d7e902cf56963,live_fetch,487,7484,true,true
e9a54c9b5c94db8778ba,unavailable,,live_fetch,0,4584,false,true
ea57f704b282f17123b3,git_history,080d7fc39e311195462c7dd449fa6c246bdd8c76,live_fetch,8054,2612,true,true
ea94962075ea62caf0d1,unavailable,,live_fetch,0,3219,false,true
eb15d92ba212990f874d,unavailable,,repo_head,0,1559,false,true
eb40aa3c7e902a0c6e5b,git_history,df96bb0aa487ee20c2a537f93c8d7e902cf56963,live_fetch,2646,3503,true,true
eba15af7aa552b81c441,git_history,df96bb0aa487ee20c2a537f93c8d7e902cf56963,live_fetch,723,1792,true,true
ebb915aed832a1161de6,git_history,df96bb0aa487ee20c2a537f93c8d7e902cf56963,live_fetch,550,4259,true,true
ebf0a18652c27d603f81,git_history,df96bb0aa487ee20c2a537f93c8d7e902cf56963,live_fetch,715,6306,true,true
ec27e639eb1d567a4b27,unavailable,,live_fetch,0,2332,false,true
ec302288598f56645aec,git_history,df96bb0aa487ee20c2a537f93c8d7e902cf56963,live_fetch,1536,951,true,true
ec44e7824c1402e9f375,unavailable,,repo_head,0,2986,false,true
ec540e6c4a3ec357a342,git_history,df96bb0aa487ee20c2a537f93c8d7e902cf56963,live_fetch,487,2709,true,true
ec75c78bdf5e2b8ef4a7,unavailable,,live_fetch,0,11761,false,true
ec786510a752823d7044,git_history,df96bb0aa487ee20c2a537f93c8d7e902cf56963,live_fetch,550,7093,true,true
ecd1ef4a2b3862e2e685,git_history,df96bb0aa487ee20c2a537f93c8d7e902cf56963,live_fetch,546,11372,true,true
ecd32a77841d118dbdb3,unavailable,,live_fetch,0,2612,false,true
ed195da6e77b1482f890,git_history,df96bb0aa487ee20c2a537f93c8d7e902cf56963,live_fetch,1994,3021,true,true
ed541e6c82c00f71f3de,git_history,080d7fc39e311195462c7dd449fa6c246bdd8c76,live_fetch,8054,2612,true,true
ed813d8eb7f9c4c79ab2,unavailable,,live_fetch,0,1493,false,true
ed99a3168f38e6ad838f,git_history,df96bb0aa487ee20c2a537f93c8d7e902cf56963,live_fetch,1893,951,true,true
edc9af5986a9b0a40ee4,git_history,df96bb0aa487ee20c2a537f93c8d7e902cf56963,live_fetch,748,2152,true,true
edcfba45a49375ea7309,unavailable,,live_fetch,0,5309,false,true
edea8077f1987e375220,git_history,df96bb0aa487ee20c2a537f93c8d7e902cf56963,live_fetch,487,8777,true,true
ee598184f22f68d8e692,git_history,df96bb0aa487ee20c2a537f93c8d7e902cf56963,repo_head,736,683,true,true
eea976ca0669871cac0b,git_history,df96bb0aa487ee20c2a537f93c8d7e902cf56963,live_fetch,550,2185,true,true
eeeb0e47a4185b7c97ed,git_history,080d7fc39e311195462c7dd449fa6c246bdd8c76,live_fetch,8054,2612,true,true
eef476d2eef100a4df7d,git_history,c312c0a0daaaf6673a713d8c1281ecb7623d900a,repo_head,1576,13658,true,true
ef862d8102308edb8404,git_history,c312c0a0daaaf6673a713d8c1281ecb7623d900a,repo_head,7971,6733,true,true
f07c1b38889821439cc1,unavailable,,live_fetch,0,4194,false,true
f09d56e0314474725f5c,git_history,080d7fc39e311195462c7dd449fa6c246bdd8c76,live_fetch,4328,2612,true,true
f0cfa9bfd8496f1304ce,unavailable,,live_fetch,0,2027,false,true
f0ec5a8a73f3981fd092,unavailable,,live_fetch,0,1377,false,true
f12e0922b388eb9b9d4f,git_history,1a80726074e26766353485bb4ba787372cadc467,live_fetch,3026,7256,true,true
f145264614cd81de1ac5,git_history,080d7fc39e311195462c7dd449fa6c246bdd8c76,live_fetch,4328,2612,true,true
f1eb36c03f03e59f27ed,git_history,df96bb0aa487ee20c2a537f93c8d7e902cf56963,live_fetch,1228,4025,true,true
f21467de95e9015f2d4c,git_history,080d7fc39e311195462c7dd449fa6c246bdd8c76,live_fetch,8054,2612,true,true
f22f3cc8575ae0599e5c,git_history,df96bb0aa487ee20c2a537f93c8d7e902cf56963,live_fetch,546,6436,true,true
f289824e8e6c4739ec62,git_history,df96bb0aa487ee20c2a537f93c8d7e902cf56963,live_fetch,7359,9197,true,true
f293ae481b64003662b1,git_history,df96bb0aa487ee20c2a537f93c8d7e902cf56963,live_fetch,1893,951,true,true
f325d71adf40beff9d42,git_history,df96bb0aa487ee20c2a537f93c8d7e902cf56963,live_fetch,744,12315,true,true
f34209457696e84afa29,unavailable,,live_fetch,0,934,false,true
f344068b548650d4306b,git_history,df96bb0aa487ee20c2a537f93c8d7e902cf56963,live_fetch,6256,8761,true,true
f3502fc54ac866613e9f,git_history,080d7fc39e311195462c7dd449fa6c246bdd8c76,live_fetch,8054,2612,true,true
f3953418a98b946a20d0,unavailable,,live_fetch,0,7429,false,true
f3a6c8007879df4b3be7,unavailable,,live_fetch,0,2762,false,true
f3c9968c1f79ee706216,git_history,df96bb0aa487ee20c2a537f93c8d7e902cf56963,live_fetch,4581,8346,true,true
f3f33ab4f6af192c6276,git_history,080d7fc39e311195462c7dd449fa6c246bdd8c76,live_fetch,8054,2612,true,true
f43ce66095d924e47e97,unavailable,,live_fetch,0,1395,false,true
f4733c08623c9e2deb0a,git_history,1a80726074e26766353485bb4ba787372cadc467,live_fetch,1089,4633,true,true
f4c93dd1cf13a191b688,git_history,df96bb0aa487ee20c2a537f93c8d7e902cf56963,live_fetch,550,13941,true,true
f4c9f8fd784c9b33c364,unavailable,,live_fetch,0,2612,false,true
f54afe520ebeb6740b3f,git_history,080d7fc39e311195462c7dd449fa6c246bdd8c76,live_fetch,4328,2612,true,true
f5959ba7b39fe1f4be23,unavailable,,live_fetch,0,2169,false,true
f5af94528d048c653944,git_history,080d7fc39e311195462c7dd449fa6c246bdd8c76,live_fetch,8054,2612,true,true
f5b8c81d78f585b93dcb,git_history,df96bb0aa487ee20c2a537f93c8d7e902cf56963,live_fetch,550,1107,true,true
f5d60dc54f9d464a1786,git_history,df96bb0aa487ee20c2a537f93c8d7e902cf56963,repo_head,675,783,true,true
f5d72a7235961a18ab86,git_history,df96bb0aa487ee20c2a537f93c8d7e902cf56963,repo_head,6649,6649,true,true
f631a7d402333d7432fd,git_history,df96bb0aa487ee20c2a537f93c8d7e902cf56963,live_fetch,3077,3820,true,true
f6a3ef131a096b0eede2,git_history,df96bb0aa487ee20c2a537f93c8d7e902cf56963,live_fetch,3104,4677,true,true
f6d118823d071996c002,unavailable,,live_fetch,0,5056,false,true
f73ad395b1183a26855d,git_history,080d7fc39e311195462c7dd449fa6c246bdd8c76,live_fetch,8054,2612,true,true
f7f7fdc11c5a53b364d7,unavailable,,live_fetch,0,7158,false,true
f8006fd2753a6b8a1b17,git_history,df96bb0aa487ee20c2a537f93c8d7e902cf56963,live_fetch,550,1881,true,true
f810647d22c71e0ae468,git_history,1a80726074e26766353485bb4ba787372cadc467,live_fetch,1467,2085,true,true
f8bb5601963419428b3d,git_history,080d7fc39e311195462c7dd449fa6c246bdd8c76,live_fetch,8054,2612,true,true
f8d9db9bd4ebee5f1db3,git_history,080d7fc39e311195462c7dd449fa6c246bdd8c76,live_fetch,8054,2612,true,true
f8fbdeb4c03da7b3c979,git_history,df96bb0aa487ee20c2a537f93c8d7e902cf56963,live_fetch,7314,7653,true,true
f903a463f4b20134c49a,git_history,df96bb0aa487ee20c2a537f93c8d7e902cf56963,live_fetch,1009,1511,true,true
f926cc2f37ef11d76ae1,git_history,c312c0a0daaaf6673a713d8c1281ecb7623d900a,live_fetch,6917,8354,true,true
f9564d26c6796b84d57b,git_history,df96bb0aa487ee20c2a537f93c8d7e902cf56963,live_fetch,706,2123,true,true
f97a7293acb92180f976,git_history,080d7fc39e311195462c7dd449fa6c246bdd8c76,live_fetch,5625,19773,true,true
f97c9c94a1b9f61bb00e,git_history,df96bb0aa487ee20c2a537f93c8d7e902cf56963,repo_head,5144,5386,true,true
f99575a02bf537423ce8,unavailable,,unavailable,0,0,false,false
f99777adb90d1b664b3f,git_history,080d7fc39e311195462c7dd449fa6c246bdd8c76,live_fetch,8054,2612,true,true
fa3e26a9da05dc0f2d73,git_history,a18fd1b3f93e69eeafae7afa792a2aa217eedd33,live_fetch,9515,7021,true,true
faa0159fd5bd646e0904,unavailable,,live_fetch,0,5236,false,true
faf10d14621e00f67ce9,git_history,df96bb0aa487ee20c2a537f93c8d7e902cf56963,live_fetch,3097,8436,true,true
faf8e42eca47b79c99d8,unavailable,,live_fetch,0,2904,false,true
fb1caeb3c3ec12febcdd,git_history,df96bb0aa487ee20c2a537f93c8d7e902cf56963,repo_head,550,748,true,true
fb2bf2b3a7057f002ae1,unavailable,,live_fetch,0,5427,false,true
fb54184fa62d0d454587,git_history,df96bb0aa487ee20c2a537f93c8d7e902cf56963,live_fetch,550,14575,true,true
fb7fd9de6b0a578b50cd,git_history,df96bb0aa487ee20c2a537f93c8d7e902cf56963,live_fetch,474,6296,true,true
fb8b21f2cca18f3ec55b,unavailable,,live_fetch,0,1653,false,true
fb8c331bd8b17e24d31a,unavailable,,live_fetch,0,1080,false,true
fbb44eeb88b40b79ed8a,git_history,df96bb0aa487ee20c2a537f93c8d7e902cf56963,live_fetch,664,2933,true,true
fbc7483e004113050822,unavailable,,repo_head,0,674,false,true
fbf1cb499f68096c4fc6,unavailable,,live_fetch,0,14143,false,true
fc3ca6bf83d4ccfc9e2b,unavailable,,repo_head,0,2986,false,true
fc4e135cc07b5f02a62d,unavailable,,unavailable,0,0,false,false
fc746a53136157591072,git_history,080d7fc39e311195462c7dd449fa6c246bdd8c76,live_fetch,8054,2612,true,true
fc74ce5c6fcc10277c27,unavailable,,live_fetch,0,1359,false,true
fc88319279eaea7fb49f,git_history,080d7fc39e311195462c7dd449fa6c246bdd8c76,live_fetch,8054,2612,true,true
fc89bfcf75d9be0780b7,unavailable,,live_fetch,0,1930,false,true
fcf46ebbe82e517067e0,git_history,080d7fc39e311195462c7dd449fa6c246bdd8c76,live_fetch,8054,2612,true,true
fd1975fa7752d6d6013a,git_history,df96bb0aa487ee20c2a537f93c8d7e902cf56963,live_fetch,534,9858,true,true
fd75af1ef9cf06bfaa9f,git_history,080d7fc39e311195462c7dd449fa6c246bdd8c76,live_fetch,5625,2381,true,true
fd7dc7fa22a81a4aba94,unavailable,,live_fetch,0,3219,false,true
fda18708340fe495781e,git_history,080d7fc39e311195462c7dd449fa6c246bdd8c76,live_fetch,5625,21039,true,true
fdca15e6babe1dc81a97,git_history,df96bb0aa487ee20c2a537f93c8d7e902cf56963,live_fetch,2351,1167,true,true
fe2461f7604a82d6370e,git_history,080d7fc39e311195462c7dd449fa6c246bdd8c76,live_fetch,4328,2612,true,true
ff3807b2cec0edc5de9d,git_history,080d7fc39e311195462c7dd449fa6c246bdd8c76,live_fetch,8054,2612,true,true
ff49e24b66963d4039ca,git_history,a18fd1b3f93e69eeafae7afa792a2aa217eedd33,live_fetch,5540,6001,true,true
ff60cf6174c9294c1eef,git_history,df96bb0aa487ee20c2a537f93c8d7e902cf56963,repo_head,14260,17986,true,true
ff783efabb9eb9483717,git_history,df96bb0aa487ee20c2a537f93c8d7e902cf56963,live_fetch,709,951,true,true
ff7e1c721142b018fab5,git_history,df96bb0aa487ee20c2a537f93c8d7e902cf56963,live_fetch,550,1438,true,true
ffcb95a14923a697c2c7,git_history,df96bb0aa487ee20c2a537f93c8d7e902cf56963,repo_head,732,2351,true,true
ffde24bf0a4ee05bfc6f,git_history,df96bb0aa487ee20c2a537f93c8d7e902cf56963,repo_head,702,653,true,true
