pair_id,source_id,tier,source_repo,repo_commit,redirect_file,old_url_path,new_url_path,status_code,rule_type,included_in_core_eval,raw_rule,raw_source,raw_target,conditions
001cb53b16c607df87b6,aws_amplify_docs,tier1,aws-amplify/docs,23f0406663733992d4fb33405df34f1ef0cdd883,redirects.json,/lib/logging/flush-logs/q/platform/android,/android/build-a-backend/more-features/logging/flush-logs,301,literal,true,"{""source"": ""/lib/logging/flush-logs/q/platform/android/"", ""status"": ""301"", ""target"": ""/android/build-a-backend/more-features/logging/flush-logs/""}",/lib/logging/flush-logs/q/platform/android/,/android/build-a-backend/more-features/logging/flush-logs/,
004d614e717e6cf84e19,aws_amplify_docs,tier1,aws-amplify/docs,23f0406663733992d4fb33405df34f1ef0cdd883,redirects.json,/cli-legacy/graphql-transformer/storage,/javascript/tools/cli-legacy/storage,301,literal,true,"{""source"": ""/cli-legacy/graphql-transformer/storage/"", ""status"": ""301"", ""target"": ""/javascript/tools/cli-legacy/storage/""}",/cli-legacy/graphql-transformer/storage/,/javascript/tools/cli-legacy/storage/,
00853681aa1108183968,deno_docs,tier1,denoland/docs,3bc9f662c58db48d2b07ceaf5da2fa5587cfbf5f,oldurls.json,/examples/tutorials/module_metadata,/examples/module_metadata_tutorial,301,literal,true,/examples/tutorials/module_metadata -> /examples/module_metadata_tutorial,/examples/tutorials/module_metadata,/examples/module_metadata_tutorial,
00d64736ed148f216535,aws_amplify_docs,tier1,aws-amplify/docs,23f0406663733992d4fb33405df34f1ef0cdd883,redirects.json,/gen2/how-amplify-works,/react/how-amplify-works,301,literal,true,"{""source"": ""/gen2/how-amplify-works/"", ""status"": ""301"", ""target"": ""/react/how-amplify-works/""}",/gen2/how-amplify-works/,/react/how-amplify-works/,
00f03d49daca0d2692d4,aws_amplify_docs,tier1,aws-amplify/docs,23f0406663733992d4fb33405df34f1ef0cdd883,redirects.json,/lib-v1/analytics/record/q/platform/ios,/gen1/swift/prev/build-a-backend/more-features/analytics/record-events,301,literal,true,"{""source"": ""/lib-v1/analytics/record/q/platform/ios/"", ""status"": ""301"", ""target"": ""/gen1/swift/prev/build-a-backend/more-features/analytics/record-events/""}",/lib-v1/analytics/record/q/platform/ios/,/gen1/swift/prev/build-a-backend/more-features/analytics/record-events/,
00fa09a9cedcc9fd0768,terraform_website,tier1,hashicorp/terraform-website,93ec9cbdc3a120ffde18d1275339d0d6599cd9b3,redirects.next.js,/docs/providers/ksyun(/index.html),/providers/kingsoftcloud/ksyun/latest/docs,301,wildcard,false,"{""source"":""/docs/providers/ksyun(/index.html)?"",""destination"":""https://registry.terraform.io/providers/kingsoftcloud/ksyun/latest/docs"",""permanent"":true}",/docs/providers/ksyun(/index.html)?,https://registry.terraform.io/providers/kingsoftcloud/ksyun/latest/docs,
010e6c850d34c5eb762f,aws_amplify_docs,tier1,aws-amplify/docs,23f0406663733992d4fb33405df34f1ef0cdd883,redirects.json,/console/uibuilder/collections,/javascript/build-ui/uibuilder/collections,301,literal,true,"{""source"": ""/console/uibuilder/collections/"", ""status"": ""301"", ""target"": ""/javascript/build-ui/uibuilder/collections/""}",/console/uibuilder/collections/,/javascript/build-ui/uibuilder/collections/,
0197e48921d188ed9419,aws_amplify_docs,tier1,aws-amplify/docs,23f0406663733992d4fb33405df34f1ef0cdd883,redirects.json,/lib/restapi/cancel/q/platform/react-native,/gen1/react-native/prev/build-a-backend/restapi/cancel-api-requests,301,literal,true,"{""source"": ""/lib/restapi/cancel/q/platform/react-native/"", ""status"": ""301"", ""target"": ""/gen1/react-native/prev/build-a-backend/restapi/cancel-api-requests/""}",/lib/restapi/cancel/q/platform/react-native/,/gen1/react-native/prev/build-a-backend/restapi/cancel-api-requests/,
01b23220ba48a564831e,astro_docs,tier2,withastro/docs,8e216293f74f38cc64db427622de74060403d5a8,public/_redirects,/:lang/guides/backend/appwriteio,/:lang/guides/backend/appwrite,301,placeholder,false,/:lang/guides/backend/appwriteio/                    /:lang/guides/backend/appwrite/,/:lang/guides/backend/appwriteio/,/:lang/guides/backend/appwrite/,
01bae2941f127beacb85,aws_amplify_docs,tier1,aws-amplify/docs,23f0406663733992d4fb33405df34f1ef0cdd883,redirects.json,/lib-v1/predictions/label-image/q/platform/js,/gen1/javascript/prev/build-a-backend/more-features/predictions/label-image,301,literal,true,"{""source"": ""/lib-v1/predictions/label-image/q/platform/js/"", ""status"": ""301"", ""target"": ""/gen1/javascript/prev/build-a-backend/more-features/predictions/label-image/""}",/lib-v1/predictions/label-image/q/platform/js/,/gen1/javascript/prev/build-a-backend/more-features/predictions/label-image/,
01e28b9ddf46396f5e2a,aws_amplify_docs,tier1,aws-amplify/docs,23f0406663733992d4fb33405df34f1ef0cdd883,redirects.json,/gen1/react/build-a-backend/auth/connect-your-frontend/sign-up,/gen1/react/build-a-backend/auth/enable-sign-up,301,literal,true,"{""source"": ""/gen1/react/build-a-backend/auth/connect-your-frontend/sign-up/"", ""status"": ""301"", ""target"": ""/gen1/react/build-a-backend/auth/enable-sign-up/""}",/gen1/react/build-a-backend/auth/connect-your-frontend/sign-up/,/gen1/react/build-a-backend/auth/enable-sign-up/,
01f98ecac95ed598cbeb,aws_amplify_docs,tier1,aws-amplify/docs,23f0406663733992d4fb33405df34f1ef0cdd883,redirects.json,/[platform]/build-a-backend/restapi/restapi-v5-to-v6-migration-guide,/react/build-a-backend/restapi/restapi-v5-to-v6-migration-guide,301,wildcard,false,"{""source"": ""/[platform]/build-a-backend/restapi/restapi-v5-to-v6-migration-guide"", ""status"": ""301"", ""target"": ""/react/build-a-backend/restapi/restapi-v5-to-v6-migration-guide""}",/[platform]/build-a-backend/restapi/restapi-v5-to-v6-migration-guide,/react/build-a-backend/restapi/restapi-v5-to-v6-migration-guide,
02889599579c92896fa8,aws_amplify_docs,tier1,aws-amplify/docs,23f0406663733992d4fb33405df34f1ef0cdd883,redirects.json,/lib-v1/restapi/delete/q/platform/android,/gen1/android/prev/build-a-backend/restapi/delete-data,301,literal,true,"{""source"": ""/lib-v1/restapi/delete/q/platform/android/"", ""status"": ""301"", ""target"": ""/gen1/android/prev/build-a-backend/restapi/delete-data/""}",/lib-v1/restapi/delete/q/platform/android/,/gen1/android/prev/build-a-backend/restapi/delete-data/,
0293d463a0d4b9ea0219,terraform_website,tier1,hashicorp/terraform-website,93ec9cbdc3a120ffde18d1275339d0d6599cd9b3,redirects.next.js,/docs/providers/huaweicloudstack/r/:path*,/providers/huaweicloud/huaweicloudstack/latest/docs/resources/:path*,301,placeholder,false,"{""source"":""/docs/providers/huaweicloudstack/r/:path*"",""destination"":""https://registry.terraform.io/providers/huaweicloud/huaweicloudstack/latest/docs/resources/:path*"",""permanent"":true}",/docs/providers/huaweicloudstack/r/:path*,https://registry.terraform.io/providers/huaweicloud/huaweicloudstack/latest/docs/resources/:path*,
0298ecd8cb6702312664,aws_amplify_docs,tier1,aws-amplify/docs,23f0406663733992d4fb33405df34f1ef0cdd883,redirects.json,/lib/datastore/sync/q/platform/flutter,/flutter/build-a-backend/more-features/datastore/sync-to-cloud,301,literal,true,"{""source"": ""/lib/datastore/sync/q/platform/flutter/"", ""status"": ""301"", ""target"": ""/flutter/build-a-backend/more-features/datastore/sync-to-cloud/""}",/lib/datastore/sync/q/platform/flutter/,/flutter/build-a-backend/more-features/datastore/sync-to-cloud/,
02eaa3001fdc29386822,aws_amplify_docs,tier1,aws-amplify/docs,23f0406663733992d4fb33405df34f1ef0cdd883,redirects.json,/lib/auth/guest_access/q/platform/flutter,/flutter/build-a-backend/auth/enable-guest-access,301,literal,true,"{""source"": ""/lib/auth/guest_access/q/platform/flutter/"", ""status"": ""301"", ""target"": ""/flutter/build-a-backend/auth/enable-guest-access/""}",/lib/auth/guest_access/q/platform/flutter/,/flutter/build-a-backend/auth/enable-guest-access/,
02ed5c29b5cc187afe9e,terraform_website,tier1,hashicorp/terraform-website,93ec9cbdc3a120ffde18d1275339d0d6599cd9b3,redirects.next.js,/docs/providers/cloudflare/guides/:path*,/providers/cloudflare/cloudflare/latest/docs/guides/:path*,301,placeholder,false,"{""source"":""/docs/providers/cloudflare/guides/:path*"",""destination"":""https://registry.terraform.io/providers/cloudflare/cloudflare/latest/docs/guides/:path*"",""permanent"":true}",/docs/providers/cloudflare/guides/:path*,https://registry.terraform.io/providers/cloudflare/cloudflare/latest/docs/guides/:path*,
0300474bd4a6c40be5a8,aws_amplify_docs,tier1,aws-amplify/docs,23f0406663733992d4fb33405df34f1ef0cdd883,redirects.json,/vue/build-a-backend/functions/dynamodb-from-lambda-nodejs,/vue/build-a-backend/functions,301,literal,true,"{""source"": ""/vue/build-a-backend/functions/dynamodb-from-lambda-nodejs/"", ""status"": ""301"", ""target"": ""/vue/build-a-backend/functions/""}",/vue/build-a-backend/functions/dynamodb-from-lambda-nodejs/,/vue/build-a-backend/functions/,
0314596dc31f9992764f,terraform_website,tier1,hashicorp/terraform-website,93ec9cbdc3a120ffde18d1275339d0d6599cd9b3,redirects.next.js,/docs/providers/hcloud/r/:path*,/providers/hetznercloud/hcloud/latest/docs/resources/:path*,301,placeholder,false,"{""source"":""/docs/providers/hcloud/r/:path*"",""destination"":""https://registry.terraform.io/providers/hetznercloud/hcloud/latest/docs/resources/:path*"",""permanent"":true}",/docs/providers/hcloud/r/:path*,https://registry.terraform.io/providers/hetznercloud/hcloud/latest/docs/resources/:path*,
035378592a6dd15192f8,terraform_website,tier1,hashicorp/terraform-website,93ec9cbdc3a120ffde18d1275339d0d6599cd9b3,redirects.next.js,/docs/providers/acme/r/:path*,/providers/vancluever/acme/latest/docs/resources/:path*,301,placeholder,false,"{""source"":""/docs/providers/acme/r/:path*"",""destination"":""https://registry.terraform.io/providers/vancluever/acme/latest/docs/resources/:path*"",""permanent"":true}",/docs/providers/acme/r/:path*,https://registry.terraform.io/providers/vancluever/acme/latest/docs/resources/:path*,
037262bb7b7ca6a13092,aws_amplify_docs,tier1,aws-amplify/docs,23f0406663733992d4fb33405df34f1ef0cdd883,redirects.json,/gen1/react/start/getting-started/setup/q/integration/flutter,/gen1/react/start/getting-started/setup,301,literal,true,"{""source"": ""/gen1/react/start/getting-started/setup/q/integration/flutter/"", ""status"": ""301"", ""target"": ""/gen1/react/start/getting-started/setup/""}",/gen1/react/start/getting-started/setup/q/integration/flutter/,/gen1/react/start/getting-started/setup/,
03f60c72b6a795b01279,aws_amplify_docs,tier1,aws-amplify/docs,23f0406663733992d4fb33405df34f1ef0cdd883,redirects.json,/start/getting-started/hosting/q/integration/vue,/vue/start/getting-started/hosting,301,literal,true,"{""source"": ""/start/getting-started/hosting/q/integration/vue/"", ""status"": ""301"", ""target"": ""/vue/start/getting-started/hosting/""}",/start/getting-started/hosting/q/integration/vue/,/vue/start/getting-started/hosting/,
04165d74cedea7285298,terraform_website,tier1,hashicorp/terraform-website,93ec9cbdc3a120ffde18d1275339d0d6599cd9b3,redirects.next.js,/docs/providers/statuscake(/index.html),/providers/StatusCakeDev/statuscake/latest/docs,301,wildcard,false,"{""source"":""/docs/providers/statuscake(/index.html)?"",""destination"":""https://registry.terraform.io/providers/StatusCakeDev/statuscake/latest/docs"",""permanent"":true}",/docs/providers/statuscake(/index.html)?,https://registry.terraform.io/providers/StatusCakeDev/statuscake/latest/docs,
0439637d1accdf67cc97,flux_website,tier2,fluxcd/website,fbe28609d4c4773ba8b0c73fe65fe8e0b428d89c,static/_redirects,/flagger/usage/traefik-progressive-delivery,/flagger/tutorials/traefik-progressive-delivery,301,literal,true,/flagger/usage/traefik-progressive-delivery     /flagger/tutorials/traefik-progressive-delivery     301!,/flagger/usage/traefik-progressive-delivery,/flagger/tutorials/traefik-progressive-delivery,
04713758e4327137f272,aws_amplify_docs,tier1,aws-amplify/docs,23f0406663733992d4fb33405df34f1ef0cdd883,redirects.json,/lib/restapi/delete/q/platform/ios,/swift/build-a-backend/restapi/delete-data,301,literal,true,"{""source"": ""/lib/restapi/delete/q/platform/ios/"", ""status"": ""301"", ""target"": ""/swift/build-a-backend/restapi/delete-data/""}",/lib/restapi/delete/q/platform/ios/,/swift/build-a-backend/restapi/delete-data/,
0473600a4f88dc268f62,terraform_website,tier1,hashicorp/terraform-website,93ec9cbdc3a120ffde18d1275339d0d6599cd9b3,redirects.next.js,/cloud-docs/sentinel/import,/cloud-docs/policy-enforcement/sentinel,301,literal,true,"{""source"":""/cloud-docs/sentinel/import"",""destination"":""/cloud-docs/policy-enforcement/sentinel#sentinel-imports"",""permanent"":true}",/cloud-docs/sentinel/import,/cloud-docs/policy-enforcement/sentinel#sentinel-imports,
04ca74ad1f6332b0cecf,terraform_website,tier1,hashicorp/terraform-website,93ec9cbdc3a120ffde18d1275339d0d6599cd9b3,redirects.next.js,/docs/providers/aviatrix/guides/:path*,/providers/AviatrixSystems/aviatrix/latest/docs/guides/:path*,301,placeholder,false,"{""source"":""/docs/providers/aviatrix/guides/:path*"",""destination"":""https://registry.terraform.io/providers/AviatrixSystems/aviatrix/latest/docs/guides/:path*"",""permanent"":true}",/docs/providers/aviatrix/guides/:path*,https://registry.terraform.io/providers/AviatrixSystems/aviatrix/latest/docs/guides/:path*,
04de8b1b5f816036a2bc,terraform_website,tier1,hashicorp/terraform-website,93ec9cbdc3a120ffde18d1275339d0d6599cd9b3,redirects.next.js,/docs/providers/vultr(/index.html),/providers/vultr/vultr/latest/docs,301,wildcard,false,"{""source"":""/docs/providers/vultr(/index.html)?"",""destination"":""https://registry.terraform.io/providers/vultr/vultr/latest/docs"",""permanent"":true}",/docs/providers/vultr(/index.html)?,https://registry.terraform.io/providers/vultr/vultr/latest/docs,
04e2a742e1a26cf006a4,deno_docs,tier1,denoland/docs,3bc9f662c58db48d2b07ceaf5da2fa5587cfbf5f,oldurls.json,/examples/unix-cat,/examples/unix_cat,301,literal,true,/examples/unix-cat -> /examples/unix_cat,/examples/unix-cat,/examples/unix_cat,
05283c511ee27b79b39b,terraform_website,tier1,hashicorp/terraform-website,93ec9cbdc3a120ffde18d1275339d0d6599cd9b3,redirects.next.js,/docs/providers/cloudscale/r/:path*,/providers/cloudscale-ch/cloudscale/latest/docs/resources/:path*,301,placeholder,false,"{""source"":""/docs/providers/cloudscale/r/:path*"",""destination"":""https://registry.terraform.io/providers/cloudscale-ch/cloudscale/latest/docs/resources/:path*"",""permanent"":true}",/docs/providers/cloudscale/r/:path*,https://registry.terraform.io/providers/cloudscale-ch/cloudscale/latest/docs/resources/:path*,
054944f3f05fa5083bdc,aws_amplify_docs,tier1,aws-amplify/docs,23f0406663733992d4fb33405df34f1ef0cdd883,redirects.json,/lib-v1/graphqlapi/advanced-workflows/q/platform/ios,/gen1/swift/prev/build-a-backend/graphqlapi/advanced-workflows,301,literal,true,"{""source"": ""/lib-v1/graphqlapi/advanced-workflows/q/platform/ios/"", ""status"": ""301"", ""target"": ""/gen1/swift/prev/build-a-backend/graphqlapi/advanced-workflows/""}",/lib-v1/graphqlapi/advanced-workflows/q/platform/ios/,/gen1/swift/prev/build-a-backend/graphqlapi/advanced-workflows/,
05ce0be692b0dad98a06,aws_amplify_docs,tier1,aws-amplify/docs,23f0406663733992d4fb33405df34f1ef0cdd883,redirects.json,/api/apidocs,/amplify-js/api,301,literal,true,"{""source"": ""/api/apidocs/"", ""status"": ""301"", ""target"": ""https://aws-amplify.github.io/amplify-js/api/""}",/api/apidocs/,https://aws-amplify.github.io/amplify-js/api/,
0606b0094ec609100f24,aws_amplify_docs,tier1,aws-amplify/docs,23f0406663733992d4fb33405df34f1ef0cdd883,redirects.json,/cli/usage/tags,/javascript/tools/cli/project/tags,301,literal,true,"{""source"": ""/cli/usage/tags/"", ""status"": ""301"", ""target"": ""/javascript/tools/cli/project/tags/""}",/cli/usage/tags/,/javascript/tools/cli/project/tags/,
066bb039d6ff9bb1988e,aws_amplify_docs,tier1,aws-amplify/docs,23f0406663733992d4fb33405df34f1ef0cdd883,redirects.json,/lib-v1/datastore/getting-started/q/platform/js,/gen1/javascript/prev/build-a-backend/more-features/datastore,301,literal,true,"{""source"": ""/lib-v1/datastore/getting-started/q/platform/js/"", ""status"": ""301"", ""target"": ""/gen1/javascript/prev/build-a-backend/more-features/datastore/""}",/lib-v1/datastore/getting-started/q/platform/js/,/gen1/javascript/prev/build-a-backend/more-features/datastore/,
0777eeeaff625da13101,terraform_website,tier1,hashicorp/terraform-website,93ec9cbdc3a120ffde18d1275339d0d6599cd9b3,redirects.next.js,/docs/providers/tencentcloud(/index.html),/providers/tencentcloudstack/tencentcloud/latest/docs,301,wildcard,false,"{""source"":""/docs/providers/tencentcloud(/index.html)?"",""destination"":""https://registry.terraform.io/providers/tencentcloudstack/tencentcloud/latest/docs"",""permanent"":true}",/docs/providers/tencentcloud(/index.html)?,https://registry.terraform.io/providers/tencentcloudstack/tencentcloud/latest/docs,
07beaaf21d2dbefb93b0,deno_docs,tier1,denoland/docs,3bc9f662c58db48d2b07ceaf5da2fa5587cfbf5f,oldurls.json,/runtime/manual/advanced/jsx_dom/jsdom,/runtime/reference/jsx,301,literal,true,/runtime/manual/advanced/jsx_dom/jsdom -> /runtime/reference/jsx/,/runtime/manual/advanced/jsx_dom/jsdom,/runtime/reference/jsx/,
081586ce9f497e92dc59,aws_amplify_docs,tier1,aws-amplify/docs,23f0406663733992d4fb33405df34f1ef0cdd883,redirects.json,/lib/auth/escapehatch/q/platform/android,/android/build-a-backend/auth/sdk,301,literal,true,"{""source"": ""/lib/auth/escapehatch/q/platform/android/"", ""status"": ""301"", ""target"": ""/android/build-a-backend/auth/sdk/""}",/lib/auth/escapehatch/q/platform/android/,/android/build-a-backend/auth/sdk/,
081a3d765b551c35808f,aws_amplify_docs,tier1,aws-amplify/docs,23f0406663733992d4fb33405df34f1ef0cdd883,redirects.json,/lib-v1/graphqlapi/query-data,/gen1/swift/prev/build-a-backend/graphqlapi/query-data,301,literal,true,"{""source"": ""/lib-v1/graphqlapi/query-data/"", ""status"": ""301"", ""target"": ""/gen1/swift/prev/build-a-backend/graphqlapi/query-data/""}",/lib-v1/graphqlapi/query-data/,/gen1/swift/prev/build-a-backend/graphqlapi/query-data/,
0829a3f8668fedf8090a,aws_amplify_docs,tier1,aws-amplify/docs,23f0406663733992d4fb33405df34f1ef0cdd883,redirects.json,/guides/functions/graphql-server-in-lambda/q/platform/android,/android/build-a-backend/functions,301,literal,true,"{""source"": ""/guides/functions/graphql-server-in-lambda/q/platform/android/"", ""status"": ""301"", ""target"": ""/android/build-a-backend/functions/""}",/guides/functions/graphql-server-in-lambda/q/platform/android/,/android/build-a-backend/functions/,
08a051a090ee82111d67,flux_website,tier2,fluxcd/website,fbe28609d4c4773ba8b0c73fe65fe8e0b428d89c,static/_redirects,/flux/cheatsheets/sharding,/flux/installation/configuration/sharding,301,literal,true,/flux/cheatsheets/sharding                      /flux/installation/configuration/sharding           301!,/flux/cheatsheets/sharding,/flux/installation/configuration/sharding,
08d23ee78d112ab6d9f8,astro_docs,tier2,withastro/docs,8e216293f74f38cc64db427622de74060403d5a8,public/_redirects,/docs/*,/:splat,301,placeholder,false,/docs/*                                         /:splat,/docs/*,/:splat,
08da8f5882f669f3c296,aws_amplify_docs,tier1,aws-amplify/docs,23f0406663733992d4fb33405df34f1ef0cdd883,redirects.json,/guides/functions/dynamodb-from-js-lambda/q/platform/react-native,/react-native/build-a-backend,301,literal,true,"{""source"": ""/guides/functions/dynamodb-from-js-lambda/q/platform/react-native/"", ""status"": ""301"", ""target"": ""/react-native/build-a-backend/""}",/guides/functions/dynamodb-from-js-lambda/q/platform/react-native/,/react-native/build-a-backend/,
08e474cbcbdd012f91d4,aws_amplify_docs,tier1,aws-amplify/docs,23f0406663733992d4fb33405df34f1ef0cdd883,redirects.json,/lib-v1/geo/search/q/platform/js,/gen1/javascript/prev/build-a-backend/more-features/geo/location-search,301,literal,true,"{""source"": ""/lib-v1/geo/search/q/platform/js/"", ""status"": ""301"", ""target"": ""/gen1/javascript/prev/build-a-backend/more-features/geo/location-search/""}",/lib-v1/geo/search/q/platform/js/,/gen1/javascript/prev/build-a-backend/more-features/geo/location-search/,
08fb960e63f04143fd1d,deno_docs,tier1,denoland/docs,3bc9f662c58db48d2b07ceaf5da2fa5587cfbf5f,oldurls.json,/examples/tutorials/hashbang,/examples/hashbang_tutorial,301,literal,true,/examples/tutorials/hashbang -> /examples/hashbang_tutorial,/examples/tutorials/hashbang,/examples/hashbang_tutorial,
092c7e53c7c26e840f97,aws_amplify_docs,tier1,aws-amplify/docs,23f0406663733992d4fb33405df34f1ef0cdd883,redirects.json,/lib/project-setup/combine/q/platform/ios,/swift/start/project-setup/combine-framework,301,literal,true,"{""source"": ""/lib/project-setup/combine/q/platform/ios/"", ""status"": ""301"", ""target"": ""/swift/start/project-setup/combine-framework""}",/lib/project-setup/combine/q/platform/ios/,/swift/start/project-setup/combine-framework,
09391bc2e488f4aec6e7,aws_amplify_docs,tier1,aws-amplify/docs,23f0406663733992d4fb33405df34f1ef0cdd883,redirects.json,/lib/datastore/real-time/q/platform/ios,/swift/build-a-backend/more-features/datastore/real-time,301,literal,true,"{""source"": ""/lib/datastore/real-time/q/platform/ios/"", ""status"": ""301"", ""target"": ""/swift/build-a-backend/more-features/datastore/real-time/""}",/lib/datastore/real-time/q/platform/ios/,/swift/build-a-backend/more-features/datastore/real-time/,
09f78315996b8e973a2d,terraform_website,tier1,hashicorp/terraform-website,93ec9cbdc3a120ffde18d1275339d0d6599cd9b3,redirects.next.js,/docs/providers/mongodbatlas/r/:path*,/providers/mongodb/mongodbatlas/latest/docs/resources/:path*,301,placeholder,false,"{""source"":""/docs/providers/mongodbatlas/r/:path*"",""destination"":""https://registry.terraform.io/providers/mongodb/mongodbatlas/latest/docs/resources/:path*"",""permanent"":true}",/docs/providers/mongodbatlas/r/:path*,https://registry.terraform.io/providers/mongodb/mongodbatlas/latest/docs/resources/:path*,
0a2cfa024f8ad67a8b17,aws_amplify_docs,tier1,aws-amplify/docs,23f0406663733992d4fb33405df34f1ef0cdd883,redirects.json,/lib-v1/predictions/sample/q/platform/js,/gen1/javascript/prev/build-a-backend/more-features/predictions/example-app,301,literal,true,"{""source"": ""/lib-v1/predictions/sample/q/platform/js/"", ""status"": ""301"", ""target"": ""/gen1/javascript/prev/build-a-backend/more-features/predictions/example-app/""}",/lib-v1/predictions/sample/q/platform/js/,/gen1/javascript/prev/build-a-backend/more-features/predictions/example-app/,
0a4e706aa1db9e37ac6e,aws_amplify_docs,tier1,aws-amplify/docs,23f0406663733992d4fb33405df34f1ef0cdd883,redirects.json,/lib/storage/get-properties/q/platform/flutter,/flutter/build-a-backend/storage/get-properties,301,literal,true,"{""source"": ""/lib/storage/get-properties/q/platform/flutter/"", ""status"": ""301"", ""target"": ""/flutter/build-a-backend/storage/get-properties/""}",/lib/storage/get-properties/q/platform/flutter/,/flutter/build-a-backend/storage/get-properties/,
0a7ff03f0bc1e3f5c012,aws_amplify_docs,tier1,aws-amplify/docs,23f0406663733992d4fb33405df34f1ef0cdd883,redirects.json,/lib-v1/graphqlapi/mutate-data/q/platform/react-native,/gen1/react-native/prev/build-a-backend/graphqlapi/mutate-data,301,literal,true,"{""source"": ""/lib-v1/graphqlapi/mutate-data/q/platform/react-native/"", ""status"": ""301"", ""target"": ""/gen1/react-native/prev/build-a-backend/graphqlapi/mutate-data/""}",/lib-v1/graphqlapi/mutate-data/q/platform/react-native/,/gen1/react-native/prev/build-a-backend/graphqlapi/mutate-data/,
0ab6f43e3d320a1de7d2,aws_amplify_docs,tier1,aws-amplify/docs,23f0406663733992d4fb33405df34f1ef0cdd883,redirects.json,/lib/storage/triggers/q/platform/android,/android/build-a-backend/storage/lambda-triggers,301,literal,true,"{""source"": ""/lib/storage/triggers/q/platform/android/"", ""status"": ""301"", ""target"": ""/android/build-a-backend/storage/lambda-triggers/""}",/lib/storage/triggers/q/platform/android/,/android/build-a-backend/storage/lambda-triggers/,
0ae4f25d2448c12aa790,aws_amplify_docs,tier1,aws-amplify/docs,23f0406663733992d4fb33405df34f1ef0cdd883,redirects.json,/sdk/pubsub/working-api/q/platform/ios,/swift/sdk/pubsub/working-api,301,literal,true,"{""source"": ""/sdk/pubsub/working-api/q/platform/ios/"", ""status"": ""301"", ""target"": ""/swift/sdk/pubsub/working-api/""}",/sdk/pubsub/working-api/q/platform/ios/,/swift/sdk/pubsub/working-api/,
0b71df3d38e51b3702e6,aws_amplify_docs,tier1,aws-amplify/docs,23f0406663733992d4fb33405df34f1ef0cdd883,redirects.json,/gen1/react/reference/cli-commands,/gen1/react/tools/cli/commands,301,literal,true,"{""source"": ""/gen1/react/reference/cli-commands/"", ""status"": ""301"", ""target"": ""/gen1/react/tools/cli/commands/""}",/gen1/react/reference/cli-commands/,/gen1/react/tools/cli/commands/,
0b75cf559825f49260a7,aws_amplify_docs,tier1,aws-amplify/docs,23f0406663733992d4fb33405df34f1ef0cdd883,redirects.json,/lib/analytics/create-custom-plugin/q/platform/js,/gen1/javascript/prev/build-a-backend/more-features/analytics/create-custom-plugin,301,literal,true,"{""source"": ""/lib/analytics/create-custom-plugin/q/platform/js/"", ""status"": ""301"", ""target"": ""/gen1/javascript/prev/build-a-backend/more-features/analytics/create-custom-plugin/""}",/lib/analytics/create-custom-plugin/q/platform/js/,/gen1/javascript/prev/build-a-backend/more-features/analytics/create-custom-plugin/,
0b8e4a0955ef03d86450,aws_amplify_docs,tier1,aws-amplify/docs,23f0406663733992d4fb33405df34f1ef0cdd883,redirects.json,/guides/hosting/local-deployments/q/platform/js,/javascript/deploy-and-host/deployment/deploy-static-site-locally,301,literal,true,"{""source"": ""/guides/hosting/local-deployments/q/platform/js/"", ""status"": ""301"", ""target"": ""/javascript/deploy-and-host/deployment/deploy-static-site-locally/""}",/guides/hosting/local-deployments/q/platform/js/,/javascript/deploy-and-host/deployment/deploy-static-site-locally/,
0b8fecf5013aa23d6fc4,aws_amplify_docs,tier1,aws-amplify/docs,23f0406663733992d4fb33405df34f1ef0cdd883,redirects.json,/lib-v1/datastore/how-it-works,/gen1/react/prev/build-a-backend/more-features/datastore/how-it-works,301,literal,true,"{""source"": ""/lib-v1/datastore/how-it-works"", ""status"": ""301"", ""target"": ""/gen1/react/prev/build-a-backend/more-features/datastore/how-it-works/""}",/lib-v1/datastore/how-it-works,/gen1/react/prev/build-a-backend/more-features/datastore/how-it-works/,
0b9278049f7883b31b23,aws_amplify_docs,tier1,aws-amplify/docs,23f0406663733992d4fb33405df34f1ef0cdd883,redirects.json,/lib/datastore/advanced-workflows/q/platform/react-native,/react-native/build-a-backend/more-features/datastore/customize-primary-keys,301,literal,true,"{""source"": ""/lib/datastore/advanced-workflows/q/platform/react-native/"", ""status"": ""301"", ""target"": ""/react-native/build-a-backend/more-features/datastore/customize-primary-keys/""}",/lib/datastore/advanced-workflows/q/platform/react-native/,/react-native/build-a-backend/more-features/datastore/customize-primary-keys/,
0bd4077c5423a5c37d1a,aws_amplify_docs,tier1,aws-amplify/docs,23f0406663733992d4fb33405df34f1ef0cdd883,redirects.json,/lib/push-notifications/getting-started/q/platform/android,/android/build-a-backend/push-notifications/set-up-push-notifications,301,literal,true,"{""source"": ""/lib/push-notifications/getting-started/q/platform/android/"", ""status"": ""301"", ""target"": ""/android/build-a-backend/push-notifications/set-up-push-notifications/""}",/lib/push-notifications/getting-started/q/platform/android/,/android/build-a-backend/push-notifications/set-up-push-notifications/,
0c463bff126b36f04656,aws_amplify_docs,tier1,aws-amplify/docs,23f0406663733992d4fb33405df34f1ef0cdd883,redirects.json,/lib/datastore/how-it-works/q/platform/js,/javascript/build-a-backend/more-features/datastore/how-it-works,301,literal,true,"{""source"": ""/lib/datastore/how-it-works/q/platform/js/"", ""status"": ""301"", ""target"": ""/javascript/build-a-backend/more-features/datastore/how-it-works/""}",/lib/datastore/how-it-works/q/platform/js/,/javascript/build-a-backend/more-features/datastore/how-it-works/,
0c8f2815cc41fd66a8e4,aws_amplify_docs,tier1,aws-amplify/docs,23f0406663733992d4fb33405df34f1ef0cdd883,redirects.json,/gen1/REACT/build-a-backend/graphqlapi/customize-authz-modes,/gen1/react/build-a-backend/graphqlapi/customize-authorization-rules,301,literal,true,"{""source"": ""/gen1/REACT/build-a-backend/graphqlapi/customize-authz-modes/"", ""status"": ""301"", ""target"": ""/gen1/react/build-a-backend/graphqlapi/customize-authorization-rules/""}",/gen1/REACT/build-a-backend/graphqlapi/customize-authz-modes/,/gen1/react/build-a-backend/graphqlapi/customize-authorization-rules/,
0cad0f54afbafb245b25,aws_amplify_docs,tier1,aws-amplify/docs,23f0406663733992d4fb33405df34f1ef0cdd883,redirects.json,/lib/interactions/getting-started/q/platform/react-native,/react-native/build-a-backend/more-features/interactions/set-up-interactions,301,literal,true,"{""source"": ""/lib/interactions/getting-started/q/platform/react-native/"", ""status"": ""301"", ""target"": ""/react-native/build-a-backend/more-features/interactions/set-up-interactions/""}",/lib/interactions/getting-started/q/platform/react-native/,/react-native/build-a-backend/more-features/interactions/set-up-interactions/,
0cb3f453f294af042969,aws_amplify_docs,tier1,aws-amplify/docs,23f0406663733992d4fb33405df34f1ef0cdd883,redirects.json,/lib/restapi/getting-started/q/platform/android,/android/build-a-backend/restapi/set-up-rest-api,301,literal,true,"{""source"": ""/lib/restapi/getting-started/q/platform/android/"", ""status"": ""301"", ""target"": ""/android/build-a-backend/restapi/set-up-rest-api/""}",/lib/restapi/getting-started/q/platform/android/,/android/build-a-backend/restapi/set-up-rest-api/,
0cc95a7d27cc58f6bc12,aws_amplify_docs,tier1,aws-amplify/docs,23f0406663733992d4fb33405df34f1ef0cdd883,redirects.json,/<platform>/build-a-backend/auth/enable-sign-up,/<platform>/build-a-backend/auth/connect-your-frontend/sign-up,301,placeholder,false,"{""source"": ""/<platform>/build-a-backend/auth/enable-sign-up/"", ""status"": ""301"", ""target"": ""/<platform>/build-a-backend/auth/connect-your-frontend/sign-up/""}",/<platform>/build-a-backend/auth/enable-sign-up/,/<platform>/build-a-backend/auth/connect-your-frontend/sign-up/,
0d3fbfe86fedb110f062,terraform_website,tier1,hashicorp/terraform-website,93ec9cbdc3a120ffde18d1275339d0d6599cd9b3,redirects.next.js,/language/v1.2.x/upgrade-guides/1-0,/language/v1.1.x/upgrade-guides/1-0,301,literal,true,"{""source"":""/language/v1.2.x/upgrade-guides/1-0"",""destination"":""/language/v1.1.x/upgrade-guides/1-0"",""permanent"":true}",/language/v1.2.x/upgrade-guides/1-0,/language/v1.1.x/upgrade-guides/1-0,
0d65c595712599d32031,aws_amplify_docs,tier1,aws-amplify/docs,23f0406663733992d4fb33405df34f1ef0cdd883,redirects.json,/lib/storage/existing-resources/q/platform/js,/javascript/build-a-backend/storage/existing-resources,301,literal,true,"{""source"": ""/lib/storage/existing-resources/q/platform/js/"", ""status"": ""301"", ""target"": ""/javascript/build-a-backend/storage/existing-resources/""}",/lib/storage/existing-resources/q/platform/js/,/javascript/build-a-backend/storage/existing-resources/,
0db156ab735c14b01d5c,flux_website,tier2,fluxcd/website,fbe28609d4c4773ba8b0c73fe65fe8e0b428d89c,static/_redirects,/flagger/usage/ab-testing,/flagger/tutorials/istio-ab-testing,301,literal,true,/flagger/usage/ab-testing                       /flagger/tutorials/istio-ab-testing                 301!,/flagger/usage/ab-testing,/flagger/tutorials/istio-ab-testing,
0dc4371edf26705dce8b,aws_amplify_docs,tier1,aws-amplify/docs,23f0406663733992d4fb33405df34f1ef0cdd883,redirects.json,/lib/push-notifications/identify-user/q/platform/flutter,/flutter/build-a-backend/push-notifications/identify-user,301,literal,true,"{""source"": ""/lib/push-notifications/identify-user/q/platform/flutter/"", ""status"": ""301"", ""target"": ""/flutter/build-a-backend/push-notifications/identify-user/""}",/lib/push-notifications/identify-user/q/platform/flutter/,/flutter/build-a-backend/push-notifications/identify-user/,
0dfbd2a8112553531237,terraform_website,tier1,hashicorp/terraform-website,93ec9cbdc3a120ffde18d1275339d0d6599cd9b3,redirects.next.js,/docs/providers/nutanix/d/:path*,/providers/nutanix/nutanix/latest/docs/data-sources/:path*,301,placeholder,false,"{""source"":""/docs/providers/nutanix/d/:path*"",""destination"":""https://registry.terraform.io/providers/nutanix/nutanix/latest/docs/data-sources/:path*"",""permanent"":true}",/docs/providers/nutanix/d/:path*,https://registry.terraform.io/providers/nutanix/nutanix/latest/docs/data-sources/:path*,
0e0ee77212b9a4b28eee,aws_amplify_docs,tier1,aws-amplify/docs,23f0406663733992d4fb33405df34f1ef0cdd883,redirects.json,/nextjs/build-a-backend/functions/dynamodb-from-lambda-nodejs,/nextjs/build-a-backend/functions,301,literal,true,"{""source"": ""/nextjs/build-a-backend/functions/dynamodb-from-lambda-nodejs/"", ""status"": ""301"", ""target"": ""/nextjs/build-a-backend/functions/""}",/nextjs/build-a-backend/functions/dynamodb-from-lambda-nodejs/,/nextjs/build-a-backend/functions/,
0e103d0501ab1bfdd80e,aws_amplify_docs,tier1,aws-amplify/docs,23f0406663733992d4fb33405df34f1ef0cdd883,redirects.json,/<platform>/build-a-backend/push-notifications,/gen1/<platform>/build-a-backend/push-notifications,301,placeholder,false,"{""source"": ""/<platform>/build-a-backend/push-notifications/"", ""status"": ""301"", ""target"": ""/gen1/<platform>/build-a-backend/push-notifications/""}",/<platform>/build-a-backend/push-notifications/,/gen1/<platform>/build-a-backend/push-notifications/,
0e23c138bdabfb6b97b7,terraform_website,tier1,hashicorp/terraform-website,93ec9cbdc3a120ffde18d1275339d0d6599cd9b3,redirects.next.js,/docs/providers/cobbler/d/:path*,/providers/cobber/cobbler/latest/docs/data-sources/:path*,301,placeholder,false,"{""source"":""/docs/providers/cobbler/d/:path*"",""destination"":""https://registry.terraform.io/providers/cobber/cobbler/latest/docs/data-sources/:path*"",""permanent"":true}",/docs/providers/cobbler/d/:path*,https://registry.terraform.io/providers/cobber/cobbler/latest/docs/data-sources/:path*,
0ec6580aa51a97815cc5,terraform_website,tier1,hashicorp/terraform-website,93ec9cbdc3a120ffde18d1275339d0d6599cd9b3,redirects.next.js,/language/settings/backends/swift,/language/v1.2.x/settings/backends/swift,301,literal,true,"{""source"":""/language/settings/backends/swift"",""destination"":""/language/v1.2.x/settings/backends/swift"",""permanent"":true}",/language/settings/backends/swift,/language/v1.2.x/settings/backends/swift,
0ed847f65329df3dc0e7,aws_amplify_docs,tier1,aws-amplify/docs,23f0406663733992d4fb33405df34f1ef0cdd883,redirects.json,/lib/predictions/identify-text/q/platform/android,/android/build-a-backend/more-features/predictions/identify-text,301,literal,true,"{""source"": ""/lib/predictions/identify-text/q/platform/android/"", ""status"": ""301"", ""target"": ""/android/build-a-backend/more-features/predictions/identify-text/""}",/lib/predictions/identify-text/q/platform/android/,/android/build-a-backend/more-features/predictions/identify-text/,
0f4ee9ebd19f639e5811,aws_amplify_docs,tier1,aws-amplify/docs,23f0406663733992d4fb33405df34f1ef0cdd883,redirects.json,/lib/graphqlapi/existing-resources/q/platform/react-native,/gen1/react-native/prev/build-a-backend/graphqlapi/existing-resources,301,literal,true,"{""source"": ""/lib/graphqlapi/existing-resources/q/platform/react-native/"", ""status"": ""301"", ""target"": ""/gen1/react-native/prev/build-a-backend/graphqlapi/existing-resources/""}",/lib/graphqlapi/existing-resources/q/platform/react-native/,/gen1/react-native/prev/build-a-backend/graphqlapi/existing-resources/,
0f6a5f6b224914d11d59,aws_amplify_docs,tier1,aws-amplify/docs,23f0406663733992d4fb33405df34f1ef0cdd883,redirects.json,/console/uibuilder/override,/javascript/build-ui/uibuilder/override,301,literal,true,"{""source"": ""/console/uibuilder/override/"", ""status"": ""301"", ""target"": ""/javascript/build-ui/uibuilder/override/""}",/console/uibuilder/override/,/javascript/build-ui/uibuilder/override/,
0fb4c822dc3d7cd699ff,terraform_website,tier1,hashicorp/terraform-website,93ec9cbdc3a120ffde18d1275339d0d6599cd9b3,redirects.next.js,/docs/providers/scaleway/r/:path*,/providers/scaleway/scaleway/latest/docs/resources/:path*,301,placeholder,false,"{""source"":""/docs/providers/scaleway/r/:path*"",""destination"":""https://registry.terraform.io/providers/scaleway/scaleway/latest/docs/resources/:path*"",""permanent"":true}",/docs/providers/scaleway/r/:path*,https://registry.terraform.io/providers/scaleway/scaleway/latest/docs/resources/:path*,
0fd57ae51b347e550125,aws_amplify_docs,tier1,aws-amplify/docs,23f0406663733992d4fb33405df34f1ef0cdd883,redirects.json,/guides/functions/connecting-a-rest-api/q/platform/ios,/swift/build-a-backend/functions,301,literal,true,"{""source"": ""/guides/functions/connecting-a-rest-api/q/platform/ios/"", ""status"": ""301"", ""target"": ""/swift/build-a-backend/functions/""}",/guides/functions/connecting-a-rest-api/q/platform/ios/,/swift/build-a-backend/functions/,
100e227726994caea679,astro_docs,tier2,withastro/docs,8e216293f74f38cc64db427622de74060403d5a8,public/_redirects,/:lang/comparing-astro-vs-other-tools,/:lang/guides/migrate-to-astro,301,placeholder,false,/:lang/comparing-astro-vs-other-tools           /:lang/guides/migrate-to-astro/,/:lang/comparing-astro-vs-other-tools,/:lang/guides/migrate-to-astro/,
10a0c54301e199fa74d4,aws_amplify_docs,tier1,aws-amplify/docs,23f0406663733992d4fb33405df34f1ef0cdd883,redirects.json,/[platform]/build-a-backend/restapi/override-api-gateway,/react/build-a-backend/restapi/override-api-gateway,301,wildcard,false,"{""source"": ""/[platform]/build-a-backend/restapi/override-api-gateway"", ""status"": ""301"", ""target"": ""/react/build-a-backend/restapi/override-api-gateway""}",/[platform]/build-a-backend/restapi/override-api-gateway,/react/build-a-backend/restapi/override-api-gateway,
10af0f22725240cb43de,aws_amplify_docs,tier1,aws-amplify/docs,23f0406663733992d4fb33405df34f1ef0cdd883,redirects.json,/javascript/build-a-backend/troubleshooting/stack-cdktoolkit-already-exists,/javascript/build-a-backend/troubleshooting/cdktoolkit-stack,301,literal,true,"{""source"": ""/javascript/build-a-backend/troubleshooting/stack-cdktoolkit-already-exists/"", ""status"": ""301"", ""target"": ""/javascript/build-a-backend/troubleshooting/cdktoolkit-stack/""}",/javascript/build-a-backend/troubleshooting/stack-cdktoolkit-already-exists/,/javascript/build-a-backend/troubleshooting/cdktoolkit-stack/,
10b410c084cc7c99a44f,terraform_website,tier1,hashicorp/terraform-website,93ec9cbdc3a120ffde18d1275339d0d6599cd9b3,redirects.next.js,/docs/providers/fastly/guides/:path*,/providers/fastly/fastly/latest/docs/guides/:path*,301,placeholder,false,"{""source"":""/docs/providers/fastly/guides/:path*"",""destination"":""https://registry.terraform.io/providers/fastly/fastly/latest/docs/guides/:path*"",""permanent"":true}",/docs/providers/fastly/guides/:path*,https://registry.terraform.io/providers/fastly/fastly/latest/docs/guides/:path*,
10ed6d90a0c561802930,deno_docs,tier1,denoland/docs,3bc9f662c58db48d2b07ceaf5da2fa5587cfbf5f,oldurls.json,/runtime/tutorials/tcp_server,/examples/tcp_echo_server,301,literal,true,/runtime/tutorials/tcp_server/ -> /examples/tcp_echo_server/,/runtime/tutorials/tcp_server/,/examples/tcp_echo_server/,
10f7f017be91c9ae6f10,terraform_website,tier1,hashicorp/terraform-website,93ec9cbdc3a120ffde18d1275339d0d6599cd9b3,redirects.next.js,/docs/providers/turbot(/index.html),/providers/turbot/turbot/latest/docs,301,wildcard,false,"{""source"":""/docs/providers/turbot(/index.html)?"",""destination"":""https://registry.terraform.io/providers/turbot/turbot/latest/docs"",""permanent"":true}",/docs/providers/turbot(/index.html)?,https://registry.terraform.io/providers/turbot/turbot/latest/docs,
11568e4abd2859da8699,aws_amplify_docs,tier1,aws-amplify/docs,23f0406663733992d4fb33405df34f1ef0cdd883,redirects.json,/sdk/auth/how-it-works/q/platform/react-native,/react-native,301,literal,true,"{""source"": ""/sdk/auth/how-it-works/q/platform/react-native/"", ""status"": ""301"", ""target"": ""/react-native/""}",/sdk/auth/how-it-works/q/platform/react-native/,/react-native/,
11c3b0d4ce1923fb90f9,aws_amplify_docs,tier1,aws-amplify/docs,23f0406663733992d4fb33405df34f1ef0cdd883,redirects.json,/lib/getting-started/integrate/q/platform/android,/android/start/getting-started/integrate,301,literal,true,"{""source"": ""/lib/getting-started/integrate/q/platform/android/"", ""status"": ""301"", ""target"": ""/android/start/getting-started/integrate/""}",/lib/getting-started/integrate/q/platform/android/,/android/start/getting-started/integrate/,
11d4814862ab66f85137,aws_amplify_docs,tier1,aws-amplify/docs,23f0406663733992d4fb33405df34f1ef0cdd883,redirects.json,/sdk/auth/working-with-api/q/platform/android,/android/sdk/auth/working-with-api,301,literal,true,"{""source"": ""/sdk/auth/working-with-api/q/platform/android/"", ""status"": ""301"", ""target"": ""/android/sdk/auth/working-with-api/""}",/sdk/auth/working-with-api/q/platform/android/,/android/sdk/auth/working-with-api/,
120f2ffef15f0db13c9a,aws_amplify_docs,tier1,aws-amplify/docs,23f0406663733992d4fb33405df34f1ef0cdd883,redirects.json,/flutter/build-a-backend/troubleshooting/stack-cdktoolkit-already-exists,/flutter/build-a-backend/troubleshooting/cdktoolkit-stack,301,literal,true,"{""source"": ""/flutter/build-a-backend/troubleshooting/stack-cdktoolkit-already-exists/"", ""status"": ""301"", ""target"": ""/flutter/build-a-backend/troubleshooting/cdktoolkit-stack/""}",/flutter/build-a-backend/troubleshooting/stack-cdktoolkit-already-exists/,/flutter/build-a-backend/troubleshooting/cdktoolkit-stack/,
121554be45b50212f6cd,flux_website,tier2,fluxcd/website,fbe28609d4c4773ba8b0c73fe65fe8e0b428d89c,static/_redirects,/flux/components/notification/event,/flux/components/notification/events,301,literal,true,/flux/components/notification/event             /flux/components/notification/events                301!,/flux/components/notification/event,/flux/components/notification/events,
121c6f6ab1c9ef7a5459,aws_amplify_docs,tier1,aws-amplify/docs,23f0406663733992d4fb33405df34f1ef0cdd883,redirects.json,/lib/info/app-uninstall/q/platform/vue,/vue/tools/cli/commands,301,literal,true,"{""source"": ""/lib/info/app-uninstall/q/platform/vue/"", ""status"": ""301"", ""target"": ""/vue/tools/cli/commands/#uninstall""}",/lib/info/app-uninstall/q/platform/vue/,/vue/tools/cli/commands/#uninstall,
12247d601d994d37d340,aws_amplify_docs,tier1,aws-amplify/docs,23f0406663733992d4fb33405df34f1ef0cdd883,redirects.json,/[platform]/prev/build-a-backend/push-notifications/interact-with-notifications,/gen1/react/prev/build-a-backend/push-notifications/interact-with-notifications,301,wildcard,false,"{""source"": ""/[platform]/prev/build-a-backend/push-notifications/interact-with-notifications"", ""status"": ""301"", ""target"": ""/gen1/react/prev/build-a-backend/push-notifications/interact-with-notifications""}",/[platform]/prev/build-a-backend/push-notifications/interact-with-notifications,/gen1/react/prev/build-a-backend/push-notifications/interact-with-notifications,
1233fb77e11f7ae10fdb,aws_amplify_docs,tier1,aws-amplify/docs,23f0406663733992d4fb33405df34f1ef0cdd883,redirects.json,/start/getting-started/installation/q/integration/ionic,/javascript/start/getting-started/installation,301,literal,true,"{""source"": ""/start/getting-started/installation/q/integration/ionic/"", ""status"": ""301"", ""target"": ""/javascript/start/getting-started/installation/""}",/start/getting-started/installation/q/integration/ionic/,/javascript/start/getting-started/installation/,
1241489af8c8a3208069,aws_amplify_docs,tier1,aws-amplify/docs,23f0406663733992d4fb33405df34f1ef0cdd883,redirects.json,/lib-v1/project-setup/combine/q/platform/ios,/gen1/swift/prev/start/project-setup,301,literal,true,"{""source"": ""/lib-v1/project-setup/combine/q/platform/ios/"", ""status"": ""301"", ""target"": ""/gen1/swift/prev/start/project-setup/""}",/lib-v1/project-setup/combine/q/platform/ios/,/gen1/swift/prev/start/project-setup/,
1298fdb2635a26713369,aws_amplify_docs,tier1,aws-amplify/docs,23f0406663733992d4fb33405df34f1ef0cdd883,redirects.json,/lib-v1/storage/transfer-acceleration/q/platform/react-native,/gen1/react-native/prev/build-a-backend/storage/transfer-acceleration,301,literal,true,"{""source"": ""/lib-v1/storage/transfer-acceleration/q/platform/react-native/"", ""status"": ""301"", ""target"": ""/gen1/react-native/prev/build-a-backend/storage/transfer-acceleration/""}",/lib-v1/storage/transfer-acceleration/q/platform/react-native/,/gen1/react-native/prev/build-a-backend/storage/transfer-acceleration/,
12aa61b71c0eac02bd06,aws_amplify_docs,tier1,aws-amplify/docs,23f0406663733992d4fb33405df34f1ef0cdd883,redirects.json,/cli/migration/aws-cdk-migration,/javascript/tools/cli/migration/aws-cdk-migration,301,literal,true,"{""source"": ""/cli/migration/aws-cdk-migration/"", ""status"": ""301"", ""target"": ""/javascript/tools/cli/migration/aws-cdk-migration/""}",/cli/migration/aws-cdk-migration/,/javascript/tools/cli/migration/aws-cdk-migration/,
12c61619ffcded51490d,aws_amplify_docs,tier1,aws-amplify/docs,23f0406663733992d4fb33405df34f1ef0cdd883,redirects.json,/lib-v1/datastore/other-methods/q/platform/android,/gen1/android/prev/build-a-backend/more-features/datastore/additional-methods,301,literal,true,"{""source"": ""/lib-v1/datastore/other-methods/q/platform/android/"", ""status"": ""301"", ""target"": ""/gen1/android/prev/build-a-backend/more-features/datastore/additional-methods/""}",/lib-v1/datastore/other-methods/q/platform/android/,/gen1/android/prev/build-a-backend/more-features/datastore/additional-methods/,
1303fabc4bc3ec87632f,aws_amplify_docs,tier1,aws-amplify/docs,23f0406663733992d4fb33405df34f1ef0cdd883,redirects.json,/lib/auth/signin_with_custom_flow/q/platform/android,/android/build-a-backend/auth/sign-in-custom-flow,301,literal,true,"{""source"": ""/lib/auth/signin_with_custom_flow/q/platform/android/"", ""status"": ""301"", ""target"": ""/android/build-a-backend/auth/sign-in-custom-flow/""}",/lib/auth/signin_with_custom_flow/q/platform/android/,/android/build-a-backend/auth/sign-in-custom-flow/,
13e41a598db59574325d,astro_docs,tier2,withastro/docs,8e216293f74f38cc64db427622de74060403d5a8,public/_redirects,/:lang/guides/deploy/flightcontrol,/:lang/guides/deploy/aws-via-flightcontrol,301,placeholder,false,/:lang/guides/deploy/flightcontrol/                  /:lang/guides/deploy/aws-via-flightcontrol/,/:lang/guides/deploy/flightcontrol/,/:lang/guides/deploy/aws-via-flightcontrol/,
141ba75db53e30751f3e,terraform_website,tier1,hashicorp/terraform-website,93ec9cbdc3a120ffde18d1275339d0d6599cd9b3,redirects.next.js,/cloud-docs/sentinel/import/tfplan,/cloud-docs/policy-enforcement/sentinel/import/tfplan,301,literal,true,"{""source"":""/cloud-docs/sentinel/import/tfplan"",""destination"":""/cloud-docs/policy-enforcement/sentinel/import/tfplan"",""permanent"":true}",/cloud-docs/sentinel/import/tfplan,/cloud-docs/policy-enforcement/sentinel/import/tfplan,
1426b16b526bce8e58c2,aws_amplify_docs,tier1,aws-amplify/docs,23f0406663733992d4fb33405df34f1ef0cdd883,redirects.json,/javascript/prev/build-a-backend/restapi/update-data/javascript/prev/build-a-backend,/gen1/javascript/prev/build-a-backend/restapi/update-data/javascript/prev/build-a-backend,301,literal,true,"{""source"": ""/javascript/prev/build-a-backend/restapi/update-data/javascript/prev/build-a-backend/"", ""status"": ""301"", ""target"": ""/gen1/javascript/prev/build-a-backend/restapi/update-data/javascript/prev/build-a-backend/""}",/javascript/prev/build-a-backend/restapi/update-data/javascript/prev/build-a-backend/,/gen1/javascript/prev/build-a-backend/restapi/update-data/javascript/prev/build-a-backend/,
144d3c606a9138891075,aws_amplify_docs,tier1,aws-amplify/docs,23f0406663733992d4fb33405df34f1ef0cdd883,redirects.json,/sdk/api/graphql/q/platform/android,/android/sdk/api/graphql,301,literal,true,"{""source"": ""/sdk/api/graphql/q/platform/android/"", ""status"": ""301"", ""target"": ""/android/sdk/api/graphql/""}",/sdk/api/graphql/q/platform/android/,/android/sdk/api/graphql/,
14f860b5c6f83425bcb6,terraform_website,tier1,hashicorp/terraform-website,93ec9cbdc3a120ffde18d1275339d0d6599cd9b3,redirects.next.js,/docs/providers/cobbler(/index.html),/providers/cobber/cobbler/latest/docs,301,wildcard,false,"{""source"":""/docs/providers/cobbler(/index.html)?"",""destination"":""https://registry.terraform.io/providers/cobber/cobbler/latest/docs"",""permanent"":true}",/docs/providers/cobbler(/index.html)?,https://registry.terraform.io/providers/cobber/cobbler/latest/docs,
1550a07d896659bf3d80,deno_docs,tier1,denoland/docs,3bc9f662c58db48d2b07ceaf5da2fa5587cfbf5f,oldurls.json,/examples/parsing-serializing-csv,/examples/parsing_serializing_csv,301,literal,true,/examples/parsing-serializing-csv -> /examples/parsing_serializing_csv,/examples/parsing-serializing-csv,/examples/parsing_serializing_csv,
15b9928b054ce96ebf07,aws_amplify_docs,tier1,aws-amplify/docs,23f0406663733992d4fb33405df34f1ef0cdd883,redirects.json,/[platform]/deploy-and-host/deployment/deploy-static-site-github,/react/deploy-and-host/deployment/deploy-static-site-github,301,wildcard,false,"{""source"": ""/[platform]/deploy-and-host/deployment/deploy-static-site-github"", ""status"": ""301"", ""target"": ""/react/deploy-and-host/deployment/deploy-static-site-github""}",/[platform]/deploy-and-host/deployment/deploy-static-site-github,/react/deploy-and-host/deployment/deploy-static-site-github,
15c4d59d62e97dfdfe50,aws_amplify_docs,tier1,aws-amplify/docs,23f0406663733992d4fb33405df34f1ef0cdd883,redirects.json,/lib-v1/utilities/hub/q/platform/ios,/gen1/swift/prev/build-a-backend/utilities,301,literal,true,"{""source"": ""/lib-v1/utilities/hub/q/platform/ios/"", ""status"": ""301"", ""target"": ""/gen1/swift/prev/build-a-backend/utilities/""}",/lib-v1/utilities/hub/q/platform/ios/,/gen1/swift/prev/build-a-backend/utilities/,
15ec0e975e5ed9071931,terraform_website,tier1,hashicorp/terraform-website,93ec9cbdc3a120ffde18d1275339d0d6599cd9b3,redirects.next.js,/docs/providers/fortios(/index.html),/providers/fortinetdev/fortios/latest/docs,301,wildcard,false,"{""source"":""/docs/providers/fortios(/index.html)?"",""destination"":""https://registry.terraform.io/providers/fortinetdev/fortios/latest/docs"",""permanent"":true}",/docs/providers/fortios(/index.html)?,https://registry.terraform.io/providers/fortinetdev/fortios/latest/docs,
1612069b21210be57f73,deno_docs,tier1,denoland/docs,3bc9f662c58db48d2b07ceaf5da2fa5587cfbf5f,oldurls.json,/examples/import-export,/examples/import_export,301,literal,true,/examples/import-export -> /examples/import_export,/examples/import-export,/examples/import_export,
169b4365048804bf775c,aws_amplify_docs,tier1,aws-amplify/docs,23f0406663733992d4fb33405df34f1ef0cdd883,redirects.json,/lib-v1/datastore/advanced-workflows/q/platform/flutter,/gen1/flutter/prev/build-a-backend/more-features/datastore/customize-primary-keys,301,literal,true,"{""source"": ""/lib-v1/datastore/advanced-workflows/q/platform/flutter/"", ""status"": ""301"", ""target"": ""/gen1/flutter/prev/build-a-backend/more-features/datastore/customize-primary-keys/""}",/lib-v1/datastore/advanced-workflows/q/platform/flutter/,/gen1/flutter/prev/build-a-backend/more-features/datastore/customize-primary-keys/,
16a458be50b2c5d9c92b,astro_docs,tier2,withastro/docs,8e216293f74f38cc64db427622de74060403d5a8,public/_redirects,/:lang/docs/*,/:lang/:splat,301,placeholder,false,/:lang/docs/*                                   /:lang/:splat,/:lang/docs/*,/:lang/:splat,
16cae477060299632806,terraform_website,tier1,hashicorp/terraform-website,93ec9cbdc3a120ffde18d1275339d0d6599cd9b3,redirects.next.js,/language/upgrade-guides/1-0,/language/v1.1.x/upgrade-guides/1-0,301,literal,true,"{""source"":""/language/upgrade-guides/1-0"",""destination"":""/language/v1.1.x/upgrade-guides/1-0"",""permanent"":true}",/language/upgrade-guides/1-0,/language/v1.1.x/upgrade-guides/1-0,
16d56cdebfecec8d551d,aws_amplify_docs,tier1,aws-amplify/docs,23f0406663733992d4fb33405df34f1ef0cdd883,redirects.json,/<platform>/prev/start/<page>,/gen1/<platform>/prev/start/<page>,301,placeholder,false,"{""source"": ""/<platform>/prev/start/<page>/"", ""status"": ""301"", ""target"": ""/gen1/<platform>/prev/start/<page>/""}",/<platform>/prev/start/<page>/,/gen1/<platform>/prev/start/<page>/,
16d801e2f28374b726c2,flux_website,tier2,fluxcd/website,fbe28609d4c4773ba8b0c73fe65fe8e0b428d89c,static/_redirects,/flagger/usage/linkerd-progressive-delivery,/flagger/tutorials/linkerd-progressive-delivery,301,literal,true,/flagger/usage/linkerd-progressive-delivery     /flagger/tutorials/linkerd-progressive-delivery     301!,/flagger/usage/linkerd-progressive-delivery,/flagger/tutorials/linkerd-progressive-delivery,
16dd17779970f33d9a1d,aws_amplify_docs,tier1,aws-amplify/docs,23f0406663733992d4fb33405df34f1ef0cdd883,redirects.json,/guides/api-graphql/graphql-pagination/q/platform/js,/javascript/build-a-backend/graphqlapi/query-data,301,literal,true,"{""source"": ""/guides/api-graphql/graphql-pagination/q/platform/js/"", ""status"": ""301"", ""target"": ""/javascript/build-a-backend/graphqlapi/query-data/""}",/guides/api-graphql/graphql-pagination/q/platform/js/,/javascript/build-a-backend/graphqlapi/query-data/,
171e3b4170b0792c8725,terraform_website,tier1,hashicorp/terraform-website,93ec9cbdc3a120ffde18d1275339d0d6599cd9b3,redirects.next.js,/docs/providers/azuread(/index.html),/providers/hashicorp/azuread/latest/docs,301,wildcard,false,"{""source"":""/docs/providers/azuread(/index.html)?"",""destination"":""https://registry.terraform.io/providers/hashicorp/azuread/latest/docs"",""permanent"":true}",/docs/providers/azuread(/index.html)?,https://registry.terraform.io/providers/hashicorp/azuread/latest/docs,
1763c12473d95e729458,deno_docs,tier1,denoland/docs,3bc9f662c58db48d2b07ceaf5da2fa5587cfbf5f,oldurls.json,/examples/node-built-in,/examples/node_built_in,301,literal,true,/examples/node-built-in -> /examples/node_built_in,/examples/node-built-in,/examples/node_built_in,
176a11d03793b140e568,terraform_website,tier1,hashicorp/terraform-website,93ec9cbdc3a120ffde18d1275339d0d6599cd9b3,redirects.next.js,/docs/providers/azurestack/r/:path*,/providers/hashicorp/azurestack/latest/docs/resources/:path*,301,placeholder,false,"{""source"":""/docs/providers/azurestack/r/:path*"",""destination"":""https://registry.terraform.io/providers/hashicorp/azurestack/latest/docs/resources/:path*"",""permanent"":true}",/docs/providers/azurestack/r/:path*,https://registry.terraform.io/providers/hashicorp/azurestack/latest/docs/resources/:path*,
177fff7f0b0eccd03fd8,aws_amplify_docs,tier1,aws-amplify/docs,23f0406663733992d4fb33405df34f1ef0cdd883,redirects.json,/lib-v1/datastore/advanced-workflows/q/platform/react-native,/gen1/react-native/prev/build-a-backend/more-features/datastore/customize-primary-keys,301,literal,true,"{""source"": ""/lib-v1/datastore/advanced-workflows/q/platform/react-native/"", ""status"": ""301"", ""target"": ""/gen1/react-native/prev/build-a-backend/more-features/datastore/customize-primary-keys/""}",/lib-v1/datastore/advanced-workflows/q/platform/react-native/,/gen1/react-native/prev/build-a-backend/more-features/datastore/customize-primary-keys/,
17a5da92af3adedfad09,aws_amplify_docs,tier1,aws-amplify/docs,23f0406663733992d4fb33405df34f1ef0cdd883,redirects.json,/gen2,/,301,literal,true,"{""source"": ""/gen2/"", ""status"": ""301"", ""target"": ""/""}",/gen2/,/,
17a90a8462bb14b96f67,aws_amplify_docs,tier1,aws-amplify/docs,23f0406663733992d4fb33405df34f1ef0cdd883,redirects.json,/console/tutorial/code,/javascript/tools/console/tutorial/code,301,literal,true,"{""source"": ""/console/tutorial/code/"", ""status"": ""301"", ""target"": ""/javascript/tools/console/tutorial/code/""}",/console/tutorial/code/,/javascript/tools/console/tutorial/code/,
17a9770ffa264708627f,aws_amplify_docs,tier1,aws-amplify/docs,23f0406663733992d4fb33405df34f1ef0cdd883,redirects.json,/react/start/quickstart/nextjs-app-router-client-components,/react/start/quickstart,301,literal,true,"{""source"": ""/react/start/quickstart/nextjs-app-router-client-components/"", ""status"": ""301"", ""target"": ""/react/start/quickstart/""}",/react/start/quickstart/nextjs-app-router-client-components/,/react/start/quickstart/,
17b153f9cb24de7b20c5,terraform_website,tier1,hashicorp/terraform-website,93ec9cbdc3a120ffde18d1275339d0d6599cd9b3,redirects.next.js,/docs/providers/circonus/r/:path*,/providers/circonus-labs/circonus/latest/docs/resources/:path*,301,placeholder,false,"{""source"":""/docs/providers/circonus/r/:path*"",""destination"":""https://registry.terraform.io/providers/circonus-labs/circonus/latest/docs/resources/:path*"",""permanent"":true}",/docs/providers/circonus/r/:path*,https://registry.terraform.io/providers/circonus-labs/circonus/latest/docs/resources/:path*,
17b264ab5edc53e03ceb,deno_docs,tier1,denoland/docs,3bc9f662c58db48d2b07ceaf5da2fa5587cfbf5f,oldurls.json,/deploy/classic/faunadb,/examples,301,literal,true,/deploy/classic/faunadb/ -> /examples/#connecting-to-databases,/deploy/classic/faunadb/,/examples/#connecting-to-databases,
17c94aa0fa73c6af4b6d,aws_amplify_docs,tier1,aws-amplify/docs,23f0406663733992d4fb33405df34f1ef0cdd883,redirects.json,/[platform]/build-a-backend/auth/admin-actions,/react/build-a-backend/auth/admin-actions,301,wildcard,false,"{""source"": ""/[platform]/build-a-backend/auth/admin-actions"", ""status"": ""301"", ""target"": ""/react/build-a-backend/auth/admin-actions""}",/[platform]/build-a-backend/auth/admin-actions,/react/build-a-backend/auth/admin-actions,
17cf1130843e097c2f6e,aws_amplify_docs,tier1,aws-amplify/docs,23f0406663733992d4fb33405df34f1ef0cdd883,redirects.json,/cli-legacy/graphql-transformer/directives,/javascript/tools/cli-legacy/directives,301,literal,true,"{""source"": ""/cli-legacy/graphql-transformer/directives/"", ""status"": ""301"", ""target"": ""/javascript/tools/cli-legacy/directives/""}",/cli-legacy/graphql-transformer/directives/,/javascript/tools/cli-legacy/directives/,
1831c5496206afc40bbc,aws_amplify_docs,tier1,aws-amplify/docs,23f0406663733992d4fb33405df34f1ef0cdd883,redirects.json,/lib/troubleshooting/strict-mode/q/platform/js,/gen1/javascript/prev/build-a-backend/troubleshooting/strict-mode,301,literal,true,"{""source"": ""/lib/troubleshooting/strict-mode/q/platform/js/"", ""status"": ""301"", ""target"": ""/gen1/javascript/prev/build-a-backend/troubleshooting/strict-mode/""}",/lib/troubleshooting/strict-mode/q/platform/js/,/gen1/javascript/prev/build-a-backend/troubleshooting/strict-mode/,
184659483710bebf1df7,deno_docs,tier1,denoland/docs,3bc9f662c58db48d2b07ceaf5da2fa5587cfbf5f,oldurls.json,/examples/tutorials/mongoose,/examples/mongoose_tutorial,301,literal,true,/examples/tutorials/mongoose -> /examples/mongoose_tutorial,/examples/tutorials/mongoose,/examples/mongoose_tutorial,
18524e2bc0c4cb8bfbfa,aws_amplify_docs,tier1,aws-amplify/docs,23f0406663733992d4fb33405df34f1ef0cdd883,redirects.json,/lib-v1/auth/signOut/q/platform/flutter,/gen1/flutter/prev/build-a-backend/auth/sign-out,301,literal,true,"{""source"": ""/lib-v1/auth/signOut/q/platform/flutter/"", ""status"": ""301"", ""target"": ""/gen1/flutter/prev/build-a-backend/auth/sign-out/""}",/lib-v1/auth/signOut/q/platform/flutter/,/gen1/flutter/prev/build-a-backend/auth/sign-out/,
187252af1abe3017743a,aws_amplify_docs,tier1,aws-amplify/docs,23f0406663733992d4fb33405df34f1ef0cdd883,redirects.json,/gen1/nextjs/build-a-backend/graphqlapi/customize-authz-modes,/gen1/nextjs/build-a-backend/graphqlapi/customize-authorization-rules,301,literal,true,"{""source"": ""/gen1/nextjs/build-a-backend/graphqlapi/customize-authz-modes/"", ""status"": ""301"", ""target"": ""/gen1/nextjs/build-a-backend/graphqlapi/customize-authorization-rules/""}",/gen1/nextjs/build-a-backend/graphqlapi/customize-authz-modes/,/gen1/nextjs/build-a-backend/graphqlapi/customize-authorization-rules/,
18f525ef2cd4446fc8a8,aws_amplify_docs,tier1,aws-amplify/docs,23f0406663733992d4fb33405df34f1ef0cdd883,redirects.json,/<platform>/build-a-backend/utilities,/gen1/<platform>/build-a-backend/utilities,301,placeholder,false,"{""source"": ""/<platform>/build-a-backend/utilities/"", ""status"": ""301"", ""target"": ""/gen1/<platform>/build-a-backend/utilities/""}",/<platform>/build-a-backend/utilities/,/gen1/<platform>/build-a-backend/utilities/,
1963257f401489bd6e23,aws_amplify_docs,tier1,aws-amplify/docs,23f0406663733992d4fb33405df34f1ef0cdd883,redirects.json,/lib-v1/auth/signin_next_steps/q/platform/next,/gen1/nextjs/prev/build-a-backend/auth/enable-sign-up,301,literal,true,"{""source"": ""/lib-v1/auth/signin_next_steps/q/platform/next/"", ""status"": ""301"", ""target"": ""/gen1/nextjs/prev/build-a-backend/auth/enable-sign-up/""}",/lib-v1/auth/signin_next_steps/q/platform/next/,/gen1/nextjs/prev/build-a-backend/auth/enable-sign-up/,
19dc50098b7fad797193,terraform_website,tier1,hashicorp/terraform-website,93ec9cbdc3a120ffde18d1275339d0d6599cd9b3,redirects.next.js,/docs/providers/pagerduty/guides/:path*,/providers/PagerDuty/pagerduty/latest/docs/guides/:path*,301,placeholder,false,"{""source"":""/docs/providers/pagerduty/guides/:path*"",""destination"":""https://registry.terraform.io/providers/PagerDuty/pagerduty/latest/docs/guides/:path*"",""permanent"":true}",/docs/providers/pagerduty/guides/:path*,https://registry.terraform.io/providers/PagerDuty/pagerduty/latest/docs/guides/:path*,
1a0602cdbcdd93a03114,aws_amplify_docs,tier1,aws-amplify/docs,23f0406663733992d4fb33405df34f1ef0cdd883,redirects.json,/lib/geo/geofences/q/platform/js,/javascript/build-a-backend/more-features/geo/geofences,301,literal,true,"{""source"": ""/lib/geo/geofences/q/platform/js/"", ""status"": ""301"", ""target"": ""/javascript/build-a-backend/more-features/geo/geofences/""}",/lib/geo/geofences/q/platform/js/,/javascript/build-a-backend/more-features/geo/geofences/,
1a5c33d1bbfc3f78fa23,aws_amplify_docs,tier1,aws-amplify/docs,23f0406663733992d4fb33405df34f1ef0cdd883,redirects.json,/sdk/storage/configure-access/q/platform/ios,/swift/sdk/storage/configure-access,301,literal,true,"{""source"": ""/sdk/storage/configure-access/q/platform/ios/"", ""status"": ""301"", ""target"": ""/swift/sdk/storage/configure-access/""}",/sdk/storage/configure-access/q/platform/ios/,/swift/sdk/storage/configure-access/,
1a62b2b2c3e9400739a9,astro_docs,tier2,withastro/docs,8e216293f74f38cc64db427622de74060403d5a8,public/_redirects,/:lang/guides/client-side-routing,/:lang/guides/view-transitions,301,placeholder,false,/:lang/guides/client-side-routing                    /:lang/guides/view-transitions/,/:lang/guides/client-side-routing,/:lang/guides/view-transitions/,
1a745c697a5d832e634e,aws_amplify_docs,tier1,aws-amplify/docs,23f0406663733992d4fb33405df34f1ef0cdd883,redirects.json,/lib-v1/datastore/sync/q/platform/javascript,/gen1/javascript/prev/build-a-backend/more-features/datastore/sync-to-cloud,301,literal,true,"{""source"": ""/lib-v1/datastore/sync/q/platform/javascript/"", ""status"": ""301"", ""target"": ""/gen1/javascript/prev/build-a-backend/more-features/datastore/sync-to-cloud/""}",/lib-v1/datastore/sync/q/platform/javascript/,/gen1/javascript/prev/build-a-backend/more-features/datastore/sync-to-cloud/,
1a852e037cc504c6cb37,aws_amplify_docs,tier1,aws-amplify/docs,23f0406663733992d4fb33405df34f1ef0cdd883,redirects.json,/lib/geo/maps/q/platform/ios,/swift/build-a-backend/more-features/geo/maps,301,literal,true,"{""source"": ""/lib/geo/maps/q/platform/ios/"", ""status"": ""301"", ""target"": ""/swift/build-a-backend/more-features/geo/maps/""}",/lib/geo/maps/q/platform/ios/,/swift/build-a-backend/more-features/geo/maps/,
1a92e6c9dde6c0ecc226,aws_amplify_docs,tier1,aws-amplify/docs,23f0406663733992d4fb33405df34f1ef0cdd883,redirects.json,/lib-v1/datastore/how-it-works/q/platform/react-native,/gen1/react-native/prev/build-a-backend/more-features/datastore/how-it-works,301,literal,true,"{""source"": ""/lib-v1/datastore/how-it-works/q/platform/react-native/"", ""status"": ""301"", ""target"": ""/gen1/react-native/prev/build-a-backend/more-features/datastore/how-it-works/""}",/lib-v1/datastore/how-it-works/q/platform/react-native/,/gen1/react-native/prev/build-a-backend/more-features/datastore/how-it-works/,
1ab0a5bee7e262be8cf3,terraform_website,tier1,hashicorp/terraform-website,93ec9cbdc3a120ffde18d1275339d0d6599cd9b3,redirects.next.js,/docs/providers/datadog/r/:path*,/providers/DataDog/datadog/latest/docs/resources/:path*,301,placeholder,false,"{""source"":""/docs/providers/datadog/r/:path*"",""destination"":""https://registry.terraform.io/providers/DataDog/datadog/latest/docs/resources/:path*"",""permanent"":true}",/docs/providers/datadog/r/:path*,https://registry.terraform.io/providers/DataDog/datadog/latest/docs/resources/:path*,
1acd1f25a065f2593d1d,aws_amplify_docs,tier1,aws-amplify/docs,23f0406663733992d4fb33405df34f1ef0cdd883,redirects.json,/<platform>/deploy-and-host/frameworks/<page>,/gen1/<platform>/deploy-and-host/frameworks/<page>,301,placeholder,false,"{""source"": ""/<platform>/deploy-and-host/frameworks/<page>/"", ""status"": ""301"", ""target"": ""/gen1/<platform>/deploy-and-host/frameworks/<page>/""}",/<platform>/deploy-and-host/frameworks/<page>/,/gen1/<platform>/deploy-and-host/frameworks/<page>/,
1b131a61d526cb822dbd,aws_amplify_docs,tier1,aws-amplify/docs,23f0406663733992d4fb33405df34f1ef0cdd883,redirects.json,/guides/api-rest/python-api/q/platform/js,/javascript/build-a-backend/restapi,301,literal,true,"{""source"": ""/guides/api-rest/python-api/q/platform/js/"", ""status"": ""301"", ""target"": ""/javascript/build-a-backend/restapi/""}",/guides/api-rest/python-api/q/platform/js/,/javascript/build-a-backend/restapi/,
1b267e7c1166da2952ee,terraform_website,tier1,hashicorp/terraform-website,93ec9cbdc3a120ffde18d1275339d0d6599cd9b3,redirects.next.js,/docs/providers/http/d/:path*,/providers/hashicorp/http/latest/docs/data-sources/:path*,301,placeholder,false,"{""source"":""/docs/providers/http/d/:path*"",""destination"":""https://registry.terraform.io/providers/hashicorp/http/latest/docs/data-sources/:path*"",""permanent"":true}",/docs/providers/http/d/:path*,https://registry.terraform.io/providers/hashicorp/http/latest/docs/data-sources/:path*,
1b524b1088dbd32d2dbd,aws_amplify_docs,tier1,aws-amplify/docs,23f0406663733992d4fb33405df34f1ef0cdd883,redirects.json,/lib/datastore/how-it-works/q/platform/vue,/vue/build-a-backend/more-features/datastore/how-it-works,301,literal,true,"{""source"": ""/lib/datastore/how-it-works/q/platform/vue/"", ""status"": ""301"", ""target"": ""/vue/build-a-backend/more-features/datastore/how-it-works/""}",/lib/datastore/how-it-works/q/platform/vue/,/vue/build-a-backend/more-features/datastore/how-it-works/,
1b5baed2b80e086ea7b9,aws_amplify_docs,tier1,aws-amplify/docs,23f0406663733992d4fb33405df34f1ef0cdd883,redirects.json,/lib/troubleshooting/upgrading/q/platform/react-native,/react-native/build-a-backend/troubleshooting/upgrade-amplify-packages,301,literal,true,"{""source"": ""/lib/troubleshooting/upgrading/q/platform/react-native/"", ""status"": ""301"", ""target"": ""/react-native/build-a-backend/troubleshooting/upgrade-amplify-packages/""}",/lib/troubleshooting/upgrading/q/platform/react-native/,/react-native/build-a-backend/troubleshooting/upgrade-amplify-packages/,
1b66f70aba9fdb93e36d,terraform_website,tier1,hashicorp/terraform-website,93ec9cbdc3a120ffde18d1275339d0d6599cd9b3,redirects.next.js,/docs/providers/ncloud(/index.html),/providers/NaverCloudPlatform/ncloud/latest/docs,301,wildcard,false,"{""source"":""/docs/providers/ncloud(/index.html)?"",""destination"":""https://registry.terraform.io/providers/NaverCloudPlatform/ncloud/latest/docs"",""permanent"":true}",/docs/providers/ncloud(/index.html)?,https://registry.terraform.io/providers/NaverCloudPlatform/ncloud/latest/docs,
1be98512765ad1eaf7aa,aws_amplify_docs,tier1,aws-amplify/docs,23f0406663733992d4fb33405df34f1ef0cdd883,redirects.json,/lib/auth/delete_user/q/platform/react-native,/react-native/build-a-backend/auth/delete-user-account,301,literal,true,"{""source"": ""/lib/auth/delete_user/q/platform/react-native/"", ""status"": ""301"", ""target"": ""/react-native/build-a-backend/auth/delete-user-account/""}",/lib/auth/delete_user/q/platform/react-native/,/react-native/build-a-backend/auth/delete-user-account/,
1bfe8c8d19e9f6787d88,aws_amplify_docs,tier1,aws-amplify/docs,23f0406663733992d4fb33405df34f1ef0cdd883,redirects.json,/[platform]/prev/build-a-backend/utilities/service-worker,/gen1/react/prev/build-a-backend/utilities/service-worker,301,wildcard,false,"{""source"": ""/[platform]/prev/build-a-backend/utilities/service-worker"", ""status"": ""301"", ""target"": ""/gen1/react/prev/build-a-backend/utilities/service-worker""}",/[platform]/prev/build-a-backend/utilities/service-worker,/gen1/react/prev/build-a-backend/utilities/service-worker,
1c417516fde442b44da4,aws_amplify_docs,tier1,aws-amplify/docs,23f0406663733992d4fb33405df34f1ef0cdd883,redirects.json,/lib-v1/analytics/escapehatch/q/platform/ios,/gen1/swift/prev/build-a-backend/more-features/analytics/sdk,301,literal,true,"{""source"": ""/lib-v1/analytics/escapehatch/q/platform/ios/"", ""status"": ""301"", ""target"": ""/gen1/swift/prev/build-a-backend/more-features/analytics/sdk/""}",/lib-v1/analytics/escapehatch/q/platform/ios/,/gen1/swift/prev/build-a-backend/more-features/analytics/sdk/,
1c4ec1f50f23d050c5da,aws_amplify_docs,tier1,aws-amplify/docs,23f0406663733992d4fb33405df34f1ef0cdd883,redirects.json,/lib/auth/signin_web_ui/q/platform/android,/android/build-a-backend/auth/sign-in-with-web-ui,301,literal,true,"{""source"": ""/lib/auth/signin_web_ui/q/platform/android/"", ""status"": ""301"", ""target"": ""/android/build-a-backend/auth/sign-in-with-web-ui/""}",/lib/auth/signin_web_ui/q/platform/android/,/android/build-a-backend/auth/sign-in-with-web-ui/,
1c992ab67ea6df44cd27,aws_amplify_docs,tier1,aws-amplify/docs,23f0406663733992d4fb33405df34f1ef0cdd883,redirects.json,/lib/analytics/update-endpoint/q/platform/js,/gen1/javascript/prev/build-a-backend/more-features/analytics/update-endpoint,301,literal,true,"{""source"": ""/lib/analytics/update-endpoint/q/platform/js/"", ""status"": ""301"", ""target"": ""/gen1/javascript/prev/build-a-backend/more-features/analytics/update-endpoint/""}",/lib/analytics/update-endpoint/q/platform/js/,/gen1/javascript/prev/build-a-backend/more-features/analytics/update-endpoint/,
1c9ffa576fd17e20b3d5,aws_amplify_docs,tier1,aws-amplify/docs,23f0406663733992d4fb33405df34f1ef0cdd883,redirects.json,/lib/push-notifications/receive-device-token/q/platform/flutter,/flutter/build-a-backend/push-notifications/receive-device-token,301,literal,true,"{""source"": ""/lib/push-notifications/receive-device-token/q/platform/flutter/"", ""status"": ""301"", ""target"": ""/flutter/build-a-backend/push-notifications/receive-device-token/""}",/lib/push-notifications/receive-device-token/q/platform/flutter/,/flutter/build-a-backend/push-notifications/receive-device-token/,
1cbeeb3dea16c2a32c9c,aws_amplify_docs,tier1,aws-amplify/docs,23f0406663733992d4fb33405df34f1ef0cdd883,redirects.json,/lib-v1/q/platform/js,/javascript/tools/libraries,301,literal,true,"{""source"": ""/lib-v1/q/platform/js/"", ""status"": ""301"", ""target"": ""/javascript/tools/libraries/""}",/lib-v1/q/platform/js/,/javascript/tools/libraries/,
1d0aa7f16245c06e6f32,terraform_website,tier1,hashicorp/terraform-website,93ec9cbdc3a120ffde18d1275339d0d6599cd9b3,redirects.next.js,/docs/providers/digitalocean(/index.html),/providers/digitalocean/digitalocean/latest/docs,301,wildcard,false,"{""source"":""/docs/providers/digitalocean(/index.html)?"",""destination"":""https://registry.terraform.io/providers/digitalocean/digitalocean/latest/docs"",""permanent"":true}",/docs/providers/digitalocean(/index.html)?,https://registry.terraform.io/providers/digitalocean/digitalocean/latest/docs,
1d62fcea492f719a9f80,aws_amplify_docs,tier1,aws-amplify/docs,23f0406663733992d4fb33405df34f1ef0cdd883,redirects.json,/<platform>/start/project-setup/<page>,/gen1/<platform>/start/project-setup/<page>,301,placeholder,false,"{""source"": ""/<platform>/start/project-setup/<page>/"", ""status"": ""301"", ""target"": ""/gen1/<platform>/start/project-setup/<page>/""}",/<platform>/start/project-setup/<page>/,/gen1/<platform>/start/project-setup/<page>/,
1dbe301bc7d90928b4cf,aws_amplify_docs,tier1,aws-amplify/docs,23f0406663733992d4fb33405df34f1ef0cdd883,redirects.json,/react-native/build-a-backend/storage/storage-v5-to-v6-migration-guide,/gen1/react-native/build-a-backend/storage/storage-v5-to-v6-migration-guide,301,literal,true,"{""source"": ""/react-native/build-a-backend/storage/storage-v5-to-v6-migration-guide/"", ""status"": ""301"", ""target"": ""/gen1/react-native/build-a-backend/storage/storage-v5-to-v6-migration-guide/""}",/react-native/build-a-backend/storage/storage-v5-to-v6-migration-guide/,/gen1/react-native/build-a-backend/storage/storage-v5-to-v6-migration-guide/,
1e53b829b9ccfdc70742,aws_amplify_docs,tier1,aws-amplify/docs,23f0406663733992d4fb33405df34f1ef0cdd883,redirects.json,/lib-v1/predictions/sample/q/platform/react-native,/gen1/react-native/prev/build-a-backend/more-features/predictions/example-app,301,literal,true,"{""source"": ""/lib-v1/predictions/sample/q/platform/react-native/"", ""status"": ""301"", ""target"": ""/gen1/react-native/prev/build-a-backend/more-features/predictions/example-app/""}",/lib-v1/predictions/sample/q/platform/react-native/,/gen1/react-native/prev/build-a-backend/more-features/predictions/example-app/,
1e644c4d48eb54387411,aws_amplify_docs,tier1,aws-amplify/docs,23f0406663733992d4fb33405df34f1ef0cdd883,redirects.json,/lib/datastore/sync/q/platform/js,/javascript/build-a-backend/more-features/datastore/sync-to-cloud,301,literal,true,"{""source"": ""/lib/datastore/sync/q/platform/js/"", ""status"": ""301"", ""target"": ""/javascript/build-a-backend/more-features/datastore/sync-to-cloud/""}",/lib/datastore/sync/q/platform/js/,/javascript/build-a-backend/more-features/datastore/sync-to-cloud/,
1e64e4d1429cc6a04bc1,aws_amplify_docs,tier1,aws-amplify/docs,23f0406663733992d4fb33405df34f1ef0cdd883,redirects.json,/console,/javascript/tools/console,301,literal,true,"{""source"": ""/console/"", ""status"": ""301"", ""target"": ""/javascript/tools/console/""}",/console/,/javascript/tools/console/,
1e83b10e92df471c7895,deno_docs,tier1,denoland/docs,3bc9f662c58db48d2b07ceaf5da2fa5587cfbf5f,oldurls.json,/api/deno/~/Deno.TlsConn.rid,/runtime/reference/migration_guide,301,literal,true,/api/deno/~/Deno.TlsConn.rid/ -> /runtime/reference/migration_guide/#rid,/api/deno/~/Deno.TlsConn.rid/,/runtime/reference/migration_guide/#rid,
1f0556cf232b6cb439bf,aws_amplify_docs,tier1,aws-amplify/docs,23f0406663733992d4fb33405df34f1ef0cdd883,redirects.json,/lib-v1/graphqlapi/advanced-workflows/q/platform/flutter,/gen1/flutter/prev/build-a-backend/graphqlapi/advanced-workflows,301,literal,true,"{""source"": ""/lib-v1/graphqlapi/advanced-workflows/q/platform/flutter/"", ""status"": ""301"", ""target"": ""/gen1/flutter/prev/build-a-backend/graphqlapi/advanced-workflows/""}",/lib-v1/graphqlapi/advanced-workflows/q/platform/flutter/,/gen1/flutter/prev/build-a-backend/graphqlapi/advanced-workflows/,
1f63bbfab77f5cb6062d,aws_amplify_docs,tier1,aws-amplify/docs,23f0406663733992d4fb33405df34f1ef0cdd883,redirects.json,/lib-v1/predictions/identify-entity/q/platform/react-native,/gen1/react-native/prev/build-a-backend/more-features/predictions/identify-entity,301,literal,true,"{""source"": ""/lib-v1/predictions/identify-entity/q/platform/react-native/"", ""status"": ""301"", ""target"": ""/gen1/react-native/prev/build-a-backend/more-features/predictions/identify-entity/""}",/lib-v1/predictions/identify-entity/q/platform/react-native/,/gen1/react-native/prev/build-a-backend/more-features/predictions/identify-entity/,
1fac3f0c62b5675b5ef3,aws_amplify_docs,tier1,aws-amplify/docs,23f0406663733992d4fb33405df34f1ef0cdd883,redirects.json,/lib/auth/social/q/platform/android,/gen1/android/build-a-backend/auth/add-social-provider,301,literal,true,"{""source"": ""/lib/auth/social/q/platform/android/"", ""status"": ""301"", ""target"": ""/gen1/android/build-a-backend/auth/add-social-provider/""}",/lib/auth/social/q/platform/android/,/gen1/android/build-a-backend/auth/add-social-provider/,
2048475d5858b4b2e49c,aws_amplify_docs,tier1,aws-amplify/docs,23f0406663733992d4fb33405df34f1ef0cdd883,redirects.json,/cli,/javascript/tools/cli,301,literal,true,"{""source"": ""/cli/"", ""status"": ""301"", ""target"": ""/javascript/tools/cli/""}",/cli/,/javascript/tools/cli/,
20bd2987885c4daeba52,aws_amplify_docs,tier1,aws-amplify/docs,23f0406663733992d4fb33405df34f1ef0cdd883,redirects.json,/lib/logging/hub-events/q/platform/ios,/swift/build-a-backend/more-features/logging/hub-events,301,literal,true,"{""source"": ""/lib/logging/hub-events/q/platform/ios/"", ""status"": ""301"", ""target"": ""/swift/build-a-backend/more-features/logging/hub-events/""}",/lib/logging/hub-events/q/platform/ios/,/swift/build-a-backend/more-features/logging/hub-events/,
20c323414f73fbd11dce,aws_amplify_docs,tier1,aws-amplify/docs,23f0406663733992d4fb33405df34f1ef0cdd883,redirects.json,/lib-v1/storage/existing-resources/q/platform/android,/gen1/android/prev/build-a-backend/storage/existing-resources,301,literal,true,"{""source"": ""/lib-v1/storage/existing-resources/q/platform/android/"", ""status"": ""301"", ""target"": ""/gen1/android/prev/build-a-backend/storage/existing-resources/""}",/lib-v1/storage/existing-resources/q/platform/android/,/gen1/android/prev/build-a-backend/storage/existing-resources/,
211593e75810702b0ec4,aws_amplify_docs,tier1,aws-amplify/docs,23f0406663733992d4fb33405df34f1ef0cdd883,redirects.json,/lib-v1/predictions/translate/q/platform/js,/gen1/javascript/prev/build-a-backend/more-features/predictions/translate,301,literal,true,"{""source"": ""/lib-v1/predictions/translate/q/platform/js/"", ""status"": ""301"", ""target"": ""/gen1/javascript/prev/build-a-backend/more-features/predictions/translate/""}",/lib-v1/predictions/translate/q/platform/js/,/gen1/javascript/prev/build-a-backend/more-features/predictions/translate/,
211c30914ae11408262e,aws_amplify_docs,tier1,aws-amplify/docs,23f0406663733992d4fb33405df34f1ef0cdd883,redirects.json,/lib/storage/configureaccess/q/platform/ios,/swift/build-a-backend/storage/configure-access,301,literal,true,"{""source"": ""/lib/storage/configureaccess/q/platform/ios/"", ""status"": ""301"", ""target"": ""/swift/build-a-backend/storage/configure-access/""}",/lib/storage/configureaccess/q/platform/ios/,/swift/build-a-backend/storage/configure-access/,
212777ab2d3fff7cb094,aws_amplify_docs,tier1,aws-amplify/docs,23f0406663733992d4fb33405df34f1ef0cdd883,redirects.json,/cli/usage/monorepo,/javascript/tools/cli/project/monorepo,301,literal,true,"{""source"": ""/cli/usage/monorepo/"", ""status"": ""301"", ""target"": ""/javascript/tools/cli/project/monorepo/""}",/cli/usage/monorepo/,/javascript/tools/cli/project/monorepo/,
216125626ed878e44ddd,aws_amplify_docs,tier1,aws-amplify/docs,23f0406663733992d4fb33405df34f1ef0cdd883,redirects.json,/lib/graphqlapi/concepts/q/platform/android,/android/build-a-backend/graphqlapi/api-graphql-concepts,301,literal,true,"{""source"": ""/lib/graphqlapi/concepts/q/platform/android/"", ""status"": ""301"", ""target"": ""/android/build-a-backend/graphqlapi/api-graphql-concepts/""}",/lib/graphqlapi/concepts/q/platform/android/,/android/build-a-backend/graphqlapi/api-graphql-concepts/,
2172f3d76994213a1952,aws_amplify_docs,tier1,aws-amplify/docs,23f0406663733992d4fb33405df34f1ef0cdd883,redirects.json,/lib-v1/auth/access_credentials/q/platform/react-native,/gen1/react-native/prev/build-a-backend/auth,301,literal,true,"{""source"": ""/lib-v1/auth/access_credentials/q/platform/react-native/"", ""status"": ""301"", ""target"": ""/gen1/react-native/prev/build-a-backend/auth/""}",/lib-v1/auth/access_credentials/q/platform/react-native/,/gen1/react-native/prev/build-a-backend/auth/,
21980dcf89e3d4087985,flux_website,tier2,fluxcd/website,fbe28609d4c4773ba8b0c73fe65fe8e0b428d89c,static/_redirects,/flux/components/notification/provider,/flux/components/notification/providers,301,literal,true,/flux/components/notification/provider          /flux/components/notification/providers             301!,/flux/components/notification/provider,/flux/components/notification/providers,
21fb6f191c2c3cae29de,aws_amplify_docs,tier1,aws-amplify/docs,23f0406663733992d4fb33405df34f1ef0cdd883,redirects.json,/lib-v1/auth/signOut/q/platform/android,/gen1/android/prev/build-a-backend/auth/sign-out,301,literal,true,"{""source"": ""/lib-v1/auth/signOut/q/platform/android/"", ""status"": ""301"", ""target"": ""/gen1/android/prev/build-a-backend/auth/sign-out/""}",/lib-v1/auth/signOut/q/platform/android/,/gen1/android/prev/build-a-backend/auth/sign-out/,
22d0b6df480a9f9fa556,aws_amplify_docs,tier1,aws-amplify/docs,23f0406663733992d4fb33405df34f1ef0cdd883,redirects.json,/lib/datastore/schema-updates/q/platform/js,/javascript/build-a-backend/more-features/datastore/schema-updates,301,literal,true,"{""source"": ""/lib/datastore/schema-updates/q/platform/js/"", ""status"": ""301"", ""target"": ""/javascript/build-a-backend/more-features/datastore/schema-updates/""}",/lib/datastore/schema-updates/q/platform/js/,/javascript/build-a-backend/more-features/datastore/schema-updates/,
23069d5b2b40e3777d05,aws_amplify_docs,tier1,aws-amplify/docs,23f0406663733992d4fb33405df34f1ef0cdd883,redirects.json,/[platform]/build-ui/uibuilder/override,/react/build-ui/uibuilder/override,301,wildcard,false,"{""source"": ""/[platform]/build-ui/uibuilder/override"", ""status"": ""301"", ""target"": ""/react/build-ui/uibuilder/override""}",/[platform]/build-ui/uibuilder/override,/react/build-ui/uibuilder/override,
236bfcd21846b39de11c,aws_amplify_docs,tier1,aws-amplify/docs,23f0406663733992d4fb33405df34f1ef0cdd883,redirects.json,/lib-v1/auth/getting-started/q/platform/flutter,/gen1/flutter/prev/build-a-backend/auth/set-up-auth,301,literal,true,"{""source"": ""/lib-v1/auth/getting-started/q/platform/flutter/"", ""status"": ""301"", ""target"": ""/gen1/flutter/prev/build-a-backend/auth/set-up-auth/""}",/lib-v1/auth/getting-started/q/platform/flutter/,/gen1/flutter/prev/build-a-backend/auth/set-up-auth/,
2393688b5d8a0b1bca1a,aws_amplify_docs,tier1,aws-amplify/docs,23f0406663733992d4fb33405df34f1ef0cdd883,redirects.json,/angular/prev/start/project-setup/create-application,/gen1/angular/prev/start/project-setup/create-application,301,literal,true,"{""source"": ""/angular/prev/start/project-setup/create-application/"", ""status"": ""301"", ""target"": ""/gen1/angular/prev/start/project-setup/create-application/""}",/angular/prev/start/project-setup/create-application/,/gen1/angular/prev/start/project-setup/create-application/,
23cfbc306b795f4618e1,aws_amplify_docs,tier1,aws-amplify/docs,23f0406663733992d4fb33405df34f1ef0cdd883,redirects.json,/sdk/push-notifications/setup-push-service/q/platform/ios,/swift/sdk/push-notifications/setup-push-service,301,literal,true,"{""source"": ""/sdk/push-notifications/setup-push-service/q/platform/ios/"", ""status"": ""301"", ""target"": ""/swift/sdk/push-notifications/setup-push-service/""}",/sdk/push-notifications/setup-push-service/q/platform/ios/,/swift/sdk/push-notifications/setup-push-service/,
241a250121ba3ffc7094,aws_amplify_docs,tier1,aws-amplify/docs,23f0406663733992d4fb33405df34f1ef0cdd883,redirects.json,/lib/in-app-messaging/overview/q/platform/js,/javascript/build-a-backend/more-features/in-app-messaging,301,literal,true,"{""source"": ""/lib/in-app-messaging/overview/q/platform/js/"", ""status"": ""301"", ""target"": ""/javascript/build-a-backend/more-features/in-app-messaging/""}",/lib/in-app-messaging/overview/q/platform/js/,/javascript/build-a-backend/more-features/in-app-messaging/,
241b7a821fee5df29510,aws_amplify_docs,tier1,aws-amplify/docs,23f0406663733992d4fb33405df34f1ef0cdd883,redirects.json,/start/getting-started/integrate/q/integration/android,/android/start/getting-started/integrate,301,literal,true,"{""source"": ""/start/getting-started/integrate/q/integration/android/"", ""status"": ""301"", ""target"": ""/android/start/getting-started/integrate/""}",/start/getting-started/integrate/q/integration/android/,/android/start/getting-started/integrate/,
2443194e981891a24f74,aws_amplify_docs,tier1,aws-amplify/docs,23f0406663733992d4fb33405df34f1ef0cdd883,redirects.json,/start/getting-started/integrate/q/integration/q/integration/react-native,/react-native/start/getting-started,301,literal,true,"{""source"": ""/start/getting-started/integrate/q/integration/q/integration/react-native/"", ""status"": ""301"", ""target"": ""/react-native/start/getting-started/""}",/start/getting-started/integrate/q/integration/q/integration/react-native/,/react-native/start/getting-started/,
245d00574e89bf2eb774,aws_amplify_docs,tier1,aws-amplify/docs,23f0406663733992d4fb33405df34f1ef0cdd883,redirects.json,/angular/deploy-and-host/custom-configuration,/gen1/angular/deploy-and-host/custom-configuration,301,literal,true,"{""source"": ""/angular/deploy-and-host/custom-configuration/"", ""status"": ""301"", ""target"": ""/gen1/angular/deploy-and-host/custom-configuration/""}",/angular/deploy-and-host/custom-configuration/,/gen1/angular/deploy-and-host/custom-configuration/,
247ff9ba88244d06c03d,aws_amplify_docs,tier1,aws-amplify/docs,23f0406663733992d4fb33405df34f1ef0cdd883,redirects.json,/sdk/analytics/kinesis/q/platform/android,/android/sdk/analytics/kinesis,301,literal,true,"{""source"": ""/sdk/analytics/kinesis/q/platform/android/"", ""status"": ""301"", ""target"": ""/android/sdk/analytics/kinesis/""}",/sdk/analytics/kinesis/q/platform/android/,/android/sdk/analytics/kinesis/,
2487bca79476fa00ba87,terraform_website,tier1,hashicorp/terraform-website,93ec9cbdc3a120ffde18d1275339d0d6599cd9b3,redirects.next.js,/docs/providers/powerdns/guides/:path*,/providers/pan-net/powerdns/latest/docs/guides/:path*,301,placeholder,false,"{""source"":""/docs/providers/powerdns/guides/:path*"",""destination"":""https://registry.terraform.io/providers/pan-net/powerdns/latest/docs/guides/:path*"",""permanent"":true}",/docs/providers/powerdns/guides/:path*,https://registry.terraform.io/providers/pan-net/powerdns/latest/docs/guides/:path*,
24e2f3d16731a5460592,aws_amplify_docs,tier1,aws-amplify/docs,23f0406663733992d4fb33405df34f1ef0cdd883,redirects.json,/<platform>/tools/cli-legacy,/gen1/<platform>/tools/cli-legacy,301,placeholder,false,"{""source"": ""/<platform>/tools/cli-legacy/"", ""status"": ""301"", ""target"": ""/gen1/<platform>/tools/cli-legacy/""}",/<platform>/tools/cli-legacy/,/gen1/<platform>/tools/cli-legacy/,
250f3c6b80c9819b44c2,terraform_website,tier1,hashicorp/terraform-website,93ec9cbdc3a120ffde18d1275339d0d6599cd9b3,redirects.next.js,/docs/providers/alicloud/d/:path*,/providers/aliyun/alicloud/latest/docs/data-sources/:path*,301,placeholder,false,"{""source"":""/docs/providers/alicloud/d/:path*"",""destination"":""https://registry.terraform.io/providers/aliyun/alicloud/latest/docs/data-sources/:path*"",""permanent"":true}",/docs/providers/alicloud/d/:path*,https://registry.terraform.io/providers/aliyun/alicloud/latest/docs/data-sources/:path*,
258367e32c4086a2b89a,terraform_website,tier1,hashicorp/terraform-website,93ec9cbdc3a120ffde18d1275339d0d6599cd9b3,redirects.next.js,/docs/providers/azuread/guides/:path*,/providers/hashicorp/azuread/latest/docs/guides/:path*,301,placeholder,false,"{""source"":""/docs/providers/azuread/guides/:path*"",""destination"":""https://registry.terraform.io/providers/hashicorp/azuread/latest/docs/guides/:path*"",""permanent"":true}",/docs/providers/azuread/guides/:path*,https://registry.terraform.io/providers/hashicorp/azuread/latest/docs/guides/:path*,
2594863546eeab933416,aws_amplify_docs,tier1,aws-amplify/docs,23f0406663733992d4fb33405df34f1ef0cdd883,redirects.json,/react/build-a-backend/troubleshooting/upgrade-amplify-packages,/gen1/react/build-a-backend/troubleshooting/upgrade-amplify-packages,301,literal,true,"{""source"": ""/react/build-a-backend/troubleshooting/upgrade-amplify-packages/"", ""status"": ""301"", ""target"": ""/gen1/react/build-a-backend/troubleshooting/upgrade-amplify-packages/""}",/react/build-a-backend/troubleshooting/upgrade-amplify-packages/,/gen1/react/build-a-backend/troubleshooting/upgrade-amplify-packages/,
259aeedce43193f23b94,terraform_website,tier1,hashicorp/terraform-website,93ec9cbdc3a120ffde18d1275339d0d6599cd9b3,redirects.next.js,/enterprise/install,/enterprise/install/pre-install-checklist,301,literal,true,"{""source"":""/enterprise/install"",""destination"":""/enterprise/install/pre-install-checklist"",""permanent"":true}",/enterprise/install,/enterprise/install/pre-install-checklist,
25a94d00594a2c653d9e,aws_amplify_docs,tier1,aws-amplify/docs,23f0406663733992d4fb33405df34f1ef0cdd883,redirects.json,/lib/auth/signin_next_steps/q/platform/android,/android/build-a-backend/auth/multi-step-sign-in,301,literal,true,"{""source"": ""/lib/auth/signin_next_steps/q/platform/android/"", ""status"": ""301"", ""target"": ""/android/build-a-backend/auth/multi-step-sign-in/""}",/lib/auth/signin_next_steps/q/platform/android/,/android/build-a-backend/auth/multi-step-sign-in/,
26b230f45aab8a1c31ec,aws_amplify_docs,tier1,aws-amplify/docs,23f0406663733992d4fb33405df34f1ef0cdd883,redirects.json,/lib/restapi/authz/q/platform/react-native,/react-native/build-a-backend/restapi/customize-authz,301,literal,true,"{""source"": ""/lib/restapi/authz/q/platform/react-native/"", ""status"": ""301"", ""target"": ""/react-native/build-a-backend/restapi/customize-authz/""}",/lib/restapi/authz/q/platform/react-native/,/react-native/build-a-backend/restapi/customize-authz/,
26bb8c6289bce5fdb03e,aws_amplify_docs,tier1,aws-amplify/docs,23f0406663733992d4fb33405df34f1ef0cdd883,redirects.json,/nextjs/deploy-and-host/deployment,/gen1/nextjs/deploy-and-host/deployment,301,literal,true,"{""source"": ""/nextjs/deploy-and-host/deployment/"", ""status"": ""301"", ""target"": ""/gen1/nextjs/deploy-and-host/deployment/""}",/nextjs/deploy-and-host/deployment/,/gen1/nextjs/deploy-and-host/deployment/,
28031408cb83593085dd,aws_amplify_docs,tier1,aws-amplify/docs,23f0406663733992d4fb33405df34f1ef0cdd883,redirects.json,/lib-v1/push-notifications/enable-rich-notifications/q/platform/react-native,/gen1/react-native/prev/build-a-backend/push-notifications/enable-rich-notifications,301,literal,true,"{""source"": ""/lib-v1/push-notifications/enable-rich-notifications/q/platform/react-native/"", ""status"": ""301"", ""target"": ""/gen1/react-native/prev/build-a-backend/push-notifications/enable-rich-notifications/""}",/lib-v1/push-notifications/enable-rich-notifications/q/platform/react-native/,/gen1/react-native/prev/build-a-backend/push-notifications/enable-rich-notifications/,
281a55e64da5e524cd91,aws_amplify_docs,tier1,aws-amplify/docs,23f0406663733992d4fb33405df34f1ef0cdd883,redirects.json,/api/swagger/ui/index,/,301,literal,true,"{""source"": ""/api/swagger/ui/index"", ""status"": ""301"", ""target"": ""https://ui.docs.amplify.aws/""}",/api/swagger/ui/index,https://ui.docs.amplify.aws/,
2848a1106ccf1595b918,aws_amplify_docs,tier1,aws-amplify/docs,23f0406663733992d4fb33405df34f1ef0cdd883,redirects.json,/guides/api-graphql/lambda-resolvers/q/platform/ios,/swift/build-a-backend/graphqlapi/connect-from-server-runtime,301,literal,true,"{""source"": ""/guides/api-graphql/lambda-resolvers/q/platform/ios/"", ""status"": ""301"", ""target"": ""/swift/build-a-backend/graphqlapi/connect-from-server-runtime/""}",/guides/api-graphql/lambda-resolvers/q/platform/ios/,/swift/build-a-backend/graphqlapi/connect-from-server-runtime/,
289da31e484d41b8fede,aws_amplify_docs,tier1,aws-amplify/docs,23f0406663733992d4fb33405df34f1ef0cdd883,redirects.json,/lib/auth/manageusers/q/platform/js,/gen1/javascript/prev/build-a-backend/auth/manage-passwords,301,literal,true,"{""source"": ""/lib/auth/manageusers/q/platform/js/"", ""status"": ""301"", ""target"": ""/gen1/javascript/prev/build-a-backend/auth/manage-passwords/""}",/lib/auth/manageusers/q/platform/js/,/gen1/javascript/prev/build-a-backend/auth/manage-passwords/,
28a234c08dc8db0471d9,terraform_website,tier1,hashicorp/terraform-website,93ec9cbdc3a120ffde18d1275339d0d6599cd9b3,redirects.next.js,/docs/providers/vsphere/r/:path*,/providers/hashicorp/vsphere/latest/docs/resources/:path*,301,placeholder,false,"{""source"":""/docs/providers/vsphere/r/:path*"",""destination"":""https://registry.terraform.io/providers/hashicorp/vsphere/latest/docs/resources/:path*"",""permanent"":true}",/docs/providers/vsphere/r/:path*,https://registry.terraform.io/providers/hashicorp/vsphere/latest/docs/resources/:path*,
2900b26314adeeb7c849,aws_amplify_docs,tier1,aws-amplify/docs,23f0406663733992d4fb33405df34f1ef0cdd883,redirects.json,/lib/storage/remove/q/platform/react-native,/react-native/build-a-backend/storage/remove,301,literal,true,"{""source"": ""/lib/storage/remove/q/platform/react-native/"", ""status"": ""301"", ""target"": ""/react-native/build-a-backend/storage/remove/""}",/lib/storage/remove/q/platform/react-native/,/react-native/build-a-backend/storage/remove/,
290aad54f93c815f1ed3,aws_amplify_docs,tier1,aws-amplify/docs,23f0406663733992d4fb33405df34f1ef0cdd883,redirects.json,/lib/datastore/schema-updates/q/platform/next,/nextjs/build-a-backend/more-features/datastore/schema-updates,301,literal,true,"{""source"": ""/lib/datastore/schema-updates/q/platform/next/"", ""status"": ""301"", ""target"": ""/nextjs/build-a-backend/more-features/datastore/schema-updates/""}",/lib/datastore/schema-updates/q/platform/next/,/nextjs/build-a-backend/more-features/datastore/schema-updates/,
295654d09e05f1b86e19,flux_website,tier2,fluxcd/website,fbe28609d4c4773ba8b0c73fe65fe8e0b428d89c,static/_redirects,/docs/*,/flux/:splat,301,placeholder,false,/docs/*                                         /flux/:splat                                        301!,/docs/*,/flux/:splat,
299654544194c006316d,terraform_website,tier1,hashicorp/terraform-website,93ec9cbdc3a120ffde18d1275339d0d6599cd9b3,redirects.next.js,/docs/providers/nutanix/r/:path*,/providers/nutanix/nutanix/latest/docs/resources/:path*,301,placeholder,false,"{""source"":""/docs/providers/nutanix/r/:path*"",""destination"":""https://registry.terraform.io/providers/nutanix/nutanix/latest/docs/resources/:path*"",""permanent"":true}",/docs/providers/nutanix/r/:path*,https://registry.terraform.io/providers/nutanix/nutanix/latest/docs/resources/:path*,
29e8ddc8149fd4c17bfc,aws_amplify_docs,tier1,aws-amplify/docs,23f0406663733992d4fb33405df34f1ef0cdd883,redirects.json,/lib-v1/analytics/record/q/platform/js,/gen1/javascript/prev/build-a-backend/more-features/analytics/record-events,301,literal,true,"{""source"": ""/lib-v1/analytics/record/q/platform/js/"", ""status"": ""301"", ""target"": ""/gen1/javascript/prev/build-a-backend/more-features/analytics/record-events/""}",/lib-v1/analytics/record/q/platform/js/,/gen1/javascript/prev/build-a-backend/more-features/analytics/record-events/,
2a4f746b71becd572cb2,aws_amplify_docs,tier1,aws-amplify/docs,23f0406663733992d4fb33405df34f1ef0cdd883,redirects.json,/lib,/react/build-a-backend,301,literal,true,"{""source"": ""/lib/"", ""status"": ""301"", ""target"": ""/react/build-a-backend/""}",/lib/,/react/build-a-backend/,
2a75c3d78b5688296c2b,aws_amplify_docs,tier1,aws-amplify/docs,23f0406663733992d4fb33405df34f1ef0cdd883,redirects.json,/vue/build-a-backend/troubleshooting/migrate-from-javascript-v5-to-v6,/gen1/vue/build-a-backend/troubleshooting/migrate-from-javascript-v5-to-v6,301,literal,true,"{""source"": ""/vue/build-a-backend/troubleshooting/migrate-from-javascript-v5-to-v6/"", ""status"": ""301"", ""target"": ""/gen1/vue/build-a-backend/troubleshooting/migrate-from-javascript-v5-to-v6/""}",/vue/build-a-backend/troubleshooting/migrate-from-javascript-v5-to-v6/,/gen1/vue/build-a-backend/troubleshooting/migrate-from-javascript-v5-to-v6/,
2a988cb0e68e0cd52108,aws_amplify_docs,tier1,aws-amplify/docs,23f0406663733992d4fb33405df34f1ef0cdd883,redirects.json,/cli/usage/lambda-triggers,/javascript/tools/cli/usage/lambda-triggers,301,literal,true,"{""source"": ""/cli/usage/lambda-triggers/"", ""status"": ""301"", ""target"": ""/javascript/tools/cli/usage/lambda-triggers/""}",/cli/usage/lambda-triggers/,/javascript/tools/cli/usage/lambda-triggers/,
2a9e802d9ac128eaa8a3,aws_amplify_docs,tier1,aws-amplify/docs,23f0406663733992d4fb33405df34f1ef0cdd883,redirects.json,/lib/in-app-messaging/create-campaign/q/platform/js,/javascript/build-a-backend/more-features/in-app-messaging/create-campaign,301,literal,true,"{""source"": ""/lib/in-app-messaging/create-campaign/q/platform/js/"", ""status"": ""301"", ""target"": ""/javascript/build-a-backend/more-features/in-app-messaging/create-campaign/""}",/lib/in-app-messaging/create-campaign/q/platform/js/,/javascript/build-a-backend/more-features/in-app-messaging/create-campaign/,
2af26f46bda484fa766a,astro_docs,tier2,withastro/docs,8e216293f74f38cc64db427622de74060403d5a8,public/_redirects,/:lang/guides/content,/:lang/guides/markdown-content,301,placeholder,false,/:lang/guides/content/                               /:lang/guides/markdown-content/,/:lang/guides/content/,/:lang/guides/markdown-content/,
2b0b184613d6df7774b7,terraform_website,tier1,hashicorp/terraform-website,93ec9cbdc3a120ffde18d1275339d0d6599cd9b3,redirects.next.js,/language/upgrade-guides/0-12,/language/v1.1.x/upgrade-guides/0-12,301,literal,true,"{""source"":""/language/upgrade-guides/0-12"",""destination"":""/language/v1.1.x/upgrade-guides/0-12"",""permanent"":true}",/language/upgrade-guides/0-12,/language/v1.1.x/upgrade-guides/0-12,
2c25a1e71065a98ead03,aws_amplify_docs,tier1,aws-amplify/docs,23f0406663733992d4fb33405df34f1ef0cdd883,redirects.json,/console/uibuilder/slots,/javascript/build-ui/uibuilder/slots,301,literal,true,"{""source"": ""/console/uibuilder/slots/"", ""status"": ""301"", ""target"": ""/javascript/build-ui/uibuilder/slots/""}",/console/uibuilder/slots/,/javascript/build-ui/uibuilder/slots/,
2c4861cd6712ea61c340,aws_amplify_docs,tier1,aws-amplify/docs,23f0406663733992d4fb33405df34f1ef0cdd883,redirects.json,/sdk/auth/drop-in-auth/q/platform/ios,/swift/sdk/auth/drop-in-auth,301,literal,true,"{""source"": ""/sdk/auth/drop-in-auth/q/platform/ios/"", ""status"": ""301"", ""target"": ""/swift/sdk/auth/drop-in-auth/""}",/sdk/auth/drop-in-auth/q/platform/ios/,/swift/sdk/auth/drop-in-auth/,
2c585996b4ec18023a37,aws_amplify_docs,tier1,aws-amplify/docs,23f0406663733992d4fb33405df34f1ef0cdd883,redirects.json,/lib-v1/interactions/getting-started/q/platform/js,/gen1/javascript/prev/build-a-backend/more-features/interactions/set-up-interactions,301,literal,true,"{""source"": ""/lib-v1/interactions/getting-started/q/platform/js/"", ""status"": ""301"", ""target"": ""/gen1/javascript/prev/build-a-backend/more-features/interactions/set-up-interactions/""}",/lib-v1/interactions/getting-started/q/platform/js/,/gen1/javascript/prev/build-a-backend/more-features/interactions/set-up-interactions/,
2c9051056a7b300d8415,terraform_website,tier1,hashicorp/terraform-website,93ec9cbdc3a120ffde18d1275339d0d6599cd9b3,redirects.next.js,/docs/providers/scaleway/guides/:path*,/providers/scaleway/scaleway/latest/docs/guides/:path*,301,placeholder,false,"{""source"":""/docs/providers/scaleway/guides/:path*"",""destination"":""https://registry.terraform.io/providers/scaleway/scaleway/latest/docs/guides/:path*"",""permanent"":true}",/docs/providers/scaleway/guides/:path*,https://registry.terraform.io/providers/scaleway/scaleway/latest/docs/guides/:path*,
2ca9f041407ff5738c5e,flux_website,tier2,fluxcd/website,fbe28609d4c4773ba8b0c73fe65fe8e0b428d89c,static/_redirects,/flux/components/notification/receiver,/flux/components/notification/receivers,301,literal,true,/flux/components/notification/receiver          /flux/components/notification/receivers             301!,/flux/components/notification/receiver,/flux/components/notification/receivers,
2cb6453f424be0509cbc,aws_amplify_docs,tier1,aws-amplify/docs,23f0406663733992d4fb33405df34f1ef0cdd883,redirects.json,/cli/restapi/testing,/javascript/build-a-backend/restapi/test-api,301,literal,true,"{""source"": ""/cli/restapi/testing/"", ""status"": ""301"", ""target"": ""/javascript/build-a-backend/restapi/test-api/""}",/cli/restapi/testing/,/javascript/build-a-backend/restapi/test-api/,
2cdd698e759cdbce36f4,terraform_website,tier1,hashicorp/terraform-website,93ec9cbdc3a120ffde18d1275339d0d6599cd9b3,redirects.next.js,/docs/providers/alicloud/r/:path*,/providers/aliyun/alicloud/latest/docs/resources/:path*,301,placeholder,false,"{""source"":""/docs/providers/alicloud/r/:path*"",""destination"":""https://registry.terraform.io/providers/aliyun/alicloud/latest/docs/resources/:path*"",""permanent"":true}",/docs/providers/alicloud/r/:path*,https://registry.terraform.io/providers/aliyun/alicloud/latest/docs/resources/:path*,
2cfdfe8b5ce1bf1ca748,terraform_website,tier1,hashicorp/terraform-website,93ec9cbdc3a120ffde18d1275339d0d6599cd9b3,redirects.next.js,/docs/providers/icinga2(/index.html),/providers/Icinga/icinga2/latest/docs,301,wildcard,false,"{""source"":""/docs/providers/icinga2(/index.html)?"",""destination"":""https://registry.terraform.io/providers/Icinga/icinga2/latest/docs"",""permanent"":true}",/docs/providers/icinga2(/index.html)?,https://registry.terraform.io/providers/Icinga/icinga2/latest/docs,
2cffd71e68c215ed3895,aws_amplify_docs,tier1,aws-amplify/docs,23f0406663733992d4fb33405df34f1ef0cdd883,redirects.json,/lib-v1/auth/device_features,/gen1/react/prev/build-a-backend/auth/remember-device,301,literal,true,"{""source"": ""/lib-v1/auth/device_features/"", ""status"": ""301"", ""target"": ""/gen1/react/prev/build-a-backend/auth/remember-device/""}",/lib-v1/auth/device_features/,/gen1/react/prev/build-a-backend/auth/remember-device/,
2d00fb156b9056b4f97e,aws_amplify_docs,tier1,aws-amplify/docs,23f0406663733992d4fb33405df34f1ef0cdd883,redirects.json,/<platform>/build-a-backend/graphqlapi/connect-api-to-existing-database,/gen1/<platform>/build-a-backend/graphqlapi/connect-api-to-existing-database,301,placeholder,false,"{""source"": ""/<platform>/build-a-backend/graphqlapi/connect-api-to-existing-database/"", ""status"": ""301"", ""target"": ""/gen1/<platform>/build-a-backend/graphqlapi/connect-api-to-existing-database/""}",/<platform>/build-a-backend/graphqlapi/connect-api-to-existing-database/,/gen1/<platform>/build-a-backend/graphqlapi/connect-api-to-existing-database/,
2d43cf3122717f64f386,aws_amplify_docs,tier1,aws-amplify/docs,23f0406663733992d4fb33405df34f1ef0cdd883,redirects.json,/cli/migration/lambda-node-version-update,/javascript/build-a-backend/functions/configure-options,301,literal,true,"{""source"": ""/cli/migration/lambda-node-version-update/"", ""status"": ""301"", ""target"": ""/javascript/build-a-backend/functions/configure-options/#updating-the-runtime""}",/cli/migration/lambda-node-version-update/,/javascript/build-a-backend/functions/configure-options/#updating-the-runtime,
2d59542811a2c1eaa7c9,aws_amplify_docs,tier1,aws-amplify/docs,23f0406663733992d4fb33405df34f1ef0cdd883,redirects.json,/javascript/build-a-backend/server-side-rendering/nuxt,/gen1/javascript/build-a-backend/server-side-rendering/nuxt,301,literal,true,"{""source"": ""/javascript/build-a-backend/server-side-rendering/nuxt/"", ""status"": ""301"", ""target"": ""/gen1/javascript/build-a-backend/server-side-rendering/nuxt/""}",/javascript/build-a-backend/server-side-rendering/nuxt/,/gen1/javascript/build-a-backend/server-side-rendering/nuxt/,
2da7ba2a83e4a334e8a3,aws_amplify_docs,tier1,aws-amplify/docs,23f0406663733992d4fb33405df34f1ef0cdd883,redirects.json,/lib/datastore/sync/q/platform/android,/android/build-a-backend/more-features/datastore/sync-to-cloud,301,literal,true,"{""source"": ""/lib/datastore/sync/q/platform/android/"", ""status"": ""301"", ""target"": ""/android/build-a-backend/more-features/datastore/sync-to-cloud/""}",/lib/datastore/sync/q/platform/android/,/android/build-a-backend/more-features/datastore/sync-to-cloud/,
2dbf0416368b06fc5a36,aws_amplify_docs,tier1,aws-amplify/docs,23f0406663733992d4fb33405df34f1ef0cdd883,redirects.json,/guides/api-rest/gen-ai/q/platform/ios,/swift/build-a-backend,301,literal,true,"{""source"": ""/guides/api-rest/gen-ai/q/platform/ios/"", ""status"": ""301"", ""target"": ""/swift/build-a-backend/""}",/guides/api-rest/gen-ai/q/platform/ios/,/swift/build-a-backend/,
2e81eef04bd5816e902e,aws_amplify_docs,tier1,aws-amplify/docs,23f0406663733992d4fb33405df34f1ef0cdd883,redirects.json,/start/getting-started/nextsteps/q/integration/react,/react/start/getting-started/nextsteps,301,literal,true,"{""source"": ""/start/getting-started/nextsteps/q/integration/react/"", ""status"": ""301"", ""target"": ""/react/start/getting-started/nextsteps/""}",/start/getting-started/nextsteps/q/integration/react/,/react/start/getting-started/nextsteps/,
2ec4a78a663d4f24bebd,aws_amplify_docs,tier1,aws-amplify/docs,23f0406663733992d4fb33405df34f1ef0cdd883,redirects.json,/guides/api-graphql/subscriptions-by-id/q/platform/js,/javascript/build-a-backend/graphqlapi/subscribe-data,301,literal,true,"{""source"": ""/guides/api-graphql/subscriptions-by-id/q/platform/js/"", ""status"": ""301"", ""target"": ""/javascript/build-a-backend/graphqlapi/subscribe-data/""}",/guides/api-graphql/subscriptions-by-id/q/platform/js/,/javascript/build-a-backend/graphqlapi/subscribe-data/,
2f0e768a4e2bddf27f29,aws_amplify_docs,tier1,aws-amplify/docs,23f0406663733992d4fb33405df34f1ef0cdd883,redirects.json,/lib/storage/upload/q/platform/android,/android/build-a-backend/storage/upload,301,literal,true,"{""source"": ""/lib/storage/upload/q/platform/android/"", ""status"": ""301"", ""target"": ""/android/build-a-backend/storage/upload/""}",/lib/storage/upload/q/platform/android/,/android/build-a-backend/storage/upload/,
30220b2e6139d16b6e7b,terraform_website,tier1,hashicorp/terraform-website,93ec9cbdc3a120ffde18d1275339d0d6599cd9b3,redirects.next.js,/docs/providers/dnsimple(/index.html),/providers/dnsimple/dnsimple/latest/docs,301,wildcard,false,"{""source"":""/docs/providers/dnsimple(/index.html)?"",""destination"":""https://registry.terraform.io/providers/dnsimple/dnsimple/latest/docs"",""permanent"":true}",/docs/providers/dnsimple(/index.html)?,https://registry.terraform.io/providers/dnsimple/dnsimple/latest/docs,
302512ff59a98d069acc,aws_amplify_docs,tier1,aws-amplify/docs,23f0406663733992d4fb33405df34f1ef0cdd883,redirects.json,/lib/geo/maps/q/platform/android,/android/build-a-backend/more-features/geo/maps,301,literal,true,"{""source"": ""/lib/geo/maps/q/platform/android/"", ""status"": ""301"", ""target"": ""/android/build-a-backend/more-features/geo/maps/""}",/lib/geo/maps/q/platform/android/,/android/build-a-backend/more-features/geo/maps/,
302e4f4680c2be0cbf28,aws_amplify_docs,tier1,aws-amplify/docs,23f0406663733992d4fb33405df34f1ef0cdd883,redirects.json,/lib/auth/start/q/platform/js,/javascript/build-a-backend/auth/set-up-auth,301,literal,true,"{""source"": ""/lib/auth/start/q/platform/js/"", ""status"": ""301"", ""target"": ""/javascript/build-a-backend/auth/set-up-auth/""}",/lib/auth/start/q/platform/js/,/javascript/build-a-backend/auth/set-up-auth/,
30dad2e72ed9c8ead4a0,aws_amplify_docs,tier1,aws-amplify/docs,23f0406663733992d4fb33405df34f1ef0cdd883,redirects.json,/lib/utilities/logger,/javascript/build-a-backend/utilities/console-logger,301,literal,true,"{""source"": ""/lib/utilities/logger?platform=js"", ""status"": ""301"", ""target"": ""/javascript/build-a-backend/utilities/console-logger/""}",/lib/utilities/logger?platform=js,/javascript/build-a-backend/utilities/console-logger/,
30e5b5e02a6bcd72fd30,aws_amplify_docs,tier1,aws-amplify/docs,23f0406663733992d4fb33405df34f1ef0cdd883,redirects.json,/lib-v1/graphqlapi/existing-resources/q/platform/flutter,/gen1/flutter/prev/build-a-backend/graphqlapi/existing-resources,301,literal,true,"{""source"": ""/lib-v1/graphqlapi/existing-resources/q/platform/flutter/"", ""status"": ""301"", ""target"": ""/gen1/flutter/prev/build-a-backend/graphqlapi/existing-resources/""}",/lib-v1/graphqlapi/existing-resources/q/platform/flutter/,/gen1/flutter/prev/build-a-backend/graphqlapi/existing-resources/,
30fd9d1556f82d67d080,astro_docs,tier2,withastro/docs,8e216293f74f38cc64db427622de74060403d5a8,public/_redirects,/:lang/concepts/mpa-vs-spa,/:lang/concepts/why-astro,301,placeholder,false,/:lang/concepts/mpa-vs-spa                           /:lang/concepts/why-astro/,/:lang/concepts/mpa-vs-spa,/:lang/concepts/why-astro/,
3133b3680c34ec9125ac,terraform_website,tier1,hashicorp/terraform-website,93ec9cbdc3a120ffde18d1275339d0d6599cd9b3,redirects.next.js,/docs/providers/azurerm/r/:path*,/providers/hashicorp/azurerm/latest/docs/resources/:path*,301,placeholder,false,"{""source"":""/docs/providers/azurerm/r/:path*"",""destination"":""https://registry.terraform.io/providers/hashicorp/azurerm/latest/docs/resources/:path*"",""permanent"":true}",/docs/providers/azurerm/r/:path*,https://registry.terraform.io/providers/hashicorp/azurerm/latest/docs/resources/:path*,
31549fba3a930ecb86b8,aws_amplify_docs,tier1,aws-amplify/docs,23f0406663733992d4fb33405df34f1ef0cdd883,redirects.json,/lib/auth/signOut/q/platform/android,/android/build-a-backend/auth/sign-out,301,literal,true,"{""source"": ""/lib/auth/signOut/q/platform/android/"", ""status"": ""301"", ""target"": ""/android/build-a-backend/auth/sign-out/""}",/lib/auth/signOut/q/platform/android/,/android/build-a-backend/auth/sign-out/,
31a46ca9798820c50593,aws_amplify_docs,tier1,aws-amplify/docs,23f0406663733992d4fb33405df34f1ef0cdd883,redirects.json,/lib/storage/transfer-acceleration/q/platform/js,/javascript/build-a-backend/storage/transfer-acceleration,301,literal,true,"{""source"": ""/lib/storage/transfer-acceleration/q/platform/js/"", ""status"": ""301"", ""target"": ""/javascript/build-a-backend/storage/transfer-acceleration/""}",/lib/storage/transfer-acceleration/q/platform/js/,/javascript/build-a-backend/storage/transfer-acceleration/,
323870ce99cd20c559bf,aws_amplify_docs,tier1,aws-amplify/docs,23f0406663733992d4fb33405df34f1ef0cdd883,redirects.json,/javascript/prev,/gen1/javascript/prev,301,literal,true,"{""source"": ""/javascript/prev/"", ""status"": ""301"", ""target"": ""/gen1/javascript/prev/""}",/javascript/prev/,/gen1/javascript/prev/,
323edb621db9c984c73a,aws_amplify_docs,tier1,aws-amplify/docs,23f0406663733992d4fb33405df34f1ef0cdd883,redirects.json,/lib-v1/troubleshooting/strict-mode/q/platform/react-native,/gen1/react-native/prev/build-a-backend/troubleshooting/strict-mode,301,literal,true,"{""source"": ""/lib-v1/troubleshooting/strict-mode/q/platform/react-native/"", ""status"": ""301"", ""target"": ""/gen1/react-native/prev/build-a-backend/troubleshooting/strict-mode/""}",/lib-v1/troubleshooting/strict-mode/q/platform/react-native/,/gen1/react-native/prev/build-a-backend/troubleshooting/strict-mode/,
3244355ec237548805f3,terraform_website,tier1,hashicorp/terraform-website,93ec9cbdc3a120ffde18d1275339d0d6599cd9b3,redirects.next.js,/docs/providers/gitlab/guides/:path*,/providers/gitlabhq/gitlab/latest/docs/guides/:path*,301,placeholder,false,"{""source"":""/docs/providers/gitlab/guides/:path*"",""destination"":""https://registry.terraform.io/providers/gitlabhq/gitlab/latest/docs/guides/:path*"",""permanent"":true}",/docs/providers/gitlab/guides/:path*,https://registry.terraform.io/providers/gitlabhq/gitlab/latest/docs/guides/:path*,
32502c6562e8bafc183b,aws_amplify_docs,tier1,aws-amplify/docs,23f0406663733992d4fb33405df34f1ef0cdd883,redirects.json,/nextjs/build-a-backend/functions/connect-rest-api,/nextjs/build-a-backend/functions,301,literal,true,"{""source"": ""/nextjs/build-a-backend/functions/connect-rest-api/"", ""status"": ""301"", ""target"": ""/nextjs/build-a-backend/functions/""}",/nextjs/build-a-backend/functions/connect-rest-api/,/nextjs/build-a-backend/functions/,
328643c5b0201541091b,aws_amplify_docs,tier1,aws-amplify/docs,23f0406663733992d4fb33405df34f1ef0cdd883,redirects.json,/lib/auth/signin_next_steps/q/platform/flutter,/flutter/build-a-backend/auth/multi-step-sign-in,301,literal,true,"{""source"": ""/lib/auth/signin_next_steps/q/platform/flutter/"", ""status"": ""301"", ""target"": ""/flutter/build-a-backend/auth/multi-step-sign-in/""}",/lib/auth/signin_next_steps/q/platform/flutter/,/flutter/build-a-backend/auth/multi-step-sign-in/,
32998804340605f555a8,aws_amplify_docs,tier1,aws-amplify/docs,23f0406663733992d4fb33405df34f1ef0cdd883,redirects.json,/lib/storage/download/q/platform/flutter,/flutter/build-a-backend/storage/download,301,literal,true,"{""source"": ""/lib/storage/download/q/platform/flutter/"", ""status"": ""301"", ""target"": ""/flutter/build-a-backend/storage/download/""}",/lib/storage/download/q/platform/flutter/,/flutter/build-a-backend/storage/download/,
32a1c0cb5a6ee44ac627,aws_amplify_docs,tier1,aws-amplify/docs,23f0406663733992d4fb33405df34f1ef0cdd883,redirects.json,/lib/auth/getting-started/q/platform/android,/android/build-a-backend/auth/set-up-auth,301,literal,true,"{""source"": ""/lib/auth/getting-started/q/platform/android/"", ""status"": ""301"", ""target"": ""/android/build-a-backend/auth/set-up-auth/""}",/lib/auth/getting-started/q/platform/android/,/android/build-a-backend/auth/set-up-auth/,
32bb71dab95174d93ff6,aws_amplify_docs,tier1,aws-amplify/docs,23f0406663733992d4fb33405df34f1ef0cdd883,redirects.json,/cli/custom/cdk,/javascript/tools/cli/custom/cdk,301,literal,true,"{""source"": ""/cli/custom/cdk/"", ""status"": ""301"", ""target"": ""/javascript/tools/cli/custom/cdk/""}",/cli/custom/cdk/,/javascript/tools/cli/custom/cdk/,
32e89d096eae3a3c786b,aws_amplify_docs,tier1,aws-amplify/docs,23f0406663733992d4fb33405df34f1ef0cdd883,redirects.json,/<platform>/build-a-backend/auth/auth-events,/gen1/<platform>/build-a-backend/auth/auth-events,301,placeholder,false,"{""source"": ""/<platform>/build-a-backend/auth/auth-events/"", ""status"": ""301"", ""target"": ""/gen1/<platform>/build-a-backend/auth/auth-events/""}",/<platform>/build-a-backend/auth/auth-events/,/gen1/<platform>/build-a-backend/auth/auth-events/,
332083dbe31b500b76c1,aws_amplify_docs,tier1,aws-amplify/docs,23f0406663733992d4fb33405df34f1ef0cdd883,redirects.json,/lib-v1/analytics/enable-disable/q/platform/android,/gen1/android/prev/build-a-backend/more-features/analytics/enable-disable,301,literal,true,"{""source"": ""/lib-v1/analytics/enable-disable/q/platform/android/"", ""status"": ""301"", ""target"": ""/gen1/android/prev/build-a-backend/more-features/analytics/enable-disable/""}",/lib-v1/analytics/enable-disable/q/platform/android/,/gen1/android/prev/build-a-backend/more-features/analytics/enable-disable/,
33862c763419cec79b9d,aws_amplify_docs,tier1,aws-amplify/docs,23f0406663733992d4fb33405df34f1ef0cdd883,redirects.json,/lib-v1/restapi/delete/q/platform/js,/gen1/javascript/prev/build-a-backend/restapi/delete-data,301,literal,true,"{""source"": ""/lib-v1/restapi/delete/q/platform/js/"", ""status"": ""301"", ""target"": ""/gen1/javascript/prev/build-a-backend/restapi/delete-data/""}",/lib-v1/restapi/delete/q/platform/js/,/gen1/javascript/prev/build-a-backend/restapi/delete-data/,
338e7cba0ef99ab5b77a,aws_amplify_docs,tier1,aws-amplify/docs,23f0406663733992d4fb33405df34f1ef0cdd883,redirects.json,/guides/api-graphql/lambda-resolvers/q/platform/js,/javascript/build-a-backend/graphqlapi/connect-from-server-runtime,301,literal,true,"{""source"": ""/guides/api-graphql/lambda-resolvers/q/platform/js/"", ""status"": ""301"", ""target"": ""/javascript/build-a-backend/graphqlapi/connect-from-server-runtime/""}",/guides/api-graphql/lambda-resolvers/q/platform/js/,/javascript/build-a-backend/graphqlapi/connect-from-server-runtime/,
33dd742e67bd0b258982,terraform_website,tier1,hashicorp/terraform-website,93ec9cbdc3a120ffde18d1275339d0d6599cd9b3,redirects.next.js,/docs/providers/venafi(/index.html),/providers/Venafi/venafi/latest/docs,301,wildcard,false,"{""source"":""/docs/providers/venafi(/index.html)?"",""destination"":""https://registry.terraform.io/providers/Venafi/venafi/latest/docs"",""permanent"":true}",/docs/providers/venafi(/index.html)?,https://registry.terraform.io/providers/Venafi/venafi/latest/docs,
3423a86f477ab757a355,astro_docs,tier2,withastro/docs,8e216293f74f38cc64db427622de74060403d5a8,public/_redirects,/:lang/install/manual,/:lang/install-and-setup,301,placeholder,false,/:lang/install/manual                                /:lang/install-and-setup/,/:lang/install/manual,/:lang/install-and-setup/,
3438c96298846343cc04,aws_amplify_docs,tier1,aws-amplify/docs,23f0406663733992d4fb33405df34f1ef0cdd883,redirects.json,/lib-v1/auth/device_features/q/platform/js,/gen1/javascript/prev/build-a-backend/auth/remember-device,301,literal,true,"{""source"": ""/lib-v1/auth/device_features/q/platform/js/"", ""status"": ""301"", ""target"": ""/gen1/javascript/prev/build-a-backend/auth/remember-device/""}",/lib-v1/auth/device_features/q/platform/js/,/gen1/javascript/prev/build-a-backend/auth/remember-device/,
3446eece8e9c9dcfd29f,aws_amplify_docs,tier1,aws-amplify/docs,23f0406663733992d4fb33405df34f1ef0cdd883,redirects.json,/lib/graphqlapi/offline/q/platform/js,/gen1/javascript/prev/build-a-backend/graphqlapi/offline,301,literal,true,"{""source"": ""/lib/graphqlapi/offline/q/platform/js/"", ""status"": ""301"", ""target"": ""/gen1/javascript/prev/build-a-backend/graphqlapi/offline/""}",/lib/graphqlapi/offline/q/platform/js/,/gen1/javascript/prev/build-a-backend/graphqlapi/offline/,
3470ec3060f40a0b362f,aws_amplify_docs,tier1,aws-amplify/docs,23f0406663733992d4fb33405df34f1ef0cdd883,redirects.json,/lib/storage/download/q/platform/js,/javascript/build-a-backend/storage/download,301,literal,true,"{""source"": ""/lib/storage/download/q/platform/js/"", ""status"": ""301"", ""target"": ""/javascript/build-a-backend/storage/download/""}",/lib/storage/download/q/platform/js/,/javascript/build-a-backend/storage/download/,
348e973c97f8de514bfe,aws_amplify_docs,tier1,aws-amplify/docs,23f0406663733992d4fb33405df34f1ef0cdd883,redirects.json,/start/getting-started/generate-model/q/integration/ios,/swift/start/getting-started/generate-model,301,literal,true,"{""source"": ""/start/getting-started/generate-model/q/integration/ios/"", ""status"": ""301"", ""target"": ""/swift/start/getting-started/generate-model/""}",/start/getting-started/generate-model/q/integration/ios/,/swift/start/getting-started/generate-model/,
349c5ff3448ffcb4e67d,terraform_website,tier1,hashicorp/terraform-website,93ec9cbdc3a120ffde18d1275339d0d6599cd9b3,redirects.next.js,/docs/providers/nsxt/guides/:path*,/providers/vmware/nsxt/latest/docs/guides/:path*,301,placeholder,false,"{""source"":""/docs/providers/nsxt/guides/:path*"",""destination"":""https://registry.terraform.io/providers/vmware/nsxt/latest/docs/guides/:path*"",""permanent"":true}",/docs/providers/nsxt/guides/:path*,https://registry.terraform.io/providers/vmware/nsxt/latest/docs/guides/:path*,
34beed6729405993db67,terraform_website,tier1,hashicorp/terraform-website,93ec9cbdc3a120ffde18d1275339d0d6599cd9b3,redirects.next.js,/cloud-docs/run,/cloud-docs/run/remote-operations,301,literal,true,"{""source"":""/cloud-docs/run"",""destination"":""/cloud-docs/run/remote-operations"",""permanent"":true}",/cloud-docs/run,/cloud-docs/run/remote-operations,
34ec270839a7944cf340,terraform_website,tier1,hashicorp/terraform-website,93ec9cbdc3a120ffde18d1275339d0d6599cd9b3,redirects.next.js,/enterprise/release,/enterprise/releases,301,literal,true,"{""source"":""/enterprise/release"",""destination"":""/enterprise/releases"",""permanent"":true}",/enterprise/release,/enterprise/releases,
351375d6eef656d1cb0e,aws_amplify_docs,tier1,aws-amplify/docs,23f0406663733992d4fb33405df34f1ef0cdd883,redirects.json,/angular/prev,/gen1/angular/prev,301,literal,true,"{""source"": ""/angular/prev/"", ""status"": ""301"", ""target"": ""/gen1/angular/prev/""}",/angular/prev/,/gen1/angular/prev/,
35171715be67cdaaa9c1,aws_amplify_docs,tier1,aws-amplify/docs,23f0406663733992d4fb33405df34f1ef0cdd883,redirects.json,/lib/geo/getting-started/q/platform/android,/android/build-a-backend/more-features/geo/set-up-geo,301,literal,true,"{""source"": ""/lib/geo/getting-started/q/platform/android/"", ""status"": ""301"", ""target"": ""/android/build-a-backend/more-features/geo/set-up-geo/""}",/lib/geo/getting-started/q/platform/android/,/android/build-a-backend/more-features/geo/set-up-geo/,
35440376931aaad121c6,aws_amplify_docs,tier1,aws-amplify/docs,23f0406663733992d4fb33405df34f1ef0cdd883,redirects.json,/javascript/build-a-backend/troubleshooting/upgrade-amplify-packages,/gen1/javascript/build-a-backend/troubleshooting/upgrade-amplify-packages,301,literal,true,"{""source"": ""/javascript/build-a-backend/troubleshooting/upgrade-amplify-packages/"", ""status"": ""301"", ""target"": ""/gen1/javascript/build-a-backend/troubleshooting/upgrade-amplify-packages/""}",/javascript/build-a-backend/troubleshooting/upgrade-amplify-packages/,/gen1/javascript/build-a-backend/troubleshooting/upgrade-amplify-packages/,
35a1bd18728d862e0193,terraform_website,tier1,hashicorp/terraform-website,93ec9cbdc3a120ffde18d1275339d0d6599cd9b3,redirects.next.js,/docs/providers/docker/d/:path*,/providers/kreuzwerker/docker/latest/docs/data-sources/:path*,301,placeholder,false,"{""source"":""/docs/providers/docker/d/:path*"",""destination"":""https://registry.terraform.io/providers/kreuzwerker/docker/latest/docs/data-sources/:path*"",""permanent"":true}",/docs/providers/docker/d/:path*,https://registry.terraform.io/providers/kreuzwerker/docker/latest/docs/data-sources/:path*,
35e88caa4ddf307d330e,terraform_website,tier1,hashicorp/terraform-website,93ec9cbdc3a120ffde18d1275339d0d6599cd9b3,redirects.next.js,/docs/providers/aci/d/:path*,/providers/CiscoDevNet/aci/latest/docs/data-sources/:path*,301,placeholder,false,"{""source"":""/docs/providers/aci/d/:path*"",""destination"":""https://registry.terraform.io/providers/CiscoDevNet/aci/latest/docs/data-sources/:path*"",""permanent"":true}",/docs/providers/aci/d/:path*,https://registry.terraform.io/providers/CiscoDevNet/aci/latest/docs/data-sources/:path*,
35ff0a3e986dd144dd9d,aws_amplify_docs,tier1,aws-amplify/docs,23f0406663733992d4fb33405df34f1ef0cdd883,redirects.json,/lib/predictions/identify-text/q/platform/angular,/angular/build-a-backend/more-features/predictions/identify-text,301,literal,true,"{""source"": ""/lib/predictions/identify-text/q/platform/angular/"", ""status"": ""301"", ""target"": ""/angular/build-a-backend/more-features/predictions/identify-text/""}",/lib/predictions/identify-text/q/platform/angular/,/angular/build-a-backend/more-features/predictions/identify-text/,
36306b9d4fd83c2f4a19,aws_amplify_docs,tier1,aws-amplify/docs,23f0406663733992d4fb33405df34f1ef0cdd883,redirects.json,/lib/graphqlapi/query-data/q/platform/flutter,/flutter/build-a-backend/graphqlapi/query-data,301,literal,true,"{""source"": ""/lib/graphqlapi/query-data/q/platform/flutter/"", ""status"": ""301"", ""target"": ""/flutter/build-a-backend/graphqlapi/query-data/""}",/lib/graphqlapi/query-data/q/platform/flutter/,/flutter/build-a-backend/graphqlapi/query-data/,
366efaed2c1b6bb2c7c6,aws_amplify_docs,tier1,aws-amplify/docs,23f0406663733992d4fb33405df34f1ef0cdd883,redirects.json,/lib-v1/storage/escapehatch/q/platform/react-native,/gen1/react-native/prev/build-a-backend/storage,301,literal,true,"{""source"": ""/lib-v1/storage/escapehatch/q/platform/react-native/"", ""status"": ""301"", ""target"": ""/gen1/react-native/prev/build-a-backend/storage/""}",/lib-v1/storage/escapehatch/q/platform/react-native/,/gen1/react-native/prev/build-a-backend/storage/,
36fd3decf2d7fa5f13a9,aws_amplify_docs,tier1,aws-amplify/docs,23f0406663733992d4fb33405df34f1ef0cdd883,redirects.json,/guides/hosting/gridsome/q/platform/js,/javascript/deploy-and-host/frameworks/deploy-gridsome-site,301,literal,true,"{""source"": ""/guides/hosting/gridsome/q/platform/js/"", ""status"": ""301"", ""target"": ""/javascript/deploy-and-host/frameworks/deploy-gridsome-site/""}",/guides/hosting/gridsome/q/platform/js/,/javascript/deploy-and-host/frameworks/deploy-gridsome-site/,
3708802c7cdcdfb803b5,aws_amplify_docs,tier1,aws-amplify/docs,23f0406663733992d4fb33405df34f1ef0cdd883,redirects.json,/lib/logging/hub-events,/swift/build-a-backend/utilities/hub,301,literal,true,"{""source"": ""/lib/logging/hub-events/"", ""status"": ""301"", ""target"": ""/swift/build-a-backend/utilities/hub/""}",/lib/logging/hub-events/,/swift/build-a-backend/utilities/hub/,
3730a1d12091f8da9078,aws_amplify_docs,tier1,aws-amplify/docs,23f0406663733992d4fb33405df34f1ef0cdd883,redirects.json,/cli/restapi,/gen1/react/build-a-backend/restapi/configure-rest-api,301,literal,true,"{""source"": ""/cli/restapi/"", ""status"": ""301"", ""target"": ""/gen1/react/build-a-backend/restapi/configure-rest-api/""}",/cli/restapi/,/gen1/react/build-a-backend/restapi/configure-rest-api/,
380b0da0db72714b0989,astro_docs,tier2,withastro/docs,8e216293f74f38cc64db427622de74060403d5a8,public/_redirects,/:lang/tutorials/add-view-transitions,/:lang/guides/view-transitions,301,placeholder,false,/:lang/tutorials/add-view-transitions/               /:lang/guides/view-transitions/,/:lang/tutorials/add-view-transitions/,/:lang/guides/view-transitions/,
38c164f30aae0df29a96,aws_amplify_docs,tier1,aws-amplify/docs,23f0406663733992d4fb33405df34f1ef0cdd883,redirects.json,/sdk/api/rest/q/platform/ios,/swift/sdk/api/rest,301,literal,true,"{""source"": ""/sdk/api/rest/q/platform/ios/"", ""status"": ""301"", ""target"": ""/swift/sdk/api/rest/""}",/sdk/api/rest/q/platform/ios/,/swift/sdk/api/rest/,
38ceab89d8fda2be9ad1,terraform_website,tier1,hashicorp/terraform-website,93ec9cbdc3a120ffde18d1275339d0d6599cd9b3,redirects.next.js,/docs/providers/mso/d/:path*,/providers/CiscoDevNet/mso/latest/docs/data-sources/:path*,301,placeholder,false,"{""source"":""/docs/providers/mso/d/:path*"",""destination"":""https://registry.terraform.io/providers/CiscoDevNet/mso/latest/docs/data-sources/:path*"",""permanent"":true}",/docs/providers/mso/d/:path*,https://registry.terraform.io/providers/CiscoDevNet/mso/latest/docs/data-sources/:path*,
38d04ccf5c20f474a72f,aws_amplify_docs,tier1,aws-amplify/docs,23f0406663733992d4fb33405df34f1ef0cdd883,redirects.json,/console/adminui/extend-cli,/javascript/tools/console/adminui/extend-cli,301,literal,true,"{""source"": ""/console/adminui/extend-cli/"", ""status"": ""301"", ""target"": ""/javascript/tools/console/adminui/extend-cli/""}",/console/adminui/extend-cli/,/javascript/tools/console/adminui/extend-cli/,
390ecc443369350f80b2,terraform_website,tier1,hashicorp/terraform-website,93ec9cbdc3a120ffde18d1275339d0d6599cd9b3,redirects.next.js,/docs/providers/newrelic/r/:path*,/providers/newrelic/newrelic/latest/docs/resources/:path*,301,placeholder,false,"{""source"":""/docs/providers/newrelic/r/:path*"",""destination"":""https://registry.terraform.io/providers/newrelic/newrelic/latest/docs/resources/:path*"",""permanent"":true}",/docs/providers/newrelic/r/:path*,https://registry.terraform.io/providers/newrelic/newrelic/latest/docs/resources/:path*,
3991b3971284a551bd45,aws_amplify_docs,tier1,aws-amplify/docs,23f0406663733992d4fb33405df34f1ef0cdd883,redirects.json,/<platform>/tools/libraries/<page>,/gen1/<platform>/tools/libraries/<page>,301,placeholder,false,"{""source"": ""/<platform>/tools/libraries/<page>/"", ""status"": ""301"", ""target"": ""/gen1/<platform>/tools/libraries/<page>/""}",/<platform>/tools/libraries/<page>/,/gen1/<platform>/tools/libraries/<page>/,
39cf9d1f71ce06a39a57,flux_website,tier2,fluxcd/website,fbe28609d4c4773ba8b0c73fe65fe8e0b428d89c,static/_redirects,/flagger/usage/gloo-progressive-delivery,/flagger/tutorials/gloo-progressive-delivery,301,literal,true,/flagger/usage/gloo-progressive-delivery        /flagger/tutorials/gloo-progressive-delivery        301!,/flagger/usage/gloo-progressive-delivery,/flagger/tutorials/gloo-progressive-delivery,
39efcd87c095bbd4201d,deno_docs,tier1,denoland/docs,3bc9f662c58db48d2b07ceaf5da2fa5587cfbf5f,oldurls.json,/examples/temporary-files,/examples/temporary_files,301,literal,true,/examples/temporary-files -> /examples/temporary_files,/examples/temporary-files,/examples/temporary_files,
3ad78b60c572605f0981,deno_docs,tier1,denoland/docs,3bc9f662c58db48d2b07ceaf5da2fa5587cfbf5f,oldurls.json,/deploy/manual/*,/deploy/classic/*,301,wildcard,false,/deploy/manual/* -> /deploy/classic/*,/deploy/manual/*,/deploy/classic/*,
3ada48eef3b161fdc723,flux_website,tier2,fluxcd/website,fbe28609d4c4773ba8b0c73fe65fe8e0b428d89c,static/_redirects,/flagger/usage/nginx-progressive-delivery,/flagger/tutorials/nginx-progressive-delivery,301,literal,true,/flagger/usage/nginx-progressive-delivery       /flagger/tutorials/nginx-progressive-delivery       301!,/flagger/usage/nginx-progressive-delivery,/flagger/tutorials/nginx-progressive-delivery,
3ae533a60efd19252602,aws_amplify_docs,tier1,aws-amplify/docs,23f0406663733992d4fb33405df34f1ef0cdd883,redirects.json,/lib-v1/restapi/update/q/platform/react-native,/gen1/react-native/prev/build-a-backend/restapi/update-data,301,literal,true,"{""source"": ""/lib-v1/restapi/update/q/platform/react-native/"", ""status"": ""301"", ""target"": ""/gen1/react-native/prev/build-a-backend/restapi/update-data/""}",/lib-v1/restapi/update/q/platform/react-native/,/gen1/react-native/prev/build-a-backend/restapi/update-data/,
3b2af4fe3fa93f199e1c,aws_amplify_docs,tier1,aws-amplify/docs,23f0406663733992d4fb33405df34f1ef0cdd883,redirects.json,/lib/graphqlapi/cancel-request/q/platform/react-native,/react-native/build-a-backend/graphqlapi/mutate-data,301,literal,true,"{""source"": ""/lib/graphqlapi/cancel-request/q/platform/react-native/"", ""status"": ""301"", ""target"": ""/react-native/build-a-backend/graphqlapi/mutate-data/#cancel-mutation-requests""}",/lib/graphqlapi/cancel-request/q/platform/react-native/,/react-native/build-a-backend/graphqlapi/mutate-data/#cancel-mutation-requests,
3b51100f5fb1edc4f858,aws_amplify_docs,tier1,aws-amplify/docs,23f0406663733992d4fb33405df34f1ef0cdd883,redirects.json,/lib-v1/auth/switch-auth/q/platform/react-native,/gen1/react-native/prev/build-a-backend/auth/switch-auth,301,literal,true,"{""source"": ""/lib-v1/auth/switch-auth/q/platform/react-native/"", ""status"": ""301"", ""target"": ""/gen1/react-native/prev/build-a-backend/auth/switch-auth/""}",/lib-v1/auth/switch-auth/q/platform/react-native/,/gen1/react-native/prev/build-a-backend/auth/switch-auth/,
3b6841d4cbf719221a9c,aws_amplify_docs,tier1,aws-amplify/docs,23f0406663733992d4fb33405df34f1ef0cdd883,redirects.json,/<platform>/prev/build-a-backend/<page>,/gen1/<platform>/prev/build-a-backend/<page>,301,placeholder,false,"{""source"": ""/<platform>/prev/build-a-backend/<page>/"", ""status"": ""301"", ""target"": ""/gen1/<platform>/prev/build-a-backend/<page>/""}",/<platform>/prev/build-a-backend/<page>/,/gen1/<platform>/prev/build-a-backend/<page>/,
3bce904aade12188c8c5,aws_amplify_docs,tier1,aws-amplify/docs,23f0406663733992d4fb33405df34f1ef0cdd883,redirects.json,/lib/auth/overview/q/platform/vue,/vue/build-a-backend/auth,301,literal,true,"{""source"": ""/lib/auth/overview/q/platform/vue/"", ""status"": ""301"", ""target"": ""/vue/build-a-backend/auth/""}",/lib/auth/overview/q/platform/vue/,/vue/build-a-backend/auth/,
3bdbc1fcc7855e22f410,terraform_website,tier1,hashicorp/terraform-website,93ec9cbdc3a120ffde18d1275339d0d6599cd9b3,redirects.next.js,/docs/providers/null/guides/:path*,/providers/hashicorp/null/latest/docs/guides/:path*,301,placeholder,false,"{""source"":""/docs/providers/null/guides/:path*"",""destination"":""https://registry.terraform.io/providers/hashicorp/null/latest/docs/guides/:path*"",""permanent"":true}",/docs/providers/null/guides/:path*,https://registry.terraform.io/providers/hashicorp/null/latest/docs/guides/:path*,
3ca384f4f6809119d4aa,terraform_website,tier1,hashicorp/terraform-website,93ec9cbdc3a120ffde18d1275339d0d6599cd9b3,redirects.next.js,/docs/providers/mso/r/:path*,/providers/CiscoDevNet/mso/latest/docs/resources/:path*,301,placeholder,false,"{""source"":""/docs/providers/mso/r/:path*"",""destination"":""https://registry.terraform.io/providers/CiscoDevNet/mso/latest/docs/resources/:path*"",""permanent"":true}",/docs/providers/mso/r/:path*,https://registry.terraform.io/providers/CiscoDevNet/mso/latest/docs/resources/:path*,
3cab49bc0e59fdd15886,terraform_website,tier1,hashicorp/terraform-website,93ec9cbdc3a120ffde18d1275339d0d6599cd9b3,redirects.next.js,/docs/providers/consul(/index.html),/providers/hashicorp/consul/latest/docs,301,wildcard,false,"{""source"":""/docs/providers/consul(/index.html)?"",""destination"":""https://registry.terraform.io/providers/hashicorp/consul/latest/docs"",""permanent"":true}",/docs/providers/consul(/index.html)?,https://registry.terraform.io/providers/hashicorp/consul/latest/docs,
3cb15b3f6c106fffac40,aws_amplify_docs,tier1,aws-amplify/docs,23f0406663733992d4fb33405df34f1ef0cdd883,redirects.json,/javascript/build-a-backend/storage/storage-v5-to-v6-migration-guide,/gen1/javascript/build-a-backend/storage/storage-v5-to-v6-migration-guide,301,literal,true,"{""source"": ""/javascript/build-a-backend/storage/storage-v5-to-v6-migration-guide/"", ""status"": ""301"", ""target"": ""/gen1/javascript/build-a-backend/storage/storage-v5-to-v6-migration-guide/""}",/javascript/build-a-backend/storage/storage-v5-to-v6-migration-guide/,/gen1/javascript/build-a-backend/storage/storage-v5-to-v6-migration-guide/,
3cec18e7c0e85ca37e60,astro_docs,tier2,withastro/docs,8e216293f74f38cc64db427622de74060403d5a8,public/_redirects,/:lang/basics/astro-syntax,/:lang/reference/astro-syntax,301,placeholder,false,/:lang/basics/astro-syntax/                          /:lang/reference/astro-syntax/,/:lang/basics/astro-syntax/,/:lang/reference/astro-syntax/,
3cfcf6b215b903a5b82c,aws_amplify_docs,tier1,aws-amplify/docs,23f0406663733992d4fb33405df34f1ef0cdd883,redirects.json,/lib-v1/push-notifications/setup-push-service/q/platform/react-native,/gen1/react-native/prev/build-a-backend/push-notifications/set-up-push-service,301,literal,true,"{""source"": ""/lib-v1/push-notifications/setup-push-service/q/platform/react-native/"", ""status"": ""301"", ""target"": ""/gen1/react-native/prev/build-a-backend/push-notifications/set-up-push-service/""}",/lib-v1/push-notifications/setup-push-service/q/platform/react-native/,/gen1/react-native/prev/build-a-backend/push-notifications/set-up-push-service/,
3d0adff9fca9e7725f74,aws_amplify_docs,tier1,aws-amplify/docs,23f0406663733992d4fb33405df34f1ef0cdd883,redirects.json,/lib/predictions/interpret/q/platform/ios,/swift/build-a-backend/more-features/predictions/interpret-sentiment,301,literal,true,"{""source"": ""/lib/predictions/interpret/q/platform/ios/"", ""status"": ""301"", ""target"": ""/swift/build-a-backend/more-features/predictions/interpret-sentiment/""}",/lib/predictions/interpret/q/platform/ios/,/swift/build-a-backend/more-features/predictions/interpret-sentiment/,
3d420b04aa767ac7b9b8,aws_amplify_docs,tier1,aws-amplify/docs,23f0406663733992d4fb33405df34f1ef0cdd883,redirects.json,/lib/datastore/getting-started/q/platform/react-native,/react-native/build-a-backend/more-features/datastore/set-up-datastore,301,literal,true,"{""source"": ""/lib/datastore/getting-started/q/platform/react-native/"", ""status"": ""301"", ""target"": ""/react-native/build-a-backend/more-features/datastore/set-up-datastore/""}",/lib/datastore/getting-started/q/platform/react-native/,/react-native/build-a-backend/more-features/datastore/set-up-datastore/,
3d7569ef3f6cbfe5e573,terraform_website,tier1,hashicorp/terraform-website,93ec9cbdc3a120ffde18d1275339d0d6599cd9b3,redirects.next.js,/docs/providers/ecl/r/:path*,/providers/nttcom/ecl/latest/docs/resources/:path*,301,placeholder,false,"{""source"":""/docs/providers/ecl/r/:path*"",""destination"":""https://registry.terraform.io/providers/nttcom/ecl/latest/docs/resources/:path*"",""permanent"":true}",/docs/providers/ecl/r/:path*,https://registry.terraform.io/providers/nttcom/ecl/latest/docs/resources/:path*,
3def6aaf606321a9b4fd,aws_amplify_docs,tier1,aws-amplify/docs,23f0406663733992d4fb33405df34f1ef0cdd883,redirects.json,/lib/datastore/real-time/q/platform/react-native,/react-native/build-a-backend/more-features/datastore/real-time,301,literal,true,"{""source"": ""/lib/datastore/real-time/q/platform/react-native/"", ""status"": ""301"", ""target"": ""/react-native/build-a-backend/more-features/datastore/real-time/""}",/lib/datastore/real-time/q/platform/react-native/,/react-native/build-a-backend/more-features/datastore/real-time/,
3e0e6b51a3b7a0e5dd44,terraform_website,tier1,hashicorp/terraform-website,93ec9cbdc3a120ffde18d1275339d0d6599cd9b3,redirects.next.js,/docs/providers/huaweicloud/d/:path*,/providers/huaweicloud/huaweicloud/latest/docs/data-sources/:path*,301,placeholder,false,"{""source"":""/docs/providers/huaweicloud/d/:path*"",""destination"":""https://registry.terraform.io/providers/huaweicloud/huaweicloud/latest/docs/data-sources/:path*"",""permanent"":true}",/docs/providers/huaweicloud/d/:path*,https://registry.terraform.io/providers/huaweicloud/huaweicloud/latest/docs/data-sources/:path*,
3e84e7bc69164ef8fbd4,terraform_website,tier1,hashicorp/terraform-website,93ec9cbdc3a120ffde18d1275339d0d6599cd9b3,redirects.next.js,/docs/providers/akamai(/index.html),/providers/akamai/akamai/latest/docs,301,wildcard,false,"{""source"":""/docs/providers/akamai(/index.html)?"",""destination"":""https://registry.terraform.io/providers/akamai/akamai/latest/docs"",""permanent"":true}",/docs/providers/akamai(/index.html)?,https://registry.terraform.io/providers/akamai/akamai/latest/docs,
3f25d4e65f63995421e4,aws_amplify_docs,tier1,aws-amplify/docs,23f0406663733992d4fb33405df34f1ef0cdd883,redirects.json,/cli/commands/build,/javascript/tools/cli/commands,301,literal,true,"{""source"": ""/cli/commands/build/"", ""status"": ""301"", ""target"": ""/javascript/tools/cli/commands/#build""}",/cli/commands/build/,/javascript/tools/cli/commands/#build,
3f619c7746d09bfe7b7a,aws_amplify_docs,tier1,aws-amplify/docs,23f0406663733992d4fb33405df34f1ef0cdd883,redirects.json,/lib/datastore/data-access/q/platform/react-native,/react-native/build-a-backend/more-features/datastore/manipulate-data,301,literal,true,"{""source"": ""/lib/datastore/data-access/q/platform/react-native/"", ""status"": ""301"", ""target"": ""/react-native/build-a-backend/more-features/datastore/manipulate-data/""}",/lib/datastore/data-access/q/platform/react-native/,/react-native/build-a-backend/more-features/datastore/manipulate-data/,
3f8ee5fda4d6f7d63bfb,terraform_website,tier1,hashicorp/terraform-website,93ec9cbdc3a120ffde18d1275339d0d6599cd9b3,redirects.next.js,/upgrade-guides/0-13.html,/language/upgrade-guides/0-13,301,literal,true,"{""source"":""/upgrade-guides/0-13.html"",""destination"":""/language/upgrade-guides/0-13"",""permanent"":true}",/upgrade-guides/0-13.html,/language/upgrade-guides/0-13,
3fa6ef3def1138ff62b6,aws_amplify_docs,tier1,aws-amplify/docs,23f0406663733992d4fb33405df34f1ef0cdd883,redirects.json,/start/q/integration/react-native,/react-native/start/getting-started/introduction,301,literal,true,"{""source"": ""/start/q/integration/react-native/"", ""status"": ""301"", ""target"": ""/react-native/start/getting-started/introduction/""}",/start/q/integration/react-native/,/react-native/start/getting-started/introduction/,
40065817d4691eccc8d7,terraform_website,tier1,hashicorp/terraform-website,93ec9cbdc3a120ffde18d1275339d0d6599cd9b3,redirects.next.js,/enterprise/before-installing/os-specific/centos-requirements,/enterprise/requirements/os-specific/centos-requirements,301,literal,true,"{""source"":""/enterprise/before-installing/os-specific/centos-requirements"",""destination"":""/enterprise/requirements/os-specific/centos-requirements"",""permanent"":true}",/enterprise/before-installing/os-specific/centos-requirements,/enterprise/requirements/os-specific/centos-requirements,
40512dedffd3031c014c,aws_amplify_docs,tier1,aws-amplify/docs,23f0406663733992d4fb33405df34f1ef0cdd883,redirects.json,/lib-v1/auth/switch-auth/q/platform/js,/gen1/javascript/prev/build-a-backend/auth/switch-auth,301,literal,true,"{""source"": ""/lib-v1/auth/switch-auth/q/platform/js/"", ""status"": ""301"", ""target"": ""/gen1/javascript/prev/build-a-backend/auth/switch-auth/""}",/lib-v1/auth/switch-auth/q/platform/js/,/gen1/javascript/prev/build-a-backend/auth/switch-auth/,
4073f2cca47aa6d12c7e,aws_amplify_docs,tier1,aws-amplify/docs,23f0406663733992d4fb33405df34f1ef0cdd883,redirects.json,/guides/functions/cognito-trigger-lambda-dynamodb/q/platform/js,/javascript/build-a-backend/functions,301,literal,true,"{""source"": ""/guides/functions/cognito-trigger-lambda-dynamodb/q/platform/js/"", ""status"": ""301"", ""target"": ""/javascript/build-a-backend/functions/""}",/guides/functions/cognito-trigger-lambda-dynamodb/q/platform/js/,/javascript/build-a-backend/functions/,
40c8c7b830b52e83f90d,terraform_website,tier1,hashicorp/terraform-website,93ec9cbdc3a120ffde18d1275339d0d6599cd9b3,redirects.next.js,/docs/providers/google/r/:path*,/providers/hashicorp/google/latest/docs/resources/:path*,301,placeholder,false,"{""source"":""/docs/providers/google/r/:path*"",""destination"":""https://registry.terraform.io/providers/hashicorp/google/latest/docs/resources/:path*"",""permanent"":true}",/docs/providers/google/r/:path*,https://registry.terraform.io/providers/hashicorp/google/latest/docs/resources/:path*,
410d32a398a8bfcdb9b7,terraform_website,tier1,hashicorp/terraform-website,93ec9cbdc3a120ffde18d1275339d0d6599cd9b3,redirects.next.js,/docs/providers/template/guides/:path*,/providers/hashicorp/template/latest/docs/guides/:path*,301,placeholder,false,"{""source"":""/docs/providers/template/guides/:path*"",""destination"":""https://registry.terraform.io/providers/hashicorp/template/latest/docs/guides/:path*"",""permanent"":true}",/docs/providers/template/guides/:path*,https://registry.terraform.io/providers/hashicorp/template/latest/docs/guides/:path*,
412b70b8a9716dd164cc,astro_docs,tier2,withastro/docs,8e216293f74f38cc64db427622de74060403d5a8,public/_redirects,/:lang/reference/experimental-flags/sessions,/:lang/guides/sessions,301,placeholder,false,/:lang/reference/experimental-flags/sessions/        /:lang/guides/sessions/,/:lang/reference/experimental-flags/sessions/,/:lang/guides/sessions/,
4183658eaa243b73c89b,aws_amplify_docs,tier1,aws-amplify/docs,23f0406663733992d4fb33405df34f1ef0cdd883,redirects.json,/lib/restapi/getting-started,/react/build-a-backend/restapi/existing-resources,301,literal,true,"{""source"": ""/lib/restapi/getting-started/"", ""status"": ""301"", ""target"": ""/react/build-a-backend/restapi/existing-resources/""}",/lib/restapi/getting-started/,/react/build-a-backend/restapi/existing-resources/,
418fec2bb08f798b58ee,aws_amplify_docs,tier1,aws-amplify/docs,23f0406663733992d4fb33405df34f1ef0cdd883,redirects.json,/lib/push-notifications/enable-rich-notifications/q/platform/react-native,/react-native/build-a-backend/push-notifications/enable-rich-notifications,301,literal,true,"{""source"": ""/lib/push-notifications/enable-rich-notifications/q/platform/react-native/"", ""status"": ""301"", ""target"": ""/react-native/build-a-backend/push-notifications/enable-rich-notifications/""}",/lib/push-notifications/enable-rich-notifications/q/platform/react-native/,/react-native/build-a-backend/push-notifications/enable-rich-notifications/,
4190fcb1aa1d091af6d4,aws_amplify_docs,tier1,aws-amplify/docs,23f0406663733992d4fb33405df34f1ef0cdd883,redirects.json,/lib-v1/auth/overview/q/platform/flutter,/gen1/flutter/prev/build-a-backend/auth/under-the-hood,301,literal,true,"{""source"": ""/lib-v1/auth/overview/q/platform/flutter/"", ""status"": ""301"", ""target"": ""/gen1/flutter/prev/build-a-backend/auth/under-the-hood/""}",/lib-v1/auth/overview/q/platform/flutter/,/gen1/flutter/prev/build-a-backend/auth/under-the-hood/,
41b7a1ab0aa210abff3a,terraform_website,tier1,hashicorp/terraform-website,93ec9cbdc3a120ffde18d1275339d0d6599cd9b3,redirects.next.js,/upgrade-guides/0-8.html,/language/upgrade-guides/0-8,301,literal,true,"{""source"":""/upgrade-guides/0-8.html"",""destination"":""/language/upgrade-guides/0-8"",""permanent"":true}",/upgrade-guides/0-8.html,/language/upgrade-guides/0-8,
41bc97c8361f8c214fcc,aws_amplify_docs,tier1,aws-amplify/docs,23f0406663733992d4fb33405df34f1ef0cdd883,redirects.json,/lib-v1/project-setup/prereq/q/platform/ios,/gen1/swift/prev/start/project-setup,301,literal,true,"{""source"": ""/lib-v1/project-setup/prereq/q/platform/ios/"", ""status"": ""301"", ""target"": ""/gen1/swift/prev/start/project-setup/""}",/lib-v1/project-setup/prereq/q/platform/ios/,/gen1/swift/prev/start/project-setup/,
41dacecb8a17b54922a4,flux_website,tier2,fluxcd/website,fbe28609d4c4773ba8b0c73fe65fe8e0b428d89c,static/_redirects,/flux/components/notification/alert,/flux/components/notification/alerts,301,literal,true,/flux/components/notification/alert             /flux/components/notification/alerts                301!,/flux/components/notification/alert,/flux/components/notification/alerts,
420e8a6728219e8a72dc,aws_amplify_docs,tier1,aws-amplify/docs,23f0406663733992d4fb33405df34f1ef0cdd883,redirects.json,/lib/auth/overview/q/platform/android,/android/build-a-backend/auth/under-the-hood,301,literal,true,"{""source"": ""/lib/auth/overview/q/platform/android/"", ""status"": ""301"", ""target"": ""/android/build-a-backend/auth/under-the-hood/""}",/lib/auth/overview/q/platform/android/,/android/build-a-backend/auth/under-the-hood/,
4244f5392d474d193abc,aws_amplify_docs,tier1,aws-amplify/docs,23f0406663733992d4fb33405df34f1ef0cdd883,redirects.json,/lib/graphqlapi/concepts/q/platform/flutter,/flutter/build-a-backend/graphqlapi/api-graphql-concepts,301,literal,true,"{""source"": ""/lib/graphqlapi/concepts/q/platform/flutter/"", ""status"": ""301"", ""target"": ""/flutter/build-a-backend/graphqlapi/api-graphql-concepts/""}",/lib/graphqlapi/concepts/q/platform/flutter/,/flutter/build-a-backend/graphqlapi/api-graphql-concepts/,
42a8a64fa8b51d735738,deno_docs,tier1,denoland/docs,3bc9f662c58db48d2b07ceaf5da2fa5587cfbf5f,oldurls.json,/examples/tutorials/deploy_otel,/examples/deploy_otel_tutorial,301,literal,true,/examples/tutorials/deploy_otel -> /examples/deploy_otel_tutorial,/examples/tutorials/deploy_otel,/examples/deploy_otel_tutorial,
42ad3a352db93b966717,terraform_website,tier1,hashicorp/terraform-website,93ec9cbdc3a120ffde18d1275339d0d6599cd9b3,redirects.next.js,/docs/providers/skytap/d/:path*,/providers/skytap/skytap/latest/docs/data-sources/:path*,301,placeholder,false,"{""source"":""/docs/providers/skytap/d/:path*"",""destination"":""https://registry.terraform.io/providers/skytap/skytap/latest/docs/data-sources/:path*"",""permanent"":true}",/docs/providers/skytap/d/:path*,https://registry.terraform.io/providers/skytap/skytap/latest/docs/data-sources/:path*,
42f10281907ef9fa30fd,aws_amplify_docs,tier1,aws-amplify/docs,23f0406663733992d4fb33405df34f1ef0cdd883,redirects.json,/react-native/build-a-backend/auth/switch-auth,/gen1/react-native/build-a-backend/auth/switch-auth,301,literal,true,"{""source"": ""/react-native/build-a-backend/auth/switch-auth/"", ""status"": ""301"", ""target"": ""/gen1/react-native/build-a-backend/auth/switch-auth/""}",/react-native/build-a-backend/auth/switch-auth/,/gen1/react-native/build-a-backend/auth/switch-auth/,
430c7be15d56681fbe3e,aws_amplify_docs,tier1,aws-amplify/docs,23f0406663733992d4fb33405df34f1ef0cdd883,redirects.json,/<platform>/start/getting-started,/gen1/<platform>/start/getting-started,301,placeholder,false,"{""source"": ""/<platform>/start/getting-started/"", ""status"": ""301"", ""target"": ""/gen1/<platform>/start/getting-started/""}",/<platform>/start/getting-started/,/gen1/<platform>/start/getting-started/,
43775d2faaf0e02186dc,aws_amplify_docs,tier1,aws-amplify/docs,23f0406663733992d4fb33405df34f1ef0cdd883,redirects.json,/lib-v1/auth/guest_access/q/platform/ios,/gen1/swift/prev/build-a-backend/auth/enable-guest-access,301,literal,true,"{""source"": ""/lib-v1/auth/guest_access/q/platform/ios/"", ""status"": ""301"", ""target"": ""/gen1/swift/prev/build-a-backend/auth/enable-guest-access/""}",/lib-v1/auth/guest_access/q/platform/ios/,/gen1/swift/prev/build-a-backend/auth/enable-guest-access/,
437f71921babb9f7edf6,aws_amplify_docs,tier1,aws-amplify/docs,23f0406663733992d4fb33405df34f1ef0cdd883,redirects.json,/[platform]/prev/build-a-backend/more-features/predictions/data-usage-policy,/gen1/react/prev/build-a-backend/more-features/predictions/data-usage-policy,301,wildcard,false,"{""source"": ""/[platform]/prev/build-a-backend/more-features/predictions/data-usage-policy"", ""status"": ""301"", ""target"": ""/gen1/react/prev/build-a-backend/more-features/predictions/data-usage-policy""}",/[platform]/prev/build-a-backend/more-features/predictions/data-usage-policy,/gen1/react/prev/build-a-backend/more-features/predictions/data-usage-policy,
439f078eb7d480fcc4da,aws_amplify_docs,tier1,aws-amplify/docs,23f0406663733992d4fb33405df34f1ef0cdd883,redirects.json,/guides/functions/connecting-a-rest-api/q/platform/android,/android/build-a-backend/functions,301,literal,true,"{""source"": ""/guides/functions/connecting-a-rest-api/q/platform/android/"", ""status"": ""301"", ""target"": ""/android/build-a-backend/functions/""}",/guides/functions/connecting-a-rest-api/q/platform/android/,/android/build-a-backend/functions/,
43b0a64e317099a6b86c,flux_website,tier2,fluxcd/website,fbe28609d4c4773ba8b0c73fe65fe8e0b428d89c,static/_redirects,/flagger/usage/osm-progressive-delivery,/flagger/tutorials/osm-progressive-delivery,301,literal,true,/flagger/usage/osm-progressive-delivery         /flagger/tutorials/osm-progressive-delivery         301!,/flagger/usage/osm-progressive-delivery,/flagger/tutorials/osm-progressive-delivery,
43be4c6bb618929235f8,aws_amplify_docs,tier1,aws-amplify/docs,23f0406663733992d4fb33405df34f1ef0cdd883,redirects.json,/console/uibuilder/responsive,/javascript/build-ui/uibuilder/responsive,301,literal,true,"{""source"": ""/console/uibuilder/responsive/"", ""status"": ""301"", ""target"": ""/javascript/build-ui/uibuilder/responsive/""}",/console/uibuilder/responsive/,/javascript/build-ui/uibuilder/responsive/,
43c30fb57dabe5640614,aws_amplify_docs,tier1,aws-amplify/docs,23f0406663733992d4fb33405df34f1ef0cdd883,redirects.json,/[platform]/build-a-backend/storage/query-transfers,/react/build-a-backend/storage/query-transfers,301,wildcard,false,"{""source"": ""/[platform]/build-a-backend/storage/query-transfers"", ""status"": ""301"", ""target"": ""/react/build-a-backend/storage/query-transfers""}",/[platform]/build-a-backend/storage/query-transfers,/react/build-a-backend/storage/query-transfers,
43cc6958c638b608ae24,aws_amplify_docs,tier1,aws-amplify/docs,23f0406663733992d4fb33405df34f1ef0cdd883,redirects.json,/lib-v1/predictions/interpret/q/platform/android,/gen1/android/prev/build-a-backend/more-features/predictions/interpret-sentiment,301,literal,true,"{""source"": ""/lib-v1/predictions/interpret/q/platform/android/"", ""status"": ""301"", ""target"": ""/gen1/android/prev/build-a-backend/more-features/predictions/interpret-sentiment/""}",/lib-v1/predictions/interpret/q/platform/android/,/gen1/android/prev/build-a-backend/more-features/predictions/interpret-sentiment/,
43cf19f3eb590a6abf53,aws_amplify_docs,tier1,aws-amplify/docs,23f0406663733992d4fb33405df34f1ef0cdd883,redirects.json,/sdk/auth/guest-access/q/platform/next,/nextjs,301,literal,true,"{""source"": ""/sdk/auth/guest-access/q/platform/next/"", ""status"": ""301"", ""target"": ""/nextjs/""}",/sdk/auth/guest-access/q/platform/next/,/nextjs/,
441b3fc5b642b1846a56,aws_amplify_docs,tier1,aws-amplify/docs,23f0406663733992d4fb33405df34f1ef0cdd883,redirects.json,/lib-v1/graphqlapi/getting-started/q/platform/react-native,/gen1/react-native/prev/build-a-backend/graphqlapi/set-up-graphql-api,301,literal,true,"{""source"": ""/lib-v1/graphqlapi/getting-started/q/platform/react-native/"", ""status"": ""301"", ""target"": ""/gen1/react-native/prev/build-a-backend/graphqlapi/set-up-graphql-api/""}",/lib-v1/graphqlapi/getting-started/q/platform/react-native/,/gen1/react-native/prev/build-a-backend/graphqlapi/set-up-graphql-api/,
44443d79ff3f33b083aa,aws_amplify_docs,tier1,aws-amplify/docs,23f0406663733992d4fb33405df34f1ef0cdd883,redirects.json,/start/q/integration/react,/react/start/getting-started/introduction,301,literal,true,"{""source"": ""/start/q/integration/react/"", ""status"": ""301"", ""target"": ""/react/start/getting-started/introduction/""}",/start/q/integration/react/,/react/start/getting-started/introduction/,
44f32161f3bdf914df9f,aws_amplify_docs,tier1,aws-amplify/docs,23f0406663733992d4fb33405df34f1ef0cdd883,redirects.json,/cli/project/tags,/javascript/tools/cli/project/tags,301,literal,true,"{""source"": ""/cli/project/tags/"", ""status"": ""301"", ""target"": ""/javascript/tools/cli/project/tags/""}",/cli/project/tags/,/javascript/tools/cli/project/tags/,
45f2516976ae8780b406,terraform_website,tier1,hashicorp/terraform-website,93ec9cbdc3a120ffde18d1275339d0d6599cd9b3,redirects.next.js,/cloud-docs/api-docs/admin/terraform-versions,/enterprise/api-docs/admin/terraform-versions,301,literal,true,"{""source"":""/cloud-docs/api-docs/admin/terraform-versions"",""destination"":""/enterprise/api-docs/admin/terraform-versions"",""permanent"":true}",/cloud-docs/api-docs/admin/terraform-versions,/enterprise/api-docs/admin/terraform-versions,
4638dd463f4ec1cf3dd9,aws_amplify_docs,tier1,aws-amplify/docs,23f0406663733992d4fb33405df34f1ef0cdd883,redirects.json,/lib-v1/auth/device_features/q/platform/ios,/gen1/swift/prev/build-a-backend/auth/remember-device,301,literal,true,"{""source"": ""/lib-v1/auth/device_features/q/platform/ios/"", ""status"": ""301"", ""target"": ""/gen1/swift/prev/build-a-backend/auth/remember-device/""}",/lib-v1/auth/device_features/q/platform/ios/,/gen1/swift/prev/build-a-backend/auth/remember-device/,
46876c0a337f6ec2dc37,aws_amplify_docs,tier1,aws-amplify/docs,23f0406663733992d4fb33405df34f1ef0cdd883,redirects.json,/lib/predictions/identify-entity/q/platform/react-native,/react-native/build-a-backend/more-features/predictions/identify-entity,301,literal,true,"{""source"": ""/lib/predictions/identify-entity/q/platform/react-native/"", ""status"": ""301"", ""target"": ""/react-native/build-a-backend/more-features/predictions/identify-entity/""}",/lib/predictions/identify-entity/q/platform/react-native/,/react-native/build-a-backend/more-features/predictions/identify-entity/,
46e831c4161a05e29243,aws_amplify_docs,tier1,aws-amplify/docs,23f0406663733992d4fb33405df34f1ef0cdd883,redirects.json,/lib/logging/sending-logs/q/platform/ios,/swift/build-a-backend/more-features/logging/send-logs,301,literal,true,"{""source"": ""/lib/logging/sending-logs/q/platform/ios/"", ""status"": ""301"", ""target"": ""/swift/build-a-backend/more-features/logging/send-logs/""}",/lib/logging/sending-logs/q/platform/ios/,/swift/build-a-backend/more-features/logging/send-logs/,
46f3d5a26fc59d58d70e,astro_docs,tier2,withastro/docs,8e216293f74f38cc64db427622de74060403d5a8,public/_redirects,/en/guides/aliases,/en/guides/imports,301,literal,true,/en/guides/aliases                                   /en/guides/imports/#aliases,/en/guides/aliases,/en/guides/imports/#aliases,
4700a464b58f448c17f4,aws_amplify_docs,tier1,aws-amplify/docs,23f0406663733992d4fb33405df34f1ef0cdd883,redirects.json,/<platform>/sdk/push-notifications/<page>,/gen1/<platform>/sdk/push-notifications/<page>,301,placeholder,false,"{""source"": ""/<platform>/sdk/push-notifications/<page>/"", ""status"": ""301"", ""target"": ""/gen1/<platform>/sdk/push-notifications/<page>/""}",/<platform>/sdk/push-notifications/<page>/,/gen1/<platform>/sdk/push-notifications/<page>/,
4717160e908a3a44b471,terraform_website,tier1,hashicorp/terraform-website,93ec9cbdc3a120ffde18d1275339d0d6599cd9b3,redirects.next.js,/docs/providers/selectel/d/:path*,/providers/selectel/selectel/latest/docs/data-sources/:path*,301,placeholder,false,"{""source"":""/docs/providers/selectel/d/:path*"",""destination"":""https://registry.terraform.io/providers/selectel/selectel/latest/docs/data-sources/:path*"",""permanent"":true}",/docs/providers/selectel/d/:path*,https://registry.terraform.io/providers/selectel/selectel/latest/docs/data-sources/:path*,
47b9332058972ca0b75b,aws_amplify_docs,tier1,aws-amplify/docs,23f0406663733992d4fb33405df34f1ef0cdd883,redirects.json,/lib-v1/in-app-messaging/identify-user/q/platform/js,/gen1/javascript/prev/build-a-backend/more-features/in-app-messaging/identify-user,301,literal,true,"{""source"": ""/lib-v1/in-app-messaging/identify-user/q/platform/js/"", ""status"": ""301"", ""target"": ""/gen1/javascript/prev/build-a-backend/more-features/in-app-messaging/identify-user/""}",/lib-v1/in-app-messaging/identify-user/q/platform/js/,/gen1/javascript/prev/build-a-backend/more-features/in-app-messaging/identify-user/,
47d6dfd3bd6ef2ec9c8a,aws_amplify_docs,tier1,aws-amplify/docs,23f0406663733992d4fb33405df34f1ef0cdd883,redirects.json,/guides/api-rest/gen-ai/q/platform/react-native,/react-native/build-a-backend/restapi/gen-ai,301,literal,true,"{""source"": ""/guides/api-rest/gen-ai/q/platform/react-native/"", ""status"": ""301"", ""target"": ""/react-native/build-a-backend/restapi/gen-ai/""}",/guides/api-rest/gen-ai/q/platform/react-native/,/react-native/build-a-backend/restapi/gen-ai/,
480c8bf6543e153e4e9a,aws_amplify_docs,tier1,aws-amplify/docs,23f0406663733992d4fb33405df34f1ef0cdd883,redirects.json,/lib-v1/predictions/identify-text/q/platform/android,/gen1/android/prev/build-a-backend/more-features/predictions/identify-text,301,literal,true,"{""source"": ""/lib-v1/predictions/identify-text/q/platform/android/"", ""status"": ""301"", ""target"": ""/gen1/android/prev/build-a-backend/more-features/predictions/identify-text/""}",/lib-v1/predictions/identify-text/q/platform/android/,/gen1/android/prev/build-a-backend/more-features/predictions/identify-text/,
482a27e48bf447d0b10e,aws_amplify_docs,tier1,aws-amplify/docs,23f0406663733992d4fb33405df34f1ef0cdd883,redirects.json,/cli/start/workflows,/javascript/tools/cli/start/key-workflows,301,literal,true,"{""source"": ""/cli/start/workflows/"", ""status"": ""301"", ""target"": ""/javascript/tools/cli/start/key-workflows/""}",/cli/start/workflows/,/javascript/tools/cli/start/key-workflows/,
483f83e5a7eaa2a0a544,terraform_website,tier1,hashicorp/terraform-website,93ec9cbdc3a120ffde18d1275339d0d6599cd9b3,redirects.next.js,/docs/providers/akamai/r/:path*,/providers/akamai/akamai/latest/docs/resources/:path*,301,placeholder,false,"{""source"":""/docs/providers/akamai/r/:path*"",""destination"":""https://registry.terraform.io/providers/akamai/akamai/latest/docs/resources/:path*"",""permanent"":true}",/docs/providers/akamai/r/:path*,https://registry.terraform.io/providers/akamai/akamai/latest/docs/resources/:path*,
485f7dbdfe609024a395,aws_amplify_docs,tier1,aws-amplify/docs,23f0406663733992d4fb33405df34f1ef0cdd883,redirects.json,/lib-v1/storage/remove/q/platform/flutter,/gen1/flutter/prev/build-a-backend/storage/remove,301,literal,true,"{""source"": ""/lib-v1/storage/remove/q/platform/flutter/"", ""status"": ""301"", ""target"": ""/gen1/flutter/prev/build-a-backend/storage/remove/""}",/lib-v1/storage/remove/q/platform/flutter/,/gen1/flutter/prev/build-a-backend/storage/remove/,
4878a72bdc57806e123f,terraform_website,tier1,hashicorp/terraform-website,93ec9cbdc3a120ffde18d1275339d0d6599cd9b3,redirects.next.js,/docs/providers/azuread/r/:path*,/providers/hashicorp/azuread/latest/docs/resources/:path*,301,placeholder,false,"{""source"":""/docs/providers/azuread/r/:path*"",""destination"":""https://registry.terraform.io/providers/hashicorp/azuread/latest/docs/resources/:path*"",""permanent"":true}",/docs/providers/azuread/r/:path*,https://registry.terraform.io/providers/hashicorp/azuread/latest/docs/resources/:path*,
488ecd72a8e417600ab5,flux_website,tier2,fluxcd/website,fbe28609d4c4773ba8b0c73fe65fe8e0b428d89c,static/_redirects,/docs/components/image/controller,/flux/components/image,301,literal,true,/docs/components/image/controller               /flux/components/image                              301!,/docs/components/image/controller,/flux/components/image,
4898fdcf2db7a2906f15,aws_amplify_docs,tier1,aws-amplify/docs,23f0406663733992d4fb33405df34f1ef0cdd883,redirects.json,/sdk/auth/getting-started/q/platform/ios,/swift/sdk/auth/getting-started,301,literal,true,"{""source"": ""/sdk/auth/getting-started/q/platform/ios/"", ""status"": ""301"", ""target"": ""/swift/sdk/auth/getting-started/""}",/sdk/auth/getting-started/q/platform/ios/,/swift/sdk/auth/getting-started/,
48a54ec7e758560113c6,aws_amplify_docs,tier1,aws-amplify/docs,23f0406663733992d4fb33405df34f1ef0cdd883,redirects.json,/lib/auth/social/q/platform/react-native,/gen1/react-native/build-a-backend/auth/add-social-provider,301,literal,true,"{""source"": ""/lib/auth/social/q/platform/react-native/"", ""status"": ""301"", ""target"": ""/gen1/react-native/build-a-backend/auth/add-social-provider/""}",/lib/auth/social/q/platform/react-native/,/gen1/react-native/build-a-backend/auth/add-social-provider/,
48ca4c8423573409dfb5,aws_amplify_docs,tier1,aws-amplify/docs,23f0406663733992d4fb33405df34f1ef0cdd883,redirects.json,/lib-v1/datastore/conflict/q/platform/ios,/gen1/swift/prev/build-a-backend/more-features/datastore/conflict-resolution,301,literal,true,"{""source"": ""/lib-v1/datastore/conflict/q/platform/ios/"", ""status"": ""301"", ""target"": ""/gen1/swift/prev/build-a-backend/more-features/datastore/conflict-resolution/""}",/lib-v1/datastore/conflict/q/platform/ios/,/gen1/swift/prev/build-a-backend/more-features/datastore/conflict-resolution/,
48eb29c0cc9541c9a14c,terraform_website,tier1,hashicorp/terraform-website,93ec9cbdc3a120ffde18d1275339d0d6599cd9b3,redirects.next.js,/cloud-docs/sentinel/enforce,/cloud-docs/policy-enforcement/policy-results,301,literal,true,"{""source"":""/cloud-docs/sentinel/enforce"",""destination"":""/cloud-docs/policy-enforcement/policy-results"",""permanent"":true}",/cloud-docs/sentinel/enforce,/cloud-docs/policy-enforcement/policy-results,
4955ce62a0b109dd35ee,aws_amplify_docs,tier1,aws-amplify/docs,23f0406663733992d4fb33405df34f1ef0cdd883,redirects.json,/cli/teams/commands,/javascript/tools/cli/teams/commands,301,literal,true,"{""source"": ""/cli/teams/commands/"", ""status"": ""301"", ""target"": ""/javascript/tools/cli/teams/commands/""}",/cli/teams/commands/,/javascript/tools/cli/teams/commands/,
4992436ff4cf5e58d025,terraform_website,tier1,hashicorp/terraform-website,93ec9cbdc3a120ffde18d1275339d0d6599cd9b3,redirects.next.js,/docs/providers/random/d/:path*,/providers/hashicorp/random/latest/docs/data-sources/:path*,301,placeholder,false,"{""source"":""/docs/providers/random/d/:path*"",""destination"":""https://registry.terraform.io/providers/hashicorp/random/latest/docs/data-sources/:path*"",""permanent"":true}",/docs/providers/random/d/:path*,https://registry.terraform.io/providers/hashicorp/random/latest/docs/data-sources/:path*,
49cd3f67695a2eac8cad,terraform_website,tier1,hashicorp/terraform-website,93ec9cbdc3a120ffde18d1275339d0d6599cd9b3,redirects.next.js,/docs/providers/alicloud(/index.html),/providers/aliyun/alicloud/latest/docs,301,wildcard,false,"{""source"":""/docs/providers/alicloud(/index.html)?"",""destination"":""https://registry.terraform.io/providers/aliyun/alicloud/latest/docs"",""permanent"":true}",/docs/providers/alicloud(/index.html)?,https://registry.terraform.io/providers/aliyun/alicloud/latest/docs,
4a2e702e55da85abdffe,terraform_website,tier1,hashicorp/terraform-website,93ec9cbdc3a120ffde18d1275339d0d6599cd9b3,redirects.next.js,/docs/providers/vcd/r/:path*,/providers/vmware/vcd/latest/docs/resources/:path*,301,placeholder,false,"{""source"":""/docs/providers/vcd/r/:path*"",""destination"":""https://registry.terraform.io/providers/vmware/vcd/latest/docs/resources/:path*"",""permanent"":true}",/docs/providers/vcd/r/:path*,https://registry.terraform.io/providers/vmware/vcd/latest/docs/resources/:path*,
4a52b3bc2f43a6fc0678,aws_amplify_docs,tier1,aws-amplify/docs,23f0406663733992d4fb33405df34f1ef0cdd883,redirects.json,/lib/auth/escapehatch/q/platform/js,/javascript/build-a-backend/auth,301,literal,true,"{""source"": ""/lib/auth/escapehatch/q/platform/js/"", ""status"": ""301"", ""target"": ""/javascript/build-a-backend/auth/""}",/lib/auth/escapehatch/q/platform/js/,/javascript/build-a-backend/auth/,
4a5e2d02954d5bd752d4,astro_docs,tier2,withastro/docs,8e216293f74f38cc64db427622de74060403d5a8,public/_redirects,/:lang/guides/assets,/:lang/guides/images,301,placeholder,false,/:lang/guides/assets                                 /:lang/guides/images/,/:lang/guides/assets,/:lang/guides/images/,
4a614b31a6d99cd7eed5,aws_amplify_docs,tier1,aws-amplify/docs,23f0406663733992d4fb33405df34f1ef0cdd883,redirects.json,/lib-v1/storage/existing-resources/q/platform/react-native,/gen1/react-native/prev/build-a-backend/storage/existing-resources,301,literal,true,"{""source"": ""/lib-v1/storage/existing-resources/q/platform/react-native/"", ""status"": ""301"", ""target"": ""/gen1/react-native/prev/build-a-backend/storage/existing-resources/""}",/lib-v1/storage/existing-resources/q/platform/react-native/,/gen1/react-native/prev/build-a-backend/storage/existing-resources/,
4a862461b48d336e0ff4,aws_amplify_docs,tier1,aws-amplify/docs,23f0406663733992d4fb33405df34f1ef0cdd883,redirects.json,/console/authz/permissions,/javascript/tools/console/authz/permissions,301,literal,true,"{""source"": ""/console/authz/permissions/"", ""status"": ""301"", ""target"": ""/javascript/tools/console/authz/permissions/""}",/console/authz/permissions/,/javascript/tools/console/authz/permissions/,
4b50b94b72a449d19359,aws_amplify_docs,tier1,aws-amplify/docs,23f0406663733992d4fb33405df34f1ef0cdd883,redirects.json,/lib-v1/restapi/getting-started/q/platform/react-native,/gen1/react-native/prev/build-a-backend/restapi/set-up-rest-api,301,literal,true,"{""source"": ""/lib-v1/restapi/getting-started/q/platform/react-native/"", ""status"": ""301"", ""target"": ""/gen1/react-native/prev/build-a-backend/restapi/set-up-rest-api/""}",/lib-v1/restapi/getting-started/q/platform/react-native/,/gen1/react-native/prev/build-a-backend/restapi/set-up-rest-api/,
4b600e8bce118e6cc66d,astro_docs,tier2,withastro/docs,8e216293f74f38cc64db427622de74060403d5a8,public/_redirects,/:lang/core-concepts/astro-components,/:lang/basics/astro-components,301,placeholder,false,/:lang/core-concepts/astro-components                /:lang/basics/astro-components/,/:lang/core-concepts/astro-components,/:lang/basics/astro-components/,
4b6be50115897adfb2af,flux_website,tier2,fluxcd/website,fbe28609d4c4773ba8b0c73fe65fe8e0b428d89c,static/_redirects,/flagger/usage/blue-green,/flagger/tutorials/kubernetes-blue-green,301,literal,true,/flagger/usage/blue-green                       /flagger/tutorials/kubernetes-blue-green            301!,/flagger/usage/blue-green,/flagger/tutorials/kubernetes-blue-green,
4b847696f8a2b45066d8,aws_amplify_docs,tier1,aws-amplify/docs,23f0406663733992d4fb33405df34f1ef0cdd883,redirects.json,/guides/api-rest/express-server/q/platform/android,/android/build-a-backend/restapi,301,literal,true,"{""source"": ""/guides/api-rest/express-server/q/platform/android/"", ""status"": ""301"", ""target"": ""/android/build-a-backend/restapi/""}",/guides/api-rest/express-server/q/platform/android/,/android/build-a-backend/restapi/,
4b88fb7f25fbe940667f,aws_amplify_docs,tier1,aws-amplify/docs,23f0406663733992d4fb33405df34f1ef0cdd883,redirects.json,/console/formbuilder/data-binding,/javascript/build-ui/formbuilder/data-binding,301,literal,true,"{""source"": ""/console/formbuilder/data-binding/"", ""status"": ""301"", ""target"": ""/javascript/build-ui/formbuilder/data-binding/""}",/console/formbuilder/data-binding/,/javascript/build-ui/formbuilder/data-binding/,
4bd64330535af1e3b721,deno_docs,tier1,denoland/docs,3bc9f662c58db48d2b07ceaf5da2fa5587cfbf5f,oldurls.json,/runtime/reference/web_platform_apis,/api/web,301,literal,true,runtime/reference/web_platform_apis/ -> /api/web/,runtime/reference/web_platform_apis/,/api/web/,
4c46d186a4bac9da7d36,aws_amplify_docs,tier1,aws-amplify/docs,23f0406663733992d4fb33405df34f1ef0cdd883,redirects.json,/lib/auth/customui/q/platform/js,/react/connected-components/authenticator,301,literal,true,"{""source"": ""/lib/auth/customui/q/platform/js/"", ""status"": ""301"", ""target"": ""https://ui.docs.amplify.aws/react/connected-components/authenticator""}",/lib/auth/customui/q/platform/js/,https://ui.docs.amplify.aws/react/connected-components/authenticator,
4c939cfe27360958ec13,terraform_website,tier1,hashicorp/terraform-website,93ec9cbdc3a120ffde18d1275339d0d6599cd9b3,redirects.next.js,/intro/vs/index.html,/intro/vs,301,literal,true,"{""source"":""/intro/vs/index.html"",""destination"":""/intro/vs"",""permanent"":true}",/intro/vs/index.html,/intro/vs,
4c959a6a66f6fa0b0ae6,astro_docs,tier2,withastro/docs,8e216293f74f38cc64db427622de74060403d5a8,public/_redirects,/:lang/install/auto,/:lang/install-and-setup,301,placeholder,false,/:lang/install/auto                                  /:lang/install-and-setup/,/:lang/install/auto,/:lang/install-and-setup/,
4ce77b8b8674f614a32e,aws_amplify_docs,tier1,aws-amplify/docs,23f0406663733992d4fb33405df34f1ef0cdd883,redirects.json,/lib/auth/social_signin_web_ui/q/platform/android,/android/build-a-backend/auth/add-social-provider,301,literal,true,"{""source"": ""/lib/auth/social_signin_web_ui/q/platform/android/"", ""status"": ""301"", ""target"": ""/android/build-a-backend/auth/add-social-provider/""}",/lib/auth/social_signin_web_ui/q/platform/android/,/android/build-a-backend/auth/add-social-provider/,
4d46c681b00c694f0d84,aws_amplify_docs,tier1,aws-amplify/docs,23f0406663733992d4fb33405df34f1ef0cdd883,redirects.json,/lib-v1/analytics/getting-started/q/platform/ios,/gen1/swift/prev/build-a-backend/more-features/analytics/set-up-analytics,301,literal,true,"{""source"": ""/lib-v1/analytics/getting-started/q/platform/ios/"", ""status"": ""301"", ""target"": ""/gen1/swift/prev/build-a-backend/more-features/analytics/set-up-analytics/""}",/lib-v1/analytics/getting-started/q/platform/ios/,/gen1/swift/prev/build-a-backend/more-features/analytics/set-up-analytics/,
4d6bb4ec5cdee172d164,terraform_website,tier1,hashicorp/terraform-website,93ec9cbdc3a120ffde18d1275339d0d6599cd9b3,redirects.next.js,/language/v1.2.x/upgrade-guides/0-12,/language/v1.1.x/upgrade-guides/0-12,301,literal,true,"{""source"":""/language/v1.2.x/upgrade-guides/0-12"",""destination"":""/language/v1.1.x/upgrade-guides/0-12"",""permanent"":true}",/language/v1.2.x/upgrade-guides/0-12,/language/v1.1.x/upgrade-guides/0-12,
4d7127837a0a9e3744b3,aws_amplify_docs,tier1,aws-amplify/docs,23f0406663733992d4fb33405df34f1ef0cdd883,redirects.json,/lib-v1/restapi/fetch/q/platform/react-native,/gen1/react-native/prev/build-a-backend/restapi/fetch-data,301,literal,true,"{""source"": ""/lib-v1/restapi/fetch/q/platform/react-native/"", ""status"": ""301"", ""target"": ""/gen1/react-native/prev/build-a-backend/restapi/fetch-data/""}",/lib-v1/restapi/fetch/q/platform/react-native/,/gen1/react-native/prev/build-a-backend/restapi/fetch-data/,
4d8b7213b1170f103664,aws_amplify_docs,tier1,aws-amplify/docs,23f0406663733992d4fb33405df34f1ef0cdd883,redirects.json,/react/deploy-and-host/custom-configuration,/gen1/react/deploy-and-host/custom-configuration,301,literal,true,"{""source"": ""/react/deploy-and-host/custom-configuration/"", ""status"": ""301"", ""target"": ""/gen1/react/deploy-and-host/custom-configuration/""}",/react/deploy-and-host/custom-configuration/,/gen1/react/deploy-and-host/custom-configuration/,
4d94dbc1fb7e1f8e0100,aws_amplify_docs,tier1,aws-amplify/docs,23f0406663733992d4fb33405df34f1ef0cdd883,redirects.json,/sdk/info/overview/q/platform/ios,/swift/sdk/info/overview,301,literal,true,"{""source"": ""/sdk/info/overview/q/platform/ios/"", ""status"": ""301"", ""target"": ""/swift/sdk/info/overview/""}",/sdk/info/overview/q/platform/ios/,/swift/sdk/info/overview/,
4ddee714a2e2814fe503,flux_website,tier2,fluxcd/website,fbe28609d4c4773ba8b0c73fe65fe8e0b428d89c,static/_redirects,/flagger/usage/gatewayapi-progressive-delivery,/flagger/tutorials/gatewayapi-progressive-delivery,301,literal,true,/flagger/usage/gatewayapi-progressive-delivery  /flagger/tutorials/gatewayapi-progressive-delivery  301!,/flagger/usage/gatewayapi-progressive-delivery,/flagger/tutorials/gatewayapi-progressive-delivery,
4df02e5ca1bae48c3dc3,terraform_website,tier1,hashicorp/terraform-website,93ec9cbdc3a120ffde18d1275339d0d6599cd9b3,redirects.js,/terraform/plugin/sdkv2/best-practices/testing,/terraform/plugin/testing/testing-patterns,301,literal,true,"{""source"":""/terraform/plugin/sdkv2/best-practices/testing"",""destination"":""/terraform/plugin/testing/testing-patterns"",""permanent"":true}",/terraform/plugin/sdkv2/best-practices/testing,/terraform/plugin/testing/testing-patterns,
4e1962ea423100a03cda,terraform_website,tier1,hashicorp/terraform-website,93ec9cbdc3a120ffde18d1275339d0d6599cd9b3,redirects.next.js,/docs/providers/do/d/:path*,/providers/digitalocean/digitalocean/latest/docs/data-sources/:path*,301,placeholder,false,"{""source"":""/docs/providers/do/d/:path*"",""destination"":""https://registry.terraform.io/providers/digitalocean/digitalocean/latest/docs/data-sources/:path*"",""permanent"":true}",/docs/providers/do/d/:path*,https://registry.terraform.io/providers/digitalocean/digitalocean/latest/docs/data-sources/:path*,
4e2cf528517a09f02094,aws_amplify_docs,tier1,aws-amplify/docs,23f0406663733992d4fb33405df34f1ef0cdd883,redirects.json,/lib-v1/datastore/datastore-events/q/platform/ios,/gen1/swift/prev/build-a-backend/more-features/datastore/datastore-events,301,literal,true,"{""source"": ""/lib-v1/datastore/datastore-events/q/platform/ios/"", ""status"": ""301"", ""target"": ""/gen1/swift/prev/build-a-backend/more-features/datastore/datastore-events/""}",/lib-v1/datastore/datastore-events/q/platform/ios/,/gen1/swift/prev/build-a-backend/more-features/datastore/datastore-events/,
4e5dc84c36ba44fc8b94,aws_amplify_docs,tier1,aws-amplify/docs,23f0406663733992d4fb33405df34f1ef0cdd883,redirects.json,/cli/graphql-transformer/<*>,/javascript/tools/cli-legacy/auth-directive,301,placeholder,false,"{""source"": ""/cli/graphql-transformer/<*>"", ""status"": ""301"", ""target"": ""/javascript/tools/cli-legacy/auth-directive/""}",/cli/graphql-transformer/<*>,/javascript/tools/cli-legacy/auth-directive/,
4e6e6feea74a5efe0625,aws_amplify_docs,tier1,aws-amplify/docs,23f0406663733992d4fb33405df34f1ef0cdd883,redirects.json,/javascript/prev/start/project-setup/create-application,/gen1/javascript/prev/start/project-setup/create-application,301,literal,true,"{""source"": ""/javascript/prev/start/project-setup/create-application/"", ""status"": ""301"", ""target"": ""/gen1/javascript/prev/start/project-setup/create-application/""}",/javascript/prev/start/project-setup/create-application/,/gen1/javascript/prev/start/project-setup/create-application/,
4eb86f0daf510dbe1f10,deno_docs,tier1,denoland/docs,3bc9f662c58db48d2b07ceaf5da2fa5587cfbf5f,oldurls.json,/examples/parsing-serializing-yaml,/examples/parsing_serializing_yaml,301,literal,true,/examples/parsing-serializing-yaml -> /examples/parsing_serializing_yaml,/examples/parsing-serializing-yaml,/examples/parsing_serializing_yaml,
4eb970640a26cc950d15,deno_docs,tier1,denoland/docs,3bc9f662c58db48d2b07ceaf5da2fa5587cfbf5f,oldurls.json,/runtime/contributing/profiling,/runtime/contributing,301,literal,true,/runtime/contributing/profiling/ -> /runtime/contributing#profiling,/runtime/contributing/profiling/,/runtime/contributing#profiling,
4ed183c690024272c016,aws_amplify_docs,tier1,aws-amplify/docs,23f0406663733992d4fb33405df34f1ef0cdd883,redirects.json,/lib/datastore/advanced-workflows/q/platform/ios,/swift/build-a-backend/more-features/datastore/customize-primary-keys,301,literal,true,"{""source"": ""/lib/datastore/advanced-workflows/q/platform/ios/"", ""status"": ""301"", ""target"": ""/swift/build-a-backend/more-features/datastore/customize-primary-keys/""}",/lib/datastore/advanced-workflows/q/platform/ios/,/swift/build-a-backend/more-features/datastore/customize-primary-keys/,
4ed1a7f6282535a638ed,aws_amplify_docs,tier1,aws-amplify/docs,23f0406663733992d4fb33405df34f1ef0cdd883,redirects.json,/lib-v1/graphqlapi/mutate-data/q/platform/flutter,/gen1/flutter/prev/build-a-backend/graphqlapi/mutate-data,301,literal,true,"{""source"": ""/lib-v1/graphqlapi/mutate-data/q/platform/flutter/"", ""status"": ""301"", ""target"": ""/gen1/flutter/prev/build-a-backend/graphqlapi/mutate-data/""}",/lib-v1/graphqlapi/mutate-data/q/platform/flutter/,/gen1/flutter/prev/build-a-backend/graphqlapi/mutate-data/,
4ee514b497f32e6b2c70,aws_amplify_docs,tier1,aws-amplify/docs,23f0406663733992d4fb33405df34f1ef0cdd883,redirects.json,/<platform>/prev/tools/<category>/<page>,/gen1/<platform>/prev/tools/<category>/<page>,301,placeholder,false,"{""source"": ""/<platform>/prev/tools/<category>/<page>/"", ""status"": ""301"", ""target"": ""/gen1/<platform>/prev/tools/<category>/<page>/""}",/<platform>/prev/tools/<category>/<page>/,/gen1/<platform>/prev/tools/<category>/<page>/,
4f659f865c5a42f9515f,deno_docs,tier1,denoland/docs,3bc9f662c58db48d2b07ceaf5da2fa5587cfbf5f,oldurls.json,/examples/aes-encryption,/examples/aes_encryption,301,literal,true,/examples/aes-encryption -> /examples/aes_encryption,/examples/aes-encryption,/examples/aes_encryption,
4ff03356ca53e9376d14,aws_amplify_docs,tier1,aws-amplify/docs,23f0406663733992d4fb33405df34f1ef0cdd883,redirects.json,/android/prev/start/project-setup/rxjava,/gen1/android/prev/start/project-setup/rxjava,301,literal,true,"{""source"": ""/android/prev/start/project-setup/rxjava/"", ""status"": ""301"", ""target"": ""/gen1/android/prev/start/project-setup/rxjava/""}",/android/prev/start/project-setup/rxjava/,/gen1/android/prev/start/project-setup/rxjava/,
500357394ab0d4a4d391,aws_amplify_docs,tier1,aws-amplify/docs,23f0406663733992d4fb33405df34f1ef0cdd883,redirects.json,/lib/datastore/datastore-events/q/platform/ios,/swift/build-a-backend/more-features/datastore/datastore-events,301,literal,true,"{""source"": ""/lib/datastore/datastore-events/q/platform/ios/"", ""status"": ""301"", ""target"": ""/swift/build-a-backend/more-features/datastore/datastore-events/""}",/lib/datastore/datastore-events/q/platform/ios/,/swift/build-a-backend/more-features/datastore/datastore-events/,
500b410f4d5667336902,deno_docs,tier1,denoland/docs,3bc9f662c58db48d2b07ceaf5da2fa5587cfbf5f,oldurls.json,/examples/tutorials/honeycomb,/examples/honeycomb_tutorial,301,literal,true,/examples/tutorials/honeycomb -> /examples/honeycomb_tutorial,/examples/tutorials/honeycomb,/examples/honeycomb_tutorial,
5070e2e1c5ef4a412b83,deno_docs,tier1,denoland/docs,3bc9f662c58db48d2b07ceaf5da2fa5587cfbf5f,oldurls.json,/deploy/tutorials,/examples,301,literal,true,/deploy/tutorials/ -> /examples/,/deploy/tutorials/,/examples/,
5109caa0a2a6f184209e,aws_amplify_docs,tier1,aws-amplify/docs,23f0406663733992d4fb33405df34f1ef0cdd883,redirects.json,/lib/storage/existing-resources/q/platform/ios,/swift/build-a-backend/storage/existing-resources,301,literal,true,"{""source"": ""/lib/storage/existing-resources/q/platform/ios/"", ""status"": ""301"", ""target"": ""/swift/build-a-backend/storage/existing-resources/""}",/lib/storage/existing-resources/q/platform/ios/,/swift/build-a-backend/storage/existing-resources/,
5138ba44a50269f11c22,aws_amplify_docs,tier1,aws-amplify/docs,23f0406663733992d4fb33405df34f1ef0cdd883,redirects.json,/lib-v1/storage/overview/q/platform/android,/gen1/android/prev/build-a-backend/storage,301,literal,true,"{""source"": ""/lib-v1/storage/overview/q/platform/android/"", ""status"": ""301"", ""target"": ""/gen1/android/prev/build-a-backend/storage/""}",/lib-v1/storage/overview/q/platform/android/,/gen1/android/prev/build-a-backend/storage/,
515bd6904f6237909108,aws_amplify_docs,tier1,aws-amplify/docs,23f0406663733992d4fb33405df34f1ef0cdd883,redirects.json,/lib/datastore/data-access/q/platform/android,/android/build-a-backend/more-features/datastore/manipulate-data,301,literal,true,"{""source"": ""/lib/datastore/data-access/q/platform/android/"", ""status"": ""301"", ""target"": ""/android/build-a-backend/more-features/datastore/manipulate-data/""}",/lib/datastore/data-access/q/platform/android/,/android/build-a-backend/more-features/datastore/manipulate-data/,
517a1ba26c5387489d4d,aws_amplify_docs,tier1,aws-amplify/docs,23f0406663733992d4fb33405df34f1ef0cdd883,redirects.json,/lib/auth/user-attributes,/swift/build-a-backend/auth/managing-attributes,301,literal,true,"{""source"": ""/lib/auth/user-attributes/"", ""status"": ""301"", ""target"": ""/swift/build-a-backend/auth/managing-attributes/""}",/lib/auth/user-attributes/,/swift/build-a-backend/auth/managing-attributes/,
5184e1a7e084639228cc,terraform_website,tier1,hashicorp/terraform-website,93ec9cbdc3a120ffde18d1275339d0d6599cd9b3,redirects.next.js,/docs/providers/vsphere/guides/:path*,/providers/hashicorp/vsphere/latest/docs/guides/:path*,301,placeholder,false,"{""source"":""/docs/providers/vsphere/guides/:path*"",""destination"":""https://registry.terraform.io/providers/hashicorp/vsphere/latest/docs/guides/:path*"",""permanent"":true}",/docs/providers/vsphere/guides/:path*,https://registry.terraform.io/providers/hashicorp/vsphere/latest/docs/guides/:path*,
519295c94761ba2f3d93,aws_amplify_docs,tier1,aws-amplify/docs,23f0406663733992d4fb33405df34f1ef0cdd883,redirects.json,/react/build-a-backend/server-side-rendering/nextjs,/gen1/react/build-a-backend/server-side-rendering/nextjs,301,literal,true,"{""source"": ""/react/build-a-backend/server-side-rendering/nextjs/"", ""status"": ""301"", ""target"": ""/gen1/react/build-a-backend/server-side-rendering/nextjs/""}",/react/build-a-backend/server-side-rendering/nextjs/,/gen1/react/build-a-backend/server-side-rendering/nextjs/,
51df7672757ebc589235,aws_amplify_docs,tier1,aws-amplify/docs,23f0406663733992d4fb33405df34f1ef0cdd883,redirects.json,/<platform>/start/getting-started/<page>,/gen1/<platform>/start/getting-started/<page>,301,placeholder,false,"{""source"": ""/<platform>/start/getting-started/<page>/"", ""status"": ""301"", ""target"": ""/gen1/<platform>/start/getting-started/<page>/""}",/<platform>/start/getting-started/<page>/,/gen1/<platform>/start/getting-started/<page>/,
52009da7454f0400202b,aws_amplify_docs,tier1,aws-amplify/docs,23f0406663733992d4fb33405df34f1ef0cdd883,redirects.json,/cli/teams/multi-frontend,/javascript/tools/cli/teams/multi-frontend,301,literal,true,"{""source"": ""/cli/teams/multi-frontend/"", ""status"": ""301"", ""target"": ""/javascript/tools/cli/teams/multi-frontend/""}",/cli/teams/multi-frontend/,/javascript/tools/cli/teams/multi-frontend/,
52131d6f2d0f6dc719de,aws_amplify_docs,tier1,aws-amplify/docs,23f0406663733992d4fb33405df34f1ef0cdd883,redirects.json,/lib-v1/auth/access_credentials/q/platform/android,/gen1/android/prev/build-a-backend/auth/accessing-credentials,301,literal,true,"{""source"": ""/lib-v1/auth/access_credentials/q/platform/android/"", ""status"": ""301"", ""target"": ""/gen1/android/prev/build-a-backend/auth/accessing-credentials/""}",/lib-v1/auth/access_credentials/q/platform/android/,/gen1/android/prev/build-a-backend/auth/accessing-credentials/,
521ec24b0832f6da851e,aws_amplify_docs,tier1,aws-amplify/docs,23f0406663733992d4fb33405df34f1ef0cdd883,redirects.json,/lib-v1/analytics/existing-resources,/gen1/react/prev/build-a-backend/more-features/analytics/existing-resources,301,literal,true,"{""source"": ""/lib-v1/analytics/existing-resources"", ""status"": ""301"", ""target"": ""/gen1/react/prev/build-a-backend/more-features/analytics/existing-resources/""}",/lib-v1/analytics/existing-resources,/gen1/react/prev/build-a-backend/more-features/analytics/existing-resources/,
527e495c1ba1f4ddb6bf,aws_amplify_docs,tier1,aws-amplify/docs,23f0406663733992d4fb33405df34f1ef0cdd883,redirects.json,/javascript/prev/start/project-setup/prerequisites,/gen1/javascript/prev/start/project-setup/prerequisites,301,literal,true,"{""source"": ""/javascript/prev/start/project-setup/prerequisites/"", ""status"": ""301"", ""target"": ""/gen1/javascript/prev/start/project-setup/prerequisites/""}",/javascript/prev/start/project-setup/prerequisites/,/gen1/javascript/prev/start/project-setup/prerequisites/,
52a551c0e1a723c43bcd,aws_amplify_docs,tier1,aws-amplify/docs,23f0406663733992d4fb33405df34f1ef0cdd883,redirects.json,/lib-v1/storage/getting-started/q/platform/flutter,/gen1/flutter/prev/build-a-backend/storage/set-up-storage,301,literal,true,"{""source"": ""/lib-v1/storage/getting-started/q/platform/flutter/"", ""status"": ""301"", ""target"": ""/gen1/flutter/prev/build-a-backend/storage/set-up-storage/""}",/lib-v1/storage/getting-started/q/platform/flutter/,/gen1/flutter/prev/build-a-backend/storage/set-up-storage/,
5346e8a72b409947eb35,aws_amplify_docs,tier1,aws-amplify/docs,23f0406663733992d4fb33405df34f1ef0cdd883,redirects.json,/lib-v1/predictions/identify-entity/q/platform/js,/gen1/javascript/prev/build-a-backend/more-features/predictions/identify-entity,301,literal,true,"{""source"": ""/lib-v1/predictions/identify-entity/q/platform/js/"", ""status"": ""301"", ""target"": ""/gen1/javascript/prev/build-a-backend/more-features/predictions/identify-entity/""}",/lib-v1/predictions/identify-entity/q/platform/js/,/gen1/javascript/prev/build-a-backend/more-features/predictions/identify-entity/,
535abc8e08b61e40fede,aws_amplify_docs,tier1,aws-amplify/docs,23f0406663733992d4fb33405df34f1ef0cdd883,redirects.json,/lib-v1/storage/triggers/q/platform/react-native,/gen1/react-native/prev/build-a-backend/storage/lambda-triggers,301,literal,true,"{""source"": ""/lib-v1/storage/triggers/q/platform/react-native/"", ""status"": ""301"", ""target"": ""/gen1/react-native/prev/build-a-backend/storage/lambda-triggers/""}",/lib-v1/storage/triggers/q/platform/react-native/,/gen1/react-native/prev/build-a-backend/storage/lambda-triggers/,
53f225dec988846fa90b,aws_amplify_docs,tier1,aws-amplify/docs,23f0406663733992d4fb33405df34f1ef0cdd883,redirects.json,/lib-v1/auth/access_credentials/q/platform/flutter,/gen1/flutter/prev/build-a-backend/auth/accessing-credentials,301,literal,true,"{""source"": ""/lib-v1/auth/access_credentials/q/platform/flutter/"", ""status"": ""301"", ""target"": ""/gen1/flutter/prev/build-a-backend/auth/accessing-credentials/""}",/lib-v1/auth/access_credentials/q/platform/flutter/,/gen1/flutter/prev/build-a-backend/auth/accessing-credentials/,
53fe5e95db130c40fbea,terraform_website,tier1,hashicorp/terraform-website,93ec9cbdc3a120ffde18d1275339d0d6599cd9b3,redirects.next.js,/docs/providers/datadog(/index.html),/providers/DataDog/datadog/latest/docs,301,wildcard,false,"{""source"":""/docs/providers/datadog(/index.html)?"",""destination"":""https://registry.terraform.io/providers/DataDog/datadog/latest/docs"",""permanent"":true}",/docs/providers/datadog(/index.html)?,https://registry.terraform.io/providers/DataDog/datadog/latest/docs,
54549888a29a4f4a3baa,aws_amplify_docs,tier1,aws-amplify/docs,23f0406663733992d4fb33405df34f1ef0cdd883,redirects.json,/lib/analytics/getting-started/q/platform/ios,/swift/build-a-backend/more-features/analytics/set-up-analytics,301,literal,true,"{""source"": ""/lib/analytics/getting-started/q/platform/ios/"", ""status"": ""301"", ""target"": ""/swift/build-a-backend/more-features/analytics/set-up-analytics/""}",/lib/analytics/getting-started/q/platform/ios/,/swift/build-a-backend/more-features/analytics/set-up-analytics/,
546269cda1e717225a66,terraform_website,tier1,hashicorp/terraform-website,93ec9cbdc3a120ffde18d1275339d0d6599cd9b3,redirects.next.js,/docs/providers/mso(/index.html),/providers/CiscoDevNet/mso/latest/docs,301,wildcard,false,"{""source"":""/docs/providers/mso(/index.html)?"",""destination"":""https://registry.terraform.io/providers/CiscoDevNet/mso/latest/docs"",""permanent"":true}",/docs/providers/mso(/index.html)?,https://registry.terraform.io/providers/CiscoDevNet/mso/latest/docs,
54721773db7e1b547380,terraform_website,tier1,hashicorp/terraform-website,93ec9cbdc3a120ffde18d1275339d0d6599cd9b3,redirects.next.js,/docs/providers/flexibleengine/r/:path*,/providers/FlexibleEngineCloud/flexibleengine/latest/docs/resources/:path*,301,placeholder,false,"{""source"":""/docs/providers/flexibleengine/r/:path*"",""destination"":""https://registry.terraform.io/providers/FlexibleEngineCloud/flexibleengine/latest/docs/resources/:path*"",""permanent"":true}",/docs/providers/flexibleengine/r/:path*,https://registry.terraform.io/providers/FlexibleEngineCloud/flexibleengine/latest/docs/resources/:path*,
5481822057b124c4be67,aws_amplify_docs,tier1,aws-amplify/docs,23f0406663733992d4fb33405df34f1ef0cdd883,redirects.json,/[platform]/build-a-backend/graphqlapi/connect-from-server-runtime,/react/build-a-backend/graphqlapi/connect-from-server-runtime,301,wildcard,false,"{""source"": ""/[platform]/build-a-backend/graphqlapi/connect-from-server-runtime"", ""status"": ""301"", ""target"": ""/react/build-a-backend/graphqlapi/connect-from-server-runtime""}",/[platform]/build-a-backend/graphqlapi/connect-from-server-runtime,/react/build-a-backend/graphqlapi/connect-from-server-runtime,
549a5995a6cc4333f077,terraform_website,tier1,hashicorp/terraform-website,93ec9cbdc3a120ffde18d1275339d0d6599cd9b3,redirects.next.js,/docs/providers/random/guides/:path*,/providers/hashicorp/random/latest/docs/guides/:path*,301,placeholder,false,"{""source"":""/docs/providers/random/guides/:path*"",""destination"":""https://registry.terraform.io/providers/hashicorp/random/latest/docs/guides/:path*"",""permanent"":true}",/docs/providers/random/guides/:path*,https://registry.terraform.io/providers/hashicorp/random/latest/docs/guides/:path*,
54b46e26e018ad8e59bf,aws_amplify_docs,tier1,aws-amplify/docs,23f0406663733992d4fb33405df34f1ef0cdd883,redirects.json,/lib-v1/graphqlapi/query-data/q/platform/flutter,/gen1/flutter/prev/build-a-backend/graphqlapi/query-data,301,literal,true,"{""source"": ""/lib-v1/graphqlapi/query-data/q/platform/flutter/"", ""status"": ""301"", ""target"": ""/gen1/flutter/prev/build-a-backend/graphqlapi/query-data/""}",/lib-v1/graphqlapi/query-data/q/platform/flutter/,/gen1/flutter/prev/build-a-backend/graphqlapi/query-data/,
54d69da09f0c359bb73d,terraform_website,tier1,hashicorp/terraform-website,93ec9cbdc3a120ffde18d1275339d0d6599cd9b3,redirects.next.js,/guides/index.html,/guides,301,literal,true,"{""source"":""/guides/index.html"",""destination"":""/guides"",""permanent"":true}",/guides/index.html,/guides,
54df152429c90f991170,astro_docs,tier2,withastro/docs,8e216293f74f38cc64db427622de74060403d5a8,public/_redirects,/:lang/recipes/studio,/:lang/guides/astro-db,301,placeholder,false,/:lang/recipes/studio                                /:lang/guides/astro-db/,/:lang/recipes/studio,/:lang/guides/astro-db/,
5545e3b0e8f5409f69c4,aws_amplify_docs,tier1,aws-amplify/docs,23f0406663733992d4fb33405df34f1ef0cdd883,redirects.json,/cli-legacy/graphql-transformer/dataaccess,/javascript/tools/cli-legacy/data-access-patterns,301,literal,true,"{""source"": ""/cli-legacy/graphql-transformer/dataaccess/"", ""status"": ""301"", ""target"": ""/javascript/tools/cli-legacy/data-access-patterns/""}",/cli-legacy/graphql-transformer/dataaccess/,/javascript/tools/cli-legacy/data-access-patterns/,
556d6bc3e4945e58690e,astro_docs,tier2,withastro/docs,8e216293f74f38cc64db427622de74060403d5a8,public/_redirects,/:lang/core-concepts/rendering-modes,/:lang/guides/on-demand-rendering,301,placeholder,false,/:lang/core-concepts/rendering-modes                 /:lang/guides/on-demand-rendering/,/:lang/core-concepts/rendering-modes,/:lang/guides/on-demand-rendering/,
55a9022d7b2135ee6632,aws_amplify_docs,tier1,aws-amplify/docs,23f0406663733992d4fb33405df34f1ef0cdd883,redirects.json,/console/storage/file-browser,/javascript/tools/console/storage/file-browser,301,literal,true,"{""source"": ""/console/storage/file-browser/"", ""status"": ""301"", ""target"": ""/javascript/tools/console/storage/file-browser/""}",/console/storage/file-browser/,/javascript/tools/console/storage/file-browser/,
55b8ea2f072fd9d9c7bc,aws_amplify_docs,tier1,aws-amplify/docs,23f0406663733992d4fb33405df34f1ef0cdd883,redirects.json,/sdk/auth/federated-identities/q/platform/android,/android/sdk/auth/federated-identities,301,literal,true,"{""source"": ""/sdk/auth/federated-identities/q/platform/android/"", ""status"": ""301"", ""target"": ""/android/sdk/auth/federated-identities/""}",/sdk/auth/federated-identities/q/platform/android/,/android/sdk/auth/federated-identities/,
55d506c4654c02d7e48f,deno_docs,tier1,denoland/docs,3bc9f662c58db48d2b07ceaf5da2fa5587cfbf5f,oldurls.json,/examples/spy-functions,/examples/spy_functions,301,literal,true,/examples/spy-functions -> /examples/spy_functions,/examples/spy-functions,/examples/spy_functions,
55ebba82c1abe9553193,aws_amplify_docs,tier1,aws-amplify/docs,23f0406663733992d4fb33405df34f1ef0cdd883,redirects.json,/lib/storage/triggers/q/platform/ios,/swift/build-a-backend/storage/lambda-triggers,301,literal,true,"{""source"": ""/lib/storage/triggers/q/platform/ios/"", ""status"": ""301"", ""target"": ""/swift/build-a-backend/storage/lambda-triggers/""}",/lib/storage/triggers/q/platform/ios/,/swift/build-a-backend/storage/lambda-triggers/,
55f6704e519648e77d55,terraform_website,tier1,hashicorp/terraform-website,93ec9cbdc3a120ffde18d1275339d0d6599cd9b3,redirects.next.js,/docs/providers/ovh/guides/:path*,/providers/ovh/ovh/latest/docs/guides/:path*,301,placeholder,false,"{""source"":""/docs/providers/ovh/guides/:path*"",""destination"":""https://registry.terraform.io/providers/ovh/ovh/latest/docs/guides/:path*"",""permanent"":true}",/docs/providers/ovh/guides/:path*,https://registry.terraform.io/providers/ovh/ovh/latest/docs/guides/:path*,
55fb3e1e445168ccf864,aws_amplify_docs,tier1,aws-amplify/docs,23f0406663733992d4fb33405df34f1ef0cdd883,redirects.json,/lib/graphqlapi/existing-resources/q/platform/flutter,/flutter/build-a-backend/graphqlapi/existing-resources,301,literal,true,"{""source"": ""/lib/graphqlapi/existing-resources/q/platform/flutter/"", ""status"": ""301"", ""target"": ""/flutter/build-a-backend/graphqlapi/existing-resources/""}",/lib/graphqlapi/existing-resources/q/platform/flutter/,/flutter/build-a-backend/graphqlapi/existing-resources/,
5619bdd170c5604d74a2,flux_website,tier2,fluxcd/website,fbe28609d4c4773ba8b0c73fe65fe8e0b428d89c,static/_redirects,/flagger/usage/progressive-delivery,/flagger/tutorials/istio-progressive-delivery,301,literal,true,/flagger/usage/progressive-delivery             /flagger/tutorials/istio-progressive-delivery       301!,/flagger/usage/progressive-delivery,/flagger/tutorials/istio-progressive-delivery,
56407f98f58479273e65,aws_amplify_docs,tier1,aws-amplify/docs,23f0406663733992d4fb33405df34f1ef0cdd883,redirects.json,/lib-v1/pubsub/subunsub/q/platform/react-native,/gen1/react-native/prev/build-a-backend/more-features/pubsub/subscribe,301,literal,true,"{""source"": ""/lib-v1/pubsub/subunsub/q/platform/react-native/"", ""status"": ""301"", ""target"": ""/gen1/react-native/prev/build-a-backend/more-features/pubsub/subscribe/""}",/lib-v1/pubsub/subunsub/q/platform/react-native/,/gen1/react-native/prev/build-a-backend/more-features/pubsub/subscribe/,
56aa6d7c6cfd8d6efe86,aws_amplify_docs,tier1,aws-amplify/docs,23f0406663733992d4fb33405df34f1ef0cdd883,redirects.json,/start/getting-started/hosting/q/integration/angular,/angular/start/getting-started/hosting,301,literal,true,"{""source"": ""/start/getting-started/hosting/q/integration/angular/"", ""status"": ""301"", ""target"": ""/angular/start/getting-started/hosting/""}",/start/getting-started/hosting/q/integration/angular/,/angular/start/getting-started/hosting/,
56c6dfd06852dc787460,aws_amplify_docs,tier1,aws-amplify/docs,23f0406663733992d4fb33405df34f1ef0cdd883,redirects.json,/swift/build-a-backend/functions/connect-rest-api,/swift/build-a-backend/functions,301,literal,true,"{""source"": ""/swift/build-a-backend/functions/connect-rest-api/"", ""status"": ""301"", ""target"": ""/swift/build-a-backend/functions/""}",/swift/build-a-backend/functions/connect-rest-api/,/swift/build-a-backend/functions/,
56cded35cf62d509f9d2,astro_docs,tier2,withastro/docs,8e216293f74f38cc64db427622de74060403d5a8,public/_redirects,/:lang/guides/integrations-guide/image,/:lang/guides/images,301,placeholder,false,/:lang/guides/integrations-guide/image               /:lang/guides/images/,/:lang/guides/integrations-guide/image,/:lang/guides/images/,
575aeed94d5e54b8c88b,aws_amplify_docs,tier1,aws-amplify/docs,23f0406663733992d4fb33405df34f1ef0cdd883,redirects.json,/guides/location-service/tracking-device-location/q/platform/ios,/swift/build-a-backend/more-features/geo/amazon-location-sdk,301,literal,true,"{""source"": ""/guides/location-service/tracking-device-location/q/platform/ios/"", ""status"": ""301"", ""target"": ""/swift/build-a-backend/more-features/geo/amazon-location-sdk/""}",/guides/location-service/tracking-device-location/q/platform/ios/,/swift/build-a-backend/more-features/geo/amazon-location-sdk/,
576f13f91841edf388ac,astro_docs,tier2,withastro/docs,8e216293f74f38cc64db427622de74060403d5a8,public/_redirects,/:lang/migrate,/:lang/guides/upgrade-to/v1,301,placeholder,false,/:lang/migrate                                       /:lang/guides/upgrade-to/v1/,/:lang/migrate,/:lang/guides/upgrade-to/v1/,
57c6ce80e800210aef91,aws_amplify_docs,tier1,aws-amplify/docs,23f0406663733992d4fb33405df34f1ef0cdd883,redirects.json,/lib/auth/signOut/q/platform/ios,/swift/build-a-backend/auth/sign-out,301,literal,true,"{""source"": ""/lib/auth/signOut/q/platform/ios/"", ""status"": ""301"", ""target"": ""/swift/build-a-backend/auth/sign-out/""}",/lib/auth/signOut/q/platform/ios/,/swift/build-a-backend/auth/sign-out/,
57eafb5c459978df3173,astro_docs,tier2,withastro/docs,8e216293f74f38cc64db427622de74060403d5a8,public/_redirects,/:lang/core-concepts/collections,/:lang/guides/content-collections,301,placeholder,false,/:lang/core-concepts/collections                /:lang/guides/content-collections/,/:lang/core-concepts/collections,/:lang/guides/content-collections/,
57f0ddc606d38497dad5,aws_amplify_docs,tier1,aws-amplify/docs,23f0406663733992d4fb33405df34f1ef0cdd883,redirects.json,/lib/auth/access_credentials/q/platform/android,/android/build-a-backend/auth/accessing-credentials,301,literal,true,"{""source"": ""/lib/auth/access_credentials/q/platform/android/"", ""status"": ""301"", ""target"": ""/android/build-a-backend/auth/accessing-credentials/""}",/lib/auth/access_credentials/q/platform/android/,/android/build-a-backend/auth/accessing-credentials/,
58a22e60eab45d45a41e,aws_amplify_docs,tier1,aws-amplify/docs,23f0406663733992d4fb33405df34f1ef0cdd883,redirects.json,/sdk,/swift/sdk,301,literal,true,"{""source"": ""/sdk/"", ""status"": ""301"", ""target"": ""/swift/sdk/""}",/sdk/,/swift/sdk/,
58cfcfd546c232de02cb,aws_amplify_docs,tier1,aws-amplify/docs,23f0406663733992d4fb33405df34f1ef0cdd883,redirects.json,/angular/prev/build-a-backend,/gen1/angular/prev/build-a-backend,301,literal,true,"{""source"": ""/angular/prev/build-a-backend/"", ""status"": ""301"", ""target"": ""/gen1/angular/prev/build-a-backend/""}",/angular/prev/build-a-backend/,/gen1/angular/prev/build-a-backend/,
5937f4ee75b2a493e384,aws_amplify_docs,tier1,aws-amplify/docs,23f0406663733992d4fb33405df34f1ef0cdd883,redirects.json,/sdk/auth/federated-identities/q/platform/ios,/swift/sdk/auth/federated-identities,301,literal,true,"{""source"": ""/sdk/auth/federated-identities/q/platform/ios/"", ""status"": ""301"", ""target"": ""/swift/sdk/auth/federated-identities/""}",/sdk/auth/federated-identities/q/platform/ios/,/swift/sdk/auth/federated-identities/,
594fa437bdd039e6dfd4,aws_amplify_docs,tier1,aws-amplify/docs,23f0406663733992d4fb33405df34f1ef0cdd883,redirects.json,/lib/q/platform/react-native,/react-native/tools/libraries,301,literal,true,"{""source"": ""/lib/q/platform/react-native/"", ""status"": ""301"", ""target"": ""/react-native/tools/libraries/""}",/lib/q/platform/react-native/,/react-native/tools/libraries/,
595b8959c367637aa64f,aws_amplify_docs,tier1,aws-amplify/docs,23f0406663733992d4fb33405df34f1ef0cdd883,redirects.json,/sdk/q/platform/android,/android/sdk,301,literal,true,"{""source"": ""/sdk/q/platform/android/"", ""status"": ""301"", ""target"": ""/android/sdk/""}",/sdk/q/platform/android/,/android/sdk/,
595d9ee17953cad1092b,aws_amplify_docs,tier1,aws-amplify/docs,23f0406663733992d4fb33405df34f1ef0cdd883,redirects.json,/[platform]/build-a-backend/existing-resources/cli,/react/build-a-backend/existing-resources/cli,301,wildcard,false,"{""source"": ""/[platform]/build-a-backend/existing-resources/cli"", ""status"": ""301"", ""target"": ""/react/build-a-backend/existing-resources/cli""}",/[platform]/build-a-backend/existing-resources/cli,/react/build-a-backend/existing-resources/cli,
595e809712140c64b8fd,terraform_website,tier1,hashicorp/terraform-website,93ec9cbdc3a120ffde18d1275339d0d6599cd9b3,redirects.next.js,/enterprise/install/cluster-gcp,/enterprise/install/automated/active-active,301,literal,true,"{""source"":""/enterprise/install/cluster-gcp"",""destination"":""/enterprise/install/automated/active-active"",""permanent"":true}",/enterprise/install/cluster-gcp,/enterprise/install/automated/active-active,
59d472f7a60c7e33a79f,aws_amplify_docs,tier1,aws-amplify/docs,23f0406663733992d4fb33405df34f1ef0cdd883,redirects.json,/console/formbuilder/overview,/javascript/build-ui/formbuilder,301,literal,true,"{""source"": ""/console/formbuilder/overview/"", ""status"": ""301"", ""target"": ""/javascript/build-ui/formbuilder/""}",/console/formbuilder/overview/,/javascript/build-ui/formbuilder/,
5a0feb2ce61dcd9e4ae2,aws_amplify_docs,tier1,aws-amplify/docs,23f0406663733992d4fb33405df34f1ef0cdd883,redirects.json,/react/build-ui/formbuilder/overrides,/gen1/react/build-ui/formbuilder/overrides,301,literal,true,"{""source"": ""/react/build-ui/formbuilder/overrides/"", ""status"": ""301"", ""target"": ""/gen1/react/build-ui/formbuilder/overrides/""}",/react/build-ui/formbuilder/overrides/,/gen1/react/build-ui/formbuilder/overrides/,
5b1426d712b41f5fb279,flux_website,tier2,fluxcd/website,fbe28609d4c4773ba8b0c73fe65fe8e0b428d89c,static/_redirects,/flux/use-cases/openshift,/flux/installation/configuration/openshift,301,literal,true,/flux/use-cases/openshift                       /flux/installation/configuration/openshift          301!,/flux/use-cases/openshift,/flux/installation/configuration/openshift,
5b1e0722fcb97695366d,aws_amplify_docs,tier1,aws-amplify/docs,23f0406663733992d4fb33405df34f1ef0cdd883,redirects.json,/start/getting-started/hosting/q/integration/react,/react/start/getting-started/hosting,301,literal,true,"{""source"": ""/start/getting-started/hosting/q/integration/react/"", ""status"": ""301"", ""target"": ""/react/start/getting-started/hosting/""}",/start/getting-started/hosting/q/integration/react/,/react/start/getting-started/hosting/,
5b28bdd863ced204cfda,aws_amplify_docs,tier1,aws-amplify/docs,23f0406663733992d4fb33405df34f1ef0cdd883,redirects.json,/gen2/reference,/react/reference,301,literal,true,"{""source"": ""/gen2/reference/"", ""status"": ""301"", ""target"": ""/react/reference/""}",/gen2/reference/,/react/reference/,
5b503a49fcccf1067a3d,aws_amplify_docs,tier1,aws-amplify/docs,23f0406663733992d4fb33405df34f1ef0cdd883,redirects.json,/<platform>/build-a-backend/auth/delete-user-account,/gen1/<platform>/build-a-backend/auth/delete-user-account,301,placeholder,false,"{""source"": ""/<platform>/build-a-backend/auth/delete-user-account/"", ""status"": ""301"", ""target"": ""/gen1/<platform>/build-a-backend/auth/delete-user-account/""}",/<platform>/build-a-backend/auth/delete-user-account/,/gen1/<platform>/build-a-backend/auth/delete-user-account/,
5b721b41492a15ec312b,aws_amplify_docs,tier1,aws-amplify/docs,23f0406663733992d4fb33405df34f1ef0cdd883,redirects.json,/<platform>/build-a-backend/auth/managing-credentials,/gen1/<platform>/build-a-backend/auth/managing-credentials,301,placeholder,false,"{""source"": ""/<platform>/build-a-backend/auth/managing-credentials/"", ""status"": ""301"", ""target"": ""/gen1/<platform>/build-a-backend/auth/managing-credentials/""}",/<platform>/build-a-backend/auth/managing-credentials/,/gen1/<platform>/build-a-backend/auth/managing-credentials/,
5b7602f8305d8e690c83,aws_amplify_docs,tier1,aws-amplify/docs,23f0406663733992d4fb33405df34f1ef0cdd883,redirects.json,/[platform]/tools/cli-legacy/config-params,/react/tools/cli-legacy/config-params,301,wildcard,false,"{""source"": ""/[platform]/tools/cli-legacy/config-params"", ""status"": ""301"", ""target"": ""/react/tools/cli-legacy/config-params""}",/[platform]/tools/cli-legacy/config-params,/react/tools/cli-legacy/config-params,
5bd8c270b3f702020aaf,terraform_website,tier1,hashicorp/terraform-website,93ec9cbdc3a120ffde18d1275339d0d6599cd9b3,redirects.next.js,/language/v1.2.x/upgrade-guides/0-9,/language/v1.1.x/upgrade-guides/0-9,301,literal,true,"{""source"":""/language/v1.2.x/upgrade-guides/0-9"",""destination"":""/language/v1.1.x/upgrade-guides/0-9"",""permanent"":true}",/language/v1.2.x/upgrade-guides/0-9,/language/v1.1.x/upgrade-guides/0-9,
5bea286cf1e801bc7b60,aws_amplify_docs,tier1,aws-amplify/docs,23f0406663733992d4fb33405df34f1ef0cdd883,redirects.json,/nextjs/prev/start/project-setup/create-application,/gen1/nextjs/prev/start/project-setup/create-application,301,literal,true,"{""source"": ""/nextjs/prev/start/project-setup/create-application/"", ""status"": ""301"", ""target"": ""/gen1/nextjs/prev/start/project-setup/create-application/""}",/nextjs/prev/start/project-setup/create-application/,/gen1/nextjs/prev/start/project-setup/create-application/,
5c36ab2d92dd8220e8cd,flux_website,tier2,fluxcd/website,fbe28609d4c4773ba8b0c73fe65fe8e0b428d89c,static/_redirects,/docs/roadmap,/roadmap,301,literal,true,/docs/roadmap                                   /roadmap                                            301!,/docs/roadmap,/roadmap,
5cc85ea169131595d77b,aws_amplify_docs,tier1,aws-amplify/docs,23f0406663733992d4fb33405df34f1ef0cdd883,redirects.json,/cli/commands/interactions,/javascript/tools/cli/commands,301,literal,true,"{""source"": ""/cli/commands/interactions/"", ""status"": ""301"", ""target"": ""/javascript/tools/cli/commands/#interactions""}",/cli/commands/interactions/,/javascript/tools/cli/commands/#interactions,
5ce1a75e859f09dabb09,deno_docs,tier1,denoland/docs,3bc9f662c58db48d2b07ceaf5da2fa5587cfbf5f,oldurls.json,/deploy/early-access/*,/deploy/*,301,wildcard,false,/deploy/early-access/* -> /deploy/*,/deploy/early-access/*,/deploy/*,
5d2858197a22b28fd2c9,astro_docs,tier2,withastro/docs,8e216293f74f38cc64db427622de74060403d5a8,public/_redirects,/:lang/core-concepts/framework-components,/:lang/guides/framework-components,301,placeholder,false,/:lang/core-concepts/framework-components            /:lang/guides/framework-components/,/:lang/core-concepts/framework-components,/:lang/guides/framework-components/,
5d3b8c302a2e636fa376,aws_amplify_docs,tier1,aws-amplify/docs,23f0406663733992d4fb33405df34f1ef0cdd883,redirects.json,/lib-v1/datastore/real-time/q/platform/javascript,/gen1/javascript/prev/build-a-backend/more-features/datastore/real-time,301,literal,true,"{""source"": ""/lib-v1/datastore/real-time/q/platform/javascript/"", ""status"": ""301"", ""target"": ""/gen1/javascript/prev/build-a-backend/more-features/datastore/real-time/""}",/lib-v1/datastore/real-time/q/platform/javascript/,/gen1/javascript/prev/build-a-backend/more-features/datastore/real-time/,
5d708e6007f454a5ab04,aws_amplify_docs,tier1,aws-amplify/docs,23f0406663733992d4fb33405df34f1ef0cdd883,redirects.json,/lib-v1/storage/configureaccess/q/platform/js,/gen1/javascript/prev/build-a-backend/storage/configure-access,301,literal,true,"{""source"": ""/lib-v1/storage/configureaccess/q/platform/js/"", ""status"": ""301"", ""target"": ""/gen1/javascript/prev/build-a-backend/storage/configure-access/""}",/lib-v1/storage/configureaccess/q/platform/js/,/gen1/javascript/prev/build-a-backend/storage/configure-access/,
5db06dfd38d2ca5f68bc,aws_amplify_docs,tier1,aws-amplify/docs,23f0406663733992d4fb33405df34f1ef0cdd883,redirects.json,/lib-v1/graphqlapi/authz/q/platform/js,/gen1/javascript/prev/build-a-backend/graphqlapi/customize-authz-modes,301,literal,true,"{""source"": ""/lib-v1/graphqlapi/authz/q/platform/js/"", ""status"": ""301"", ""target"": ""/gen1/javascript/prev/build-a-backend/graphqlapi/customize-authz-modes/""}",/lib-v1/graphqlapi/authz/q/platform/js/,/gen1/javascript/prev/build-a-backend/graphqlapi/customize-authz-modes/,
5dd795e006b6d8b9c789,aws_amplify_docs,tier1,aws-amplify/docs,23f0406663733992d4fb33405df34f1ef0cdd883,redirects.json,/lib/graphqlapi/concepts/q/platform,/react/build-a-backend/graphqlapi/api-graphql-concepts,301,literal,true,"{""source"": ""/lib/graphqlapi/concepts/q/platform/"", ""status"": ""301"", ""target"": ""/react/build-a-backend/graphqlapi/api-graphql-concepts/""}",/lib/graphqlapi/concepts/q/platform/,/react/build-a-backend/graphqlapi/api-graphql-concepts/,
5df1652310b00fb9e1ac,terraform_website,tier1,hashicorp/terraform-website,93ec9cbdc3a120ffde18d1275339d0d6599cd9b3,redirects.next.js,/docs/providers/statuscake/d/:path*,/providers/StatusCakeDev/statuscake/latest/docs/data-sources/:path*,301,placeholder,false,"{""source"":""/docs/providers/statuscake/d/:path*"",""destination"":""https://registry.terraform.io/providers/StatusCakeDev/statuscake/latest/docs/data-sources/:path*"",""permanent"":true}",/docs/providers/statuscake/d/:path*,https://registry.terraform.io/providers/StatusCakeDev/statuscake/latest/docs/data-sources/:path*,
5e67dcb6a926ed34cb4a,aws_amplify_docs,tier1,aws-amplify/docs,23f0406663733992d4fb33405df34f1ef0cdd883,redirects.json,/lib/graphqlapi/working-with-files/q/platform/js,/javascript/build-a-backend/graphqlapi/working-with-files,301,literal,true,"{""source"": ""/lib/graphqlapi/working-with-files/q/platform/js/"", ""status"": ""301"", ""target"": ""/javascript/build-a-backend/graphqlapi/working-with-files/""}",/lib/graphqlapi/working-with-files/q/platform/js/,/javascript/build-a-backend/graphqlapi/working-with-files/,
5e8a64476b664638f1ae,deno_docs,tier1,denoland/docs,3bc9f662c58db48d2b07ceaf5da2fa5587cfbf5f,oldurls.json,/examples/tutorials/file_server,/examples/file_server_tutorial,301,literal,true,/examples/tutorials/file_server -> /examples/file_server_tutorial,/examples/tutorials/file_server,/examples/file_server_tutorial,
5ef9d3008cb4844ee5d9,aws_amplify_docs,tier1,aws-amplify/docs,23f0406663733992d4fb33405df34f1ef0cdd883,redirects.json,/lib/graphqlapi/cancel-request/q/platform/js,/javascript/build-a-backend/graphqlapi/mutate-data,301,literal,true,"{""source"": ""/lib/graphqlapi/cancel-request/q/platform/js/"", ""status"": ""301"", ""target"": ""/javascript/build-a-backend/graphqlapi/mutate-data/#cancel-mutation-requests""}",/lib/graphqlapi/cancel-request/q/platform/js/,/javascript/build-a-backend/graphqlapi/mutate-data/#cancel-mutation-requests,
5f154d39ef4953ee4a98,aws_amplify_docs,tier1,aws-amplify/docs,23f0406663733992d4fb33405df34f1ef0cdd883,redirects.json,/swift/build-a-backend/auth/switch-auth,/gen1/swift/build-a-backend/auth/switch-auth,301,literal,true,"{""source"": ""/swift/build-a-backend/auth/switch-auth/"", ""status"": ""301"", ""target"": ""/gen1/swift/build-a-backend/auth/switch-auth/""}",/swift/build-a-backend/auth/switch-auth/,/gen1/swift/build-a-backend/auth/switch-auth/,
5f88e4b480c034f6c041,aws_amplify_docs,tier1,aws-amplify/docs,23f0406663733992d4fb33405df34f1ef0cdd883,redirects.json,/lib/storage/getting-started/q/platform/js,/javascript/build-a-backend/storage/set-up-storage,301,literal,true,"{""source"": ""/lib/storage/getting-started/q/platform/js/"", ""status"": ""301"", ""target"": ""/javascript/build-a-backend/storage/set-up-storage/""}",/lib/storage/getting-started/q/platform/js/,/javascript/build-a-backend/storage/set-up-storage/,
60322e029b27f8fe0084,aws_amplify_docs,tier1,aws-amplify/docs,23f0406663733992d4fb33405df34f1ef0cdd883,redirects.json,/lib-v1/auth/auth-events/q/platform/js,/gen1/javascript/prev/build-a-backend/auth/auth-events,301,literal,true,"{""source"": ""/lib-v1/auth/auth-events/q/platform/js/"", ""status"": ""301"", ""target"": ""/gen1/javascript/prev/build-a-backend/auth/auth-events/""}",/lib-v1/auth/auth-events/q/platform/js/,/gen1/javascript/prev/build-a-backend/auth/auth-events/,
605749445f4aa256a9d8,aws_amplify_docs,tier1,aws-amplify/docs,23f0406663733992d4fb33405df34f1ef0cdd883,redirects.json,/cli-legacy/graphql-transformer/function,/javascript/tools/cli-legacy/function-directive,301,literal,true,"{""source"": ""/cli-legacy/graphql-transformer/function/"", ""status"": ""301"", ""target"": ""/javascript/tools/cli-legacy/function-directive/""}",/cli-legacy/graphql-transformer/function/,/javascript/tools/cli-legacy/function-directive/,
60aeaa135c7830a91903,aws_amplify_docs,tier1,aws-amplify/docs,23f0406663733992d4fb33405df34f1ef0cdd883,redirects.json,/android/build-a-backend/functions/cognito-trigger-lambda-dynamodb,/android/build-a-backend/functions,301,literal,true,"{""source"": ""/android/build-a-backend/functions/cognito-trigger-lambda-dynamodb/"", ""status"": ""301"", ""target"": ""/android/build-a-backend/functions/""}",/android/build-a-backend/functions/cognito-trigger-lambda-dynamodb/,/android/build-a-backend/functions/,
60b6a17542c1dec2ee5d,deno_docs,tier1,denoland/docs,3bc9f662c58db48d2b07ceaf5da2fa5587cfbf5f,oldurls.json,/examples/tutorials/qwik,/examples/qwik_tutorial,301,literal,true,/examples/tutorials/qwik -> /examples/qwik_tutorial,/examples/tutorials/qwik,/examples/qwik_tutorial,
60f609ff501ad2da6fe9,terraform_website,tier1,hashicorp/terraform-website,93ec9cbdc3a120ffde18d1275339d0d6599cd9b3,redirects.next.js,/enterprise/before-installing,/enterprise/install/pre-install-checklist,301,literal,true,"{""source"":""/enterprise/before-installing"",""destination"":""/enterprise/install/pre-install-checklist"",""permanent"":true}",/enterprise/before-installing,/enterprise/install/pre-install-checklist,
60fa86a2096d20ced040,aws_amplify_docs,tier1,aws-amplify/docs,23f0406663733992d4fb33405df34f1ef0cdd883,redirects.json,/[platform]/build-a-backend/push-notifications/set-up-push-service,/react/build-a-backend/push-notifications/set-up-push-service,301,wildcard,false,"{""source"": ""/[platform]/build-a-backend/push-notifications/set-up-push-service"", ""status"": ""301"", ""target"": ""/react/build-a-backend/push-notifications/set-up-push-service""}",/[platform]/build-a-backend/push-notifications/set-up-push-service,/react/build-a-backend/push-notifications/set-up-push-service,
616811fe059073820a64,terraform_website,tier1,hashicorp/terraform-website,93ec9cbdc3a120ffde18d1275339d0d6599cd9b3,redirects.next.js,/docs/providers/azurerm(/index.html),/providers/hashicorp/azurerm/latest/docs,301,wildcard,false,"{""source"":""/docs/providers/azurerm(/index.html)?"",""destination"":""https://registry.terraform.io/providers/hashicorp/azurerm/latest/docs"",""permanent"":true}",/docs/providers/azurerm(/index.html)?,https://registry.terraform.io/providers/hashicorp/azurerm/latest/docs,
61c9ddc83a506931f2fd,aws_amplify_docs,tier1,aws-amplify/docs,23f0406663733992d4fb33405df34f1ef0cdd883,redirects.json,/lib/analytics/getting-started,/javascript/build-a-backend/more-features/analytics,301,literal,true,"{""source"": ""/lib/analytics/getting-started?platform=js"", ""status"": ""301"", ""target"": ""/javascript/build-a-backend/more-features/analytics/""}",/lib/analytics/getting-started?platform=js,/javascript/build-a-backend/more-features/analytics/,
61eb77d9f615752e1b83,terraform_website,tier1,hashicorp/terraform-website,93ec9cbdc3a120ffde18d1275339d0d6599cd9b3,redirects.next.js,/docs/providers/azurerm/d/:path*,/providers/hashicorp/azurerm/latest/docs/data-sources/:path*,301,placeholder,false,"{""source"":""/docs/providers/azurerm/d/:path*"",""destination"":""https://registry.terraform.io/providers/hashicorp/azurerm/latest/docs/data-sources/:path*"",""permanent"":true}",/docs/providers/azurerm/d/:path*,https://registry.terraform.io/providers/hashicorp/azurerm/latest/docs/data-sources/:path*,
61fc982a6bf992ab6f7d,aws_amplify_docs,tier1,aws-amplify/docs,23f0406663733992d4fb33405df34f1ef0cdd883,redirects.json,/lib/auth/signin_with_custom_flow/q/platform/ios,/swift/build-a-backend/auth/sign-in-custom-flow,301,literal,true,"{""source"": ""/lib/auth/signin_with_custom_flow/q/platform/ios/"", ""status"": ""301"", ""target"": ""/swift/build-a-backend/auth/sign-in-custom-flow/""}",/lib/auth/signin_with_custom_flow/q/platform/ios/,/swift/build-a-backend/auth/sign-in-custom-flow/,
6239f16416eb38583134,astro_docs,tier2,withastro/docs,8e216293f74f38cc64db427622de74060403d5a8,public/_redirects,/:lang/guides/rss,/:lang/recipes/rss,301,placeholder,false,/:lang/guides/rss/                                   /:lang/recipes/rss/,/:lang/guides/rss/,/:lang/recipes/rss/,
626e75f0be877cb02488,aws_amplify_docs,tier1,aws-amplify/docs,23f0406663733992d4fb33405df34f1ef0cdd883,redirects.json,/lib-v1/auth/escapehatch/q/platform/android,/gen1/android/prev/build-a-backend/auth/sdk,301,literal,true,"{""source"": ""/lib-v1/auth/escapehatch/q/platform/android/"", ""status"": ""301"", ""target"": ""/gen1/android/prev/build-a-backend/auth/sdk/""}",/lib-v1/auth/escapehatch/q/platform/android/,/gen1/android/prev/build-a-backend/auth/sdk/,
62e99cf53c740102021c,aws_amplify_docs,tier1,aws-amplify/docs,23f0406663733992d4fb33405df34f1ef0cdd883,redirects.json,/api/swagger-ui,/,301,literal,true,"{""source"": ""/api/swagger-ui/"", ""status"": ""301"", ""target"": ""https://ui.docs.amplify.aws/""}",/api/swagger-ui/,https://ui.docs.amplify.aws/,
62f38830a29eab7917c2,terraform_website,tier1,hashicorp/terraform-website,93ec9cbdc3a120ffde18d1275339d0d6599cd9b3,redirects.next.js,/cloud,/products/terraform,301,literal,true,"{""source"":""/cloud"",""destination"":""https://cloud.hashicorp.com/products/terraform"",""permanent"":true}",/cloud,https://cloud.hashicorp.com/products/terraform,
63119045f77e84f9231d,aws_amplify_docs,tier1,aws-amplify/docs,23f0406663733992d4fb33405df34f1ef0cdd883,redirects.json,/cli/reference/ssm-parameter-store,/javascript/tools/cli/reference/ssm-parameter-store,301,literal,true,"{""source"": ""/cli/reference/ssm-parameter-store/"", ""status"": ""301"", ""target"": ""/javascript/tools/cli/reference/ssm-parameter-store/""}",/cli/reference/ssm-parameter-store/,/javascript/tools/cli/reference/ssm-parameter-store/,
63ba30465aedf5461c88,astro_docs,tier2,withastro/docs,8e216293f74f38cc64db427622de74060403d5a8,public/_redirects,/:lang/guides/aliases,/:lang/guides/imports,301,placeholder,false,/:lang/guides/aliases                                /:lang/guides/imports/,/:lang/guides/aliases,/:lang/guides/imports/,
640e3c5b6e7f8d838d22,aws_amplify_docs,tier1,aws-amplify/docs,23f0406663733992d4fb33405df34f1ef0cdd883,redirects.json,/ui-legacy/interactions/chatbot/<*>,/angular/getting-started/migration,301,placeholder,false,"{""source"": ""/ui-legacy/interactions/chatbot/<*>"", ""status"": ""301"", ""target"": ""https://ui.docs.amplify.aws/angular/getting-started/migration#update-and-usage-1""}",/ui-legacy/interactions/chatbot/<*>,https://ui.docs.amplify.aws/angular/getting-started/migration#update-and-usage-1,
6464017c73108eb35984,aws_amplify_docs,tier1,aws-amplify/docs,23f0406663733992d4fb33405df34f1ef0cdd883,redirects.json,/lib/logging/configure-user/q/platform/ios,/swift/build-a-backend/more-features/logging/configure-user,301,literal,true,"{""source"": ""/lib/logging/configure-user/q/platform/ios/"", ""status"": ""301"", ""target"": ""/swift/build-a-backend/more-features/logging/configure-user/""}",/lib/logging/configure-user/q/platform/ios/,/swift/build-a-backend/more-features/logging/configure-user/,
6467007955cfb75ccae7,aws_amplify_docs,tier1,aws-amplify/docs,23f0406663733992d4fb33405df34f1ef0cdd883,redirects.json,/lib-v1/project-setup/use-existing-resources/q/platform/ios,/gen1/swift/prev/start/project-setup,301,literal,true,"{""source"": ""/lib-v1/project-setup/use-existing-resources/q/platform/ios/"", ""status"": ""301"", ""target"": ""/gen1/swift/prev/start/project-setup/""}",/lib-v1/project-setup/use-existing-resources/q/platform/ios/,/gen1/swift/prev/start/project-setup/,
646a28f7429531407cf1,deno_docs,tier1,denoland/docs,3bc9f662c58db48d2b07ceaf5da2fa5587cfbf5f,oldurls.json,/runtime/reference/deploying_and_embedding,/deploy/classic,301,literal,true,/runtime/reference/deploying_and_embedding/ -> /deploy/classic/,/runtime/reference/deploying_and_embedding/,/deploy/classic/,
647f2fc04e8281935973,aws_amplify_docs,tier1,aws-amplify/docs,23f0406663733992d4fb33405df34f1ef0cdd883,redirects.json,/guides/functions/dynamodb-from-js-lambda/q/platform/js,/javascript/build-a-backend/functions,301,literal,true,"{""source"": ""/guides/functions/dynamodb-from-js-lambda/q/platform/js/"", ""status"": ""301"", ""target"": ""/javascript/build-a-backend/functions/""}",/guides/functions/dynamodb-from-js-lambda/q/platform/js/,/javascript/build-a-backend/functions/,
64de657008682e5515ed,aws_amplify_docs,tier1,aws-amplify/docs,23f0406663733992d4fb33405df34f1ef0cdd883,redirects.json,/angular/build-a-backend/server-side-rendering/nextjs,/gen1/angular/build-a-backend/server-side-rendering/nextjs,301,literal,true,"{""source"": ""/angular/build-a-backend/server-side-rendering/nextjs/"", ""status"": ""301"", ""target"": ""/gen1/angular/build-a-backend/server-side-rendering/nextjs/""}",/angular/build-a-backend/server-side-rendering/nextjs/,/gen1/angular/build-a-backend/server-side-rendering/nextjs/,
64eb59b69b532039f4b5,aws_amplify_docs,tier1,aws-amplify/docs,23f0406663733992d4fb33405df34f1ef0cdd883,redirects.json,/[platform]/build-a-backend/restapi/test-api,/react/build-a-backend/restapi/test-api,301,wildcard,false,"{""source"": ""/[platform]/build-a-backend/restapi/test-api"", ""status"": ""301"", ""target"": ""/react/build-a-backend/restapi/test-api""}",/[platform]/build-a-backend/restapi/test-api,/react/build-a-backend/restapi/test-api,
64ebf65044377c2cf96e,aws_amplify_docs,tier1,aws-amplify/docs,23f0406663733992d4fb33405df34f1ef0cdd883,redirects.json,/gen2/start/configure-account,/gen2/start/account-setup,301,literal,true,"{""source"": ""/gen2/start/configure-account/"", ""status"": ""301"", ""target"": ""/gen2/start/account-setup/""}",/gen2/start/configure-account/,/gen2/start/account-setup/,
64f6fa4dbddb82101316,aws_amplify_docs,tier1,aws-amplify/docs,23f0406663733992d4fb33405df34f1ef0cdd883,redirects.json,/lib/in-app-messaging/getting-started/q/platform/js,/javascript/build-a-backend/more-features/in-app-messaging/set-up-in-app-messaging,301,literal,true,"{""source"": ""/lib/in-app-messaging/getting-started/q/platform/js/"", ""status"": ""301"", ""target"": ""/javascript/build-a-backend/more-features/in-app-messaging/set-up-in-app-messaging/""}",/lib/in-app-messaging/getting-started/q/platform/js/,/javascript/build-a-backend/more-features/in-app-messaging/set-up-in-app-messaging/,
6512ed6ddd370b71501e,aws_amplify_docs,tier1,aws-amplify/docs,23f0406663733992d4fb33405df34f1ef0cdd883,redirects.json,/lib-v1/auth/auth-events/q/platform/android,/gen1/android/prev/build-a-backend/auth/auth-events,301,literal,true,"{""source"": ""/lib-v1/auth/auth-events/q/platform/android/"", ""status"": ""301"", ""target"": ""/gen1/android/prev/build-a-backend/auth/auth-events/""}",/lib-v1/auth/auth-events/q/platform/android/,/gen1/android/prev/build-a-backend/auth/auth-events/,
655617accef26be956ea,aws_amplify_docs,tier1,aws-amplify/docs,23f0406663733992d4fb33405df34f1ef0cdd883,redirects.json,/[platform]/build-a-backend/utilities,/react/build-a-backend/utilities,301,wildcard,false,"{""source"": ""/[platform]/build-a-backend/utilities"", ""status"": ""301"", ""target"": ""/react/build-a-backend/utilities""}",/[platform]/build-a-backend/utilities,/react/build-a-backend/utilities,
656ea431465e90eef333,aws_amplify_docs,tier1,aws-amplify/docs,23f0406663733992d4fb33405df34f1ef0cdd883,redirects.json,/lib-v1/predictions/label-image/q/platform/ios,/gen1/swift/prev/build-a-backend/more-features/predictions/label-image,301,literal,true,"{""source"": ""/lib-v1/predictions/label-image/q/platform/ios/"", ""status"": ""301"", ""target"": ""/gen1/swift/prev/build-a-backend/more-features/predictions/label-image/""}",/lib-v1/predictions/label-image/q/platform/ios/,/gen1/swift/prev/build-a-backend/more-features/predictions/label-image/,
657a28d753362c6806be,astro_docs,tier2,withastro/docs,8e216293f74f38cc64db427622de74060403d5a8,public/_redirects,/:lang/guides/deploy/google-firebase,/:lang/guides/deploy/firebase,301,placeholder,false,/:lang/guides/deploy/google-firebase/                /:lang/guides/deploy/firebase/,/:lang/guides/deploy/google-firebase/,/:lang/guides/deploy/firebase/,
65ad23d4826f43bcef08,aws_amplify_docs,tier1,aws-amplify/docs,23f0406663733992d4fb33405df34f1ef0cdd883,redirects.json,/lib/utilities/cache/q/platform/js,/javascript/build-a-backend/utilities/cache,301,literal,true,"{""source"": ""/lib/utilities/cache/q/platform/js/"", ""status"": ""301"", ""target"": ""/javascript/build-a-backend/utilities/cache/""}",/lib/utilities/cache/q/platform/js/,/javascript/build-a-backend/utilities/cache/,
65d4f595f36d54032b96,deno_docs,tier1,denoland/docs,3bc9f662c58db48d2b07ceaf5da2fa5587cfbf5f,oldurls.json,/examples/dns-queries,/examples/dns_queries,301,literal,true,/examples/dns-queries -> /examples/dns_queries,/examples/dns-queries,/examples/dns_queries,
65f8dc1c08741d487c2b,flux_website,tier2,fluxcd/website,fbe28609d4c4773ba8b0c73fe65fe8e0b428d89c,static/_redirects,/docs/contributing/flux2,/flux/contributing/flux,301,literal,true,/docs/contributing/flux2                        /flux/contributing/flux                             301!,/docs/contributing/flux2,/flux/contributing/flux,
66a43ed058322ffc80fc,aws_amplify_docs,tier1,aws-amplify/docs,23f0406663733992d4fb33405df34f1ef0cdd883,redirects.json,/lib-v1/storage/existing-resources/q/platform/ios,/gen1/swift/prev/build-a-backend/storage/existing-resources,301,literal,true,"{""source"": ""/lib-v1/storage/existing-resources/q/platform/ios/"", ""status"": ""301"", ""target"": ""/gen1/swift/prev/build-a-backend/storage/existing-resources/""}",/lib-v1/storage/existing-resources/q/platform/ios/,/gen1/swift/prev/build-a-backend/storage/existing-resources/,
685030df9863aeb44e27,aws_amplify_docs,tier1,aws-amplify/docs,23f0406663733992d4fb33405df34f1ef0cdd883,redirects.json,/lib-v1/datastore/real-time/q/platform/ios,/gen1/swift/prev/build-a-backend/more-features/datastore/real-time,301,literal,true,"{""source"": ""/lib-v1/datastore/real-time/q/platform/ios/"", ""status"": ""301"", ""target"": ""/gen1/swift/prev/build-a-backend/more-features/datastore/real-time/""}",/lib-v1/datastore/real-time/q/platform/ios/,/gen1/swift/prev/build-a-backend/more-features/datastore/real-time/,
68c47ad7f5316cd9dff2,aws_amplify_docs,tier1,aws-amplify/docs,23f0406663733992d4fb33405df34f1ef0cdd883,redirects.json,/lib-v1/geo/maps/q/platform/ios,/gen1/swift/prev/build-a-backend/more-features/geo/maps,301,literal,true,"{""source"": ""/lib-v1/geo/maps/q/platform/ios/"", ""status"": ""301"", ""target"": ""/gen1/swift/prev/build-a-backend/more-features/geo/maps/""}",/lib-v1/geo/maps/q/platform/ios/,/gen1/swift/prev/build-a-backend/more-features/geo/maps/,
68cdf791be963ca3b438,aws_amplify_docs,tier1,aws-amplify/docs,23f0406663733992d4fb33405df34f1ef0cdd883,redirects.json,/cli/graphql/authorization,/react/build-a-backend/graphqlapi/customize-authorization-rules,301,literal,true,"{""source"": ""/cli/graphql/authorization/"", ""status"": ""301"", ""target"": ""/react/build-a-backend/graphqlapi/customize-authorization-rules/""}",/cli/graphql/authorization/,/react/build-a-backend/graphqlapi/customize-authorization-rules/,
68cff72c9c30dc975791,astro_docs,tier2,withastro/docs,8e216293f74f38cc64db427622de74060403d5a8,public/_redirects,/:lang/community-resources/content,/:lang/recipes,301,placeholder,false,/:lang/community-resources/content/                  /:lang/recipes/,/:lang/community-resources/content/,/:lang/recipes/,
68d78988281c47a1b313,terraform_website,tier1,hashicorp/terraform-website,93ec9cbdc3a120ffde18d1275339d0d6599cd9b3,redirects.next.js,/enterprise/user-management/saml,/enterprise/saml/configuration,301,literal,true,"{""source"":""/enterprise/user-management/saml"",""destination"":""/enterprise/saml/configuration"",""permanent"":true}",/enterprise/user-management/saml,/enterprise/saml/configuration,
68fd7918466b4f37af22,aws_amplify_docs,tier1,aws-amplify/docs,23f0406663733992d4fb33405df34f1ef0cdd883,redirects.json,/lib/logging/configure-user/q/platform/android,/android/build-a-backend/more-features/logging/configure-user,301,literal,true,"{""source"": ""/lib/logging/configure-user/q/platform/android/"", ""status"": ""301"", ""target"": ""/android/build-a-backend/more-features/logging/configure-user/""}",/lib/logging/configure-user/q/platform/android/,/android/build-a-backend/more-features/logging/configure-user/,
6933790f866f51ccf011,aws_amplify_docs,tier1,aws-amplify/docs,23f0406663733992d4fb33405df34f1ef0cdd883,redirects.json,/[platform]/build-a-backend/more-features/predictions/sdk,/react/build-a-backend/more-features/predictions/sdk,301,wildcard,false,"{""source"": ""/[platform]/build-a-backend/more-features/predictions/sdk"", ""status"": ""301"", ""target"": ""/react/build-a-backend/more-features/predictions/sdk""}",/[platform]/build-a-backend/more-features/predictions/sdk,/react/build-a-backend/more-features/predictions/sdk,
69472eb00ed292c8230e,aws_amplify_docs,tier1,aws-amplify/docs,23f0406663733992d4fb33405df34f1ef0cdd883,redirects.json,/lib-v1/geo/search/q/platform/ios,/gen1/swift/prev/build-a-backend/more-features/geo/location-search,301,literal,true,"{""source"": ""/lib-v1/geo/search/q/platform/ios/"", ""status"": ""301"", ""target"": ""/gen1/swift/prev/build-a-backend/more-features/geo/location-search/""}",/lib-v1/geo/search/q/platform/ios/,/gen1/swift/prev/build-a-backend/more-features/geo/location-search/,
6986597e33c9d79b738a,astro_docs,tier2,withastro/docs,8e216293f74f38cc64db427622de74060403d5a8,public/_redirects,/comparing-astro-vs-other-tools,/en/guides/migrate-to-astro,301,literal,true,/comparing-astro-vs-other-tools                 /en/guides/migrate-to-astro/,/comparing-astro-vs-other-tools,/en/guides/migrate-to-astro/,
6a0ce8e6a4021f61ffb9,aws_amplify_docs,tier1,aws-amplify/docs,23f0406663733992d4fb33405df34f1ef0cdd883,redirects.json,/guides/functions/dynamodb-from-js-lambda/q/platform/ios,/swift/build-a-backend/functions,301,literal,true,"{""source"": ""/guides/functions/dynamodb-from-js-lambda/q/platform/ios/"", ""status"": ""301"", ""target"": ""/swift/build-a-backend/functions/""}",/guides/functions/dynamodb-from-js-lambda/q/platform/ios/,/swift/build-a-backend/functions/,
6a56c3884d0de5d8fd03,terraform_website,tier1,hashicorp/terraform-website,93ec9cbdc3a120ffde18d1275339d0d6599cd9b3,redirects.next.js,/docs/providers/panos(/index.html),/providers/PaloAltoNetworks/panos/latest/docs,301,wildcard,false,"{""source"":""/docs/providers/panos(/index.html)?"",""destination"":""https://registry.terraform.io/providers/PaloAltoNetworks/panos/latest/docs"",""permanent"":true}",/docs/providers/panos(/index.html)?,https://registry.terraform.io/providers/PaloAltoNetworks/panos/latest/docs,
6af096ad2702aa1282ec,aws_amplify_docs,tier1,aws-amplify/docs,23f0406663733992d4fb33405df34f1ef0cdd883,redirects.json,/cli/graphql/offline-data-access-and-conflict-resolution,/javascript/build-a-backend/more-features/datastore/conflict-resolution,301,literal,true,"{""source"": ""/cli/graphql/offline-data-access-and-conflict-resolution/"", ""status"": ""301"", ""target"": ""/javascript/build-a-backend/more-features/datastore/conflict-resolution/""}",/cli/graphql/offline-data-access-and-conflict-resolution/,/javascript/build-a-backend/more-features/datastore/conflict-resolution/,
6b104f19d6992c8a3c06,aws_amplify_docs,tier1,aws-amplify/docs,23f0406663733992d4fb33405df34f1ef0cdd883,redirects.json,/react/build-ui/formbuilder/call-to-action,/gen1/react/build-ui/formbuilder/call-to-action,301,literal,true,"{""source"": ""/react/build-ui/formbuilder/call-to-action/"", ""status"": ""301"", ""target"": ""/gen1/react/build-ui/formbuilder/call-to-action/""}",/react/build-ui/formbuilder/call-to-action/,/gen1/react/build-ui/formbuilder/call-to-action/,
6b1346ff07728825e82e,aws_amplify_docs,tier1,aws-amplify/docs,23f0406663733992d4fb33405df34f1ef0cdd883,redirects.json,/<platform>/build-a-backend/push-notifications/<page>,/gen1/<platform>/build-a-backend/push-notifications/<page>,301,placeholder,false,"{""source"": ""/<platform>/build-a-backend/push-notifications/<page>/"", ""status"": ""301"", ""target"": ""/gen1/<platform>/build-a-backend/push-notifications/<page>/""}",/<platform>/build-a-backend/push-notifications/<page>/,/gen1/<platform>/build-a-backend/push-notifications/<page>/,
6b2486fd409fcb699d22,aws_amplify_docs,tier1,aws-amplify/docs,23f0406663733992d4fb33405df34f1ef0cdd883,redirects.json,/lib/auth/auth-events/q/platform/flutter,/flutter/build-a-backend/auth/auth-events,301,literal,true,"{""source"": ""/lib/auth/auth-events/q/platform/flutter/"", ""status"": ""301"", ""target"": ""/flutter/build-a-backend/auth/auth-events/""}",/lib/auth/auth-events/q/platform/flutter/,/flutter/build-a-backend/auth/auth-events/,
6b49a2b95de39a7192d1,aws_amplify_docs,tier1,aws-amplify/docs,23f0406663733992d4fb33405df34f1ef0cdd883,redirects.json,/sdk/auth/device-features/q/platform/ios,/swift/sdk/auth/device-features,301,literal,true,"{""source"": ""/sdk/auth/device-features/q/platform/ios/"", ""status"": ""301"", ""target"": ""/swift/sdk/auth/device-features/""}",/sdk/auth/device-features/q/platform/ios/,/swift/sdk/auth/device-features/,
6b5b9f8e28e6115111c5,aws_amplify_docs,tier1,aws-amplify/docs,23f0406663733992d4fb33405df34f1ef0cdd883,redirects.json,/lib/ssr/q/platform/angular,/angular/build-a-backend/server-side-rendering,301,literal,true,"{""source"": ""/lib/ssr/q/platform/angular/"", ""status"": ""301"", ""target"": ""/angular/build-a-backend/server-side-rendering/""}",/lib/ssr/q/platform/angular/,/angular/build-a-backend/server-side-rendering/,
6bb17da18866f71c607c,terraform_website,tier1,hashicorp/terraform-website,93ec9cbdc3a120ffde18d1275339d0d6599cd9b3,redirects.js,/terraform/plugin/framework/paths,/terraform/plugin/framework/handling-data/paths,301,literal,true,"{""source"":""/terraform/plugin/framework/paths"",""destination"":""/terraform/plugin/framework/handling-data/paths"",""permanent"":true}",/terraform/plugin/framework/paths,/terraform/plugin/framework/handling-data/paths,
6bcb23193384a3bf1b02,flux_website,tier2,fluxcd/website,fbe28609d4c4773ba8b0c73fe65fe8e0b428d89c,static/_redirects,/flux/use-cases/aws-codecommit,/flux/installation/bootstrap/aws-codecommit,301,literal,true,/flux/use-cases/aws-codecommit                  /flux/installation/bootstrap/aws-codecommit         301!,/flux/use-cases/aws-codecommit,/flux/installation/bootstrap/aws-codecommit,
6c10d86de0dd5b4fd2c3,aws_amplify_docs,tier1,aws-amplify/docs,23f0406663733992d4fb33405df34f1ef0cdd883,redirects.json,/angular/start/connect-existing-aws-resources,/angular/start/connect-to-aws-resources,301,literal,true,"{""source"": ""/angular/start/connect-existing-aws-resources"", ""status"": ""301"", ""target"": ""/angular/start/connect-to-aws-resources""}",/angular/start/connect-existing-aws-resources,/angular/start/connect-to-aws-resources,
6c6fc45d67721e6d94bd,aws_amplify_docs,tier1,aws-amplify/docs,23f0406663733992d4fb33405df34f1ef0cdd883,redirects.json,/sdk/analytics/endpoints/q/platform/android,/android/sdk/analytics/endpoints,301,literal,true,"{""source"": ""/sdk/analytics/endpoints/q/platform/android/"", ""status"": ""301"", ""target"": ""/android/sdk/analytics/endpoints/""}",/sdk/analytics/endpoints/q/platform/android/,/android/sdk/analytics/endpoints/,
6c79562c90a4ee6060ca,aws_amplify_docs,tier1,aws-amplify/docs,23f0406663733992d4fb33405df34f1ef0cdd883,redirects.json,/lib/graphqlapi/graphql-from-nodejs/q/platform/js,/javascript/build-a-backend/graphqlapi/connect-from-server-runtime,301,literal,true,"{""source"": ""/lib/graphqlapi/graphql-from-nodejs/q/platform/js/"", ""status"": ""301"", ""target"": ""/javascript/build-a-backend/graphqlapi/connect-from-server-runtime/""}",/lib/graphqlapi/graphql-from-nodejs/q/platform/js/,/javascript/build-a-backend/graphqlapi/connect-from-server-runtime/,
6c8da379050ac1f0513d,aws_amplify_docs,tier1,aws-amplify/docs,23f0406663733992d4fb33405df34f1ef0cdd883,redirects.json,/[platform]/build-a-backend/auth/managing-credentials,/react/build-a-backend/auth/managing-credentials,301,wildcard,false,"{""source"": ""/[platform]/build-a-backend/auth/managing-credentials"", ""status"": ""301"", ""target"": ""/react/build-a-backend/auth/managing-credentials""}",/[platform]/build-a-backend/auth/managing-credentials,/react/build-a-backend/auth/managing-credentials,
6ccda3f9e9f794861b38,aws_amplify_docs,tier1,aws-amplify/docs,23f0406663733992d4fb33405df34f1ef0cdd883,redirects.json,/lib-v1/auth/access_credentials/q/platform/ios,/gen1/swift/prev/build-a-backend/auth/accessing-credentials,301,literal,true,"{""source"": ""/lib-v1/auth/access_credentials/q/platform/ios/"", ""status"": ""301"", ""target"": ""/gen1/swift/prev/build-a-backend/auth/accessing-credentials/""}",/lib-v1/auth/access_credentials/q/platform/ios/,/gen1/swift/prev/build-a-backend/auth/accessing-credentials/,
6ce30a3021c6c932c0ff,aws_amplify_docs,tier1,aws-amplify/docs,23f0406663733992d4fb33405df34f1ef0cdd883,redirects.json,/cli/graphql/search-and-result-aggregations,/javascript/build-a-backend/graphqlapi/search-and-result-aggregations,301,literal,true,"{""source"": ""/cli/graphql/search-and-result-aggregations/"", ""status"": ""301"", ""target"": ""/javascript/build-a-backend/graphqlapi/search-and-result-aggregations/""}",/cli/graphql/search-and-result-aggregations/,/javascript/build-a-backend/graphqlapi/search-and-result-aggregations/,
6d1056e583b2e6ec22aa,astro_docs,tier2,withastro/docs,8e216293f74f38cc64db427622de74060403d5a8,public/_redirects,/:lang/core-concepts/astro-pages,/:lang/basics/astro-pages,301,placeholder,false,/:lang/core-concepts/astro-pages                     /:lang/basics/astro-pages/,/:lang/core-concepts/astro-pages,/:lang/basics/astro-pages/,
6d3f9847578481ad414d,terraform_website,tier1,hashicorp/terraform-website,93ec9cbdc3a120ffde18d1275339d0d6599cd9b3,redirects.next.js,/docs/providers/tls(/index.html),/providers/hashicorp/tls/latest/docs,301,wildcard,false,"{""source"":""/docs/providers/tls(/index.html)?"",""destination"":""https://registry.terraform.io/providers/hashicorp/tls/latest/docs"",""permanent"":true}",/docs/providers/tls(/index.html)?,https://registry.terraform.io/providers/hashicorp/tls/latest/docs,
6d7a9ce4400cf2848f38,aws_amplify_docs,tier1,aws-amplify/docs,23f0406663733992d4fb33405df34f1ef0cdd883,redirects.json,/lib-v1/pubsub/publish/q/platform/react-native,/gen1/react-native/prev/build-a-backend/more-features/pubsub/publish,301,literal,true,"{""source"": ""/lib-v1/pubsub/publish/q/platform/react-native/"", ""status"": ""301"", ""target"": ""/gen1/react-native/prev/build-a-backend/more-features/pubsub/publish/""}",/lib-v1/pubsub/publish/q/platform/react-native/,/gen1/react-native/prev/build-a-backend/more-features/pubsub/publish/,
6d8026259577221ed27e,terraform_website,tier1,hashicorp/terraform-website,93ec9cbdc3a120ffde18d1275339d0d6599cd9b3,redirects.next.js,/cloud-docs/sentinel/import/tfstate,/cloud-docs/policy-enforcement/sentinel/import/tfstate,301,literal,true,"{""source"":""/cloud-docs/sentinel/import/tfstate"",""destination"":""/cloud-docs/policy-enforcement/sentinel/import/tfstate"",""permanent"":true}",/cloud-docs/sentinel/import/tfstate,/cloud-docs/policy-enforcement/sentinel/import/tfstate,
6d8b5ea240ac35f71465,aws_amplify_docs,tier1,aws-amplify/docs,23f0406663733992d4fb33405df34f1ef0cdd883,redirects.json,/lib-v1/auth/password_management/q/platform/react-native,/gen1/react-native/prev/build-a-backend/auth/manage-passwords,301,literal,true,"{""source"": ""/lib-v1/auth/password_management/q/platform/react-native/"", ""status"": ""301"", ""target"": ""/gen1/react-native/prev/build-a-backend/auth/manage-passwords/""}",/lib-v1/auth/password_management/q/platform/react-native/,/gen1/react-native/prev/build-a-backend/auth/manage-passwords/,
6dddaa4c58653b0988aa,terraform_website,tier1,hashicorp/terraform-website,93ec9cbdc3a120ffde18d1275339d0d6599cd9b3,redirects.next.js,/docs/providers/openstack(/index.html),/providers/terraform-provider-openstack/openstack/latest/docs,301,wildcard,false,"{""source"":""/docs/providers/openstack(/index.html)?"",""destination"":""https://registry.terraform.io/providers/terraform-provider-openstack/openstack/latest/docs"",""permanent"":true}",/docs/providers/openstack(/index.html)?,https://registry.terraform.io/providers/terraform-provider-openstack/openstack/latest/docs,
6df2c3a4e81c444c97e9,aws_amplify_docs,tier1,aws-amplify/docs,23f0406663733992d4fb33405df34f1ef0cdd883,redirects.json,/lib-v1/in-app-messaging/clear-messages/q/platform/js,/gen1/javascript/prev/build-a-backend/more-features/in-app-messaging/clear-messages,301,literal,true,"{""source"": ""/lib-v1/in-app-messaging/clear-messages/q/platform/js/"", ""status"": ""301"", ""target"": ""/gen1/javascript/prev/build-a-backend/more-features/in-app-messaging/clear-messages/""}",/lib-v1/in-app-messaging/clear-messages/q/platform/js/,/gen1/javascript/prev/build-a-backend/more-features/in-app-messaging/clear-messages/,
6e67718d51700c5bc02e,astro_docs,tier2,withastro/docs,8e216293f74f38cc64db427622de74060403d5a8,public/_redirects,/:lang/core-concepts/project-structure,/:lang/basics/project-structure,301,placeholder,false,/:lang/core-concepts/project-structure               /:lang/basics/project-structure/,/:lang/core-concepts/project-structure,/:lang/basics/project-structure/,
6edfb168ee9c2d341718,aws_amplify_docs,tier1,aws-amplify/docs,23f0406663733992d4fb33405df34f1ef0cdd883,redirects.json,/cli-legacy/graphql-transformer/examples,/javascript/tools/cli-legacy/examples,301,literal,true,"{""source"": ""/cli-legacy/graphql-transformer/examples/"", ""status"": ""301"", ""target"": ""/javascript/tools/cli-legacy/examples/""}",/cli-legacy/graphql-transformer/examples/,/javascript/tools/cli-legacy/examples/,
6f7e0114d8a673c261a3,aws_amplify_docs,tier1,aws-amplify/docs,23f0406663733992d4fb33405df34f1ef0cdd883,redirects.json,/lib-v1/auth/password_management/q/platform/android,/gen1/android/prev/build-a-backend/auth/manage-passwords,301,literal,true,"{""source"": ""/lib-v1/auth/password_management/q/platform/android/"", ""status"": ""301"", ""target"": ""/gen1/android/prev/build-a-backend/auth/manage-passwords/""}",/lib-v1/auth/password_management/q/platform/android/,/gen1/android/prev/build-a-backend/auth/manage-passwords/,
6f8a81a3e3ab0ab937a4,aws_amplify_docs,tier1,aws-amplify/docs,23f0406663733992d4fb33405df34f1ef0cdd883,redirects.json,/lib/project-setup/coroutines/q/platform/ios,/swift/start/project-setup,301,literal,true,"{""source"": ""/lib/project-setup/coroutines/q/platform/ios/"", ""status"": ""301"", ""target"": ""/swift/start/project-setup/""}",/lib/project-setup/coroutines/q/platform/ios/,/swift/start/project-setup/,
6fb1dc2e90e624572430,terraform_website,tier1,hashicorp/terraform-website,93ec9cbdc3a120ffde18d1275339d0d6599cd9b3,redirects.next.js,/docs/providers/nomad(/index.html),/providers/hashicorp/nomad/latest/docs,301,wildcard,false,"{""source"":""/docs/providers/nomad(/index.html)?"",""destination"":""https://registry.terraform.io/providers/hashicorp/nomad/latest/docs"",""permanent"":true}",/docs/providers/nomad(/index.html)?,https://registry.terraform.io/providers/hashicorp/nomad/latest/docs,
6fbd71e6f55511614da8,aws_amplify_docs,tier1,aws-amplify/docs,23f0406663733992d4fb33405df34f1ef0cdd883,redirects.json,/sdk/push-notifications/getting-started,/gen1/swift/sdk/push-notifications/getting-started,301,literal,true,"{""source"": ""/sdk/push-notifications/getting-started/"", ""status"": ""301"", ""target"": ""/gen1/swift/sdk/push-notifications/getting-started/""}",/sdk/push-notifications/getting-started/,/gen1/swift/sdk/push-notifications/getting-started/,
6fda3b8f9a7f7ac82bd4,aws_amplify_docs,tier1,aws-amplify/docs,23f0406663733992d4fb33405df34f1ef0cdd883,redirects.json,/guides/api-rest/express-server/q/platform/ios,/swift/build-a-backend/restapi,301,literal,true,"{""source"": ""/guides/api-rest/express-server/q/platform/ios/"", ""status"": ""301"", ""target"": ""/swift/build-a-backend/restapi/""}",/guides/api-rest/express-server/q/platform/ios/,/swift/build-a-backend/restapi/,
6fde3a82a7ecb1732082,aws_amplify_docs,tier1,aws-amplify/docs,23f0406663733992d4fb33405df34f1ef0cdd883,redirects.json,/lib/in-app-messaging/customize/q/platform/js,/react/connected-components/in-app-messaging,301,literal,true,"{""source"": ""/lib/in-app-messaging/customize/q/platform/js/"", ""status"": ""301"", ""target"": ""https://ui.docs.amplify.aws/react/connected-components/in-app-messaging""}",/lib/in-app-messaging/customize/q/platform/js/,https://ui.docs.amplify.aws/react/connected-components/in-app-messaging,
6fe34ad1322305241dd4,aws_amplify_docs,tier1,aws-amplify/docs,23f0406663733992d4fb33405df34f1ef0cdd883,redirects.json,/lib-v1/in-app-messaging/identify-user/q/platform/react-native,/gen1/react-native/prev/build-a-backend/more-features/in-app-messaging/identify-user,301,literal,true,"{""source"": ""/lib-v1/in-app-messaging/identify-user/q/platform/react-native/"", ""status"": ""301"", ""target"": ""/gen1/react-native/prev/build-a-backend/more-features/in-app-messaging/identify-user/""}",/lib-v1/in-app-messaging/identify-user/q/platform/react-native/,/gen1/react-native/prev/build-a-backend/more-features/in-app-messaging/identify-user/,
704317579a9b950910ea,aws_amplify_docs,tier1,aws-amplify/docs,23f0406663733992d4fb33405df34f1ef0cdd883,redirects.json,/<platform>/build-a-backend/restapi,/gen1/<platform>/build-a-backend/restapi,301,placeholder,false,"{""source"": ""/<platform>/build-a-backend/restapi/"", ""status"": ""301"", ""target"": ""/gen1/<platform>/build-a-backend/restapi/""}",/<platform>/build-a-backend/restapi/,/gen1/<platform>/build-a-backend/restapi/,
707b8c8399769a0de01b,terraform_website,tier1,hashicorp/terraform-website,93ec9cbdc3a120ffde18d1275339d0d6599cd9b3,redirects.next.js,/community.html,/community,301,literal,true,"{""source"":""/community.html"",""destination"":""/community"",""permanent"":true}",/community.html,/community,
709c623569e0e7a521f8,aws_amplify_docs,tier1,aws-amplify/docs,23f0406663733992d4fb33405df34f1ef0cdd883,redirects.json,/start/getting-started/hosting/q/integration/js,/javascript/start/getting-started/hosting,301,literal,true,"{""source"": ""/start/getting-started/hosting/q/integration/js/"", ""status"": ""301"", ""target"": ""/javascript/start/getting-started/hosting/""}",/start/getting-started/hosting/q/integration/js/,/javascript/start/getting-started/hosting/,
711b7ab4956e58d774ec,aws_amplify_docs,tier1,aws-amplify/docs,23f0406663733992d4fb33405df34f1ef0cdd883,redirects.json,/lib/analytics/identifyuser/q/platform/android,/android/build-a-backend/more-features/analytics/identify-user,301,literal,true,"{""source"": ""/lib/analytics/identifyuser/q/platform/android/"", ""status"": ""301"", ""target"": ""/android/build-a-backend/more-features/analytics/identify-user/""}",/lib/analytics/identifyuser/q/platform/android/,/android/build-a-backend/more-features/analytics/identify-user/,
71496745d83a966a09ea,terraform_website,tier1,hashicorp/terraform-website,93ec9cbdc3a120ffde18d1275339d0d6599cd9b3,redirects.next.js,/language/settings/backends/manta,/language/v1.2.x/settings/backends/manta,301,literal,true,"{""source"":""/language/settings/backends/manta"",""destination"":""/language/v1.2.x/settings/backends/manta"",""permanent"":true}",/language/settings/backends/manta,/language/v1.2.x/settings/backends/manta,
714ef80817512d2d6103,terraform_website,tier1,hashicorp/terraform-website,93ec9cbdc3a120ffde18d1275339d0d6599cd9b3,redirects.next.js,/docs/providers/gitlab/d/:path*,/providers/gitlabhq/gitlab/latest/docs/data-sources/:path*,301,placeholder,false,"{""source"":""/docs/providers/gitlab/d/:path*"",""destination"":""https://registry.terraform.io/providers/gitlabhq/gitlab/latest/docs/data-sources/:path*"",""permanent"":true}",/docs/providers/gitlab/d/:path*,https://registry.terraform.io/providers/gitlabhq/gitlab/latest/docs/data-sources/:path*,
7161b43e343597241858,aws_amplify_docs,tier1,aws-amplify/docs,23f0406663733992d4fb33405df34f1ef0cdd883,redirects.json,/lib-v1/interactions/chatbot/q/platform/react-native,/gen1/react-native/prev/build-a-backend/more-features/interactions/chatbot,301,literal,true,"{""source"": ""/lib-v1/interactions/chatbot/q/platform/react-native/"", ""status"": ""301"", ""target"": ""/gen1/react-native/prev/build-a-backend/more-features/interactions/chatbot/""}",/lib-v1/interactions/chatbot/q/platform/react-native/,/gen1/react-native/prev/build-a-backend/more-features/interactions/chatbot/,
716f60a3770d6ffa5199,aws_amplify_docs,tier1,aws-amplify/docs,23f0406663733992d4fb33405df34f1ef0cdd883,redirects.json,/lib-v1/restapi/existing-resources/q/platform/js,/javascript/build-a-backend/restapi/existing-resources,301,literal,true,"{""source"": ""/lib-v1/restapi/existing-resources/q/platform/js/"", ""status"": ""301"", ""target"": ""/javascript/build-a-backend/restapi/existing-resources/""}",/lib-v1/restapi/existing-resources/q/platform/js/,/javascript/build-a-backend/restapi/existing-resources/,
71ccd93cb3e54a1881cc,aws_amplify_docs,tier1,aws-amplify/docs,23f0406663733992d4fb33405df34f1ef0cdd883,redirects.json,/lib/graphqlapi/mutate-data,/react/build-a-backend/graphqlapi/custom-business-logic,301,literal,true,"{""source"": ""/lib/graphqlapi/mutate-data/"", ""status"": ""301"", ""target"": ""/react/build-a-backend/graphqlapi/custom-business-logic/""}",/lib/graphqlapi/mutate-data/,/react/build-a-backend/graphqlapi/custom-business-logic/,
71eb48dc0648d6af549c,aws_amplify_docs,tier1,aws-amplify/docs,23f0406663733992d4fb33405df34f1ef0cdd883,redirects.json,/lib/utilities/i18n/q/platform/js,/javascript/build-a-backend/utilities/i18n,301,literal,true,"{""source"": ""/lib/utilities/i18n/q/platform/js/"", ""status"": ""301"", ""target"": ""/javascript/build-a-backend/utilities/i18n/""}",/lib/utilities/i18n/q/platform/js/,/javascript/build-a-backend/utilities/i18n/,
72478062ab6bfb88474b,aws_amplify_docs,tier1,aws-amplify/docs,23f0406663733992d4fb33405df34f1ef0cdd883,redirects.json,/cli/storage/overview,/javascript/build-a-backend/storage/configure-storage,301,literal,true,"{""source"": ""/cli/storage/overview/"", ""status"": ""301"", ""target"": ""/javascript/build-a-backend/storage/configure-storage/""}",/cli/storage/overview/,/javascript/build-a-backend/storage/configure-storage/,
729fe0119d3251d16350,aws_amplify_docs,tier1,aws-amplify/docs,23f0406663733992d4fb33405df34f1ef0cdd883,redirects.json,/lib/graphqlapi/subscribe-data/q/platform/react-native,/react-native/build-a-backend/graphqlapi/subscribe-data,301,literal,true,"{""source"": ""/lib/graphqlapi/subscribe-data/q/platform/react-native/"", ""status"": ""301"", ""target"": ""/react-native/build-a-backend/graphqlapi/subscribe-data/""}",/lib/graphqlapi/subscribe-data/q/platform/react-native/,/react-native/build-a-backend/graphqlapi/subscribe-data/,
7332722479d53a3ca7bc,aws_amplify_docs,tier1,aws-amplify/docs,23f0406663733992d4fb33405df34f1ef0cdd883,redirects.json,/start/getting-started/nextsteps/q/integration/angular,/angular/start/getting-started/nextsteps,301,literal,true,"{""source"": ""/start/getting-started/nextsteps/q/integration/angular/"", ""status"": ""301"", ""target"": ""/angular/start/getting-started/nextsteps/""}",/start/getting-started/nextsteps/q/integration/angular/,/angular/start/getting-started/nextsteps/,
737de1862fc9d7de33b9,aws_amplify_docs,tier1,aws-amplify/docs,23f0406663733992d4fb33405df34f1ef0cdd883,redirects.json,/cli/usage/headless,/javascript/tools/cli/usage/headless,301,literal,true,"{""source"": ""/cli/usage/headless/"", ""status"": ""301"", ""target"": ""/javascript/tools/cli/usage/headless/""}",/cli/usage/headless/,/javascript/tools/cli/usage/headless/,
73c907aa0506c2efb66f,aws_amplify_docs,tier1,aws-amplify/docs,23f0406663733992d4fb33405df34f1ef0cdd883,redirects.json,/lib/analytics/record/q,/react/build-a-backend/more-features/analytics/record-events,301,literal,true,"{""source"": ""/lib/analytics/record/q/"", ""status"": ""301"", ""target"": ""/react/build-a-backend/more-features/analytics/record-events/""}",/lib/analytics/record/q/,/react/build-a-backend/more-features/analytics/record-events/,
73ece4084b1380b19280,aws_amplify_docs,tier1,aws-amplify/docs,23f0406663733992d4fb33405df34f1ef0cdd883,redirects.json,/android/prev/start/project-setup/prerequisites,/gen1/android/prev/start/project-setup/prerequisites,301,literal,true,"{""source"": ""/android/prev/start/project-setup/prerequisites/"", ""status"": ""301"", ""target"": ""/gen1/android/prev/start/project-setup/prerequisites/""}",/android/prev/start/project-setup/prerequisites/,/gen1/android/prev/start/project-setup/prerequisites/,
73f0f1967926100e50ba,aws_amplify_docs,tier1,aws-amplify/docs,23f0406663733992d4fb33405df34f1ef0cdd883,redirects.json,/lib/graphqlapi/getting-started/q/platform/react-native,/react-native/build-a-backend/graphqlapi/set-up-graphql-api,301,literal,true,"{""source"": ""/lib/graphqlapi/getting-started/q/platform/react-native/"", ""status"": ""301"", ""target"": ""/react-native/build-a-backend/graphqlapi/set-up-graphql-api/""}",/lib/graphqlapi/getting-started/q/platform/react-native/,/react-native/build-a-backend/graphqlapi/set-up-graphql-api/,
742545f050e435305c21,aws_amplify_docs,tier1,aws-amplify/docs,23f0406663733992d4fb33405df34f1ef0cdd883,redirects.json,/lib-v1/predictions/interpret/q/platform/react-native,/gen1/react-native/prev/build-a-backend/more-features/predictions/interpret-sentiment,301,literal,true,"{""source"": ""/lib-v1/predictions/interpret/q/platform/react-native/"", ""status"": ""301"", ""target"": ""/gen1/react-native/prev/build-a-backend/more-features/predictions/interpret-sentiment/""}",/lib-v1/predictions/interpret/q/platform/react-native/,/gen1/react-native/prev/build-a-backend/more-features/predictions/interpret-sentiment/,
742c8fa054b74e308de1,aws_amplify_docs,tier1,aws-amplify/docs,23f0406663733992d4fb33405df34f1ef0cdd883,redirects.json,/lib/datastore/conflict/q/platform/android,/android/build-a-backend/more-features/datastore/conflict-resolution,301,literal,true,"{""source"": ""/lib/datastore/conflict/q/platform/android/"", ""status"": ""301"", ""target"": ""/android/build-a-backend/more-features/datastore/conflict-resolution/""}",/lib/datastore/conflict/q/platform/android/,/android/build-a-backend/more-features/datastore/conflict-resolution/,
7478c6002619ff14b9f3,aws_amplify_docs,tier1,aws-amplify/docs,23f0406663733992d4fb33405df34f1ef0cdd883,redirects.json,/lib-v1/analytics/escapehatch,/gen1/react/prev/build-a-backend/more-features/analytics,301,literal,true,"{""source"": ""/lib-v1/analytics/escapehatch"", ""status"": ""301"", ""target"": ""/gen1/react/prev/build-a-backend/more-features/analytics/""}",/lib-v1/analytics/escapehatch,/gen1/react/prev/build-a-backend/more-features/analytics/,
74c6c663d0f22c08ff52,aws_amplify_docs,tier1,aws-amplify/docs,23f0406663733992d4fb33405df34f1ef0cdd883,redirects.json,/lib/auth/getting-started/q/platform/flutter,/flutter/build-a-backend/auth/set-up-auth,301,literal,true,"{""source"": ""/lib/auth/getting-started/q/platform/flutter/"", ""status"": ""301"", ""target"": ""/flutter/build-a-backend/auth/set-up-auth/""}",/lib/auth/getting-started/q/platform/flutter/,/flutter/build-a-backend/auth/set-up-auth/,
74cced5f620ea0eeee0b,deno_docs,tier1,denoland/docs,3bc9f662c58db48d2b07ceaf5da2fa5587cfbf5f,oldurls.json,/examples/watching-files,/examples/watching_files,301,literal,true,/examples/watching-files -> /examples/watching_files,/examples/watching-files,/examples/watching_files,
74fc9a190697d5adb1b9,aws_amplify_docs,tier1,aws-amplify/docs,23f0406663733992d4fb33405df34f1ef0cdd883,redirects.json,/lib/utilities/serviceworker/q/platform/js,/javascript/build-a-backend/utilities/service-worker,301,literal,true,"{""source"": ""/lib/utilities/serviceworker/q/platform/js/"", ""status"": ""301"", ""target"": ""/javascript/build-a-backend/utilities/service-worker/""}",/lib/utilities/serviceworker/q/platform/js/,/javascript/build-a-backend/utilities/service-worker/,
751399004d86a67d0653,aws_amplify_docs,tier1,aws-amplify/docs,23f0406663733992d4fb33405df34f1ef0cdd883,redirects.json,/lib-v1/storage/getting-started/q/platform/js,/gen1/javascript/prev/build-a-backend/storage/set-up-storage,301,literal,true,"{""source"": ""/lib-v1/storage/getting-started/q/platform/js/"", ""status"": ""301"", ""target"": ""/gen1/javascript/prev/build-a-backend/storage/set-up-storage/""}",/lib-v1/storage/getting-started/q/platform/js/,/gen1/javascript/prev/build-a-backend/storage/set-up-storage/,
7524d9af8f3cb4daabe9,aws_amplify_docs,tier1,aws-amplify/docs,23f0406663733992d4fb33405df34f1ef0cdd883,redirects.json,/start/getting-started/setup/q/integration/android,/android/start/getting-started/setup,301,literal,true,"{""source"": ""/start/getting-started/setup/q/integration/android/"", ""status"": ""301"", ""target"": ""/android/start/getting-started/setup/""}",/start/getting-started/setup/q/integration/android/,/android/start/getting-started/setup/,
7569ca90848dc549264d,aws_amplify_docs,tier1,aws-amplify/docs,23f0406663733992d4fb33405df34f1ef0cdd883,redirects.json,/lib/push-notifications/setup-push-service/q/platform/android,/android/build-a-backend/push-notifications/set-up-push-service,301,literal,true,"{""source"": ""/lib/push-notifications/setup-push-service/q/platform/android/"", ""status"": ""301"", ""target"": ""/android/build-a-backend/push-notifications/set-up-push-service/""}",/lib/push-notifications/setup-push-service/q/platform/android/,/android/build-a-backend/push-notifications/set-up-push-service/,
7584c3054408748e7bd2,aws_amplify_docs,tier1,aws-amplify/docs,23f0406663733992d4fb33405df34f1ef0cdd883,redirects.json,/lib/restapi/getting-started/q/platform/ios,/swift/build-a-backend/restapi/set-up-rest-api,301,literal,true,"{""source"": ""/lib/restapi/getting-started/q/platform/ios/"", ""status"": ""301"", ""target"": ""/swift/build-a-backend/restapi/set-up-rest-api/""}",/lib/restapi/getting-started/q/platform/ios/,/swift/build-a-backend/restapi/set-up-rest-api/,
75978a96b5a53689174e,aws_amplify_docs,tier1,aws-amplify/docs,23f0406663733992d4fb33405df34f1ef0cdd883,redirects.json,/lib/restapi/existing-resources/q/platform/android,/android/build-a-backend/restapi/existing-resources,301,literal,true,"{""source"": ""/lib/restapi/existing-resources/q/platform/android/"", ""status"": ""301"", ""target"": ""/android/build-a-backend/restapi/existing-resources/""}",/lib/restapi/existing-resources/q/platform/android/,/android/build-a-backend/restapi/existing-resources/,
75be646b8c78d59288c9,aws_amplify_docs,tier1,aws-amplify/docs,23f0406663733992d4fb33405df34f1ef0cdd883,redirects.json,/lib-v1/graphqlapi/subscribe-data/q/platform/android,/gen1/android/prev/build-a-backend/graphqlapi/subscribe-data,301,literal,true,"{""source"": ""/lib-v1/graphqlapi/subscribe-data/q/platform/android/"", ""status"": ""301"", ""target"": ""/gen1/android/prev/build-a-backend/graphqlapi/subscribe-data/""}",/lib-v1/graphqlapi/subscribe-data/q/platform/android/,/gen1/android/prev/build-a-backend/graphqlapi/subscribe-data/,
764675e1411903d63501,aws_amplify_docs,tier1,aws-amplify/docs,23f0406663733992d4fb33405df34f1ef0cdd883,redirects.json,/lib/storage/upload/q/platform/js,/javascript/build-a-backend/storage/upload,301,literal,true,"{""source"": ""/lib/storage/upload/q/platform/js/"", ""status"": ""301"", ""target"": ""/javascript/build-a-backend/storage/upload/""}",/lib/storage/upload/q/platform/js/,/javascript/build-a-backend/storage/upload/,
7657b753e9da5d3156f9,aws_amplify_docs,tier1,aws-amplify/docs,23f0406663733992d4fb33405df34f1ef0cdd883,redirects.json,/cli/function/layers,/javascript/build-a-backend/functions/layers,301,literal,true,"{""source"": ""/cli/function/layers/"", ""status"": ""301"", ""target"": ""/javascript/build-a-backend/functions/layers/""}",/cli/function/layers/,/javascript/build-a-backend/functions/layers/,
7688a217449dd33853a7,aws_amplify_docs,tier1,aws-amplify/docs,23f0406663733992d4fb33405df34f1ef0cdd883,redirects.json,/swift/build-a-backend/functions/appsync-operations-to-lambda-layer,/swift/build-a-backend/graphqlapi/client-code-generation,301,literal,true,"{""source"": ""/swift/build-a-backend/functions/appsync-operations-to-lambda-layer/"", ""status"": ""301"", ""target"": ""/swift/build-a-backend/graphqlapi/client-code-generation/""}",/swift/build-a-backend/functions/appsync-operations-to-lambda-layer/,/swift/build-a-backend/graphqlapi/client-code-generation/,
76bf4cf82706cc0571b4,aws_amplify_docs,tier1,aws-amplify/docs,23f0406663733992d4fb33405df34f1ef0cdd883,redirects.json,/console/tutorial/buildui,/javascript/tools/console/tutorial/buildui,301,literal,true,"{""source"": ""/console/tutorial/buildui/"", ""status"": ""301"", ""target"": ""/javascript/tools/console/tutorial/buildui/""}",/console/tutorial/buildui/,/javascript/tools/console/tutorial/buildui/,
76f6c40ac7f5ed65b74c,terraform_website,tier1,hashicorp/terraform-website,93ec9cbdc3a120ffde18d1275339d0d6599cd9b3,redirects.next.js,/docs/providers/gridscale/guides/:path*,/providers/gridscale/gridscale/latest/docs/guides/:path*,301,placeholder,false,"{""source"":""/docs/providers/gridscale/guides/:path*"",""destination"":""https://registry.terraform.io/providers/gridscale/gridscale/latest/docs/guides/:path*"",""permanent"":true}",/docs/providers/gridscale/guides/:path*,https://registry.terraform.io/providers/gridscale/gridscale/latest/docs/guides/:path*,
77371ad367a83cbabf15,deno_docs,tier1,denoland/docs,3bc9f662c58db48d2b07ceaf5da2fa5587cfbf5f,oldurls.json,/examples/os-signals,/examples/os_signals,301,literal,true,/examples/os-signals -> /examples/os_signals,/examples/os-signals,/examples/os_signals,
77562979ee74f8c4a933,aws_amplify_docs,tier1,aws-amplify/docs,23f0406663733992d4fb33405df34f1ef0cdd883,redirects.json,/nextjs/build-a-backend/storage/storage-v5-to-v6-migration-guide,/gen1/nextjs/build-a-backend/storage/storage-v5-to-v6-migration-guide,301,literal,true,"{""source"": ""/nextjs/build-a-backend/storage/storage-v5-to-v6-migration-guide/"", ""status"": ""301"", ""target"": ""/gen1/nextjs/build-a-backend/storage/storage-v5-to-v6-migration-guide/""}",/nextjs/build-a-backend/storage/storage-v5-to-v6-migration-guide/,/gen1/nextjs/build-a-backend/storage/storage-v5-to-v6-migration-guide/,
77b6d508c4366f90466a,aws_amplify_docs,tier1,aws-amplify/docs,23f0406663733992d4fb33405df34f1ef0cdd883,redirects.json,/start/getting-started/auth/q/integration/react,/react/start/getting-started/auth,301,literal,true,"{""source"": ""/start/getting-started/auth/q/integration/react/"", ""status"": ""301"", ""target"": ""/react/start/getting-started/auth/""}",/start/getting-started/auth/q/integration/react/,/react/start/getting-started/auth/,
77e30515e5450cffb320,aws_amplify_docs,tier1,aws-amplify/docs,23f0406663733992d4fb33405df34f1ef0cdd883,redirects.json,/cli/function/configure-options,/javascript/build-a-backend/functions/configure-options,301,literal,true,"{""source"": ""/cli/function/configure-options/"", ""status"": ""301"", ""target"": ""/javascript/build-a-backend/functions/configure-options/""}",/cli/function/configure-options/,/javascript/build-a-backend/functions/configure-options/,
78441738cbea5c0be875,deno_docs,tier1,denoland/docs,3bc9f662c58db48d2b07ceaf5da2fa5587cfbf5f,oldurls.json,/examples/piping-streams,/examples/piping_streams,301,literal,true,/examples/piping-streams -> /examples/piping_streams,/examples/piping-streams,/examples/piping_streams,
7844515664b4c3f26476,aws_amplify_docs,tier1,aws-amplify/docs,23f0406663733992d4fb33405df34f1ef0cdd883,redirects.json,/react/start/quickstart/nextjs-pages-router,/react/start/quickstart,301,literal,true,"{""source"": ""/react/start/quickstart/nextjs-pages-router/"", ""status"": ""301"", ""target"": ""/react/start/quickstart/""}",/react/start/quickstart/nextjs-pages-router/,/react/start/quickstart/,
7854bc5040e4c66359bc,aws_amplify_docs,tier1,aws-amplify/docs,23f0406663733992d4fb33405df34f1ef0cdd883,redirects.json,/lib-v1/auth/signin/q/platform/android,/gen1/android/prev/build-a-backend/auth/enable-sign-in,301,literal,true,"{""source"": ""/lib-v1/auth/signin/q/platform/android/"", ""status"": ""301"", ""target"": ""/gen1/android/prev/build-a-backend/auth/enable-sign-in/""}",/lib-v1/auth/signin/q/platform/android/,/gen1/android/prev/build-a-backend/auth/enable-sign-in/,
7903c8621169d9252009,terraform_website,tier1,hashicorp/terraform-website,93ec9cbdc3a120ffde18d1275339d0d6599cd9b3,redirects.next.js,/language/v1.2.x/upgrade-guides/0-11,/language/v1.1.x/upgrade-guides/0-11,301,literal,true,"{""source"":""/language/v1.2.x/upgrade-guides/0-11"",""destination"":""/language/v1.1.x/upgrade-guides/0-11"",""permanent"":true}",/language/v1.2.x/upgrade-guides/0-11,/language/v1.1.x/upgrade-guides/0-11,
79373baff77661721aa1,aws_amplify_docs,tier1,aws-amplify/docs,23f0406663733992d4fb33405df34f1ef0cdd883,redirects.json,/lib-v1/project-setup/create-application/q/platform/js,/javascript/start/project-setup,301,literal,true,"{""source"": ""/lib-v1/project-setup/create-application/q/platform/js/"", ""status"": ""301"", ""target"": ""/javascript/start/project-setup/""}",/lib-v1/project-setup/create-application/q/platform/js/,/javascript/start/project-setup/,
794f22bf43686014476b,aws_amplify_docs,tier1,aws-amplify/docs,23f0406663733992d4fb33405df34f1ef0cdd883,redirects.json,/lib-v1/datastore/data-access/q/platform/ios,/gen1/swift/prev/build-a-backend/more-features/datastore/manipulate-data,301,literal,true,"{""source"": ""/lib-v1/datastore/data-access/q/platform/ios/"", ""status"": ""301"", ""target"": ""/gen1/swift/prev/build-a-backend/more-features/datastore/manipulate-data/""}",/lib-v1/datastore/data-access/q/platform/ios/,/gen1/swift/prev/build-a-backend/more-features/datastore/manipulate-data/,
79be2b84cb270fb1362f,aws_amplify_docs,tier1,aws-amplify/docs,23f0406663733992d4fb33405df34f1ef0cdd883,redirects.json,/lib/push-notifications/migrate-from-previous-version/q/platform/react-native,/gen1/react-native/prev/build-a-backend/push-notifications/migrate-from-previous-version,301,literal,true,"{""source"": ""/lib/push-notifications/migrate-from-previous-version/q/platform/react-native/"", ""status"": ""301"", ""target"": ""/gen1/react-native/prev/build-a-backend/push-notifications/migrate-from-previous-version/""}",/lib/push-notifications/migrate-from-previous-version/q/platform/react-native/,/gen1/react-native/prev/build-a-backend/push-notifications/migrate-from-previous-version/,
79ed04a740907a2bd018,terraform_website,tier1,hashicorp/terraform-website,93ec9cbdc3a120ffde18d1275339d0d6599cd9b3,redirects.next.js,/docs/providers/sumologic/d/:path*,/providers/SumoLogic/sumologic/latest/docs/data-sources/:path*,301,placeholder,false,"{""source"":""/docs/providers/sumologic/d/:path*"",""destination"":""https://registry.terraform.io/providers/SumoLogic/sumologic/latest/docs/data-sources/:path*"",""permanent"":true}",/docs/providers/sumologic/d/:path*,https://registry.terraform.io/providers/SumoLogic/sumologic/latest/docs/data-sources/:path*,
7a3d688cc5a00b1b3ccb,astro_docs,tier2,withastro/docs,8e216293f74f38cc64db427622de74060403d5a8,public/_redirects,/en/guides/debugging,/en/guides/troubleshooting,301,literal,true,/en/guides/debugging                            /en/guides/troubleshooting/,/en/guides/debugging,/en/guides/troubleshooting/,
7a4995c32685da27dc5d,terraform_website,tier1,hashicorp/terraform-website,93ec9cbdc3a120ffde18d1275339d0d6599cd9b3,redirects.next.js,/docs/providers/checkpoint/guides/:path*,/providers/CheckPointSW/checkpoint/latest/docs/guides/:path*,301,placeholder,false,"{""source"":""/docs/providers/checkpoint/guides/:path*"",""destination"":""https://registry.terraform.io/providers/CheckPointSW/checkpoint/latest/docs/guides/:path*"",""permanent"":true}",/docs/providers/checkpoint/guides/:path*,https://registry.terraform.io/providers/CheckPointSW/checkpoint/latest/docs/guides/:path*,
7a7e143964f43d5cb203,flux_website,tier2,fluxcd/website,fbe28609d4c4773ba8b0c73fe65fe8e0b428d89c,static/_redirects,/flagger/usage/appmesh-progressive-delivery,/flagger/tutorials/appmesh-progressive-delivery,301,literal,true,/flagger/usage/appmesh-progressive-delivery     /flagger/tutorials/appmesh-progressive-delivery     301!,/flagger/usage/appmesh-progressive-delivery,/flagger/tutorials/appmesh-progressive-delivery,
7abecc6afd89b98ee92d,terraform_website,tier1,hashicorp/terraform-website,93ec9cbdc3a120ffde18d1275339d0d6599cd9b3,redirects.next.js,/docs/providers/circonus(/index.html),/providers/circonus-labs/circonus/latest/docs,301,wildcard,false,"{""source"":""/docs/providers/circonus(/index.html)?"",""destination"":""https://registry.terraform.io/providers/circonus-labs/circonus/latest/docs"",""permanent"":true}",/docs/providers/circonus(/index.html)?,https://registry.terraform.io/providers/circonus-labs/circonus/latest/docs,
7b1b6ec746ee15e1ef9a,aws_amplify_docs,tier1,aws-amplify/docs,23f0406663733992d4fb33405df34f1ef0cdd883,redirects.json,/react/start/mobile-support,/react/start,301,literal,true,"{""source"": ""/react/start/mobile-support/"", ""status"": ""301"", ""target"": ""/react/start/""}",/react/start/mobile-support/,/react/start/,
7b643106ecf4c3aa53f5,aws_amplify_docs,tier1,aws-amplify/docs,23f0406663733992d4fb33405df34f1ef0cdd883,redirects.json,/lib/auth/user-attributes/q/platform/android,/android/build-a-backend/auth/managing-attributes,301,literal,true,"{""source"": ""/lib/auth/user-attributes/q/platform/android/"", ""status"": ""301"", ""target"": ""/android/build-a-backend/auth/managing-attributes/""}",/lib/auth/user-attributes/q/platform/android/,/android/build-a-backend/auth/managing-attributes/,
7b9525a9c92b39da188c,terraform_website,tier1,hashicorp/terraform-website,93ec9cbdc3a120ffde18d1275339d0d6599cd9b3,redirects.next.js,/guides/writing-custom-terraform-providers.html,/docs/extend/writing-custom-providers.html,301,literal,true,"{""source"":""/guides/writing-custom-terraform-providers.html"",""destination"":""/docs/extend/writing-custom-providers.html"",""permanent"":true}",/guides/writing-custom-terraform-providers.html,/docs/extend/writing-custom-providers.html,
7bbce6549391f43f4356,aws_amplify_docs,tier1,aws-amplify/docs,23f0406663733992d4fb33405df34f1ef0cdd883,redirects.json,/console/data/data-model,/javascript/tools/console/data/data-model,301,literal,true,"{""source"": ""/console/data/data-model/"", ""status"": ""301"", ""target"": ""/javascript/tools/console/data/data-model/""}",/console/data/data-model/,/javascript/tools/console/data/data-model/,
7bd56e40775cbc94b9a2,deno_docs,tier1,denoland/docs,3bc9f662c58db48d2b07ceaf5da2fa5587cfbf5f,oldurls.json,/examples/tutorials/solidjs,/examples/solidjs_tutorial,301,literal,true,/examples/tutorials/solidjs -> /examples/solidjs_tutorial,/examples/tutorials/solidjs,/examples/solidjs_tutorial,
7c1c5cca809d333d51ba,aws_amplify_docs,tier1,aws-amplify/docs,23f0406663733992d4fb33405df34f1ef0cdd883,redirects.json,/<platform>/build-a-backend/existing-resources,/gen1/<platform>/build-a-backend/existing-resources,301,placeholder,false,"{""source"": ""/<platform>/build-a-backend/existing-resources/"", ""status"": ""301"", ""target"": ""/gen1/<platform>/build-a-backend/existing-resources/""}",/<platform>/build-a-backend/existing-resources/,/gen1/<platform>/build-a-backend/existing-resources/,
7cef27a1e303e6c80d04,astro_docs,tier2,withastro/docs,8e216293f74f38cc64db427622de74060403d5a8,public/_redirects,/:lang/reference/dev-overlay-plugin-reference,/:lang/reference/dev-toolbar-app-reference,301,placeholder,false,/:lang/reference/dev-overlay-plugin-reference        /:lang/reference/dev-toolbar-app-reference/,/:lang/reference/dev-overlay-plugin-reference,/:lang/reference/dev-toolbar-app-reference/,
7d3901832aa1073ee6b0,aws_amplify_docs,tier1,aws-amplify/docs,23f0406663733992d4fb33405df34f1ef0cdd883,redirects.json,/sdk/analytics/endpoints/q/platform/ios,/swift/sdk/analytics/endpoints,301,literal,true,"{""source"": ""/sdk/analytics/endpoints/q/platform/ios/"", ""status"": ""301"", ""target"": ""/swift/sdk/analytics/endpoints/""}",/sdk/analytics/endpoints/q/platform/ios/,/swift/sdk/analytics/endpoints/,
7d53d837f1b5437ea3c3,aws_amplify_docs,tier1,aws-amplify/docs,23f0406663733992d4fb33405df34f1ef0cdd883,redirects.json,/api/swagger,/,301,literal,true,"{""source"": ""/api/swagger/"", ""status"": ""301"", ""target"": ""https://ui.docs.amplify.aws/""}",/api/swagger/,https://ui.docs.amplify.aws/,
7daa4b31fbc893f99d95,aws_amplify_docs,tier1,aws-amplify/docs,23f0406663733992d4fb33405df34f1ef0cdd883,redirects.json,/lib/graphqlapi/advanced-workflows/q/platform/js,/gen1/javascript/prev/build-a-backend/graphqlapi/advanced-workflows,301,literal,true,"{""source"": ""/lib/graphqlapi/advanced-workflows/q/platform/js/"", ""status"": ""301"", ""target"": ""/gen1/javascript/prev/build-a-backend/graphqlapi/advanced-workflows/""}",/lib/graphqlapi/advanced-workflows/q/platform/js/,/gen1/javascript/prev/build-a-backend/graphqlapi/advanced-workflows/,
7e41d7cfc0d7b8dd87bb,terraform_website,tier1,hashicorp/terraform-website,93ec9cbdc3a120ffde18d1275339d0d6599cd9b3,redirects.next.js,/docs/providers/aws/guides/:path*,/providers/hashicorp/aws/latest/docs/guides/:path*,301,placeholder,false,"{""source"":""/docs/providers/aws/guides/:path*"",""destination"":""https://registry.terraform.io/providers/hashicorp/aws/latest/docs/guides/:path*"",""permanent"":true}",/docs/providers/aws/guides/:path*,https://registry.terraform.io/providers/hashicorp/aws/latest/docs/guides/:path*,
7ece0ab7a6e5710196d2,aws_amplify_docs,tier1,aws-amplify/docs,23f0406663733992d4fb33405df34f1ef0cdd883,redirects.json,/lib-v1/storage/upload/q/platform/ios,/gen1/swift/prev/build-a-backend/storage/upload,301,literal,true,"{""source"": ""/lib-v1/storage/upload/q/platform/ios/"", ""status"": ""301"", ""target"": ""/gen1/swift/prev/build-a-backend/storage/upload/""}",/lib-v1/storage/upload/q/platform/ios/,/gen1/swift/prev/build-a-backend/storage/upload/,
7f10b59489d8528e0cc6,deno_docs,tier1,denoland/docs,3bc9f662c58db48d2b07ceaf5da2fa5587cfbf5f,oldurls.json,/examples/deno-version,/examples/deno_version,301,literal,true,/examples/deno-version -> /examples/deno_version,/examples/deno-version,/examples/deno_version,
7f5870fdbd910053bfac,aws_amplify_docs,tier1,aws-amplify/docs,23f0406663733992d4fb33405df34f1ef0cdd883,redirects.json,/angular/deploy-and-host/deployment,/gen1/angular/deploy-and-host/deployment,301,literal,true,"{""source"": ""/angular/deploy-and-host/deployment/"", ""status"": ""301"", ""target"": ""/gen1/angular/deploy-and-host/deployment/""}",/angular/deploy-and-host/deployment/,/gen1/angular/deploy-and-host/deployment/,
7f69afca26bc5c5e03ad,aws_amplify_docs,tier1,aws-amplify/docs,23f0406663733992d4fb33405df34f1ef0cdd883,redirects.json,/android/build-a-backend/storage/query-transfers,/gen1/android/build-a-backend/storage/query-transfers,301,literal,true,"{""source"": ""/android/build-a-backend/storage/query-transfers/"", ""status"": ""301"", ""target"": ""/gen1/android/build-a-backend/storage/query-transfers/""}",/android/build-a-backend/storage/query-transfers/,/gen1/android/build-a-backend/storage/query-transfers/,
7f8468aa2bda4bc6bbf7,terraform_website,tier1,hashicorp/terraform-website,93ec9cbdc3a120ffde18d1275339d0d6599cd9b3,redirects.next.js,/docs/providers/grafana(/index.html),/providers/grafana/grafana/latest/docs,301,wildcard,false,"{""source"":""/docs/providers/grafana(/index.html)?"",""destination"":""https://registry.terraform.io/providers/grafana/grafana/latest/docs"",""permanent"":true}",/docs/providers/grafana(/index.html)?,https://registry.terraform.io/providers/grafana/grafana/latest/docs,
7fda64f02322f3cf7c70,aws_amplify_docs,tier1,aws-amplify/docs,23f0406663733992d4fb33405df34f1ef0cdd883,redirects.json,/lib/auth/manageusers/q/platform/react-native,/react-native/build-a-backend/auth/manage-user-profile,301,literal,true,"{""source"": ""/lib/auth/manageusers/q/platform/react-native/"", ""status"": ""301"", ""target"": ""/react-native/build-a-backend/auth/manage-user-profile/""}",/lib/auth/manageusers/q/platform/react-native/,/react-native/build-a-backend/auth/manage-user-profile/,
7fefe999234385f38c28,aws_amplify_docs,tier1,aws-amplify/docs,23f0406663733992d4fb33405df34f1ef0cdd883,redirects.json,/lib/auth/user-attributes/q/platform/ios,/swift/build-a-backend/auth/managing-attributes,301,literal,true,"{""source"": ""/lib/auth/user-attributes/q/platform/ios/"", ""status"": ""301"", ""target"": ""/swift/build-a-backend/auth/managing-attributes/""}",/lib/auth/user-attributes/q/platform/ios/,/swift/build-a-backend/auth/managing-attributes/,
8000e4ce3f790c27063c,aws_amplify_docs,tier1,aws-amplify/docs,23f0406663733992d4fb33405df34f1ef0cdd883,redirects.json,/lib-v1/datastore/real-time/q/platform/flutter,/gen1/flutter/prev/build-a-backend/more-features/datastore/real-time,301,literal,true,"{""source"": ""/lib-v1/datastore/real-time/q/platform/flutter/"", ""status"": ""301"", ""target"": ""/gen1/flutter/prev/build-a-backend/more-features/datastore/real-time/""}",/lib-v1/datastore/real-time/q/platform/flutter/,/gen1/flutter/prev/build-a-backend/more-features/datastore/real-time/,
806e86a6b4aceb993665,terraform_website,tier1,hashicorp/terraform-website,93ec9cbdc3a120ffde18d1275339d0d6599cd9b3,redirects.next.js,/docs/providers/cloudamqp(/index.html),/providers/cloudamqp/cloudamqp/latest/docs,301,wildcard,false,"{""source"":""/docs/providers/cloudamqp(/index.html)?"",""destination"":""https://registry.terraform.io/providers/cloudamqp/cloudamqp/latest/docs"",""permanent"":true}",/docs/providers/cloudamqp(/index.html)?,https://registry.terraform.io/providers/cloudamqp/cloudamqp/latest/docs,
8106251b07f7281bdef8,terraform_website,tier1,hashicorp/terraform-website,93ec9cbdc3a120ffde18d1275339d0d6599cd9b3,redirects.next.js,/docs/providers/consul/guides/:path*,/providers/hashicorp/consul/latest/docs/guides/:path*,301,placeholder,false,"{""source"":""/docs/providers/consul/guides/:path*"",""destination"":""https://registry.terraform.io/providers/hashicorp/consul/latest/docs/guides/:path*"",""permanent"":true}",/docs/providers/consul/guides/:path*,https://registry.terraform.io/providers/hashicorp/consul/latest/docs/guides/:path*,
810b8f99576aafd825e8,terraform_website,tier1,hashicorp/terraform-website,93ec9cbdc3a120ffde18d1275339d0d6599cd9b3,redirects.next.js,/docs/providers/tfe(/index.html),/providers/hashicorp/tfe/latest/docs,301,wildcard,false,"{""source"":""/docs/providers/tfe(/index.html)?"",""destination"":""https://registry.terraform.io/providers/hashicorp/tfe/latest/docs"",""permanent"":true}",/docs/providers/tfe(/index.html)?,https://registry.terraform.io/providers/hashicorp/tfe/latest/docs,
81637076b3ef3e2625e3,aws_amplify_docs,tier1,aws-amplify/docs,23f0406663733992d4fb33405df34f1ef0cdd883,redirects.json,/lib-v1/datastore/setup-auth-rules/q/platform/flutter,/gen1/flutter/prev/build-a-backend/more-features/datastore/authz-rules-setup,301,literal,true,"{""source"": ""/lib-v1/datastore/setup-auth-rules/q/platform/flutter/"", ""status"": ""301"", ""target"": ""/gen1/flutter/prev/build-a-backend/more-features/datastore/authz-rules-setup/""}",/lib-v1/datastore/setup-auth-rules/q/platform/flutter/,/gen1/flutter/prev/build-a-backend/more-features/datastore/authz-rules-setup/,
81f655e60e48da2a73ef,aws_amplify_docs,tier1,aws-amplify/docs,23f0406663733992d4fb33405df34f1ef0cdd883,redirects.json,/gen2/build-a-backend/<category>/<page>,/react/build-a-backend/<category>/<page>,301,placeholder,false,"{""source"": ""/gen2/build-a-backend/<category>/<page>/"", ""status"": ""301"", ""target"": ""/react/build-a-backend/<category>/<page>/""}",/gen2/build-a-backend/<category>/<page>/,/react/build-a-backend/<category>/<page>/,
827199913842f3030fa9,aws_amplify_docs,tier1,aws-amplify/docs,23f0406663733992d4fb33405df34f1ef0cdd883,redirects.json,/lib-v1/auth/signin/q/platform/js,/gen1/javascript/prev/build-a-backend/auth/enable-sign-up,301,literal,true,"{""source"": ""/lib-v1/auth/signin/q/platform/js/"", ""status"": ""301"", ""target"": ""/gen1/javascript/prev/build-a-backend/auth/enable-sign-up/""}",/lib-v1/auth/signin/q/platform/js/,/gen1/javascript/prev/build-a-backend/auth/enable-sign-up/,
8275845db66f7d97a8e0,aws_amplify_docs,tier1,aws-amplify/docs,23f0406663733992d4fb33405df34f1ef0cdd883,redirects.json,/lib/push-notifications/identify-user/q/platform/react-native,/react-native/build-a-backend/push-notifications/identify-user,301,literal,true,"{""source"": ""/lib/push-notifications/identify-user/q/platform/react-native/"", ""status"": ""301"", ""target"": ""/react-native/build-a-backend/push-notifications/identify-user/""}",/lib/push-notifications/identify-user/q/platform/react-native/,/react-native/build-a-backend/push-notifications/identify-user/,
829ed9e7cf705d172efb,aws_amplify_docs,tier1,aws-amplify/docs,23f0406663733992d4fb33405df34f1ef0cdd883,redirects.json,/vue/build-a-backend/auth/admin-actions/sssieddgdpathxsx,/vue/build-a-backend/auth/admin-actions,301,literal,true,"{""source"": ""/vue/build-a-backend/auth/admin-actions/sssieddgdpathxsx/"", ""status"": ""301"", ""target"": ""/vue/build-a-backend/auth/admin-actions/""}",/vue/build-a-backend/auth/admin-actions/sssieddgdpathxsx/,/vue/build-a-backend/auth/admin-actions/,
82b2df876732a2754591,terraform_website,tier1,hashicorp/terraform-website,93ec9cbdc3a120ffde18d1275339d0d6599cd9b3,redirects.next.js,/docs/providers/nomad/r/:path*,/providers/hashicorp/nomad/latest/docs/resources/:path*,301,placeholder,false,"{""source"":""/docs/providers/nomad/r/:path*"",""destination"":""https://registry.terraform.io/providers/hashicorp/nomad/latest/docs/resources/:path*"",""permanent"":true}",/docs/providers/nomad/r/:path*,https://registry.terraform.io/providers/hashicorp/nomad/latest/docs/resources/:path*,
82b5f415f11e14d1f44f,aws_amplify_docs,tier1,aws-amplify/docs,23f0406663733992d4fb33405df34f1ef0cdd883,redirects.json,/lib/auth/guest_access/q/platform/ios,/swift/build-a-backend/auth/enable-guest-access,301,literal,true,"{""source"": ""/lib/auth/guest_access/q/platform/ios/"", ""status"": ""301"", ""target"": ""/swift/build-a-backend/auth/enable-guest-access/""}",/lib/auth/guest_access/q/platform/ios/,/swift/build-a-backend/auth/enable-guest-access/,
82e5c9c1020d26bd2a11,aws_amplify_docs,tier1,aws-amplify/docs,23f0406663733992d4fb33405df34f1ef0cdd883,redirects.json,/lib-v1/graphqlapi/authz/q/platform/react-native,/gen1/react-native/prev/build-a-backend/graphqlapi/customize-authz-modes,301,literal,true,"{""source"": ""/lib-v1/graphqlapi/authz/q/platform/react-native/"", ""status"": ""301"", ""target"": ""/gen1/react-native/prev/build-a-backend/graphqlapi/customize-authz-modes/""}",/lib-v1/graphqlapi/authz/q/platform/react-native/,/gen1/react-native/prev/build-a-backend/graphqlapi/customize-authz-modes/,
82ea60267a9090ed2427,aws_amplify_docs,tier1,aws-amplify/docs,23f0406663733992d4fb33405df34f1ef0cdd883,redirects.json,/lib-v1/auth/signin/q/platform/flutter,/gen1/flutter/prev/build-a-backend/auth/enable-sign-in,301,literal,true,"{""source"": ""/lib-v1/auth/signin/q/platform/flutter/"", ""status"": ""301"", ""target"": ""/gen1/flutter/prev/build-a-backend/auth/enable-sign-in/""}",/lib-v1/auth/signin/q/platform/flutter/,/gen1/flutter/prev/build-a-backend/auth/enable-sign-in/,
82f2d6c13f76115f3b28,aws_amplify_docs,tier1,aws-amplify/docs,23f0406663733992d4fb33405df34f1ef0cdd883,redirects.json,/react-native/build-a-backend/storage/copy,/gen1/react-native/build-a-backend/storage/copy,301,literal,true,"{""source"": ""/react-native/build-a-backend/storage/copy/"", ""status"": ""301"", ""target"": ""/gen1/react-native/build-a-backend/storage/copy/""}",/react-native/build-a-backend/storage/copy/,/gen1/react-native/build-a-backend/storage/copy/,
833cc75de119829841fe,aws_amplify_docs,tier1,aws-amplify/docs,23f0406663733992d4fb33405df34f1ef0cdd883,redirects.json,/sdk/auth/drop-in-auth/q/platform/android,/android/sdk/auth/drop-in-auth,301,literal,true,"{""source"": ""/sdk/auth/drop-in-auth/q/platform/android/"", ""status"": ""301"", ""target"": ""/android/sdk/auth/drop-in-auth/""}",/sdk/auth/drop-in-auth/q/platform/android/,/android/sdk/auth/drop-in-auth/,
8363012bf35f53ac3ab8,aws_amplify_docs,tier1,aws-amplify/docs,23f0406663733992d4fb33405df34f1ef0cdd883,redirects.json,/ai,/react/ai/set-up-ai,302,literal,true,"{""source"": ""/ai/"", ""status"": ""302"", ""target"": ""/react/ai/set-up-ai/""}",/ai/,/react/ai/set-up-ai/,
837704e6ceb4c59c5307,aws_amplify_docs,tier1,aws-amplify/docs,23f0406663733992d4fb33405df34f1ef0cdd883,redirects.json,/sdk/storage/graphql-api/q/platform/ios,/swift/sdk/storage/graphql-api,301,literal,true,"{""source"": ""/sdk/storage/graphql-api/q/platform/ios/"", ""status"": ""301"", ""target"": ""/swift/sdk/storage/graphql-api/""}",/sdk/storage/graphql-api/q/platform/ios/,/swift/sdk/storage/graphql-api/,
83bf510a9e7ab357a27d,aws_amplify_docs,tier1,aws-amplify/docs,23f0406663733992d4fb33405df34f1ef0cdd883,redirects.json,/start/getting-started/setup/q/integration/vue,/vue/start/getting-started/setup,301,literal,true,"{""source"": ""/start/getting-started/setup/q/integration/vue/"", ""status"": ""301"", ""target"": ""/vue/start/getting-started/setup/""}",/start/getting-started/setup/q/integration/vue/,/vue/start/getting-started/setup/,
83c06978dea67de4d54b,terraform_website,tier1,hashicorp/terraform-website,93ec9cbdc3a120ffde18d1275339d0d6599cd9b3,redirects.next.js,/docs/providers/fortios/guides/:path*,/providers/fortinetdev/fortios/latest/docs/guides/:path*,301,placeholder,false,"{""source"":""/docs/providers/fortios/guides/:path*"",""destination"":""https://registry.terraform.io/providers/fortinetdev/fortios/latest/docs/guides/:path*"",""permanent"":true}",/docs/providers/fortios/guides/:path*,https://registry.terraform.io/providers/fortinetdev/fortios/latest/docs/guides/:path*,
840cd60d1c692cc4e54a,aws_amplify_docs,tier1,aws-amplify/docs,23f0406663733992d4fb33405df34f1ef0cdd883,redirects.json,/lib/datastore/conflict/q/platform/angular,/angular/build-a-backend/more-features/datastore/conflict-resolution,301,literal,true,"{""source"": ""/lib/datastore/conflict/q/platform/angular/"", ""status"": ""301"", ""target"": ""/angular/build-a-backend/more-features/datastore/conflict-resolution/""}",/lib/datastore/conflict/q/platform/angular/,/angular/build-a-backend/more-features/datastore/conflict-resolution/,
84a3c1d7ce452a0b8d64,aws_amplify_docs,tier1,aws-amplify/docs,23f0406663733992d4fb33405df34f1ef0cdd883,redirects.json,/lib/storage/list/q/platform/ios,/swift/build-a-backend/storage/list,301,literal,true,"{""source"": ""/lib/storage/list/q/platform/ios/"", ""status"": ""301"", ""target"": ""/swift/build-a-backend/storage/list/""}",/lib/storage/list/q/platform/ios/,/swift/build-a-backend/storage/list/,
85095034a2ccada14153,terraform_website,tier1,hashicorp/terraform-website,93ec9cbdc3a120ffde18d1275339d0d6599cd9b3,redirects.next.js,/docs/providers/github/r/:path*,/providers/integrations/github/latest/docs/resources/:path*,301,placeholder,false,"{""source"":""/docs/providers/github/r/:path*"",""destination"":""https://registry.terraform.io/providers/integrations/github/latest/docs/resources/:path*"",""permanent"":true}",/docs/providers/github/r/:path*,https://registry.terraform.io/providers/integrations/github/latest/docs/resources/:path*,
85d5d7e499a43055a754,aws_amplify_docs,tier1,aws-amplify/docs,23f0406663733992d4fb33405df34f1ef0cdd883,redirects.json,/lib-v1/storage/cancel-requests/q/platform/react-native,/gen1/react-native/prev/build-a-backend/storage/cancel-requests,301,literal,true,"{""source"": ""/lib-v1/storage/cancel-requests/q/platform/react-native/"", ""status"": ""301"", ""target"": ""/gen1/react-native/prev/build-a-backend/storage/cancel-requests/""}",/lib-v1/storage/cancel-requests/q/platform/react-native/,/gen1/react-native/prev/build-a-backend/storage/cancel-requests/,
85efdca356688f4bcbf3,terraform_website,tier1,hashicorp/terraform-website,93ec9cbdc3a120ffde18d1275339d0d6599cd9b3,redirects.next.js,/docs/providers/openstack/d/:path*,/providers/terraform-provider-openstack/openstack/latest/docs/data-sources/:path*,301,placeholder,false,"{""source"":""/docs/providers/openstack/d/:path*"",""destination"":""https://registry.terraform.io/providers/terraform-provider-openstack/openstack/latest/docs/data-sources/:path*"",""permanent"":true}",/docs/providers/openstack/d/:path*,https://registry.terraform.io/providers/terraform-provider-openstack/openstack/latest/docs/data-sources/:path*,
85f914a887c8352cdb7e,astro_docs,tier2,withastro/docs,8e216293f74f38cc64db427622de74060403d5a8,public/_redirects,/,/en/getting-started,301,literal,true,/                                               /en/getting-started/,/,/en/getting-started/,
8603d8b2de67d48a9471,aws_amplify_docs,tier1,aws-amplify/docs,23f0406663733992d4fb33405df34f1ef0cdd883,redirects.json,/console/uibuilder/databinding,/javascript/build-ui/uibuilder/databinding,301,literal,true,"{""source"": ""/console/uibuilder/databinding/"", ""status"": ""301"", ""target"": ""/javascript/build-ui/uibuilder/databinding/""}",/console/uibuilder/databinding/,/javascript/build-ui/uibuilder/databinding/,
86213a262726cd8e2420,aws_amplify_docs,tier1,aws-amplify/docs,23f0406663733992d4fb33405df34f1ef0cdd883,redirects.json,/sdk/auth/guest-access/q/platform/ios,/swift/sdk/auth/guest-access,301,literal,true,"{""source"": ""/sdk/auth/guest-access/q/platform/ios/"", ""status"": ""301"", ""target"": ""/swift/sdk/auth/guest-access/""}",/sdk/auth/guest-access/q/platform/ios/,/swift/sdk/auth/guest-access/,
8643f6e5c1ebae6f9e2b,terraform_website,tier1,hashicorp/terraform-website,93ec9cbdc3a120ffde18d1275339d0d6599cd9b3,redirects.next.js,/docs/providers/oktaasa/d/:path*,/providers/oktadeveloper/oktaasa/latest/docs/data-sources/:path*,301,placeholder,false,"{""source"":""/docs/providers/oktaasa/d/:path*"",""destination"":""https://registry.terraform.io/providers/oktadeveloper/oktaasa/latest/docs/data-sources/:path*"",""permanent"":true}",/docs/providers/oktaasa/d/:path*,https://registry.terraform.io/providers/oktadeveloper/oktaasa/latest/docs/data-sources/:path*,
86523265279c1a305c7f,terraform_website,tier1,hashicorp/terraform-website,93ec9cbdc3a120ffde18d1275339d0d6599cd9b3,redirects.next.js,/docs/providers/oktaasa(/index.html),/providers/oktadeveloper/oktaasa/latest/docs,301,wildcard,false,"{""source"":""/docs/providers/oktaasa(/index.html)?"",""destination"":""https://registry.terraform.io/providers/oktadeveloper/oktaasa/latest/docs"",""permanent"":true}",/docs/providers/oktaasa(/index.html)?,https://registry.terraform.io/providers/oktadeveloper/oktaasa/latest/docs,
8694cba8c5aa861dbaa1,terraform_website,tier1,hashicorp/terraform-website,93ec9cbdc3a120ffde18d1275339d0d6599cd9b3,redirects.next.js,/docs/providers/aviatrix/r/:path*,/providers/AviatrixSystems/aviatrix/latest/docs/resources/:path*,301,placeholder,false,"{""source"":""/docs/providers/aviatrix/r/:path*"",""destination"":""https://registry.terraform.io/providers/AviatrixSystems/aviatrix/latest/docs/resources/:path*"",""permanent"":true}",/docs/providers/aviatrix/r/:path*,https://registry.terraform.io/providers/AviatrixSystems/aviatrix/latest/docs/resources/:path*,
86aa3dc537e69268acbb,aws_amplify_docs,tier1,aws-amplify/docs,23f0406663733992d4fb33405df34f1ef0cdd883,redirects.json,/lib/auth/getting-started/q/platform/react-native,/react-native/build-a-backend/auth/set-up-auth,301,literal,true,"{""source"": ""/lib/auth/getting-started/q/platform/react-native/"", ""status"": ""301"", ""target"": ""/react-native/build-a-backend/auth/set-up-auth""}",/lib/auth/getting-started/q/platform/react-native/,/react-native/build-a-backend/auth/set-up-auth,
8703fba2c74ec1949d9b,aws_amplify_docs,tier1,aws-amplify/docs,23f0406663733992d4fb33405df34f1ef0cdd883,redirects.json,/lib-v1/push-notifications/testing/q/platform/react-native,/gen1/react-native/prev/build-a-backend/push-notifications/test-notifications,301,literal,true,"{""source"": ""/lib-v1/push-notifications/testing/q/platform/react-native/"", ""status"": ""301"", ""target"": ""/gen1/react-native/prev/build-a-backend/push-notifications/test-notifications/""}",/lib-v1/push-notifications/testing/q/platform/react-native/,/gen1/react-native/prev/build-a-backend/push-notifications/test-notifications/,
87105fd7c57ce9b60372,flux_website,tier2,fluxcd/website,fbe28609d4c4773ba8b0c73fe65fe8e0b428d89c,static/_redirects,/flux/components/kustomize/kustomization,/flux/components/kustomize/kustomizations,301,literal,true,/flux/components/kustomize/kustomization        /flux/components/kustomize/kustomizations           301!,/flux/components/kustomize/kustomization,/flux/components/kustomize/kustomizations,
8755f0cf1025c0ba2da6,aws_amplify_docs,tier1,aws-amplify/docs,23f0406663733992d4fb33405df34f1ef0cdd883,redirects.json,/lib-v1/in-app-messaging/resolve-conflicts/q/platform/js,/gen1/javascript/prev/build-a-backend/more-features/in-app-messaging/resolve-conflicts,301,literal,true,"{""source"": ""/lib-v1/in-app-messaging/resolve-conflicts/q/platform/js/"", ""status"": ""301"", ""target"": ""/gen1/javascript/prev/build-a-backend/more-features/in-app-messaging/resolve-conflicts/""}",/lib-v1/in-app-messaging/resolve-conflicts/q/platform/js/,/gen1/javascript/prev/build-a-backend/more-features/in-app-messaging/resolve-conflicts/,
87b0751e470f280c63f0,terraform_website,tier1,hashicorp/terraform-website,93ec9cbdc3a120ffde18d1275339d0d6599cd9b3,redirects.next.js,/docs/providers/incapsula/r/:path*,/providers/imperva/incapsula/latest/docs/resources/:path*,301,placeholder,false,"{""source"":""/docs/providers/incapsula/r/:path*"",""destination"":""https://registry.terraform.io/providers/imperva/incapsula/latest/docs/resources/:path*"",""permanent"":true}",/docs/providers/incapsula/r/:path*,https://registry.terraform.io/providers/imperva/incapsula/latest/docs/resources/:path*,
87d10fe9be65de0f18de,terraform_website,tier1,hashicorp/terraform-website,93ec9cbdc3a120ffde18d1275339d0d6599cd9b3,redirects.next.js,/docs/providers/ado/d/:path*,/providers/microsoft/azuredevops/latest/docs/data-sources/:path*,301,placeholder,false,"{""source"":""/docs/providers/ado/d/:path*"",""destination"":""https://registry.terraform.io/providers/microsoft/azuredevops/latest/docs/data-sources/:path*"",""permanent"":true}",/docs/providers/ado/d/:path*,https://registry.terraform.io/providers/microsoft/azuredevops/latest/docs/data-sources/:path*,
87ee2fde4da514e6825e,terraform_website,tier1,hashicorp/terraform-website,93ec9cbdc3a120ffde18d1275339d0d6599cd9b3,redirects.next.js,/docs/providers/powerdns/d/:path*,/providers/pan-net/powerdns/latest/docs/data-sources/:path*,301,placeholder,false,"{""source"":""/docs/providers/powerdns/d/:path*"",""destination"":""https://registry.terraform.io/providers/pan-net/powerdns/latest/docs/data-sources/:path*"",""permanent"":true}",/docs/providers/powerdns/d/:path*,https://registry.terraform.io/providers/pan-net/powerdns/latest/docs/data-sources/:path*,
8830fae0e11bce5a5d41,aws_amplify_docs,tier1,aws-amplify/docs,23f0406663733992d4fb33405df34f1ef0cdd883,redirects.json,/guides/api-rest/gen-ai/q/platform/android,/android/build-a-backend/restapi/gen-ai,301,literal,true,"{""source"": ""/guides/api-rest/gen-ai/q/platform/android/"", ""status"": ""301"", ""target"": ""/android/build-a-backend/restapi/gen-ai/""}",/guides/api-rest/gen-ai/q/platform/android/,/android/build-a-backend/restapi/gen-ai/,
89335a046d6400fa3e21,aws_amplify_docs,tier1,aws-amplify/docs,23f0406663733992d4fb33405df34f1ef0cdd883,redirects.json,/lib/auth/escapehatch/q/platform/angular,/angular/build-a-backend/auth,301,literal,true,"{""source"": ""/lib/auth/escapehatch/q/platform/angular/"", ""status"": ""301"", ""target"": ""/angular/build-a-backend/auth/""}",/lib/auth/escapehatch/q/platform/angular/,/angular/build-a-backend/auth/,
893f740cb505a5c5bad3,deno_docs,tier1,denoland/docs,3bc9f662c58db48d2b07ceaf5da2fa5587cfbf5f,oldurls.json,/examples/tls-connector,/examples/tls_connector,301,literal,true,/examples/tls-connector -> /examples/tls_connector,/examples/tls-connector,/examples/tls_connector,
89c175da75ddb655d37d,aws_amplify_docs,tier1,aws-amplify/docs,23f0406663733992d4fb33405df34f1ef0cdd883,redirects.json,/lib/storage/configureaccess/q/platform/flutter,/flutter/build-a-backend/storage/configure-access,301,literal,true,"{""source"": ""/lib/storage/configureaccess/q/platform/flutter/"", ""status"": ""301"", ""target"": ""/flutter/build-a-backend/storage/configure-access/""}",/lib/storage/configureaccess/q/platform/flutter/,/flutter/build-a-backend/storage/configure-access/,
89eb33ec984cc7d9aad5,aws_amplify_docs,tier1,aws-amplify/docs,23f0406663733992d4fb33405df34f1ef0cdd883,redirects.json,/lib/graphqlapi/concepts/q,/react/build-a-backend/graphqlapi/api-graphql-concepts,301,literal,true,"{""source"": ""/lib/graphqlapi/concepts/q/"", ""status"": ""301"", ""target"": ""/react/build-a-backend/graphqlapi/api-graphql-concepts/""}",/lib/graphqlapi/concepts/q/,/react/build-a-backend/graphqlapi/api-graphql-concepts/,
8a1e0760d672b24bcbf6,terraform_website,tier1,hashicorp/terraform-website,93ec9cbdc3a120ffde18d1275339d0d6599cd9b3,redirects.next.js,/language/resources/provisioners/salt-masterless,/language/v1.1.x/resources/provisioners/salt-masterless,301,literal,true,"{""source"":""/language/resources/provisioners/salt-masterless"",""destination"":""/language/v1.1.x/resources/provisioners/salt-masterless"",""permanent"":true}",/language/resources/provisioners/salt-masterless,/language/v1.1.x/resources/provisioners/salt-masterless,
8a63e9e0883c0eba671f,aws_amplify_docs,tier1,aws-amplify/docs,23f0406663733992d4fb33405df34f1ef0cdd883,redirects.json,/console/auth/import,/javascript/tools/console/auth/import,301,literal,true,"{""source"": ""/console/auth/import/"", ""status"": ""301"", ""target"": ""/javascript/tools/console/auth/import/""}",/console/auth/import/,/javascript/tools/console/auth/import/,
8a7dc6f720348ddc5b18,aws_amplify_docs,tier1,aws-amplify/docs,23f0406663733992d4fb33405df34f1ef0cdd883,redirects.json,/lib/graphqlapi/subscribe-data/q/platform/flutter,/flutter/build-a-backend/graphqlapi/subscribe-data,301,literal,true,"{""source"": ""/lib/graphqlapi/subscribe-data/q/platform/flutter/"", ""status"": ""301"", ""target"": ""/flutter/build-a-backend/graphqlapi/subscribe-data/""}",/lib/graphqlapi/subscribe-data/q/platform/flutter/,/flutter/build-a-backend/graphqlapi/subscribe-data/,
8ab6efaa722abd77a844,terraform_website,tier1,hashicorp/terraform-website,93ec9cbdc3a120ffde18d1275339d0d6599cd9b3,redirects.next.js,/docs/providers/vsphere/d/:path*,/providers/hashicorp/vsphere/latest/docs/data-sources/:path*,301,placeholder,false,"{""source"":""/docs/providers/vsphere/d/:path*"",""destination"":""https://registry.terraform.io/providers/hashicorp/vsphere/latest/docs/data-sources/:path*"",""permanent"":true}",/docs/providers/vsphere/d/:path*,https://registry.terraform.io/providers/hashicorp/vsphere/latest/docs/data-sources/:path*,
8af77fd7e1583a5c5069,terraform_website,tier1,hashicorp/terraform-website,93ec9cbdc3a120ffde18d1275339d0d6599cd9b3,redirects.next.js,/enterprise/install/cluster-custom,/enterprise/install/automated/active-active,301,literal,true,"{""source"":""/enterprise/install/cluster-custom"",""destination"":""/enterprise/install/automated/active-active"",""permanent"":true}",/enterprise/install/cluster-custom,/enterprise/install/automated/active-active,
8b39d29c5ae4a45fc543,aws_amplify_docs,tier1,aws-amplify/docs,23f0406663733992d4fb33405df34f1ef0cdd883,redirects.json,/lib-v1/auth/social/q/platform/js,/gen1/javascript/prev/build-a-backend/auth/add-social-provider,301,literal,true,"{""source"": ""/lib-v1/auth/social/q/platform/js/"", ""status"": ""301"", ""target"": ""/gen1/javascript/prev/build-a-backend/auth/add-social-provider/""}",/lib-v1/auth/social/q/platform/js/,/gen1/javascript/prev/build-a-backend/auth/add-social-provider/,
8b510a2885df6d083dbf,terraform_website,tier1,hashicorp/terraform-website,93ec9cbdc3a120ffde18d1275339d0d6599cd9b3,redirects.next.js,/docs/providers/acme/d/:path*,/providers/vancluever/acme/latest/docs/data-sources/:path*,301,placeholder,false,"{""source"":""/docs/providers/acme/d/:path*"",""destination"":""https://registry.terraform.io/providers/vancluever/acme/latest/docs/data-sources/:path*"",""permanent"":true}",/docs/providers/acme/d/:path*,https://registry.terraform.io/providers/vancluever/acme/latest/docs/data-sources/:path*,
8c0612b719f51e627006,terraform_website,tier1,hashicorp/terraform-website,93ec9cbdc3a120ffde18d1275339d0d6599cd9b3,redirects.next.js,/docs/providers/gridscale(/index.html),/providers/gridscale/gridscale/latest/docs,301,wildcard,false,"{""source"":""/docs/providers/gridscale(/index.html)?"",""destination"":""https://registry.terraform.io/providers/gridscale/gridscale/latest/docs"",""permanent"":true}",/docs/providers/gridscale(/index.html)?,https://registry.terraform.io/providers/gridscale/gridscale/latest/docs,
8c39ffe16d7f520b9f46,terraform_website,tier1,hashicorp/terraform-website,93ec9cbdc3a120ffde18d1275339d0d6599cd9b3,redirects.next.js,/docs/providers/baiducloud(/index.html),/providers/baidubce/baiducloud/latest/docs,301,wildcard,false,"{""source"":""/docs/providers/baiducloud(/index.html)?"",""destination"":""https://registry.terraform.io/providers/baidubce/baiducloud/latest/docs"",""permanent"":true}",/docs/providers/baiducloud(/index.html)?,https://registry.terraform.io/providers/baidubce/baiducloud/latest/docs,
8c48a3e3d0beda87fb99,aws_amplify_docs,tier1,aws-amplify/docs,23f0406663733992d4fb33405df34f1ef0cdd883,redirects.json,/lib/storage/copy/q/platform/js,/javascript/build-a-backend/storage/copy,301,literal,true,"{""source"": ""/lib/storage/copy/q/platform/js/"", ""status"": ""301"", ""target"": ""/javascript/build-a-backend/storage/copy/""}",/lib/storage/copy/q/platform/js/,/javascript/build-a-backend/storage/copy/,
8c4b0db9873a3a8044b8,aws_amplify_docs,tier1,aws-amplify/docs,23f0406663733992d4fb33405df34f1ef0cdd883,redirects.json,/[platform]/prev/build-a-backend/auth/delete-user-account,/gen1/react/prev/build-a-backend/auth/delete-user-account,301,wildcard,false,"{""source"": ""/[platform]/prev/build-a-backend/auth/delete-user-account"", ""status"": ""301"", ""target"": ""/gen1/react/prev/build-a-backend/auth/delete-user-account""}",/[platform]/prev/build-a-backend/auth/delete-user-account,/gen1/react/prev/build-a-backend/auth/delete-user-account,
8c52a0047abf2930fe80,terraform_website,tier1,hashicorp/terraform-website,93ec9cbdc3a120ffde18d1275339d0d6599cd9b3,redirects.next.js,/docs/providers/vcd/d/:path*,/providers/vmware/vcd/latest/docs/data-sources/:path*,301,placeholder,false,"{""source"":""/docs/providers/vcd/d/:path*"",""destination"":""https://registry.terraform.io/providers/vmware/vcd/latest/docs/data-sources/:path*"",""permanent"":true}",/docs/providers/vcd/d/:path*,https://registry.terraform.io/providers/vmware/vcd/latest/docs/data-sources/:path*,
8c64252a30afe92a5704,aws_amplify_docs,tier1,aws-amplify/docs,23f0406663733992d4fb33405df34f1ef0cdd883,redirects.json,/lib/in-app-messaging/overview/q/platform/react-native,/react-native/build-a-backend/more-features/in-app-messaging,301,literal,true,"{""source"": ""/lib/in-app-messaging/overview/q/platform/react-native/"", ""status"": ""301"", ""target"": ""/react-native/build-a-backend/more-features/in-app-messaging/""}",/lib/in-app-messaging/overview/q/platform/react-native/,/react-native/build-a-backend/more-features/in-app-messaging/,
8c81b28421e1589aede9,aws_amplify_docs,tier1,aws-amplify/docs,23f0406663733992d4fb33405df34f1ef0cdd883,redirects.json,/guides/api-graphql/image-and-file-uploads/q/platform/js,/javascript/build-a-backend/graphqlapi/working-with-files,301,literal,true,"{""source"": ""/guides/api-graphql/image-and-file-uploads/q/platform/js/"", ""status"": ""301"", ""target"": ""/javascript/build-a-backend/graphqlapi/working-with-files/""}",/guides/api-graphql/image-and-file-uploads/q/platform/js/,/javascript/build-a-backend/graphqlapi/working-with-files/,
8d2b6f4e7ba3af26ebfa,aws_amplify_docs,tier1,aws-amplify/docs,23f0406663733992d4fb33405df34f1ef0cdd883,redirects.json,/lib/geo/existing-resources/q/platform/android,/gen1/android/prev/build-a-backend/more-features/geo/existing-resources,301,literal,true,"{""source"": ""/lib/geo/existing-resources/q/platform/android/"", ""status"": ""301"", ""target"": ""/gen1/android/prev/build-a-backend/more-features/geo/existing-resources/""}",/lib/geo/existing-resources/q/platform/android/,/gen1/android/prev/build-a-backend/more-features/geo/existing-resources/,
8df25a1851ba93f8e355,aws_amplify_docs,tier1,aws-amplify/docs,23f0406663733992d4fb33405df34f1ef0cdd883,redirects.json,/[platform]/build-a-backend/more-features/predictions,/react/build-a-backend/more-features/predictions,301,wildcard,false,"{""source"": ""/[platform]/build-a-backend/more-features/predictions"", ""status"": ""301"", ""target"": ""/react/build-a-backend/more-features/predictions""}",/[platform]/build-a-backend/more-features/predictions,/react/build-a-backend/more-features/predictions,
8e04516b3ed09f8e9fc7,astro_docs,tier2,withastro/docs,8e216293f74f38cc64db427622de74060403d5a8,public/_redirects,/:lang/*,/:lang/404,404,placeholder,false,/:lang/*                                        /:lang/404/ 404,/:lang/*,/:lang/404/,
8fcaa7f0117d4881e256,aws_amplify_docs,tier1,aws-amplify/docs,23f0406663733992d4fb33405df34f1ef0cdd883,redirects.json,/lib/datastore/setup-auth-rules/q/platform/flutter,/flutter/build-a-backend/more-features/datastore/authz-rules-setup,301,literal,true,"{""source"": ""/lib/datastore/setup-auth-rules/q/platform/flutter/"", ""status"": ""301"", ""target"": ""/flutter/build-a-backend/more-features/datastore/authz-rules-setup/""}",/lib/datastore/setup-auth-rules/q/platform/flutter/,/flutter/build-a-backend/more-features/datastore/authz-rules-setup/,
8fdd1fa0e94049a90bce,terraform_website,tier1,hashicorp/terraform-website,93ec9cbdc3a120ffde18d1275339d0d6599cd9b3,redirects.next.js,/docs/providers/null/d/:path*,/providers/hashicorp/null/latest/docs/data-sources/:path*,301,placeholder,false,"{""source"":""/docs/providers/null/d/:path*"",""destination"":""https://registry.terraform.io/providers/hashicorp/null/latest/docs/data-sources/:path*"",""permanent"":true}",/docs/providers/null/d/:path*,https://registry.terraform.io/providers/hashicorp/null/latest/docs/data-sources/:path*,
8ffaeb7409426b84086c,aws_amplify_docs,tier1,aws-amplify/docs,23f0406663733992d4fb33405df34f1ef0cdd883,redirects.json,/lib-v1/datastore/sync/q/platform/android,/gen1/android/prev/build-a-backend/more-features/datastore/sync-to-cloud,301,literal,true,"{""source"": ""/lib-v1/datastore/sync/q/platform/android/"", ""status"": ""301"", ""target"": ""/gen1/android/prev/build-a-backend/more-features/datastore/sync-to-cloud/""}",/lib-v1/datastore/sync/q/platform/android/,/gen1/android/prev/build-a-backend/more-features/datastore/sync-to-cloud/,
902fa7f4994c503c7a98,aws_amplify_docs,tier1,aws-amplify/docs,23f0406663733992d4fb33405df34f1ef0cdd883,redirects.json,/react/prev,/gen1/react/prev,301,literal,true,"{""source"": ""/react/prev/"", ""status"": ""301"", ""target"": ""/gen1/react/prev/""}",/react/prev/,/gen1/react/prev/,
906ba2fce46d023bcf6b,aws_amplify_docs,tier1,aws-amplify/docs,23f0406663733992d4fb33405df34f1ef0cdd883,redirects.json,/lib-v1/auth/social/q/platform/flutter,/gen1/flutter/prev/build-a-backend/auth/add-social-provider,301,literal,true,"{""source"": ""/lib-v1/auth/social/q/platform/flutter/"", ""status"": ""301"", ""target"": ""/gen1/flutter/prev/build-a-backend/auth/add-social-provider/""}",/lib-v1/auth/social/q/platform/flutter/,/gen1/flutter/prev/build-a-backend/auth/add-social-provider/,
90702d744da119d49596,flux_website,tier2,fluxcd/website,fbe28609d4c4773ba8b0c73fe65fe8e0b428d89c,static/_redirects,/legacy/*,/flux/migration,301,wildcard,false,/legacy/*                                       /flux/migration                                     301!,/legacy/*,/flux/migration,
9072929269180e514697,aws_amplify_docs,tier1,aws-amplify/docs,23f0406663733992d4fb33405df34f1ef0cdd883,redirects.json,/sdk/storage/transfer-utility/q/platform/ios,/swift/sdk/storage/transfer-utility,301,literal,true,"{""source"": ""/sdk/storage/transfer-utility/q/platform/ios/"", ""status"": ""301"", ""target"": ""/swift/sdk/storage/transfer-utility/""}",/sdk/storage/transfer-utility/q/platform/ios/,/swift/sdk/storage/transfer-utility/,
909538304c95fe9cf10d,aws_amplify_docs,tier1,aws-amplify/docs,23f0406663733992d4fb33405df34f1ef0cdd883,redirects.json,/android/prev/start/project-setup/use-existing-resources,/gen1/android/prev/start/project-setup/use-existing-resources,301,literal,true,"{""source"": ""/android/prev/start/project-setup/use-existing-resources/"", ""status"": ""301"", ""target"": ""/gen1/android/prev/start/project-setup/use-existing-resources/""}",/android/prev/start/project-setup/use-existing-resources/,/gen1/android/prev/start/project-setup/use-existing-resources/,
90c146e75eb56438b32e,aws_amplify_docs,tier1,aws-amplify/docs,23f0406663733992d4fb33405df34f1ef0cdd883,redirects.json,/react/start/configure,/react/start/account-setup,301,literal,true,"{""source"": ""/react/start/configure/"", ""status"": ""301"", ""target"": ""/react/start/account-setup/""}",/react/start/configure/,/react/start/account-setup/,
90c8a86e8833ed041457,terraform_website,tier1,hashicorp/terraform-website,93ec9cbdc3a120ffde18d1275339d0d6599cd9b3,redirects.next.js,/docs/providers/ksyun/r/:path*,/providers/kingsoftcloud/ksyun/latest/docs/resources/:path*,301,placeholder,false,"{""source"":""/docs/providers/ksyun/r/:path*"",""destination"":""https://registry.terraform.io/providers/kingsoftcloud/ksyun/latest/docs/resources/:path*"",""permanent"":true}",/docs/providers/ksyun/r/:path*,https://registry.terraform.io/providers/kingsoftcloud/ksyun/latest/docs/resources/:path*,
910cadb52aa5568ce15f,aws_amplify_docs,tier1,aws-amplify/docs,23f0406663733992d4fb33405df34f1ef0cdd883,redirects.json,/lib/geo/search/q/platform/js,/javascript/build-a-backend/more-features/geo/location-search,301,literal,true,"{""source"": ""/lib/geo/search/q/platform/js/"", ""status"": ""301"", ""target"": ""/javascript/build-a-backend/more-features/geo/location-search/""}",/lib/geo/search/q/platform/js/,/javascript/build-a-backend/more-features/geo/location-search/,
9157ea108266afd4a215,aws_amplify_docs,tier1,aws-amplify/docs,23f0406663733992d4fb33405df34f1ef0cdd883,redirects.json,/lib-v1/auth/delete_user/q/platform/android,/gen1/android/prev/build-a-backend/auth/delete-user-account,301,literal,true,"{""source"": ""/lib-v1/auth/delete_user/q/platform/android/"", ""status"": ""301"", ""target"": ""/gen1/android/prev/build-a-backend/auth/delete-user-account/""}",/lib-v1/auth/delete_user/q/platform/android/,/gen1/android/prev/build-a-backend/auth/delete-user-account/,
91f40c85550b7219e548,astro_docs,tier2,withastro/docs,8e216293f74f38cc64db427622de74060403d5a8,public/_redirects,/:lang/guides/server-side-rendering,/:lang/guides/on-demand-rendering,301,placeholder,false,/:lang/guides/server-side-rendering/                 /:lang/guides/on-demand-rendering/,/:lang/guides/server-side-rendering/,/:lang/guides/on-demand-rendering/,
92a28c3480cbe56ba15b,aws_amplify_docs,tier1,aws-amplify/docs,23f0406663733992d4fb33405df34f1ef0cdd883,redirects.json,/lib/predictions/text-speech/q/platform/react-native,/react-native/build-a-backend/more-features/predictions/text-to-speech,301,literal,true,"{""source"": ""/lib/predictions/text-speech/q/platform/react-native/"", ""status"": ""301"", ""target"": ""/react-native/build-a-backend/more-features/predictions/text-to-speech/""}",/lib/predictions/text-speech/q/platform/react-native/,/react-native/build-a-backend/more-features/predictions/text-to-speech/,
92a3fe2df49ee2bae5ab,terraform_website,tier1,hashicorp/terraform-website,93ec9cbdc3a120ffde18d1275339d0d6599cd9b3,redirects.next.js,/docs/providers/baiducloud/guides/:path*,/providers/baidubce/baiducloud/latest/docs/guides/:path*,301,placeholder,false,"{""source"":""/docs/providers/baiducloud/guides/:path*"",""destination"":""https://registry.terraform.io/providers/baidubce/baiducloud/latest/docs/guides/:path*"",""permanent"":true}",/docs/providers/baiducloud/guides/:path*,https://registry.terraform.io/providers/baidubce/baiducloud/latest/docs/guides/:path*,
92cad3b867cb9d339e70,aws_amplify_docs,tier1,aws-amplify/docs,23f0406663733992d4fb33405df34f1ef0cdd883,redirects.json,/flutter/sdk/<*>,/flutter,301,placeholder,false,"{""source"": ""/flutter/sdk/<*>"", ""status"": ""301"", ""target"": ""/flutter/""}",/flutter/sdk/<*>,/flutter/,
92eda496ee7dced906aa,terraform_website,tier1,hashicorp/terraform-website,93ec9cbdc3a120ffde18d1275339d0d6599cd9b3,redirects.next.js,/docs/providers/wavefront/r/:path*,/providers/vmware/wavefront/latest/docs/resources/:path*,301,placeholder,false,"{""source"":""/docs/providers/wavefront/r/:path*"",""destination"":""https://registry.terraform.io/providers/vmware/wavefront/latest/docs/resources/:path*"",""permanent"":true}",/docs/providers/wavefront/r/:path*,https://registry.terraform.io/providers/vmware/wavefront/latest/docs/resources/:path*,
93b1eeaae8a4c28f9203,aws_amplify_docs,tier1,aws-amplify/docs,23f0406663733992d4fb33405df34f1ef0cdd883,redirects.json,/lib-v1/auth/signin_web_ui/q/platform/ios,/gen1/swift/prev/build-a-backend/auth/sign-in-with-web-ui,301,literal,true,"{""source"": ""/lib-v1/auth/signin_web_ui/q/platform/ios/"", ""status"": ""301"", ""target"": ""/gen1/swift/prev/build-a-backend/auth/sign-in-with-web-ui/""}",/lib-v1/auth/signin_web_ui/q/platform/ios/,/gen1/swift/prev/build-a-backend/auth/sign-in-with-web-ui/,
94246c48002d64726087,aws_amplify_docs,tier1,aws-amplify/docs,23f0406663733992d4fb33405df34f1ef0cdd883,redirects.json,/lib-v1/graphqlapi/getting-started/q/platform/android,/gen1/android/prev/build-a-backend/graphqlapi/set-up-graphql-api,301,literal,true,"{""source"": ""/lib-v1/graphqlapi/getting-started/q/platform/android/"", ""status"": ""301"", ""target"": ""/gen1/android/prev/build-a-backend/graphqlapi/set-up-graphql-api/""}",/lib-v1/graphqlapi/getting-started/q/platform/android/,/gen1/android/prev/build-a-backend/graphqlapi/set-up-graphql-api/,
94279bb5ec4666551d21,aws_amplify_docs,tier1,aws-amplify/docs,23f0406663733992d4fb33405df34f1ef0cdd883,redirects.json,/lib-v1/datastore/setup-auth-rules/q/platform/next,/gen1/nextjs/prev/build-a-backend/more-features/datastore/authz-rules-setup,301,literal,true,"{""source"": ""/lib-v1/datastore/setup-auth-rules/q/platform/next/"", ""status"": ""301"", ""target"": ""/gen1/nextjs/prev/build-a-backend/more-features/datastore/authz-rules-setup/""}",/lib-v1/datastore/setup-auth-rules/q/platform/next/,/gen1/nextjs/prev/build-a-backend/more-features/datastore/authz-rules-setup/,
942fc1f67607b9a4d026,aws_amplify_docs,tier1,aws-amplify/docs,23f0406663733992d4fb33405df34f1ef0cdd883,redirects.json,/react/build-a-backend/auth/switch-auth,/gen1/react/build-a-backend/auth/switch-auth,301,literal,true,"{""source"": ""/react/build-a-backend/auth/switch-auth/"", ""status"": ""301"", ""target"": ""/gen1/react/build-a-backend/auth/switch-auth/""}",/react/build-a-backend/auth/switch-auth/,/gen1/react/build-a-backend/auth/switch-auth/,
94e865153aa13f25a10b,terraform_website,tier1,hashicorp/terraform-website,93ec9cbdc3a120ffde18d1275339d0d6599cd9b3,redirects.next.js,/docs/providers/azuredevops/d/:path*,/providers/microsoft/azuredevops/latest/docs/data-sources/:path*,301,placeholder,false,"{""source"":""/docs/providers/azuredevops/d/:path*"",""destination"":""https://registry.terraform.io/providers/microsoft/azuredevops/latest/docs/data-sources/:path*"",""permanent"":true}",/docs/providers/azuredevops/d/:path*,https://registry.terraform.io/providers/microsoft/azuredevops/latest/docs/data-sources/:path*,
94ea8cfd822841a7437c,aws_amplify_docs,tier1,aws-amplify/docs,23f0406663733992d4fb33405df34f1ef0cdd883,redirects.json,/[platform]/build-a-backend/troubleshooting/upgrade-amplify-packages,/react/build-a-backend/troubleshooting/upgrade-amplify-packages,301,wildcard,false,"{""source"": ""/[platform]/build-a-backend/troubleshooting/upgrade-amplify-packages"", ""status"": ""301"", ""target"": ""/react/build-a-backend/troubleshooting/upgrade-amplify-packages""}",/[platform]/build-a-backend/troubleshooting/upgrade-amplify-packages,/react/build-a-backend/troubleshooting/upgrade-amplify-packages,
958e5bcc3386de4368c6,terraform_website,tier1,hashicorp/terraform-website,93ec9cbdc3a120ffde18d1275339d0d6599cd9b3,redirects.next.js,/security.html,/security,301,literal,true,"{""source"":""/security.html"",""destination"":""/security"",""permanent"":true}",/security.html,/security,
95926bf56d7f71d80ad6,terraform_website,tier1,hashicorp/terraform-website,93ec9cbdc3a120ffde18d1275339d0d6599cd9b3,redirects.next.js,/docs/providers/sumologic(/index.html),/providers/SumoLogic/sumologic/latest/docs,301,wildcard,false,"{""source"":""/docs/providers/sumologic(/index.html)?"",""destination"":""https://registry.terraform.io/providers/SumoLogic/sumologic/latest/docs"",""permanent"":true}",/docs/providers/sumologic(/index.html)?,https://registry.terraform.io/providers/SumoLogic/sumologic/latest/docs,
95ab4ac4c211bd91f575,aws_amplify_docs,tier1,aws-amplify/docs,23f0406663733992d4fb33405df34f1ef0cdd883,redirects.json,/lib/graphqlapi/connect/q/platform/js,/javascript/build-a-backend/graphqlapi/connect-api-to-existing-database,301,literal,true,"{""source"": ""/lib/graphqlapi/connect/q/platform/js/"", ""status"": ""301"", ""target"": ""/javascript/build-a-backend/graphqlapi/connect-api-to-existing-database/""}",/lib/graphqlapi/connect/q/platform/js/,/javascript/build-a-backend/graphqlapi/connect-api-to-existing-database/,
95c0d724e5f068acea53,aws_amplify_docs,tier1,aws-amplify/docs,23f0406663733992d4fb33405df34f1ef0cdd883,redirects.json,/cli/reference/usage-data,/javascript/tools/cli/reference/usage-data,301,literal,true,"{""source"": ""/cli/reference/usage-data/"", ""status"": ""301"", ""target"": ""/javascript/tools/cli/reference/usage-data/""}",/cli/reference/usage-data/,/javascript/tools/cli/reference/usage-data/,
95fe207d6abb21bacf13,aws_amplify_docs,tier1,aws-amplify/docs,23f0406663733992d4fb33405df34f1ef0cdd883,redirects.json,/lib-v1/storage/escapehatch/q/platform/android,/gen1/android/prev/build-a-backend/storage/sdk,301,literal,true,"{""source"": ""/lib-v1/storage/escapehatch/q/platform/android/"", ""status"": ""301"", ""target"": ""/gen1/android/prev/build-a-backend/storage/sdk/""}",/lib-v1/storage/escapehatch/q/platform/android/,/gen1/android/prev/build-a-backend/storage/sdk/,
960831ede1878038502c,aws_amplify_docs,tier1,aws-amplify/docs,23f0406663733992d4fb33405df34f1ef0cdd883,redirects.json,/lib/datastore/relational/q/platform/ios,/swift/build-a-backend/more-features/datastore/relational-models,301,literal,true,"{""source"": ""/lib/datastore/relational/q/platform/ios/"", ""status"": ""301"", ""target"": ""/swift/build-a-backend/more-features/datastore/relational-models/""}",/lib/datastore/relational/q/platform/ios/,/swift/build-a-backend/more-features/datastore/relational-models/,
9618774adaa268c62921,aws_amplify_docs,tier1,aws-amplify/docs,23f0406663733992d4fb33405df34f1ef0cdd883,redirects.json,/lib/predictions/text-speech/q/platform/js,/javascript/build-a-backend/more-features/predictions/text-to-speech,301,literal,true,"{""source"": ""/lib/predictions/text-speech/q/platform/js/"", ""status"": ""301"", ""target"": ""/javascript/build-a-backend/more-features/predictions/text-to-speech/""}",/lib/predictions/text-speech/q/platform/js/,/javascript/build-a-backend/more-features/predictions/text-to-speech/,
961a4f8d27aefbcbbbca,aws_amplify_docs,tier1,aws-amplify/docs,23f0406663733992d4fb33405df34f1ef0cdd883,redirects.json,/lib/datastore/datastore-events/q/platform/flutter,/flutter/build-a-backend/more-features/datastore/datastore-events,301,literal,true,"{""source"": ""/lib/datastore/datastore-events/q/platform/flutter/"", ""status"": ""301"", ""target"": ""/flutter/build-a-backend/more-features/datastore/datastore-events/""}",/lib/datastore/datastore-events/q/platform/flutter/,/flutter/build-a-backend/more-features/datastore/datastore-events/,
962f6ef700beeb8dd663,deno_docs,tier1,denoland/docs,3bc9f662c58db48d2b07ceaf5da2fa5587cfbf5f,oldurls.json,/examples/parsing-serializing-json,/examples/parsing_serializing_json,301,literal,true,/examples/parsing-serializing-json -> /examples/parsing_serializing_json,/examples/parsing-serializing-json,/examples/parsing_serializing_json,
9643e96647e7eec5c788,terraform_website,tier1,hashicorp/terraform-website,93ec9cbdc3a120ffde18d1275339d0d6599cd9b3,redirects.next.js,/docs/providers/rabbitmq/guides/:path*,/providers/cyrilgdn/rabbitmq/latest/docs/guides/:path*,301,placeholder,false,"{""source"":""/docs/providers/rabbitmq/guides/:path*"",""destination"":""https://registry.terraform.io/providers/cyrilgdn/rabbitmq/latest/docs/guides/:path*"",""permanent"":true}",/docs/providers/rabbitmq/guides/:path*,https://registry.terraform.io/providers/cyrilgdn/rabbitmq/latest/docs/guides/:path*,
96847b7eeb3705372eec,aws_amplify_docs,tier1,aws-amplify/docs,23f0406663733992d4fb33405df34f1ef0cdd883,redirects.json,/<platform>/tools/cli/<page>,/gen1/<platform>/tools/cli/<page>,301,placeholder,false,"{""source"": ""/<platform>/tools/cli/<page>/"", ""status"": ""301"", ""target"": ""/gen1/<platform>/tools/cli/<page>/""}",/<platform>/tools/cli/<page>/,/gen1/<platform>/tools/cli/<page>/,
96900f611863c75874c7,aws_amplify_docs,tier1,aws-amplify/docs,23f0406663733992d4fb33405df34f1ef0cdd883,redirects.json,/start/getting-started/integrate/q/integration/react-native,/gen1/react-native/build-a-backend/more-features/datastore/set-up-datastore,301,literal,true,"{""source"": ""/start/getting-started/integrate/q/integration/react-native/"", ""status"": ""301"", ""target"": ""/gen1/react-native/build-a-backend/more-features/datastore/set-up-datastore/""}",/start/getting-started/integrate/q/integration/react-native/,/gen1/react-native/build-a-backend/more-features/datastore/set-up-datastore/,
969473f0de35830075e2,aws_amplify_docs,tier1,aws-amplify/docs,23f0406663733992d4fb33405df34f1ef0cdd883,redirects.json,/guides/hosting/nextjs/q/platform/js,/javascript/deploy-and-host/frameworks/deploy-nextjs-app,301,literal,true,"{""source"": ""/guides/hosting/nextjs/q/platform/js/"", ""status"": ""301"", ""target"": ""/javascript/deploy-and-host/frameworks/deploy-nextjs-app/""}",/guides/hosting/nextjs/q/platform/js/,/javascript/deploy-and-host/frameworks/deploy-nextjs-app/,
96cb3060472e6b6aeaf4,aws_amplify_docs,tier1,aws-amplify/docs,23f0406663733992d4fb33405df34f1ef0cdd883,redirects.json,/lib/analytics/streaming/q/platform/react-native,/react-native/build-a-backend/more-features/analytics/streaming-data,301,literal,true,"{""source"": ""/lib/analytics/streaming/q/platform/react-native/"", ""status"": ""301"", ""target"": ""/react-native/build-a-backend/more-features/analytics/streaming-data/""}",/lib/analytics/streaming/q/platform/react-native/,/react-native/build-a-backend/more-features/analytics/streaming-data/,
96f98ff1977cf0e587c7,terraform_website,tier1,hashicorp/terraform-website,93ec9cbdc3a120ffde18d1275339d0d6599cd9b3,redirects.next.js,/docs/providers/linode(/index.html),/providers/linode/linode/latest/docs,301,wildcard,false,"{""source"":""/docs/providers/linode(/index.html)?"",""destination"":""https://registry.terraform.io/providers/linode/linode/latest/docs"",""permanent"":true}",/docs/providers/linode(/index.html)?,https://registry.terraform.io/providers/linode/linode/latest/docs,
9700220f2dd9cf64e353,flux_website,tier2,fluxcd/website,fbe28609d4c4773ba8b0c73fe65fe8e0b428d89c,static/_redirects,/docs/components/notification/controller,/flux/components/notification,301,literal,true,/docs/components/notification/controller        /flux/components/notification                       301!,/docs/components/notification/controller,/flux/components/notification,
972b368058252bc0382f,terraform_website,tier1,hashicorp/terraform-website,93ec9cbdc3a120ffde18d1275339d0d6599cd9b3,redirects.next.js,/docs/providers/logicmonitor/guides/:path*,/providers/logicmonitor/logicmonitor/latest/docs/guides/:path*,301,placeholder,false,"{""source"":""/docs/providers/logicmonitor/guides/:path*"",""destination"":""https://registry.terraform.io/providers/logicmonitor/logicmonitor/latest/docs/guides/:path*"",""permanent"":true}",/docs/providers/logicmonitor/guides/:path*,https://registry.terraform.io/providers/logicmonitor/logicmonitor/latest/docs/guides/:path*,
97fed8de4d97219459dd,aws_amplify_docs,tier1,aws-amplify/docs,23f0406663733992d4fb33405df34f1ef0cdd883,redirects.json,/ui-legacy/<*>,/,301,placeholder,false,"{""source"": ""/ui-legacy/<*>"", ""status"": ""301"", ""target"": ""https://ui.docs.amplify.aws/""}",/ui-legacy/<*>,https://ui.docs.amplify.aws/,
982482d82f76f4bfc47d,aws_amplify_docs,tier1,aws-amplify/docs,23f0406663733992d4fb33405df34f1ef0cdd883,redirects.json,/lib-v1/graphqlapi/offline/q/platform/ios,/gen1/swift/prev/build-a-backend/graphqlapi/offline,301,literal,true,"{""source"": ""/lib-v1/graphqlapi/offline/q/platform/ios/"", ""status"": ""301"", ""target"": ""/gen1/swift/prev/build-a-backend/graphqlapi/offline/""}",/lib-v1/graphqlapi/offline/q/platform/ios/,/gen1/swift/prev/build-a-backend/graphqlapi/offline/,
985179282d29224613b6,aws_amplify_docs,tier1,aws-amplify/docs,23f0406663733992d4fb33405df34f1ef0cdd883,redirects.json,/lib/analytics/record/q/platform/react-native,/react-native/build-a-backend/more-features/analytics/record-events,301,literal,true,"{""source"": ""/lib/analytics/record/q/platform/react-native/"", ""status"": ""301"", ""target"": ""/react-native/build-a-backend/more-features/analytics/record-events/""}",/lib/analytics/record/q/platform/react-native/,/react-native/build-a-backend/more-features/analytics/record-events/,
991ee809837e188a823d,aws_amplify_docs,tier1,aws-amplify/docs,23f0406663733992d4fb33405df34f1ef0cdd883,redirects.json,/cli/commands/console,/javascript/tools/cli/commands,301,literal,true,"{""source"": ""/cli/commands/console/"", ""status"": ""301"", ""target"": ""/javascript/tools/cli/commands/#console""}",/cli/commands/console/,/javascript/tools/cli/commands/#console,
99672c4a8e4bfea92f1d,terraform_website,tier1,hashicorp/terraform-website,93ec9cbdc3a120ffde18d1275339d0d6599cd9b3,redirects.next.js,/cloud-docs/api-docs/admin/users,/enterprise/api-docs/admin/users,301,literal,true,"{""source"":""/cloud-docs/api-docs/admin/users"",""destination"":""/enterprise/api-docs/admin/users"",""permanent"":true}",/cloud-docs/api-docs/admin/users,/enterprise/api-docs/admin/users,
99890ce62b515d956726,terraform_website,tier1,hashicorp/terraform-website,93ec9cbdc3a120ffde18d1275339d0d6599cd9b3,redirects.next.js,/docs/providers/okta(/index.html),/providers/oktadeveloper/okta/latest/docs,301,wildcard,false,"{""source"":""/docs/providers/okta(/index.html)?"",""destination"":""https://registry.terraform.io/providers/oktadeveloper/okta/latest/docs"",""permanent"":true}",/docs/providers/okta(/index.html)?,https://registry.terraform.io/providers/oktadeveloper/okta/latest/docs,
9999f22dc3bf688f14c3,aws_amplify_docs,tier1,aws-amplify/docs,23f0406663733992d4fb33405df34f1ef0cdd883,redirects.json,/[platform]/deploy-and-host/frameworks/deploy-gridsome-site,/react/deploy-and-host/frameworks/deploy-gridsome-site,301,wildcard,false,"{""source"": ""/[platform]/deploy-and-host/frameworks/deploy-gridsome-site"", ""status"": ""301"", ""target"": ""/react/deploy-and-host/frameworks/deploy-gridsome-site""}",/[platform]/deploy-and-host/frameworks/deploy-gridsome-site,/react/deploy-and-host/frameworks/deploy-gridsome-site,
9a368818daba026cee6a,terraform_website,tier1,hashicorp/terraform-website,93ec9cbdc3a120ffde18d1275339d0d6599cd9b3,redirects.next.js,/cloud-docs/api-docs/admin/settings,/enterprise/api-docs/admin/settings,301,literal,true,"{""source"":""/cloud-docs/api-docs/admin/settings"",""destination"":""/enterprise/api-docs/admin/settings"",""permanent"":true}",/cloud-docs/api-docs/admin/settings,/enterprise/api-docs/admin/settings,
9a5b3c87ebe11ff021b7,aws_amplify_docs,tier1,aws-amplify/docs,23f0406663733992d4fb33405df34f1ef0cdd883,redirects.json,/gen2/start/<category>/<page>,/react/start/<category>/<page>,301,placeholder,false,"{""source"": ""/gen2/start/<category>/<page>/"", ""status"": ""301"", ""target"": ""/react/start/<category>/<page>/""}",/gen2/start/<category>/<page>/,/react/start/<category>/<page>/,
9a60039b04c969146bc7,terraform_website,tier1,hashicorp/terraform-website,93ec9cbdc3a120ffde18d1275339d0d6599cd9b3,redirects.next.js,/docs/providers/vault/d/:path*,/providers/hashicorp/vault/latest/docs/data-sources/:path*,301,placeholder,false,"{""source"":""/docs/providers/vault/d/:path*"",""destination"":""https://registry.terraform.io/providers/hashicorp/vault/latest/docs/data-sources/:path*"",""permanent"":true}",/docs/providers/vault/d/:path*,https://registry.terraform.io/providers/hashicorp/vault/latest/docs/data-sources/:path*,
9acfe1ac207eed093ec2,aws_amplify_docs,tier1,aws-amplify/docs,23f0406663733992d4fb33405df34f1ef0cdd883,redirects.json,/guides/api-rest/gen-ai/q/platform/js,/javascript/build-a-backend/restapi/gen-ai,301,literal,true,"{""source"": ""/guides/api-rest/gen-ai/q/platform/js/"", ""status"": ""301"", ""target"": ""/javascript/build-a-backend/restapi/gen-ai/""}",/guides/api-rest/gen-ai/q/platform/js/,/javascript/build-a-backend/restapi/gen-ai/,
9afcb31fe0d8123df4ad,aws_amplify_docs,tier1,aws-amplify/docs,23f0406663733992d4fb33405df34f1ef0cdd883,redirects.json,/react/prev/build-a-backend/troubleshooting/upgrade-amplify-packages/react/prev,/gen1/react/prev/build-a-backend/troubleshooting/upgrade-amplify-packages/react/prev,301,literal,true,"{""source"": ""/react/prev/build-a-backend/troubleshooting/upgrade-amplify-packages/react/prev/"", ""status"": ""301"", ""target"": ""/gen1/react/prev/build-a-backend/troubleshooting/upgrade-amplify-packages/react/prev/""}",/react/prev/build-a-backend/troubleshooting/upgrade-amplify-packages/react/prev/,/gen1/react/prev/build-a-backend/troubleshooting/upgrade-amplify-packages/react/prev/,
9b05590f6e0e5b4f1cf8,aws_amplify_docs,tier1,aws-amplify/docs,23f0406663733992d4fb33405df34f1ef0cdd883,redirects.json,/lib/push-notifications/register-device/q/platform/ios,/android/build-a-backend/push-notifications/register-device,301,literal,true,"{""source"": ""/lib/push-notifications/register-device/q/platform/ios/"", ""status"": ""301"", ""target"": ""/android/build-a-backend/push-notifications/register-device/""}",/lib/push-notifications/register-device/q/platform/ios/,/android/build-a-backend/push-notifications/register-device/,
9b67d8c095d8d0a7c0b9,aws_amplify_docs,tier1,aws-amplify/docs,23f0406663733992d4fb33405df34f1ef0cdd883,redirects.json,/<platform>/deploy-and-host/deployment/<page>,/gen1/<platform>/deploy-and-host/deployment/<page>,301,placeholder,false,"{""source"": ""/<platform>/deploy-and-host/deployment/<page>/"", ""status"": ""301"", ""target"": ""/gen1/<platform>/deploy-and-host/deployment/<page>/""}",/<platform>/deploy-and-host/deployment/<page>/,/gen1/<platform>/deploy-and-host/deployment/<page>/,
9bc2f3d31ff7506837e4,aws_amplify_docs,tier1,aws-amplify/docs,23f0406663733992d4fb33405df34f1ef0cdd883,redirects.json,/console/formbuilder/overrides,/javascript/build-ui/formbuilder/overrides,301,literal,true,"{""source"": ""/console/formbuilder/overrides/"", ""status"": ""301"", ""target"": ""/javascript/build-ui/formbuilder/overrides/""}",/console/formbuilder/overrides/,/javascript/build-ui/formbuilder/overrides/,
9be623a5d37fe1dfed02,aws_amplify_docs,tier1,aws-amplify/docs,23f0406663733992d4fb33405df34f1ef0cdd883,redirects.json,/[platform]/tools/console/storage,/react/tools/console/storage,301,wildcard,false,"{""source"": ""/[platform]/tools/console/storage"", ""status"": ""301"", ""target"": ""/react/tools/console/storage""}",/[platform]/tools/console/storage,/react/tools/console/storage,
9bf2bbdabb39f94c0881,aws_amplify_docs,tier1,aws-amplify/docs,23f0406663733992d4fb33405df34f1ef0cdd883,redirects.json,/lib-v1/graphqlapi/offline/q/platform/flutter,/gen1/flutter/prev/build-a-backend/graphqlapi/offline,301,literal,true,"{""source"": ""/lib-v1/graphqlapi/offline/q/platform/flutter/"", ""status"": ""301"", ""target"": ""/gen1/flutter/prev/build-a-backend/graphqlapi/offline/""}",/lib-v1/graphqlapi/offline/q/platform/flutter/,/gen1/flutter/prev/build-a-backend/graphqlapi/offline/,
9c0deaf7408f0ce44d25,flux_website,tier2,fluxcd/website,fbe28609d4c4773ba8b0c73fe65fe8e0b428d89c,static/_redirects,/docs/contributing/docs/some-background,/fluxcd/website,301,literal,true,/docs/contributing/docs/some-background         https://github.com/fluxcd/website#readme            301!,/docs/contributing/docs/some-background,https://github.com/fluxcd/website#readme,
9d0e2b64d16122723b0f,deno_docs,tier1,denoland/docs,3bc9f662c58db48d2b07ceaf5da2fa5587cfbf5f,oldurls.json,/examples/walking-directories,/examples/walking_directories,301,literal,true,/examples/walking-directories -> /examples/walking_directories,/examples/walking-directories,/examples/walking_directories,
9d41dea203acef60a51c,terraform_website,tier1,hashicorp/terraform-website,93ec9cbdc3a120ffde18d1275339d0d6599cd9b3,redirects.next.js,/docs/providers/tls/guides/:path*,/providers/hashicorp/tls/latest/docs/guides/:path*,301,placeholder,false,"{""source"":""/docs/providers/tls/guides/:path*"",""destination"":""https://registry.terraform.io/providers/hashicorp/tls/latest/docs/guides/:path*"",""permanent"":true}",/docs/providers/tls/guides/:path*,https://registry.terraform.io/providers/hashicorp/tls/latest/docs/guides/:path*,
9d5c1a96b78b4142e5f2,aws_amplify_docs,tier1,aws-amplify/docs,23f0406663733992d4fb33405df34f1ef0cdd883,redirects.json,/lib/restapi/fetch/q/platform/flutter,/flutter/build-a-backend/restapi/fetch-data,301,literal,true,"{""source"": ""/lib/restapi/fetch/q/platform/flutter/"", ""status"": ""301"", ""target"": ""/flutter/build-a-backend/restapi/fetch-data/""}",/lib/restapi/fetch/q/platform/flutter/,/flutter/build-a-backend/restapi/fetch-data/,
9dc6888c244668af8cea,aws_amplify_docs,tier1,aws-amplify/docs,23f0406663733992d4fb33405df34f1ef0cdd883,redirects.json,/react/build-a-backend/functions/dynamodb-from-lambda-nodejs,/react/build-a-backend/functions,301,literal,true,"{""source"": ""/react/build-a-backend/functions/dynamodb-from-lambda-nodejs/"", ""status"": ""301"", ""target"": ""/react/build-a-backend/functions/""}",/react/build-a-backend/functions/dynamodb-from-lambda-nodejs/,/react/build-a-backend/functions/,
9dcf0e3e95e9189b8951,aws_amplify_docs,tier1,aws-amplify/docs,23f0406663733992d4fb33405df34f1ef0cdd883,redirects.json,/<platform>/sdk/analytics/<page>,/gen1/<platform>/sdk/analytics/<page>,301,placeholder,false,"{""source"": ""/<platform>/sdk/analytics/<page>/"", ""status"": ""301"", ""target"": ""/gen1/<platform>/sdk/analytics/<page>/""}",/<platform>/sdk/analytics/<page>/,/gen1/<platform>/sdk/analytics/<page>/,
9e0f79e27b215cc0a630,astro_docs,tier2,withastro/docs,8e216293f74f38cc64db427622de74060403d5a8,public/_redirects,/core-concepts/collections,/en/guides/content-collections,301,literal,true,/core-concepts/collections                      /en/guides/content-collections/,/core-concepts/collections,/en/guides/content-collections/,
9e12b4a650616fd60fc3,aws_amplify_docs,tier1,aws-amplify/docs,23f0406663733992d4fb33405df34f1ef0cdd883,redirects.json,/build-a-backend/add-aws-services/overriding-resources,/react/tools/cli/project/override-iam,301,literal,true,"{""source"": ""/build-a-backend/add-aws-services/overriding-resources/"", ""status"": ""301"", ""target"": ""/react/tools/cli/project/override-iam/""}",/build-a-backend/add-aws-services/overriding-resources/,/react/tools/cli/project/override-iam/,
9e6794704480135b142c,aws_amplify_docs,tier1,aws-amplify/docs,23f0406663733992d4fb33405df34f1ef0cdd883,redirects.json,/lib-v1/auth/overview/q/platform/android,/gen1/android/prev/build-a-backend/auth/under-the-hood,301,literal,true,"{""source"": ""/lib-v1/auth/overview/q/platform/android/"", ""status"": ""301"", ""target"": ""/gen1/android/prev/build-a-backend/auth/under-the-hood/""}",/lib-v1/auth/overview/q/platform/android/,/gen1/android/prev/build-a-backend/auth/under-the-hood/,
9e8b9cd1e0818665adb8,aws_amplify_docs,tier1,aws-amplify/docs,23f0406663733992d4fb33405df34f1ef0cdd883,redirects.json,/console/authz/authorization,/javascript/tools/console/authz,301,literal,true,"{""source"": ""/console/authz/authorization/"", ""status"": ""301"", ""target"": ""/javascript/tools/console/authz/""}",/console/authz/authorization/,/javascript/tools/console/authz/,
9e9c78f8ac41257384ea,aws_amplify_docs,tier1,aws-amplify/docs,23f0406663733992d4fb33405df34f1ef0cdd883,redirects.json,/[platform]/build-a-backend/existing-resources,/react/build-a-backend/existing-resources,301,wildcard,false,"{""source"": ""/[platform]/build-a-backend/existing-resources"", ""status"": ""301"", ""target"": ""/react/build-a-backend/existing-resources""}",/[platform]/build-a-backend/existing-resources,/react/build-a-backend/existing-resources,
9eb4d34cfb9c848db483,astro_docs,tier2,withastro/docs,8e216293f74f38cc64db427622de74060403d5a8,public/_redirects,/en/getting-started/quick-start,/en/install-and-setup,301,literal,true,/en/getting-started/quick-start                 /en/install-and-setup/,/en/getting-started/quick-start,/en/install-and-setup/,
9ecf9b61c068cb6ee2d4,aws_amplify_docs,tier1,aws-amplify/docs,23f0406663733992d4fb33405df34f1ef0cdd883,redirects.json,/nextjs/build-a-backend/functions/appsync-operations-to-lambda-layer,/nextjs/build-a-backend/graphqlapi/client-code-generation,301,literal,true,"{""source"": ""/nextjs/build-a-backend/functions/appsync-operations-to-lambda-layer/"", ""status"": ""301"", ""target"": ""/nextjs/build-a-backend/graphqlapi/client-code-generation/""}",/nextjs/build-a-backend/functions/appsync-operations-to-lambda-layer/,/nextjs/build-a-backend/graphqlapi/client-code-generation/,
9ee03bb7184fe55d096c,flux_website,tier2,fluxcd/website,fbe28609d4c4773ba8b0c73fe65fe8e0b428d89c,static/_redirects,/flux/guides/notifications,/flux/monitoring/alerts,301,literal,true,/flux/guides/notifications                      /flux/monitoring/alerts                             301!,/flux/guides/notifications,/flux/monitoring/alerts,
9ee37a44a819fc1ba63a,astro_docs,tier2,withastro/docs,8e216293f74f38cc64db427622de74060403d5a8,public/_redirects,/:lang/reference/experimental-flags/serialized-configuration,/:lang/reference/modules/astro-config,301,placeholder,false,/:lang/reference/experimental-flags/serialized-configuration/   /:lang/reference/modules/astro-config/,/:lang/reference/experimental-flags/serialized-configuration/,/:lang/reference/modules/astro-config/,
9ee4166ea82775cfa1cc,aws_amplify_docs,tier1,aws-amplify/docs,23f0406663733992d4fb33405df34f1ef0cdd883,redirects.json,/<platform>/build-a-backend/debugging,/gen1/<platform>/build-a-backend/debugging,301,placeholder,false,"{""source"": ""/<platform>/build-a-backend/debugging/"", ""status"": ""301"", ""target"": ""/gen1/<platform>/build-a-backend/debugging/""}",/<platform>/build-a-backend/debugging/,/gen1/<platform>/build-a-backend/debugging/,
9f2d723c0eb71095a389,terraform_website,tier1,hashicorp/terraform-website,93ec9cbdc3a120ffde18d1275339d0d6599cd9b3,redirects.next.js,/docs/providers/azuredevops/r/:path*,/providers/microsoft/azuredevops/latest/docs/resources/:path*,301,placeholder,false,"{""source"":""/docs/providers/azuredevops/r/:path*"",""destination"":""https://registry.terraform.io/providers/microsoft/azuredevops/latest/docs/resources/:path*"",""permanent"":true}",/docs/providers/azuredevops/r/:path*,https://registry.terraform.io/providers/microsoft/azuredevops/latest/docs/resources/:path*,
9f3ce4e3a67827e8415c,flux_website,tier2,fluxcd/website,fbe28609d4c4773ba8b0c73fe65fe8e0b428d89c,static/_redirects,/flagger/how-it-works,/flagger/usage/how-it-works,301,literal,true,/flagger/how-it-works                           /flagger/usage/how-it-works                         301!,/flagger/how-it-works,/flagger/usage/how-it-works,
9f44041fa86b809dd018,flux_website,tier2,fluxcd/website,fbe28609d4c4773ba8b0c73fe65fe8e0b428d89c,static/_redirects,/docs/contributing/*,/contributing/:splat,301,placeholder,false,/docs/contributing/*                            /contributing/:splat                                301!,/docs/contributing/*,/contributing/:splat,
9f53af8564e9499d32fa,terraform_website,tier1,hashicorp/terraform-website,93ec9cbdc3a120ffde18d1275339d0d6599cd9b3,redirects.next.js,/docs/providers/opennebula(/index.html),/providers/OpenNebula/opennebula/latest/docs,301,wildcard,false,"{""source"":""/docs/providers/opennebula(/index.html)?"",""destination"":""https://registry.terraform.io/providers/OpenNebula/opennebula/latest/docs"",""permanent"":true}",/docs/providers/opennebula(/index.html)?,https://registry.terraform.io/providers/OpenNebula/opennebula/latest/docs,
9f6518f536e079caff65,aws_amplify_docs,tier1,aws-amplify/docs,23f0406663733992d4fb33405df34f1ef0cdd883,redirects.json,/flutter/sdk,/flutter/build-a-backend,301,literal,true,"{""source"": ""/flutter/sdk/"", ""status"": ""301"", ""target"": ""/flutter/build-a-backend/""}",/flutter/sdk/,/flutter/build-a-backend/,
9f82514274aac87ef3f6,aws_amplify_docs,tier1,aws-amplify/docs,23f0406663733992d4fb33405df34f1ef0cdd883,redirects.json,/swift/prev/start/project-setup/combine-framework,/gen1/swift/prev/start/project-setup/combine-framework,301,literal,true,"{""source"": ""/swift/prev/start/project-setup/combine-framework/"", ""status"": ""301"", ""target"": ""/gen1/swift/prev/start/project-setup/combine-framework/""}",/swift/prev/start/project-setup/combine-framework/,/gen1/swift/prev/start/project-setup/combine-framework/,
9f9ff64a4c6abfbf92f2,terraform_website,tier1,hashicorp/terraform-website,93ec9cbdc3a120ffde18d1275339d0d6599cd9b3,redirects.next.js,/docs/providers/opsgenie/guides/:path*,/providers/opsgenie/opsgenie/latest/docs/guides/:path*,301,placeholder,false,"{""source"":""/docs/providers/opsgenie/guides/:path*"",""destination"":""https://registry.terraform.io/providers/opsgenie/opsgenie/latest/docs/guides/:path*"",""permanent"":true}",/docs/providers/opsgenie/guides/:path*,https://registry.terraform.io/providers/opsgenie/opsgenie/latest/docs/guides/:path*,
9fa6fae2d12ca7fc2ec9,aws_amplify_docs,tier1,aws-amplify/docs,23f0406663733992d4fb33405df34f1ef0cdd883,redirects.json,/console/uibuilder/eventhandling,/javascript/build-ui/uibuilder/eventhandling,301,literal,true,"{""source"": ""/console/uibuilder/eventhandling/"", ""status"": ""301"", ""target"": ""/javascript/build-ui/uibuilder/eventhandling/""}",/console/uibuilder/eventhandling/,/javascript/build-ui/uibuilder/eventhandling/,
9fd0302368183548c561,aws_amplify_docs,tier1,aws-amplify/docs,23f0406663733992d4fb33405df34f1ef0cdd883,redirects.json,/lib/auth/emailpassword/q/platform/react-native,/react-native/build-a-backend/auth/enable-sign-up,301,literal,true,"{""source"": ""/lib/auth/emailpassword/q/platform/react-native/"", ""status"": ""301"", ""target"": ""/react-native/build-a-backend/auth/enable-sign-up/""}",/lib/auth/emailpassword/q/platform/react-native/,/react-native/build-a-backend/auth/enable-sign-up/,
a02b2ecf07d4474c37f2,aws_amplify_docs,tier1,aws-amplify/docs,23f0406663733992d4fb33405df34f1ef0cdd883,redirects.json,/lib/graphqlapi/relational/q/platform/android,/android/build-a-backend/graphqlapi/relational-models,301,literal,true,"{""source"": ""/lib/graphqlapi/relational/q/platform/android/"", ""status"": ""301"", ""target"": ""/android/build-a-backend/graphqlapi/relational-models/""}",/lib/graphqlapi/relational/q/platform/android/,/android/build-a-backend/graphqlapi/relational-models/,
a06d4c619ced2bb013ac,aws_amplify_docs,tier1,aws-amplify/docs,23f0406663733992d4fb33405df34f1ef0cdd883,redirects.json,/lib/graphqlapi/getting-started/q/platform/flutter,/flutter/build-a-backend/graphqlapi,301,literal,true,"{""source"": ""/lib/graphqlapi/getting-started/q/platform/flutter/"", ""status"": ""301"", ""target"": ""/flutter/build-a-backend/graphqlapi/""}",/lib/graphqlapi/getting-started/q/platform/flutter/,/flutter/build-a-backend/graphqlapi/,
a0c8d8d760b398f277fc,aws_amplify_docs,tier1,aws-amplify/docs,23f0406663733992d4fb33405df34f1ef0cdd883,redirects.json,/lib/auth/device_features/q/platform/android,/android/build-a-backend/auth/remember-device,301,literal,true,"{""source"": ""/lib/auth/device_features/q/platform/android/"", ""status"": ""301"", ""target"": ""/android/build-a-backend/auth/remember-device/""}",/lib/auth/device_features/q/platform/android/,/android/build-a-backend/auth/remember-device/,
a12de4cb559bd5c1e8a3,terraform_website,tier1,hashicorp/terraform-website,93ec9cbdc3a120ffde18d1275339d0d6599cd9b3,redirects.next.js,/docs/providers/rabbitmq/r/:path*,/providers/cyrilgdn/rabbitmq/latest/docs/resources/:path*,301,placeholder,false,"{""source"":""/docs/providers/rabbitmq/r/:path*"",""destination"":""https://registry.terraform.io/providers/cyrilgdn/rabbitmq/latest/docs/resources/:path*"",""permanent"":true}",/docs/providers/rabbitmq/r/:path*,https://registry.terraform.io/providers/cyrilgdn/rabbitmq/latest/docs/resources/:path*,
a14c19b2d7f1d2e4685b,astro_docs,tier2,withastro/docs,8e216293f74f38cc64db427622de74060403d5a8,public/_redirects,/:lang/guides/backend/google-firebase,/:lang/guides/backend/firebase,301,placeholder,false,/:lang/guides/backend/google-firebase/               /:lang/guides/backend/firebase/,/:lang/guides/backend/google-firebase/,/:lang/guides/backend/firebase/,
a17cf1b7d748a0fe3cfb,aws_amplify_docs,tier1,aws-amplify/docs,23f0406663733992d4fb33405df34f1ef0cdd883,redirects.json,/lib-v1/restapi/existing-resources/q/platform/ios,/swift/build-a-backend/restapi/existing-resources,301,literal,true,"{""source"": ""/lib-v1/restapi/existing-resources/q/platform/ios/"", ""status"": ""301"", ""target"": ""/swift/build-a-backend/restapi/existing-resources/""}",/lib-v1/restapi/existing-resources/q/platform/ios/,/swift/build-a-backend/restapi/existing-resources/,
a189b1f94c9b5791a21b,terraform_website,tier1,hashicorp/terraform-website,93ec9cbdc3a120ffde18d1275339d0d6599cd9b3,redirects.next.js,/docs/providers/rancher2/guides/:path*,/providers/rancher/rancher2/latest/docs/guides/:path*,301,placeholder,false,"{""source"":""/docs/providers/rancher2/guides/:path*"",""destination"":""https://registry.terraform.io/providers/rancher/rancher2/latest/docs/guides/:path*"",""permanent"":true}",/docs/providers/rancher2/guides/:path*,https://registry.terraform.io/providers/rancher/rancher2/latest/docs/guides/:path*,
a1dff2960131a779ea64,astro_docs,tier2,withastro/docs,8e216293f74f38cc64db427622de74060403d5a8,public/_redirects,/:lang/basics/rendering-modes,/:lang/guides/on-demand-rendering,301,placeholder,false,/:lang/basics/rendering-modes/                       /:lang/guides/on-demand-rendering/,/:lang/basics/rendering-modes/,/:lang/guides/on-demand-rendering/,
a1ee7b207e80b7a7c99a,flux_website,tier2,fluxcd/website,fbe28609d4c4773ba8b0c73fe65fe8e0b428d89c,static/_redirects,/docs/components/kustomize/controller,/flux/components/kustomize,301,literal,true,/docs/components/kustomize/controller           /flux/components/kustomize                          301!,/docs/components/kustomize/controller,/flux/components/kustomize,
a1eeb6400b06448fd327,aws_amplify_docs,tier1,aws-amplify/docs,23f0406663733992d4fb33405df34f1ef0cdd883,redirects.json,/console/uibuilder/textfieldtoarea,/javascript/build-ui/uibuilder,301,literal,true,"{""source"": ""/console/uibuilder/textfieldtoarea/"", ""status"": ""301"", ""target"": ""/javascript/build-ui/uibuilder/#figma-file-changelog""}",/console/uibuilder/textfieldtoarea/,/javascript/build-ui/uibuilder/#figma-file-changelog,
a1ef8e2a3a4e5f7714dc,aws_amplify_docs,tier1,aws-amplify/docs,23f0406663733992d4fb33405df34f1ef0cdd883,redirects.json,/start/getting-started/setup/q/integration/next,/nextjs/start/getting-started/setup,301,literal,true,"{""source"": ""/start/getting-started/setup/q/integration/next/"", ""status"": ""301"", ""target"": ""/nextjs/start/getting-started/setup/""}",/start/getting-started/setup/q/integration/next/,/nextjs/start/getting-started/setup/,
a1f89454942bda1bc4f5,terraform_website,tier1,hashicorp/terraform-website,93ec9cbdc3a120ffde18d1275339d0d6599cd9b3,redirects.next.js,/docs/providers/ecl(/index.html),/providers/nttcom/ecl/latest/docs,301,wildcard,false,"{""source"":""/docs/providers/ecl(/index.html)?"",""destination"":""https://registry.terraform.io/providers/nttcom/ecl/latest/docs"",""permanent"":true}",/docs/providers/ecl(/index.html)?,https://registry.terraform.io/providers/nttcom/ecl/latest/docs,
a2010bd067c62eef59b0,terraform_website,tier1,hashicorp/terraform-website,93ec9cbdc3a120ffde18d1275339d0d6599cd9b3,redirects.next.js,/docs/providers/wavefront/guides/:path*,/providers/vmware/wavefront/latest/docs/guides/:path*,301,placeholder,false,"{""source"":""/docs/providers/wavefront/guides/:path*"",""destination"":""https://registry.terraform.io/providers/vmware/wavefront/latest/docs/guides/:path*"",""permanent"":true}",/docs/providers/wavefront/guides/:path*,https://registry.terraform.io/providers/vmware/wavefront/latest/docs/guides/:path*,
a25859d4c329c4271640,aws_amplify_docs,tier1,aws-amplify/docs,23f0406663733992d4fb33405df34f1ef0cdd883,redirects.json,/lib-v1/graphqlapi/advanced-workflows/q/platform/android,/gen1/android/prev/build-a-backend/graphqlapi/advanced-workflows,301,literal,true,"{""source"": ""/lib-v1/graphqlapi/advanced-workflows/q/platform/android/"", ""status"": ""301"", ""target"": ""/gen1/android/prev/build-a-backend/graphqlapi/advanced-workflows/""}",/lib-v1/graphqlapi/advanced-workflows/q/platform/android/,/gen1/android/prev/build-a-backend/graphqlapi/advanced-workflows/,
a26d442544fbc3730058,aws_amplify_docs,tier1,aws-amplify/docs,23f0406663733992d4fb33405df34f1ef0cdd883,redirects.json,/[platform]/build-a-backend/more-features/geo/location-search,/react/build-a-backend/more-features/geo/location-search,301,wildcard,false,"{""source"": ""/[platform]/build-a-backend/more-features/geo/location-search"", ""status"": ""301"", ""target"": ""/react/build-a-backend/more-features/geo/location-search""}",/[platform]/build-a-backend/more-features/geo/location-search,/react/build-a-backend/more-features/geo/location-search,
a288eb5b1bedd10f06ff,terraform_website,tier1,hashicorp/terraform-website,93ec9cbdc3a120ffde18d1275339d0d6599cd9b3,redirects.next.js,/docs/providers/pagerduty/d/:path*,/providers/PagerDuty/pagerduty/latest/docs/data-sources/:path*,301,placeholder,false,"{""source"":""/docs/providers/pagerduty/d/:path*"",""destination"":""https://registry.terraform.io/providers/PagerDuty/pagerduty/latest/docs/data-sources/:path*"",""permanent"":true}",/docs/providers/pagerduty/d/:path*,https://registry.terraform.io/providers/PagerDuty/pagerduty/latest/docs/data-sources/:path*,
a28e41221c74a537d772,aws_amplify_docs,tier1,aws-amplify/docs,23f0406663733992d4fb33405df34f1ef0cdd883,redirects.json,/lib/graphqlapi/getting-started,/react/build-a-backend/graphqlapi,301,literal,true,"{""source"": ""/lib/graphqlapi/getting-started/"", ""status"": ""301"", ""target"": ""/react/build-a-backend/graphqlapi/""}",/lib/graphqlapi/getting-started/,/react/build-a-backend/graphqlapi/,
a2d4774d3c4bfc8e3fc4,aws_amplify_docs,tier1,aws-amplify/docs,23f0406663733992d4fb33405df34f1ef0cdd883,redirects.json,/lib-v1/graphqlapi/mutate-data/q/platform/ios,/gen1/swift/prev/build-a-backend/graphqlapi/mutate-data,301,literal,true,"{""source"": ""/lib-v1/graphqlapi/mutate-data/q/platform/ios/"", ""status"": ""301"", ""target"": ""/gen1/swift/prev/build-a-backend/graphqlapi/mutate-data/""}",/lib-v1/graphqlapi/mutate-data/q/platform/ios/,/gen1/swift/prev/build-a-backend/graphqlapi/mutate-data/,
a2efabce244eb73d1dfa,aws_amplify_docs,tier1,aws-amplify/docs,23f0406663733992d4fb33405df34f1ef0cdd883,redirects.json,/guides/api-rest/go-api/q/platform/js,/javascript/build-a-backend/restapi,301,literal,true,"{""source"": ""/guides/api-rest/go-api/q/platform/js/"", ""status"": ""301"", ""target"": ""/javascript/build-a-backend/restapi/""}",/guides/api-rest/go-api/q/platform/js/,/javascript/build-a-backend/restapi/,
a304c4ae8d3502783844,terraform_website,tier1,hashicorp/terraform-website,93ec9cbdc3a120ffde18d1275339d0d6599cd9b3,redirects.next.js,/docs/providers/rancher2/d/:path*,/providers/rancher/rancher2/latest/docs/data-sources/:path*,301,placeholder,false,"{""source"":""/docs/providers/rancher2/d/:path*"",""destination"":""https://registry.terraform.io/providers/rancher/rancher2/latest/docs/data-sources/:path*"",""permanent"":true}",/docs/providers/rancher2/d/:path*,https://registry.terraform.io/providers/rancher/rancher2/latest/docs/data-sources/:path*,
a31477b724b99dfa1da4,aws_amplify_docs,tier1,aws-amplify/docs,23f0406663733992d4fb33405df34f1ef0cdd883,redirects.json,/lib-v1/datastore/other-methods/q/platform/js,/gen1/javascript/prev/build-a-backend/more-features/datastore/additional-methods,301,literal,true,"{""source"": ""/lib-v1/datastore/other-methods/q/platform/js/"", ""status"": ""301"", ""target"": ""/gen1/javascript/prev/build-a-backend/more-features/datastore/additional-methods/""}",/lib-v1/datastore/other-methods/q/platform/js/,/gen1/javascript/prev/build-a-backend/more-features/datastore/additional-methods/,
a35f4c45e73f514613f5,terraform_website,tier1,hashicorp/terraform-website,93ec9cbdc3a120ffde18d1275339d0d6599cd9b3,redirects.next.js,/docs/providers/ns1(/index.html),/providers/ns1-terraform/ns1/latest/docs,301,wildcard,false,"{""source"":""/docs/providers/ns1(/index.html)?"",""destination"":""https://registry.terraform.io/providers/ns1-terraform/ns1/latest/docs"",""permanent"":true}",/docs/providers/ns1(/index.html)?,https://registry.terraform.io/providers/ns1-terraform/ns1/latest/docs,
a38c040bdb570482b480,deno_docs,tier1,denoland/docs,3bc9f662c58db48d2b07ceaf5da2fa5587cfbf5f,oldurls.json,/examples/hex-base64-encoding,/examples/hex_base64_encoding,301,literal,true,/examples/hex-base64-encoding -> /examples/hex_base64_encoding,/examples/hex-base64-encoding,/examples/hex_base64_encoding,
a3c11e8f9e6ea90c7957,aws_amplify_docs,tier1,aws-amplify/docs,23f0406663733992d4fb33405df34f1ef0cdd883,redirects.json,/lib/storage/getting-started/q/platform/ios,/swift/build-a-backend/storage/set-up-storage,301,literal,true,"{""source"": ""/lib/storage/getting-started/q/platform/ios/"", ""status"": ""301"", ""target"": ""/swift/build-a-backend/storage/set-up-storage/""}",/lib/storage/getting-started/q/platform/ios/,/swift/build-a-backend/storage/set-up-storage/,
a3d9be9addc4d5cbc38b,aws_amplify_docs,tier1,aws-amplify/docs,23f0406663733992d4fb33405df34f1ef0cdd883,redirects.json,/javascript/deploy-and-host/custom-configuration,/gen1/javascript/deploy-and-host/custom-configuration,301,literal,true,"{""source"": ""/javascript/deploy-and-host/custom-configuration/"", ""status"": ""301"", ""target"": ""/gen1/javascript/deploy-and-host/custom-configuration/""}",/javascript/deploy-and-host/custom-configuration/,/gen1/javascript/deploy-and-host/custom-configuration/,
a44d5a43d5390ee75ce4,deno_docs,tier1,denoland/docs,3bc9f662c58db48d2b07ceaf5da2fa5587cfbf5f,oldurls.json,/examples/hmac-generate-verify,/examples/hmac_generate_verify,301,literal,true,/examples/hmac-generate-verify -> /examples/hmac_generate_verify,/examples/hmac-generate-verify,/examples/hmac_generate_verify,
a47b21292139c271c14b,deno_docs,tier1,denoland/docs,3bc9f662c58db48d2b07ceaf5da2fa5587cfbf5f,oldurls.json,/examples/http-server-streaming,/examples/http_server_streaming,301,literal,true,/examples/http-server-streaming -> /examples/http_server_streaming,/examples/http-server-streaming,/examples/http_server_streaming,
a4a4c54af1ced7362771,aws_amplify_docs,tier1,aws-amplify/docs,23f0406663733992d4fb33405df34f1ef0cdd883,redirects.json,/lib/storage/get-properties/q/platform/ios,/swift/build-a-backend/storage,301,literal,true,"{""source"": ""/lib/storage/get-properties/q/platform/ios/"", ""status"": ""301"", ""target"": ""/swift/build-a-backend/storage/""}",/lib/storage/get-properties/q/platform/ios/,/swift/build-a-backend/storage/,
a4cbda73f9f8458c1e65,aws_amplify_docs,tier1,aws-amplify/docs,23f0406663733992d4fb33405df34f1ef0cdd883,redirects.json,/lib-v1/analytics/existing-resources/q/platform/android,/gen1/android/prev/build-a-backend/more-features/analytics/existing-resources,301,literal,true,"{""source"": ""/lib-v1/analytics/existing-resources/q/platform/android/"", ""status"": ""301"", ""target"": ""/gen1/android/prev/build-a-backend/more-features/analytics/existing-resources/""}",/lib-v1/analytics/existing-resources/q/platform/android/,/gen1/android/prev/build-a-backend/more-features/analytics/existing-resources/,
a4f72db5c1535ed9b3b6,aws_amplify_docs,tier1,aws-amplify/docs,23f0406663733992d4fb33405df34f1ef0cdd883,redirects.json,/cli-legacy/graphql-transformer/codegen,/javascript/tools/cli-legacy/client-codegen,301,literal,true,"{""source"": ""/cli-legacy/graphql-transformer/codegen/"", ""status"": ""301"", ""target"": ""/javascript/tools/cli-legacy/client-codegen/""}",/cli-legacy/graphql-transformer/codegen/,/javascript/tools/cli-legacy/client-codegen/,
a502d00511d5c8921f15,terraform_website,tier1,hashicorp/terraform-website,93ec9cbdc3a120ffde18d1275339d0d6599cd9b3,redirects.next.js,/docs/providers/openstack/guides/:path*,/providers/terraform-provider-openstack/openstack/latest/docs/guides/:path*,301,placeholder,false,"{""source"":""/docs/providers/openstack/guides/:path*"",""destination"":""https://registry.terraform.io/providers/terraform-provider-openstack/openstack/latest/docs/guides/:path*"",""permanent"":true}",/docs/providers/openstack/guides/:path*,https://registry.terraform.io/providers/terraform-provider-openstack/openstack/latest/docs/guides/:path*,
a527d73b4bbe8378f134,terraform_website,tier1,hashicorp/terraform-website,93ec9cbdc3a120ffde18d1275339d0d6599cd9b3,redirects.next.js,/docs/providers/ecl/guides/:path*,/providers/nttcom/ecl/latest/docs/guides/:path*,301,placeholder,false,"{""source"":""/docs/providers/ecl/guides/:path*"",""destination"":""https://registry.terraform.io/providers/nttcom/ecl/latest/docs/guides/:path*"",""permanent"":true}",/docs/providers/ecl/guides/:path*,https://registry.terraform.io/providers/nttcom/ecl/latest/docs/guides/:path*,
a554aa3f779fdcf548fd,aws_amplify_docs,tier1,aws-amplify/docs,23f0406663733992d4fb33405df34f1ef0cdd883,redirects.json,/lib-v1/in-app-messaging/resolve-conflicts/q/platform/react-native,/gen1/react-native/prev/build-a-backend/more-features/in-app-messaging/resolve-conflicts,301,literal,true,"{""source"": ""/lib-v1/in-app-messaging/resolve-conflicts/q/platform/react-native/"", ""status"": ""301"", ""target"": ""/gen1/react-native/prev/build-a-backend/more-features/in-app-messaging/resolve-conflicts/""}",/lib-v1/in-app-messaging/resolve-conflicts/q/platform/react-native/,/gen1/react-native/prev/build-a-backend/more-features/in-app-messaging/resolve-conflicts/,
a5a3ffda8c2ced40e73c,aws_amplify_docs,tier1,aws-amplify/docs,23f0406663733992d4fb33405df34f1ef0cdd883,redirects.json,/lib/analytics/escapehatch/q/platform/react-native,/react-native/build-a-backend/more-features/analytics,301,literal,true,"{""source"": ""/lib/analytics/escapehatch/q/platform/react-native/"", ""status"": ""301"", ""target"": ""/react-native/build-a-backend/more-features/analytics/""}",/lib/analytics/escapehatch/q/platform/react-native/,/react-native/build-a-backend/more-features/analytics/,
a601f61cc3444f1d6f58,aws_amplify_docs,tier1,aws-amplify/docs,23f0406663733992d4fb33405df34f1ef0cdd883,redirects.json,/[platform]/prev/start/project-setup/use-existing-resources,/gen1/react/prev/start/project-setup/use-existing-resources,301,wildcard,false,"{""source"": ""/[platform]/prev/start/project-setup/use-existing-resources"", ""status"": ""301"", ""target"": ""/gen1/react/prev/start/project-setup/use-existing-resources""}",/[platform]/prev/start/project-setup/use-existing-resources,/gen1/react/prev/start/project-setup/use-existing-resources,
a603c642a37d7f3e2eb5,aws_amplify_docs,tier1,aws-amplify/docs,23f0406663733992d4fb33405df34f1ef0cdd883,redirects.json,/lib/analytics/escapehatch/q/platform/ios,/swift/build-a-backend/more-features/analytics/sdk,301,literal,true,"{""source"": ""/lib/analytics/escapehatch/q/platform/ios/"", ""status"": ""301"", ""target"": ""/swift/build-a-backend/more-features/analytics/sdk/""}",/lib/analytics/escapehatch/q/platform/ios/,/swift/build-a-backend/more-features/analytics/sdk/,
a62cef4f3efeb83f09c9,aws_amplify_docs,tier1,aws-amplify/docs,23f0406663733992d4fb33405df34f1ef0cdd883,redirects.json,/lib/project-setup/escape-hatch/q/platform/flutter,/flutter/start/project-setup/escape-hatch,301,literal,true,"{""source"": ""/lib/project-setup/escape-hatch/q/platform/flutter/"", ""status"": ""301"", ""target"": ""/flutter/start/project-setup/escape-hatch""}",/lib/project-setup/escape-hatch/q/platform/flutter/,/flutter/start/project-setup/escape-hatch,
a6461308ea57c6e964e5,aws_amplify_docs,tier1,aws-amplify/docs,23f0406663733992d4fb33405df34f1ef0cdd883,redirects.json,/lib/auth/delete_user/q/platform/flutter,/flutter/build-a-backend/auth/delete-user-account,301,literal,true,"{""source"": ""/lib/auth/delete_user/q/platform/flutter/"", ""status"": ""301"", ""target"": ""/flutter/build-a-backend/auth/delete-user-account/""}",/lib/auth/delete_user/q/platform/flutter/,/flutter/build-a-backend/auth/delete-user-account/,
a6d7983e16e7b5e49554,aws_amplify_docs,tier1,aws-amplify/docs,23f0406663733992d4fb33405df34f1ef0cdd883,redirects.json,/android/build-a-backend/functions/dynamodb-from-lambda-python,/android/build-a-backend/functions,301,literal,true,"{""source"": ""/android/build-a-backend/functions/dynamodb-from-lambda-python/"", ""status"": ""301"", ""target"": ""/android/build-a-backend/functions/""}",/android/build-a-backend/functions/dynamodb-from-lambda-python/,/android/build-a-backend/functions/,
a6f39cfae4937fa5e2f4,aws_amplify_docs,tier1,aws-amplify/docs,23f0406663733992d4fb33405df34f1ef0cdd883,redirects.json,/start/getting-started/installation/q/integration/android,/android/start/getting-started/installation,301,literal,true,"{""source"": ""/start/getting-started/installation/q/integration/android/"", ""status"": ""301"", ""target"": ""/android/start/getting-started/installation""}",/start/getting-started/installation/q/integration/android/,/android/start/getting-started/installation,
a73f656ee75098f04c3d,deno_docs,tier1,denoland/docs,3bc9f662c58db48d2b07ceaf5da2fa5587cfbf5f,oldurls.json,/examples/byte-manipulation,/examples/byte_manipulation,301,literal,true,/examples/byte-manipulation -> /examples/byte_manipulation,/examples/byte-manipulation,/examples/byte_manipulation,
a7506a23126c750a8abb,aws_amplify_docs,tier1,aws-amplify/docs,23f0406663733992d4fb33405df34f1ef0cdd883,redirects.json,/lib/auth/managing_credentials/q/platform/js,/javascript/build-a-backend/auth/manage-user-session,301,literal,true,"{""source"": ""/lib/auth/managing_credentials/q/platform/js/"", ""status"": ""301"", ""target"": ""/javascript/build-a-backend/auth/manage-user-session/""}",/lib/auth/managing_credentials/q/platform/js/,/javascript/build-a-backend/auth/manage-user-session/,
a75f42c138d9bf886979,aws_amplify_docs,tier1,aws-amplify/docs,23f0406663733992d4fb33405df34f1ef0cdd883,redirects.json,/lib/analytics/identifyuser/q/platform/flutter,/flutter/build-a-backend/more-features/analytics/identify-user,301,literal,true,"{""source"": ""/lib/analytics/identifyuser/q/platform/flutter/"", ""status"": ""301"", ""target"": ""/flutter/build-a-backend/more-features/analytics/identify-user/""}",/lib/analytics/identifyuser/q/platform/flutter/,/flutter/build-a-backend/more-features/analytics/identify-user/,
a76bca98c22418daf207,aws_amplify_docs,tier1,aws-amplify/docs,23f0406663733992d4fb33405df34f1ef0cdd883,redirects.json,/lib/storage/triggers,/react/build-a-backend/storage/lambda-triggers,301,literal,true,"{""source"": ""/lib/storage/triggers/"", ""status"": ""301"", ""target"": ""/react/build-a-backend/storage/lambda-triggers/""}",/lib/storage/triggers/,/react/build-a-backend/storage/lambda-triggers/,
a7b105770efe245252b7,aws_amplify_docs,tier1,aws-amplify/docs,23f0406663733992d4fb33405df34f1ef0cdd883,redirects.json,/cli-legacy/graphql-transformer/model,/javascript/tools/cli-legacy/model-directive,301,literal,true,"{""source"": ""/cli-legacy/graphql-transformer/model/"", ""status"": ""301"", ""target"": ""/javascript/tools/cli-legacy/model-directive/""}",/cli-legacy/graphql-transformer/model/,/javascript/tools/cli-legacy/model-directive/,
a7de5d5b36554c03c55a,aws_amplify_docs,tier1,aws-amplify/docs,23f0406663733992d4fb33405df34f1ef0cdd883,redirects.json,/<platform>/build-a-backend/more-features,/gen1/<platform>/build-a-backend/more-features,301,placeholder,false,"{""source"": ""/<platform>/build-a-backend/more-features/"", ""status"": ""301"", ""target"": ""/gen1/<platform>/build-a-backend/more-features/""}",/<platform>/build-a-backend/more-features/,/gen1/<platform>/build-a-backend/more-features/,
a7f70dfd8f03f0d75160,terraform_website,tier1,hashicorp/terraform-website,93ec9cbdc3a120ffde18d1275339d0d6599cd9b3,redirects.next.js,/docs/providers/vultr/d/:path*,/providers/vultr/vultr/latest/docs/data-sources/:path*,301,placeholder,false,"{""source"":""/docs/providers/vultr/d/:path*"",""destination"":""https://registry.terraform.io/providers/vultr/vultr/latest/docs/data-sources/:path*"",""permanent"":true}",/docs/providers/vultr/d/:path*,https://registry.terraform.io/providers/vultr/vultr/latest/docs/data-sources/:path*,
a81448e86ca491029560,flux_website,tier2,fluxcd/website,fbe28609d4c4773ba8b0c73fe65fe8e0b428d89c,static/_redirects,/flux/use-cases/gcp-source-repository,/flux/installation/bootstrap/google-cloud-source,301,literal,true,/flux/use-cases/gcp-source-repository           /flux/installation/bootstrap/google-cloud-source    301!,/flux/use-cases/gcp-source-repository,/flux/installation/bootstrap/google-cloud-source,
a823cbd9205438cae812,terraform_website,tier1,hashicorp/terraform-website,93ec9cbdc3a120ffde18d1275339d0d6599cd9b3,redirects.next.js,/docs/providers/azurestack/guides/:path*,/providers/hashicorp/azurestack/latest/docs/guides/:path*,301,placeholder,false,"{""source"":""/docs/providers/azurestack/guides/:path*"",""destination"":""https://registry.terraform.io/providers/hashicorp/azurestack/latest/docs/guides/:path*"",""permanent"":true}",/docs/providers/azurestack/guides/:path*,https://registry.terraform.io/providers/hashicorp/azurestack/latest/docs/guides/:path*,
a830701ee66dd279afa1,aws_amplify_docs,tier1,aws-amplify/docs,23f0406663733992d4fb33405df34f1ef0cdd883,redirects.json,/react/prev/start/project-setup/create-application,/gen1/react/prev/start/project-setup/create-application,301,literal,true,"{""source"": ""/react/prev/start/project-setup/create-application/"", ""status"": ""301"", ""target"": ""/gen1/react/prev/start/project-setup/create-application/""}",/react/prev/start/project-setup/create-application/,/gen1/react/prev/start/project-setup/create-application/,
a837001bec06cba767a2,terraform_website,tier1,hashicorp/terraform-website,93ec9cbdc3a120ffde18d1275339d0d6599cd9b3,redirects.next.js,/docs/providers/turbot/guides/:path*,/providers/turbot/turbot/latest/docs/guides/:path*,301,placeholder,false,"{""source"":""/docs/providers/turbot/guides/:path*"",""destination"":""https://registry.terraform.io/providers/turbot/turbot/latest/docs/guides/:path*"",""permanent"":true}",/docs/providers/turbot/guides/:path*,https://registry.terraform.io/providers/turbot/turbot/latest/docs/guides/:path*,
a83ccd269f49d4a181bc,aws_amplify_docs,tier1,aws-amplify/docs,23f0406663733992d4fb33405df34f1ef0cdd883,redirects.json,/react-native/build-a-backend/troubleshooting/stack-cdktoolkit-already-exists,/react-native/build-a-backend/troubleshooting/cdktoolkit-stack,301,literal,true,"{""source"": ""/react-native/build-a-backend/troubleshooting/stack-cdktoolkit-already-exists/"", ""status"": ""301"", ""target"": ""/react-native/build-a-backend/troubleshooting/cdktoolkit-stack/""}",/react-native/build-a-backend/troubleshooting/stack-cdktoolkit-already-exists/,/react-native/build-a-backend/troubleshooting/cdktoolkit-stack/,
a8bbb723db49b7754688,aws_amplify_docs,tier1,aws-amplify/docs,23f0406663733992d4fb33405df34f1ef0cdd883,redirects.json,/lib-v1/q/platform/android,/gen1/android/prev/build-a-backend,301,literal,true,"{""source"": ""/lib-v1/q/platform/android/"", ""status"": ""301"", ""target"": ""/gen1/android/prev/build-a-backend/""}",/lib-v1/q/platform/android/,/gen1/android/prev/build-a-backend/,
a8c7978dba0857ae7265,aws_amplify_docs,tier1,aws-amplify/docs,23f0406663733992d4fb33405df34f1ef0cdd883,redirects.json,/<platform>/build-a-backend/storage/configure-storage,/gen1/<platform>/build-a-backend/storage/configure-storage,301,placeholder,false,"{""source"": ""/<platform>/build-a-backend/storage/configure-storage/"", ""status"": ""301"", ""target"": ""/gen1/<platform>/build-a-backend/storage/configure-storage/""}",/<platform>/build-a-backend/storage/configure-storage/,/gen1/<platform>/build-a-backend/storage/configure-storage/,
a8e5e87f727e44ec0db1,deno_docs,tier1,denoland/docs,3bc9f662c58db48d2b07ceaf5da2fa5587cfbf5f,oldurls.json,/examples/writing-tests,/examples/writing_tests,301,literal,true,/examples/writing-tests -> /examples/writing_tests,/examples/writing-tests,/examples/writing_tests,
a8feb5850627faa65f47,deno_docs,tier1,denoland/docs,3bc9f662c58db48d2b07ceaf5da2fa5587cfbf5f,oldurls.json,/runtime/manual/advanced/embedding_deno,/deploy/classic,301,literal,true,/runtime/manual/advanced/embedding_deno/ -> /deploy/classic/,/runtime/manual/advanced/embedding_deno/,/deploy/classic/,
a91b94d60fbdbc5b6c09,terraform_website,tier1,hashicorp/terraform-website,93ec9cbdc3a120ffde18d1275339d0d6599cd9b3,redirects.next.js,/docs/providers/fortios/d/:path*,/providers/fortinetdev/fortios/latest/docs/data-sources/:path*,301,placeholder,false,"{""source"":""/docs/providers/fortios/d/:path*"",""destination"":""https://registry.terraform.io/providers/fortinetdev/fortios/latest/docs/data-sources/:path*"",""permanent"":true}",/docs/providers/fortios/d/:path*,https://registry.terraform.io/providers/fortinetdev/fortios/latest/docs/data-sources/:path*,
a92c4c0752b8ac22638b,terraform_website,tier1,hashicorp/terraform-website,93ec9cbdc3a120ffde18d1275339d0d6599cd9b3,redirects.next.js,/docs/providers/logicmonitor/d/:path*,/providers/logicmonitor/logicmonitor/latest/docs/data-sources/:path*,301,placeholder,false,"{""source"":""/docs/providers/logicmonitor/d/:path*"",""destination"":""https://registry.terraform.io/providers/logicmonitor/logicmonitor/latest/docs/data-sources/:path*"",""permanent"":true}",/docs/providers/logicmonitor/d/:path*,https://registry.terraform.io/providers/logicmonitor/logicmonitor/latest/docs/data-sources/:path*,
a97fa90ddbf93b600148,aws_amplify_docs,tier1,aws-amplify/docs,23f0406663733992d4fb33405df34f1ef0cdd883,redirects.json,/lib/datastore/getting-started/q/platform/flutter,/flutter/build-a-backend/more-features/datastore/set-up-datastore,301,literal,true,"{""source"": ""/lib/datastore/getting-started/q/platform/flutter/"", ""status"": ""301"", ""target"": ""/flutter/build-a-backend/more-features/datastore/set-up-datastore/""}",/lib/datastore/getting-started/q/platform/flutter/,/flutter/build-a-backend/more-features/datastore/set-up-datastore/,
a9a7958e8db5972c990b,deno_docs,tier1,denoland/docs,3bc9f662c58db48d2b07ceaf5da2fa5587cfbf5f,oldurls.json,/examples/importing-json,/examples/importing_json,301,literal,true,/examples/importing-json -> /examples/importing_json,/examples/importing-json,/examples/importing_json,
aa0186af799f0498a9b2,aws_amplify_docs,tier1,aws-amplify/docs,23f0406663733992d4fb33405df34f1ef0cdd883,redirects.json,/start/getting-started/data-model/q/integration/react,/react/start/getting-started/data-model,301,literal,true,"{""source"": ""/start/getting-started/data-model/q/integration/react/"", ""status"": ""301"", ""target"": ""/react/start/getting-started/data-model/""}",/start/getting-started/data-model/q/integration/react/,/react/start/getting-started/data-model/,
aa05219eddf068bbebed,aws_amplify_docs,tier1,aws-amplify/docs,23f0406663733992d4fb33405df34f1ef0cdd883,redirects.json,/lib-v1/storage/list/q/platform/flutter,/gen1/flutter/prev/build-a-backend/storage/list,301,literal,true,"{""source"": ""/lib-v1/storage/list/q/platform/flutter/"", ""status"": ""301"", ""target"": ""/gen1/flutter/prev/build-a-backend/storage/list/""}",/lib-v1/storage/list/q/platform/flutter/,/gen1/flutter/prev/build-a-backend/storage/list/,
aa1052cbb02683a82139,terraform_website,tier1,hashicorp/terraform-website,93ec9cbdc3a120ffde18d1275339d0d6599cd9b3,redirects.next.js,/docs/providers/fastly/r/:path*,/providers/fastly/fastly/latest/docs/resources/:path*,301,placeholder,false,"{""source"":""/docs/providers/fastly/r/:path*"",""destination"":""https://registry.terraform.io/providers/fastly/fastly/latest/docs/resources/:path*"",""permanent"":true}",/docs/providers/fastly/r/:path*,https://registry.terraform.io/providers/fastly/fastly/latest/docs/resources/:path*,
aa39c30974653c1b403a,aws_amplify_docs,tier1,aws-amplify/docs,23f0406663733992d4fb33405df34f1ef0cdd883,redirects.json,/lib/storage/upload/q/platform/ios,/swift/build-a-backend/storage/upload,301,literal,true,"{""source"": ""/lib/storage/upload/q/platform/ios/"", ""status"": ""301"", ""target"": ""/swift/build-a-backend/storage/upload/""}",/lib/storage/upload/q/platform/ios/,/swift/build-a-backend/storage/upload/,
aa6c9e76029ee05f71e5,aws_amplify_docs,tier1,aws-amplify/docs,23f0406663733992d4fb33405df34f1ef0cdd883,redirects.json,/lib-v1/utilities/i18n/q/platform/js,/gen1/javascript/prev/build-a-backend/utilities/i18n,301,literal,true,"{""source"": ""/lib-v1/utilities/i18n/q/platform/js/"", ""status"": ""301"", ""target"": ""/gen1/javascript/prev/build-a-backend/utilities/i18n/""}",/lib-v1/utilities/i18n/q/platform/js/,/gen1/javascript/prev/build-a-backend/utilities/i18n/,
aa95f771b1e5881eb445,aws_amplify_docs,tier1,aws-amplify/docs,23f0406663733992d4fb33405df34f1ef0cdd883,redirects.json,/lib/storage/<*>,/react/build-a-backend/storage,301,placeholder,false,"{""source"": ""/lib/storage/<*>"", ""status"": ""301"", ""target"": ""/react/build-a-backend/storage/""}",/lib/storage/<*>,/react/build-a-backend/storage/,
aaa0210d8649d8b40af0,aws_amplify_docs,tier1,aws-amplify/docs,23f0406663733992d4fb33405df34f1ef0cdd883,redirects.json,/react/build-a-backend/server-side-rendering/nextjs-v5-to-v6-migration-guide,/gen1/react/build-a-backend/troubleshooting/migrate-from-javascript-v5-to-v6,301,literal,true,"{""source"": ""/react/build-a-backend/server-side-rendering/nextjs-v5-to-v6-migration-guide/"", ""status"": ""301"", ""target"": ""/gen1/react/build-a-backend/troubleshooting/migrate-from-javascript-v5-to-v6/""}",/react/build-a-backend/server-side-rendering/nextjs-v5-to-v6-migration-guide/,/gen1/react/build-a-backend/troubleshooting/migrate-from-javascript-v5-to-v6/,
aac8d78609a7658a879f,aws_amplify_docs,tier1,aws-amplify/docs,23f0406663733992d4fb33405df34f1ef0cdd883,redirects.json,/lib/datastore/getting-started/q/platform/js,/javascript/build-a-backend/more-features/datastore/set-up-datastore,301,literal,true,"{""source"": ""/lib/datastore/getting-started/q/platform/js/"", ""status"": ""301"", ""target"": ""/javascript/build-a-backend/more-features/datastore/set-up-datastore/""}",/lib/datastore/getting-started/q/platform/js/,/javascript/build-a-backend/more-features/datastore/set-up-datastore/,
aad960fd8842c7b17404,aws_amplify_docs,tier1,aws-amplify/docs,23f0406663733992d4fb33405df34f1ef0cdd883,redirects.json,/console/uibuilder/figmatocode,/javascript/build-ui/uibuilder,301,literal,true,"{""source"": ""/console/uibuilder/figmatocode/"", ""status"": ""301"", ""target"": ""/javascript/build-ui/uibuilder/""}",/console/uibuilder/figmatocode/,/javascript/build-ui/uibuilder/,
ab1b46f737ba32b87089,terraform_website,tier1,hashicorp/terraform-website,93ec9cbdc3a120ffde18d1275339d0d6599cd9b3,redirects.next.js,/docs/providers/ciscoasa/r/:path*,/providers/hashicorp/ciscoasa/latest/docs/resources/:path*,301,placeholder,false,"{""source"":""/docs/providers/ciscoasa/r/:path*"",""destination"":""https://registry.terraform.io/providers/hashicorp/ciscoasa/latest/docs/resources/:path*"",""permanent"":true}",/docs/providers/ciscoasa/r/:path*,https://registry.terraform.io/providers/hashicorp/ciscoasa/latest/docs/resources/:path*,
ab6076641a20b3ebbe97,aws_amplify_docs,tier1,aws-amplify/docs,23f0406663733992d4fb33405df34f1ef0cdd883,redirects.json,/lib/logging/change-log-levels/q/platform/android,/android/build-a-backend/more-features/logging/change-log-levels,301,literal,true,"{""source"": ""/lib/logging/change-log-levels/q/platform/android/"", ""status"": ""301"", ""target"": ""/android/build-a-backend/more-features/logging/change-log-levels/""}",/lib/logging/change-log-levels/q/platform/android/,/android/build-a-backend/more-features/logging/change-log-levels/,
ab8300b5cc2f6a5b4891,flux_website,tier2,fluxcd/website,fbe28609d4c4773ba8b0c73fe65fe8e0b428d89c,static/_redirects,/integrations,/ecosystem,301,literal,true,/integrations                                   /ecosystem                                          301!,/integrations,/ecosystem,
ab91e3820cddc2801475,aws_amplify_docs,tier1,aws-amplify/docs,23f0406663733992d4fb33405df34f1ef0cdd883,redirects.json,/[platform]/build-a-backend/more-features/in-app-messaging/in-app-messaging-migration-guide,/react/build-a-backend/more-features/in-app-messaging/in-app-messaging-migration-guide,301,wildcard,false,"{""source"": ""/[platform]/build-a-backend/more-features/in-app-messaging/in-app-messaging-migration-guide"", ""status"": ""301"", ""target"": ""/react/build-a-backend/more-features/in-app-messaging/in-app-messaging-migration-guide""}",/[platform]/build-a-backend/more-features/in-app-messaging/in-app-messaging-migration-guide,/react/build-a-backend/more-features/in-app-messaging/in-app-messaging-migration-guide,
abc51a9f69f6185a2dbc,aws_amplify_docs,tier1,aws-amplify/docs,23f0406663733992d4fb33405df34f1ef0cdd883,redirects.json,/lib-v1/graphqlapi/authz/q/platform/ios,/gen1/swift/prev/build-a-backend/graphqlapi/customize-authz-modes,301,literal,true,"{""source"": ""/lib-v1/graphqlapi/authz/q/platform/ios/"", ""status"": ""301"", ""target"": ""/gen1/swift/prev/build-a-backend/graphqlapi/customize-authz-modes/""}",/lib-v1/graphqlapi/authz/q/platform/ios/,/gen1/swift/prev/build-a-backend/graphqlapi/customize-authz-modes/,
abcbd79c8845cc9f5ca5,aws_amplify_docs,tier1,aws-amplify/docs,23f0406663733992d4fb33405df34f1ef0cdd883,redirects.json,/android/build-a-backend/auth/switch-auth,/gen1/android/build-a-backend/auth/switch-auth,301,literal,true,"{""source"": ""/android/build-a-backend/auth/switch-auth/"", ""status"": ""301"", ""target"": ""/gen1/android/build-a-backend/auth/switch-auth/""}",/android/build-a-backend/auth/switch-auth/,/gen1/android/build-a-backend/auth/switch-auth/,
ac154ed22809cf39a05d,aws_amplify_docs,tier1,aws-amplify/docs,23f0406663733992d4fb33405df34f1ef0cdd883,redirects.json,/lib/troubleshooting/upgrading/q/platform/flutter,/gen1/flutter/build-a-backend/troubleshooting/upgrade-amplify-packages,301,literal,true,"{""source"": ""/lib/troubleshooting/upgrading/q/platform/flutter/"", ""status"": ""301"", ""target"": ""/gen1/flutter/build-a-backend/troubleshooting/upgrade-amplify-packages/""}",/lib/troubleshooting/upgrading/q/platform/flutter/,/gen1/flutter/build-a-backend/troubleshooting/upgrade-amplify-packages/,
ac1abc3ef724ffeff26b,aws_amplify_docs,tier1,aws-amplify/docs,23f0406663733992d4fb33405df34f1ef0cdd883,redirects.json,/lib/graphqlapi/graphql-from-nodejs/q/platform/react-native,/react-native/build-a-backend/graphqlapi/connect-from-server-runtime,301,literal,true,"{""source"": ""/lib/graphqlapi/graphql-from-nodejs/q/platform/react-native/"", ""status"": ""301"", ""target"": ""/react-native/build-a-backend/graphqlapi/connect-from-server-runtime/""}",/lib/graphqlapi/graphql-from-nodejs/q/platform/react-native/,/react-native/build-a-backend/graphqlapi/connect-from-server-runtime/,
ac3e75e633ca4a530008,aws_amplify_docs,tier1,aws-amplify/docs,23f0406663733992d4fb33405df34f1ef0cdd883,redirects.json,/lib-v1/restapi/getting-started/q/platform/js,/gen1/javascript/prev/build-a-backend/restapi/set-up-rest-api,301,literal,true,"{""source"": ""/lib-v1/restapi/getting-started/q/platform/js/"", ""status"": ""301"", ""target"": ""/gen1/javascript/prev/build-a-backend/restapi/set-up-rest-api/""}",/lib-v1/restapi/getting-started/q/platform/js/,/gen1/javascript/prev/build-a-backend/restapi/set-up-rest-api/,
ac7605b5edf0403c4146,aws_amplify_docs,tier1,aws-amplify/docs,23f0406663733992d4fb33405df34f1ef0cdd883,redirects.json,/vue/build-a-backend/troubleshooting/upgrade-amplify-packages,/gen1/vue/build-a-backend/troubleshooting/upgrade-amplify-packages,301,literal,true,"{""source"": ""/vue/build-a-backend/troubleshooting/upgrade-amplify-packages/"", ""status"": ""301"", ""target"": ""/gen1/vue/build-a-backend/troubleshooting/upgrade-amplify-packages/""}",/vue/build-a-backend/troubleshooting/upgrade-amplify-packages/,/gen1/vue/build-a-backend/troubleshooting/upgrade-amplify-packages/,
acba543f6a460024528f,aws_amplify_docs,tier1,aws-amplify/docs,23f0406663733992d4fb33405df34f1ef0cdd883,redirects.json,/lib/auth/delete_user/q/platform/android,/android/build-a-backend/auth/delete-user-account,301,literal,true,"{""source"": ""/lib/auth/delete_user/q/platform/android/"", ""status"": ""301"", ""target"": ""/android/build-a-backend/auth/delete-user-account/""}",/lib/auth/delete_user/q/platform/android/,/android/build-a-backend/auth/delete-user-account/,
ad28d524b572012aa786,aws_amplify_docs,tier1,aws-amplify/docs,23f0406663733992d4fb33405df34f1ef0cdd883,redirects.json,/lib/datastore/datastore-events/q/platform/next,/nextjs/build-a-backend/more-features/datastore/datastore-events,301,literal,true,"{""source"": ""/lib/datastore/datastore-events/q/platform/next/"", ""status"": ""301"", ""target"": ""/nextjs/build-a-backend/more-features/datastore/datastore-events/""}",/lib/datastore/datastore-events/q/platform/next/,/nextjs/build-a-backend/more-features/datastore/datastore-events/,
ad3608111ff2c07da785,astro_docs,tier2,withastro/docs,8e216293f74f38cc64db427622de74060403d5a8,public/_redirects,/core-concepts/component-hydration,/en/concepts/islands,301,literal,true,/core-concepts/component-hydration              /en/concepts/islands/,/core-concepts/component-hydration,/en/concepts/islands/,
ad73ac76822aa0a38b9c,aws_amplify_docs,tier1,aws-amplify/docs,23f0406663733992d4fb33405df34f1ef0cdd883,redirects.json,/lib/predictions/identify-entity/q/platform/ios,/swift/build-a-backend/more-features/predictions/identify-entity,301,literal,true,"{""source"": ""/lib/predictions/identify-entity/q/platform/ios/"", ""status"": ""301"", ""target"": ""/swift/build-a-backend/more-features/predictions/identify-entity/""}",/lib/predictions/identify-entity/q/platform/ios/,/swift/build-a-backend/more-features/predictions/identify-entity/,
adaa53146801f637223d,aws_amplify_docs,tier1,aws-amplify/docs,23f0406663733992d4fb33405df34f1ef0cdd883,redirects.json,/lib-v1/auth/device_features/q/platform/flutter,/gen1/flutter/prev/build-a-backend/auth/remember-device,301,literal,true,"{""source"": ""/lib-v1/auth/device_features/q/platform/flutter/"", ""status"": ""301"", ""target"": ""/gen1/flutter/prev/build-a-backend/auth/remember-device/""}",/lib-v1/auth/device_features/q/platform/flutter/,/gen1/flutter/prev/build-a-backend/auth/remember-device/,
adc5986633ba87781aea,terraform_website,tier1,hashicorp/terraform-website,93ec9cbdc3a120ffde18d1275339d0d6599cd9b3,redirects.next.js,/docs/providers/checkpoint/d/:path*,/providers/CheckPointSW/checkpoint/latest/docs/data-sources/:path*,301,placeholder,false,"{""source"":""/docs/providers/checkpoint/d/:path*"",""destination"":""https://registry.terraform.io/providers/CheckPointSW/checkpoint/latest/docs/data-sources/:path*"",""permanent"":true}",/docs/providers/checkpoint/d/:path*,https://registry.terraform.io/providers/CheckPointSW/checkpoint/latest/docs/data-sources/:path*,
ae4336c917272595dd96,aws_amplify_docs,tier1,aws-amplify/docs,23f0406663733992d4fb33405df34f1ef0cdd883,redirects.json,/lib-v1/in-app-messaging/getting-started/q/platform/js,/gen1/javascript/prev/build-a-backend/more-features/in-app-messaging/set-up-in-app-messaging,301,literal,true,"{""source"": ""/lib-v1/in-app-messaging/getting-started/q/platform/js/"", ""status"": ""301"", ""target"": ""/gen1/javascript/prev/build-a-backend/more-features/in-app-messaging/set-up-in-app-messaging/""}",/lib-v1/in-app-messaging/getting-started/q/platform/js/,/gen1/javascript/prev/build-a-backend/more-features/in-app-messaging/set-up-in-app-messaging/,
ae51b93570e2ac510eb0,astro_docs,tier2,withastro/docs,8e216293f74f38cc64db427622de74060403d5a8,public/_redirects,/:lang/core-concepts/partial-hydration,/:lang/concepts/islands,301,placeholder,false,/:lang/core-concepts/partial-hydration               /:lang/concepts/islands/,/:lang/core-concepts/partial-hydration,/:lang/concepts/islands/,
ae6ab46bab455a08c4bc,aws_amplify_docs,tier1,aws-amplify/docs,23f0406663733992d4fb33405df34f1ef0cdd883,redirects.json,/start/q/integration/next,/nextjs/start/getting-started/introduction,301,literal,true,"{""source"": ""/start/q/integration/next/"", ""status"": ""301"", ""target"": ""/nextjs/start/getting-started/introduction/""}",/start/q/integration/next/,/nextjs/start/getting-started/introduction/,
aefc63f2b3b5ab3ebd1f,aws_amplify_docs,tier1,aws-amplify/docs,23f0406663733992d4fb33405df34f1ef0cdd883,redirects.json,/lib-v1/storage/remove/q/platform/react-native,/gen1/react-native/prev/build-a-backend/storage/remove,301,literal,true,"{""source"": ""/lib-v1/storage/remove/q/platform/react-native/"", ""status"": ""301"", ""target"": ""/gen1/react-native/prev/build-a-backend/storage/remove/""}",/lib-v1/storage/remove/q/platform/react-native/,/gen1/react-native/prev/build-a-backend/storage/remove/,
af14e4e85af4f2a0f8d7,terraform_website,tier1,hashicorp/terraform-website,93ec9cbdc3a120ffde18d1275339d0d6599cd9b3,redirects.next.js,/docs/providers/do/r/:path*,/providers/digitalocean/digitalocean/latest/docs/resources/:path*,301,placeholder,false,"{""source"":""/docs/providers/do/r/:path*"",""destination"":""https://registry.terraform.io/providers/digitalocean/digitalocean/latest/docs/resources/:path*"",""permanent"":true}",/docs/providers/do/r/:path*,https://registry.terraform.io/providers/digitalocean/digitalocean/latest/docs/resources/:path*,
af643f5eaf2eac52624d,aws_amplify_docs,tier1,aws-amplify/docs,23f0406663733992d4fb33405df34f1ef0cdd883,redirects.json,/lib/push-notifications/interact-with-notifications/q/platform/flutter,/flutter/build-a-backend/push-notifications/interact-with-notifications,301,literal,true,"{""source"": ""/lib/push-notifications/interact-with-notifications/q/platform/flutter/"", ""status"": ""301"", ""target"": ""/flutter/build-a-backend/push-notifications/interact-with-notifications/""}",/lib/push-notifications/interact-with-notifications/q/platform/flutter/,/flutter/build-a-backend/push-notifications/interact-with-notifications/,
af8ae355ae923f8872c9,aws_amplify_docs,tier1,aws-amplify/docs,23f0406663733992d4fb33405df34f1ef0cdd883,redirects.json,/cli/auth/overview,/javascript/build-a-backend/auth/set-up-auth,301,literal,true,"{""source"": ""/cli/auth/overview/"", ""status"": ""301"", ""target"": ""/javascript/build-a-backend/auth/set-up-auth/""}",/cli/auth/overview/,/javascript/build-a-backend/auth/set-up-auth/,
af937e900cc327d1a44d,aws_amplify_docs,tier1,aws-amplify/docs,23f0406663733992d4fb33405df34f1ef0cdd883,redirects.json,/guides/hosting/gatsby/q/platform/react,/react/build-a-backend,301,literal,true,"{""source"": ""/guides/hosting/gatsby/q/platform/react/"", ""status"": ""301"", ""target"": ""/react/build-a-backend/""}",/guides/hosting/gatsby/q/platform/react/,/react/build-a-backend/,
afaa10800d2f37393ce9,aws_amplify_docs,tier1,aws-amplify/docs,23f0406663733992d4fb33405df34f1ef0cdd883,redirects.json,/lib-v1/geo/existing-resources/q/platform/js,/gen1/javascript/prev/build-a-backend/more-features/geo/existing-resources,301,literal,true,"{""source"": ""/lib-v1/geo/existing-resources/q/platform/js/"", ""status"": ""301"", ""target"": ""/gen1/javascript/prev/build-a-backend/more-features/geo/existing-resources/""}",/lib-v1/geo/existing-resources/q/platform/js/,/gen1/javascript/prev/build-a-backend/more-features/geo/existing-resources/,
b00e5d55ba3f571d66db,aws_amplify_docs,tier1,aws-amplify/docs,23f0406663733992d4fb33405df34f1ef0cdd883,redirects.json,/react/build-a-backend/auth/password-management,/react/build-a-backend/auth/manage-users/manage-passwords,301,literal,true,"{""source"": ""/react/build-a-backend/auth/password-management/"", ""status"": ""301"", ""target"": ""/react/build-a-backend/auth/manage-users/manage-passwords/""}",/react/build-a-backend/auth/password-management/,/react/build-a-backend/auth/manage-users/manage-passwords/,
b00f72c39812e3e41906,terraform_website,tier1,hashicorp/terraform-website,93ec9cbdc3a120ffde18d1275339d0d6599cd9b3,redirects.next.js,/cloud-docs/users-teams-organizations/index,/cloud-docs/users-teams-organizations/users,301,literal,true,"{""source"":""/cloud-docs/users-teams-organizations/index"",""destination"":""/cloud-docs/users-teams-organizations/users"",""permanent"":true}",/cloud-docs/users-teams-organizations/index,/cloud-docs/users-teams-organizations/users,
b02855f4567cbf9a1f28,aws_amplify_docs,tier1,aws-amplify/docs,23f0406663733992d4fb33405df34f1ef0cdd883,redirects.json,/start/getting-started/installation/q/integration/js,/javascript/start/getting-started/installation,301,literal,true,"{""source"": ""/start/getting-started/installation/q/integration/js/"", ""status"": ""301"", ""target"": ""/javascript/start/getting-started/installation/""}",/start/getting-started/installation/q/integration/js/,/javascript/start/getting-started/installation/,
b091ad4e5a2e796e89d2,aws_amplify_docs,tier1,aws-amplify/docs,23f0406663733992d4fb33405df34f1ef0cdd883,redirects.json,/lib/datastore/relational/q/platform/react,/react/build-a-backend/more-features/datastore/relational-models,301,literal,true,"{""source"": ""/lib/datastore/relational/q/platform/react/"", ""status"": ""301"", ""target"": ""/react/build-a-backend/more-features/datastore/relational-models/""}",/lib/datastore/relational/q/platform/react/,/react/build-a-backend/more-features/datastore/relational-models/,
b0bcee33e4c6cfd022ef,astro_docs,tier2,withastro/docs,8e216293f74f38cc64db427622de74060403d5a8,public/_redirects,/reference/renderer-reference,/en/reference/integrations-reference,301,literal,true,/reference/renderer-reference                   /en/reference/integrations-reference/,/reference/renderer-reference,/en/reference/integrations-reference/,
b0c461d6ef95f5da1832,flux_website,tier2,fluxcd/website,fbe28609d4c4773ba8b0c73fe65fe8e0b428d89c,static/_redirects,/docs/components/helm/controller,/flux/components/helm,301,literal,true,/docs/components/helm/controller                /flux/components/helm                               301!,/docs/components/helm/controller,/flux/components/helm,
b0e3254e51f914b2efd3,aws_amplify_docs,tier1,aws-amplify/docs,23f0406663733992d4fb33405df34f1ef0cdd883,redirects.json,/lib-v1/auth/signOut/q/platform/react-native,/gen1/react-native/prev/build-a-backend/auth/enable-sign-up,301,literal,true,"{""source"": ""/lib-v1/auth/signOut/q/platform/react-native/"", ""status"": ""301"", ""target"": ""/gen1/react-native/prev/build-a-backend/auth/enable-sign-up/""}",/lib-v1/auth/signOut/q/platform/react-native/,/gen1/react-native/prev/build-a-backend/auth/enable-sign-up/,
b0e5a22da3f5f26f8108,aws_amplify_docs,tier1,aws-amplify/docs,23f0406663733992d4fb33405df34f1ef0cdd883,redirects.json,/lib-v1/geo/existing-resources/q/platform/android,/gen1/android/prev/build-a-backend/more-features/geo/existing-resources,301,literal,true,"{""source"": ""/lib-v1/geo/existing-resources/q/platform/android/"", ""status"": ""301"", ""target"": ""/gen1/android/prev/build-a-backend/more-features/geo/existing-resources/""}",/lib-v1/geo/existing-resources/q/platform/android/,/gen1/android/prev/build-a-backend/more-features/geo/existing-resources/,
b11cfee7b98264dc0aa5,aws_amplify_docs,tier1,aws-amplify/docs,23f0406663733992d4fb33405df34f1ef0cdd883,redirects.json,/gen1/vue/build-a-backend/storage/list-files,/gen1/vue/build-a-backend/storage/list,301,literal,true,"{""source"": ""/gen1/vue/build-a-backend/storage/list-files/"", ""status"": ""301"", ""target"": ""/gen1/vue/build-a-backend/storage/list/""}",/gen1/vue/build-a-backend/storage/list-files/,/gen1/vue/build-a-backend/storage/list/,
b1373bb9aa4040dd880d,terraform_website,tier1,hashicorp/terraform-website,93ec9cbdc3a120ffde18d1275339d0d6599cd9b3,redirects.next.js,/docs/providers/dome9/r/:path*,/providers/dome9/dome9/latest/docs/resources/:path*,301,placeholder,false,"{""source"":""/docs/providers/dome9/r/:path*"",""destination"":""https://registry.terraform.io/providers/dome9/dome9/latest/docs/resources/:path*"",""permanent"":true}",/docs/providers/dome9/r/:path*,https://registry.terraform.io/providers/dome9/dome9/latest/docs/resources/:path*,
b17990f0cfd33b48b9b4,aws_amplify_docs,tier1,aws-amplify/docs,23f0406663733992d4fb33405df34f1ef0cdd883,redirects.json,/lib-v1/predictions/text-speech/q/platform/ios,/gen1/swift/prev/build-a-backend/more-features/predictions/text-to-speech,301,literal,true,"{""source"": ""/lib-v1/predictions/text-speech/q/platform/ios/"", ""status"": ""301"", ""target"": ""/gen1/swift/prev/build-a-backend/more-features/predictions/text-to-speech/""}",/lib-v1/predictions/text-speech/q/platform/ios/,/gen1/swift/prev/build-a-backend/more-features/predictions/text-to-speech/,
b1b0cb111eb990c20817,aws_amplify_docs,tier1,aws-amplify/docs,23f0406663733992d4fb33405df34f1ef0cdd883,redirects.json,/cli/usage/uninnstall,/javascript/tools/cli/start/key-workflows,301,literal,true,"{""source"": ""/cli/usage/uninnstall/"", ""status"": ""301"", ""target"": ""/javascript/tools/cli/start/key-workflows/#upgrade-amplify-cli""}",/cli/usage/uninnstall/,/javascript/tools/cli/start/key-workflows/#upgrade-amplify-cli,
b26e5cdb8aac64ac561f,terraform_website,tier1,hashicorp/terraform-website,93ec9cbdc3a120ffde18d1275339d0d6599cd9b3,redirects.next.js,/intro/vs/boto.html,/intro/vs/boto,301,literal,true,"{""source"":""/intro/vs/boto.html"",""destination"":""/intro/vs/boto"",""permanent"":true}",/intro/vs/boto.html,/intro/vs/boto,
b29354635a1f7995fe20,terraform_website,tier1,hashicorp/terraform-website,93ec9cbdc3a120ffde18d1275339d0d6599cd9b3,redirects.next.js,/docs/providers/kubernetes/r/:path*,/providers/hashicorp/kubernetes/latest/docs/resources/:path*,301,placeholder,false,"{""source"":""/docs/providers/kubernetes/r/:path*"",""destination"":""https://registry.terraform.io/providers/hashicorp/kubernetes/latest/docs/resources/:path*"",""permanent"":true}",/docs/providers/kubernetes/r/:path*,https://registry.terraform.io/providers/hashicorp/kubernetes/latest/docs/resources/:path*,
b2d651ecdfea9f562d2a,aws_amplify_docs,tier1,aws-amplify/docs,23f0406663733992d4fb33405df34f1ef0cdd883,redirects.json,/react/build-a-backend/auth/email-only-sign-up,/react/build-a-backend/auth/enable-sign-up,301,literal,true,"{""source"": ""/react/build-a-backend/auth/email-only-sign-up/"", ""status"": ""301"", ""target"": ""/react/build-a-backend/auth/enable-sign-up/""}",/react/build-a-backend/auth/email-only-sign-up/,/react/build-a-backend/auth/enable-sign-up/,
b2fd6a265713853ef474,aws_amplify_docs,tier1,aws-amplify/docs,23f0406663733992d4fb33405df34f1ef0cdd883,redirects.json,/swagger/swagger-ui,/,301,literal,true,"{""source"": ""/swagger/swagger-ui/"", ""status"": ""301"", ""target"": ""https://ui.docs.amplify.aws/""}",/swagger/swagger-ui/,https://ui.docs.amplify.aws/,
b3172fdd918e4eeda320,aws_amplify_docs,tier1,aws-amplify/docs,23f0406663733992d4fb33405df34f1ef0cdd883,redirects.json,/lib-v1/push-notifications/identify-user/q/platform/react-native,/gen1/react-native/prev/build-a-backend/push-notifications/identify-user,301,literal,true,"{""source"": ""/lib-v1/push-notifications/identify-user/q/platform/react-native/"", ""status"": ""301"", ""target"": ""/gen1/react-native/prev/build-a-backend/push-notifications/identify-user/""}",/lib-v1/push-notifications/identify-user/q/platform/react-native/,/gen1/react-native/prev/build-a-backend/push-notifications/identify-user/,
b388539443e12f4a1b03,aws_amplify_docs,tier1,aws-amplify/docs,23f0406663733992d4fb33405df34f1ef0cdd883,redirects.json,/react/build-a-backend/storage/get-properties,/gen1/react/build-a-backend/storage/get-properties,301,literal,true,"{""source"": ""/react/build-a-backend/storage/get-properties/"", ""status"": ""301"", ""target"": ""/gen1/react/build-a-backend/storage/get-properties/""}",/react/build-a-backend/storage/get-properties/,/gen1/react/build-a-backend/storage/get-properties/,
b3c0e48759ef6ac3b953,terraform_website,tier1,hashicorp/terraform-website,93ec9cbdc3a120ffde18d1275339d0d6599cd9b3,redirects.next.js,/docs/providers/azurestack/d/:path*,/providers/hashicorp/azurestack/latest/docs/data-sources/:path*,301,placeholder,false,"{""source"":""/docs/providers/azurestack/d/:path*"",""destination"":""https://registry.terraform.io/providers/hashicorp/azurestack/latest/docs/data-sources/:path*"",""permanent"":true}",/docs/providers/azurestack/d/:path*,https://registry.terraform.io/providers/hashicorp/azurestack/latest/docs/data-sources/:path*,
b455d75be28ad3c97480,deno_docs,tier1,denoland/docs,3bc9f662c58db48d2b07ceaf5da2fa5587cfbf5f,oldurls.json,/examples/tutorials/bdd,/examples/bdd_tutorial,301,literal,true,/examples/tutorials/bdd -> /examples/bdd_tutorial,/examples/tutorials/bdd,/examples/bdd_tutorial,
b4b9504d3e89011ce3df,aws_amplify_docs,tier1,aws-amplify/docs,23f0406663733992d4fb33405df34f1ef0cdd883,redirects.json,/swift/build-a-backend/functions/dynamodb-from-lambda-python,/swift/build-a-backend/functions,301,literal,true,"{""source"": ""/swift/build-a-backend/functions/dynamodb-from-lambda-python/"", ""status"": ""301"", ""target"": ""/swift/build-a-backend/functions/""}",/swift/build-a-backend/functions/dynamodb-from-lambda-python/,/swift/build-a-backend/functions/,
b4db9895dcab6c9609e5,aws_amplify_docs,tier1,aws-amplify/docs,23f0406663733992d4fb33405df34f1ef0cdd883,redirects.json,/swift/connected-components/authenticator,/swift/build-ui,301,literal,true,"{""source"": ""/swift/connected-components/authenticator/"", ""status"": ""301"", ""target"": ""/swift/build-ui/""}",/swift/connected-components/authenticator/,/swift/build-ui/,
b5198746f5fc350ee5e3,aws_amplify_docs,tier1,aws-amplify/docs,23f0406663733992d4fb33405df34f1ef0cdd883,redirects.json,/nextjs/build-a-backend/troubleshooting/upgrade-amplify-packages,/gen1/nextjs/build-a-backend/troubleshooting/upgrade-amplify-packages,301,literal,true,"{""source"": ""/nextjs/build-a-backend/troubleshooting/upgrade-amplify-packages/"", ""status"": ""301"", ""target"": ""/gen1/nextjs/build-a-backend/troubleshooting/upgrade-amplify-packages/""}",/nextjs/build-a-backend/troubleshooting/upgrade-amplify-packages/,/gen1/nextjs/build-a-backend/troubleshooting/upgrade-amplify-packages/,
b51b69fb3c0d763e3aed,aws_amplify_docs,tier1,aws-amplify/docs,23f0406663733992d4fb33405df34f1ef0cdd883,redirects.json,/sdk/pubsub/aws-iot-and-amplify/q/platform/ios,/swift/sdk/pubsub/aws-iot-and-amplify,301,literal,true,"{""source"": ""/sdk/pubsub/aws-iot-and-amplify/q/platform/ios/"", ""status"": ""301"", ""target"": ""/swift/sdk/pubsub/aws-iot-and-amplify/""}",/sdk/pubsub/aws-iot-and-amplify/q/platform/ios/,/swift/sdk/pubsub/aws-iot-and-amplify/,
b51cdab096e7e63f3aa1,terraform_website,tier1,hashicorp/terraform-website,93ec9cbdc3a120ffde18d1275339d0d6599cd9b3,redirects.next.js,/docs/providers/mso/guides/:path*,/providers/CiscoDevNet/mso/latest/docs/guides/:path*,301,placeholder,false,"{""source"":""/docs/providers/mso/guides/:path*"",""destination"":""https://registry.terraform.io/providers/CiscoDevNet/mso/latest/docs/guides/:path*"",""permanent"":true}",/docs/providers/mso/guides/:path*,https://registry.terraform.io/providers/CiscoDevNet/mso/latest/docs/guides/:path*,
b54b87e5e2e1ce283927,aws_amplify_docs,tier1,aws-amplify/docs,23f0406663733992d4fb33405df34f1ef0cdd883,redirects.json,/vue/build-a-backend/storage/storage-v5-to-v6-migration-guide,/gen1/vue/build-a-backend/storage/storage-v5-to-v6-migration-guide,301,literal,true,"{""source"": ""/vue/build-a-backend/storage/storage-v5-to-v6-migration-guide/"", ""status"": ""301"", ""target"": ""/gen1/vue/build-a-backend/storage/storage-v5-to-v6-migration-guide/""}",/vue/build-a-backend/storage/storage-v5-to-v6-migration-guide/,/gen1/vue/build-a-backend/storage/storage-v5-to-v6-migration-guide/,
b5bdddd6f3d37986b6f0,aws_amplify_docs,tier1,aws-amplify/docs,23f0406663733992d4fb33405df34f1ef0cdd883,redirects.json,/lib/graphqlapi/advanced-workflows/q/platform/react-native,/gen1/react-native/prev/build-a-backend/graphqlapi/advanced-workflows,301,literal,true,"{""source"": ""/lib/graphqlapi/advanced-workflows/q/platform/react-native/"", ""status"": ""301"", ""target"": ""/gen1/react-native/prev/build-a-backend/graphqlapi/advanced-workflows/""}",/lib/graphqlapi/advanced-workflows/q/platform/react-native/,/gen1/react-native/prev/build-a-backend/graphqlapi/advanced-workflows/,
b5e77bb58c27696732a5,aws_amplify_docs,tier1,aws-amplify/docs,23f0406663733992d4fb33405df34f1ef0cdd883,redirects.json,/start/getting-started/nextsteps/q/integration/flutter,/flutter/start/getting-started/nextsteps,301,literal,true,"{""source"": ""/start/getting-started/nextsteps/q/integration/flutter/"", ""status"": ""301"", ""target"": ""/flutter/start/getting-started/nextsteps/""}",/start/getting-started/nextsteps/q/integration/flutter/,/flutter/start/getting-started/nextsteps/,
b5f67a64c8a84d841def,aws_amplify_docs,tier1,aws-amplify/docs,23f0406663733992d4fb33405df34f1ef0cdd883,redirects.json,/lib/auth/mfa/q/platform/flutter,/flutter/build-a-backend/auth/manage-mfa,301,literal,true,"{""source"": ""/lib/auth/mfa/q/platform/flutter/"", ""status"": ""301"", ""target"": ""/flutter/build-a-backend/auth/manage-mfa/""}",/lib/auth/mfa/q/platform/flutter/,/flutter/build-a-backend/auth/manage-mfa/,
b64e4f4d6478e3011777,aws_amplify_docs,tier1,aws-amplify/docs,23f0406663733992d4fb33405df34f1ef0cdd883,redirects.json,/lib-v1/auth/manageusers/q/platform/react-native,/gen1/react-native/prev/build-a-backend/auth/manage-user-profile,301,literal,true,"{""source"": ""/lib-v1/auth/manageusers/q/platform/react-native/#managing-user-attributes"", ""status"": ""301"", ""target"": ""/gen1/react-native/prev/build-a-backend/auth/manage-user-profile/""}",/lib-v1/auth/manageusers/q/platform/react-native/#managing-user-attributes,/gen1/react-native/prev/build-a-backend/auth/manage-user-profile/,
b677469dc30a3f4aafcb,aws_amplify_docs,tier1,aws-amplify/docs,23f0406663733992d4fb33405df34f1ef0cdd883,redirects.json,/ui/<*>,/,301,placeholder,false,"{""source"": ""/ui/<*>"", ""status"": ""301"", ""target"": ""https://ui.docs.amplify.aws/""}",/ui/<*>,https://ui.docs.amplify.aws/,
b687f7fdd607047dc933,aws_amplify_docs,tier1,aws-amplify/docs,23f0406663733992d4fb33405df34f1ef0cdd883,redirects.json,/cli/commands/add,/javascript/tools/cli/commands,301,literal,true,"{""source"": ""/cli/commands/add/"", ""status"": ""301"", ""target"": ""/javascript/tools/cli/commands/#add""}",/cli/commands/add/,/javascript/tools/cli/commands/#add,
b6971117b18da2301b1b,flux_website,tier2,fluxcd/website,fbe28609d4c4773ba8b0c73fe65fe8e0b428d89c,static/_redirects,/flagger/usage/skipper-progressive-delivery,/flagger/tutorials/skipper-progressive-delivery,301,literal,true,/flagger/usage/skipper-progressive-delivery     /flagger/tutorials/skipper-progressive-delivery     301!,/flagger/usage/skipper-progressive-delivery,/flagger/tutorials/skipper-progressive-delivery,
b6cb23b87efd204833fd,terraform_website,tier1,hashicorp/terraform-website,93ec9cbdc3a120ffde18d1275339d0d6599cd9b3,redirects.next.js,/docs/providers/hcloud(/index.html),/providers/hetznercloud/hcloud/latest/docs,301,wildcard,false,"{""source"":""/docs/providers/hcloud(/index.html)?"",""destination"":""https://registry.terraform.io/providers/hetznercloud/hcloud/latest/docs"",""permanent"":true}",/docs/providers/hcloud(/index.html)?,https://registry.terraform.io/providers/hetznercloud/hcloud/latest/docs,
b6cf7887fc380e0e480f,terraform_website,tier1,hashicorp/terraform-website,93ec9cbdc3a120ffde18d1275339d0d6599cd9b3,redirects.next.js,/docs/providers/tfe/guides/:path*,/providers/hashicorp/tfe/latest/docs/guides/:path*,301,placeholder,false,"{""source"":""/docs/providers/tfe/guides/:path*"",""destination"":""https://registry.terraform.io/providers/hashicorp/tfe/latest/docs/guides/:path*"",""permanent"":true}",/docs/providers/tfe/guides/:path*,https://registry.terraform.io/providers/hashicorp/tfe/latest/docs/guides/:path*,
b6e38a69c46cc0ac5741,astro_docs,tier2,withastro/docs,8e216293f74f38cc64db427622de74060403d5a8,public/_redirects,/:lang/community-resources/talks,/:lang/recipes,301,placeholder,false,/:lang/community-resources/talks/                    /:lang/recipes/,/:lang/community-resources/talks/,/:lang/recipes/,
b6fdc695bbaafb119bdf,aws_amplify_docs,tier1,aws-amplify/docs,23f0406663733992d4fb33405df34f1ef0cdd883,redirects.json,/lib/analytics/getting-started,/react/build-a-backend/more-features/analytics,301,literal,false,"{""source"": ""/lib/analytics/getting-started/"", ""status"": ""301"", ""target"": ""/react/build-a-backend/more-features/analytics/""}",/lib/analytics/getting-started/,/react/build-a-backend/more-features/analytics/,
b749f7c3c94fc5a5e158,astro_docs,tier2,withastro/docs,8e216293f74f38cc64db427622de74060403d5a8,public/_redirects,/:lang/reference/experimental-flags/svg,/:lang/guides/images,301,placeholder,false,/:lang/reference/experimental-flags/svg/             /:lang/guides/images/,/:lang/reference/experimental-flags/svg/,/:lang/guides/images/,
b74a7fd6354c15a7ab62,aws_amplify_docs,tier1,aws-amplify/docs,23f0406663733992d4fb33405df34f1ef0cdd883,redirects.json,/lib/predictions/translate/q/platform/ios,/swift/build-a-backend/more-features/predictions/translate,301,literal,true,"{""source"": ""/lib/predictions/translate/q/platform/ios/"", ""status"": ""301"", ""target"": ""/swift/build-a-backend/more-features/predictions/translate/""}",/lib/predictions/translate/q/platform/ios/,/swift/build-a-backend/more-features/predictions/translate/,
b7c2d68946a0e13b4ce3,aws_amplify_docs,tier1,aws-amplify/docs,23f0406663733992d4fb33405df34f1ef0cdd883,redirects.json,/gen2/build-a-backend,/react/build-a-backend,301,literal,true,"{""source"": ""/gen2/build-a-backend/"", ""status"": ""301"", ""target"": ""/react/build-a-backend/""}",/gen2/build-a-backend/,/react/build-a-backend/,
b8cf1d3ceb5ea9acbcc8,terraform_website,tier1,hashicorp/terraform-website,93ec9cbdc3a120ffde18d1275339d0d6599cd9b3,redirects.next.js,/docs/providers/ucloud(/index.html),/providers/ucloud/ucloud/latest/docs,301,wildcard,false,"{""source"":""/docs/providers/ucloud(/index.html)?"",""destination"":""https://registry.terraform.io/providers/ucloud/ucloud/latest/docs"",""permanent"":true}",/docs/providers/ucloud(/index.html)?,https://registry.terraform.io/providers/ucloud/ucloud/latest/docs,
b8f5bc05789cf42c7543,aws_amplify_docs,tier1,aws-amplify/docs,23f0406663733992d4fb33405df34f1ef0cdd883,redirects.json,/lib/graphqlapi/offline/q/platform/ios,/swift/build-a-backend/graphqlapi/offline,301,literal,true,"{""source"": ""/lib/graphqlapi/offline/q/platform/ios/"", ""status"": ""301"", ""target"": ""/swift/build-a-backend/graphqlapi/offline/""}",/lib/graphqlapi/offline/q/platform/ios/,/swift/build-a-backend/graphqlapi/offline/,
b92cda653459de348636,aws_amplify_docs,tier1,aws-amplify/docs,23f0406663733992d4fb33405df34f1ef0cdd883,redirects.json,/console/formbuilder/special-inputs,/javascript/build-ui/formbuilder/special-inputs,301,literal,true,"{""source"": ""/console/formbuilder/special-inputs/"", ""status"": ""301"", ""target"": ""/javascript/build-ui/formbuilder/special-inputs/""}",/console/formbuilder/special-inputs/,/javascript/build-ui/formbuilder/special-inputs/,
b9c13cbb05c2c05b182b,aws_amplify_docs,tier1,aws-amplify/docs,23f0406663733992d4fb33405df34f1ef0cdd883,redirects.json,/lib/auth/manageusers/q/platform/js,/javascript/build-a-backend/auth/manage-user-profile,301,literal,false,"{""source"": ""/lib/auth/manageusers/q/platform/js/#managing-user-attributes"", ""status"": ""301"", ""target"": ""/javascript/build-a-backend/auth/manage-user-profile/""}",/lib/auth/manageusers/q/platform/js/#managing-user-attributes,/javascript/build-a-backend/auth/manage-user-profile/,
b9d7703165128e38ea2f,aws_amplify_docs,tier1,aws-amplify/docs,23f0406663733992d4fb33405df34f1ef0cdd883,redirects.json,/lib/geo/escapehatch/q/platform/js,/javascript/build-a-backend/more-features/geo/amazon-location-sdk,301,literal,true,"{""source"": ""/lib/geo/escapehatch/q/platform/js/"", ""status"": ""301"", ""target"": ""/javascript/build-a-backend/more-features/geo/amazon-location-sdk/""}",/lib/geo/escapehatch/q/platform/js/,/javascript/build-a-backend/more-features/geo/amazon-location-sdk/,
b9de188741dddca7ac23,aws_amplify_docs,tier1,aws-amplify/docs,23f0406663733992d4fb33405df34f1ef0cdd883,redirects.json,/guides/functions/integrating-dynamodb-with-lambda/q/platform/ios,/swift/build-a-backend/functions,301,literal,true,"{""source"": ""/guides/functions/integrating-dynamodb-with-lambda/q/platform/ios/"", ""status"": ""301"", ""target"": ""/swift/build-a-backend/functions/""}",/guides/functions/integrating-dynamodb-with-lambda/q/platform/ios/,/swift/build-a-backend/functions/,
ba5c07649980e01506f9,terraform_website,tier1,hashicorp/terraform-website,93ec9cbdc3a120ffde18d1275339d0d6599cd9b3,redirects.next.js,/docs/providers/time/d/:path*,/providers/hashicorp/time/latest/docs/data-sources/:path*,301,placeholder,false,"{""source"":""/docs/providers/time/d/:path*"",""destination"":""https://registry.terraform.io/providers/hashicorp/time/latest/docs/data-sources/:path*"",""permanent"":true}",/docs/providers/time/d/:path*,https://registry.terraform.io/providers/hashicorp/time/latest/docs/data-sources/:path*,
ba72133a38068a71d8cb,aws_amplify_docs,tier1,aws-amplify/docs,23f0406663733992d4fb33405df34f1ef0cdd883,redirects.json,/[platform]/build-a-backend/push-notifications/register-device,/react/build-a-backend/push-notifications/register-device,301,wildcard,false,"{""source"": ""/[platform]/build-a-backend/push-notifications/register-device"", ""status"": ""301"", ""target"": ""/react/build-a-backend/push-notifications/register-device""}",/[platform]/build-a-backend/push-notifications/register-device,/react/build-a-backend/push-notifications/register-device,
bb10936ffc016722a261,aws_amplify_docs,tier1,aws-amplify/docs,23f0406663733992d4fb33405df34f1ef0cdd883,redirects.json,/lib-v1/storage/download/q/platform/flutter,/gen1/flutter/prev/build-a-backend/storage/download,301,literal,true,"{""source"": ""/lib-v1/storage/download/q/platform/flutter/"", ""status"": ""301"", ""target"": ""/gen1/flutter/prev/build-a-backend/storage/download/""}",/lib-v1/storage/download/q/platform/flutter/,/gen1/flutter/prev/build-a-backend/storage/download/,
bb614c60f3751d41f9f1,aws_amplify_docs,tier1,aws-amplify/docs,23f0406663733992d4fb33405df34f1ef0cdd883,redirects.json,/gen2/build-a-backend/<page>,/react/build-a-backend/<page>,301,placeholder,false,"{""source"": ""/gen2/build-a-backend/<page>/"", ""status"": ""301"", ""target"": ""/react/build-a-backend/<page>/""}",/gen2/build-a-backend/<page>/,/react/build-a-backend/<page>/,
bb9279d1c84840aaecf8,deno_docs,tier1,denoland/docs,3bc9f662c58db48d2b07ceaf5da2fa5587cfbf5f,oldurls.json,/examples/tutorials/mocking,/examples/mocking_tutorial,301,literal,true,/examples/tutorials/mocking -> /examples/mocking_tutorial,/examples/tutorials/mocking,/examples/mocking_tutorial,
bbc577c9d6bb35993545,deno_docs,tier1,denoland/docs,3bc9f662c58db48d2b07ceaf5da2fa5587cfbf5f,oldurls.json,/examples/tutorials/mysql2,/examples/mysql2_tutorial,301,literal,true,/examples/tutorials/mysql2 -> /examples/mysql2_tutorial,/examples/tutorials/mysql2,/examples/mysql2_tutorial,
bbd67c1db6e071ef0dfd,aws_amplify_docs,tier1,aws-amplify/docs,23f0406663733992d4fb33405df34f1ef0cdd883,redirects.json,/lib/datastore/how-it-works/q/platform/android,/android/build-a-backend/more-features/datastore,301,literal,true,"{""source"": ""/lib/datastore/how-it-works/q/platform/android/"", ""status"": ""301"", ""target"": ""/android/build-a-backend/more-features/datastore/""}",/lib/datastore/how-it-works/q/platform/android/,/android/build-a-backend/more-features/datastore/,
bbd863c82a545f9d0335,deno_docs,tier1,denoland/docs,3bc9f662c58db48d2b07ceaf5da2fa5587cfbf5f,oldurls.json,/deploy/kv/tutorials,/examples/kv,301,literal,true,/deploy/kv/tutorials/ -> /examples/kv/,/deploy/kv/tutorials/,/examples/kv/,
bbf0c1f1e096bdf5efce,aws_amplify_docs,tier1,aws-amplify/docs,23f0406663733992d4fb33405df34f1ef0cdd883,redirects.json,/javascript/build-a-backend/functions/dynamodb-from-lambda-python,/javascript/build-a-backend/functions,301,literal,true,"{""source"": ""/javascript/build-a-backend/functions/dynamodb-from-lambda-python/"", ""status"": ""301"", ""target"": ""/javascript/build-a-backend/functions/""}",/javascript/build-a-backend/functions/dynamodb-from-lambda-python/,/javascript/build-a-backend/functions/,
bbf9781366127ca35754,aws_amplify_docs,tier1,aws-amplify/docs,23f0406663733992d4fb33405df34f1ef0cdd883,redirects.json,/lib-v1/auth/user-attributes/q/platform/ios,/gen1/swift/prev/build-a-backend/auth/managing-attributes,301,literal,true,"{""source"": ""/lib-v1/auth/user-attributes/q/platform/ios/"", ""status"": ""301"", ""target"": ""/gen1/swift/prev/build-a-backend/auth/managing-attributes/""}",/lib-v1/auth/user-attributes/q/platform/ios/,/gen1/swift/prev/build-a-backend/auth/managing-attributes/,
bc0dbe6f804c22c1a0e6,terraform_website,tier1,hashicorp/terraform-website,93ec9cbdc3a120ffde18d1275339d0d6599cd9b3,redirects.next.js,/docs/providers/aviatrix/d/:path*,/providers/AviatrixSystems/aviatrix/latest/docs/data-sources/:path*,301,placeholder,false,"{""source"":""/docs/providers/aviatrix/d/:path*"",""destination"":""https://registry.terraform.io/providers/AviatrixSystems/aviatrix/latest/docs/data-sources/:path*"",""permanent"":true}",/docs/providers/aviatrix/d/:path*,https://registry.terraform.io/providers/AviatrixSystems/aviatrix/latest/docs/data-sources/:path*,
bc1d25a18820032dc940,aws_amplify_docs,tier1,aws-amplify/docs,23f0406663733992d4fb33405df34f1ef0cdd883,redirects.json,/lib/utilities/hub/q/platform/ios,/swift/build-a-backend/utilities,301,literal,true,"{""source"": ""/lib/utilities/hub/q/platform/ios/"", ""status"": ""301"", ""target"": ""/swift/build-a-backend/utilities/""}",/lib/utilities/hub/q/platform/ios/,/swift/build-a-backend/utilities/,
bc3052d2ed225919643f,aws_amplify_docs,tier1,aws-amplify/docs,23f0406663733992d4fb33405df34f1ef0cdd883,redirects.json,/android/build-a-backend/functions/appsync-operations-to-lambda-layer,/android/build-a-backend/graphqlapi/client-code-generation,301,literal,true,"{""source"": ""/android/build-a-backend/functions/appsync-operations-to-lambda-layer/"", ""status"": ""301"", ""target"": ""/android/build-a-backend/graphqlapi/client-code-generation/""}",/android/build-a-backend/functions/appsync-operations-to-lambda-layer/,/android/build-a-backend/graphqlapi/client-code-generation/,
bc5651a950a062054705,aws_amplify_docs,tier1,aws-amplify/docs,23f0406663733992d4fb33405df34f1ef0cdd883,redirects.json,/angular/build-a-backend/functions/dynamodb-from-lambda-nodejs,/angular/build-a-backend/functions,301,literal,true,"{""source"": ""/angular/build-a-backend/functions/dynamodb-from-lambda-nodejs/"", ""status"": ""301"", ""target"": ""/angular/build-a-backend/functions/""}",/angular/build-a-backend/functions/dynamodb-from-lambda-nodejs/,/angular/build-a-backend/functions/,
bcd9bc23d43a163040d1,terraform_website,tier1,hashicorp/terraform-website,93ec9cbdc3a120ffde18d1275339d0d6599cd9b3,redirects.next.js,/docs/providers/triton/guides/:path*,/providers/joyent/triton/latest/docs/guides/:path*,301,placeholder,false,"{""source"":""/docs/providers/triton/guides/:path*"",""destination"":""https://registry.terraform.io/providers/joyent/triton/latest/docs/guides/:path*"",""permanent"":true}",/docs/providers/triton/guides/:path*,https://registry.terraform.io/providers/joyent/triton/latest/docs/guides/:path*,
bd00e5f73aeb2139bc53,aws_amplify_docs,tier1,aws-amplify/docs,23f0406663733992d4fb33405df34f1ef0cdd883,redirects.json,/lib/auth/mfa/q/platform/react-native,/react-native/build-a-backend/auth/manage-mfa,301,literal,true,"{""source"": ""/lib/auth/mfa/q/platform/react-native/"", ""status"": ""301"", ""target"": ""/react-native/build-a-backend/auth/manage-mfa/""}",/lib/auth/mfa/q/platform/react-native/,/react-native/build-a-backend/auth/manage-mfa/,
bd05640b9d2a856c196c,terraform_website,tier1,hashicorp/terraform-website,93ec9cbdc3a120ffde18d1275339d0d6599cd9b3,redirects.next.js,/docs/providers/prismacloud(/index.html),/providers/PaloAltoNetworks/prismacloud/latest/docs,301,wildcard,false,"{""source"":""/docs/providers/prismacloud(/index.html)?"",""destination"":""https://registry.terraform.io/providers/PaloAltoNetworks/prismacloud/latest/docs"",""permanent"":true}",/docs/providers/prismacloud(/index.html)?,https://registry.terraform.io/providers/PaloAltoNetworks/prismacloud/latest/docs,
bdae834a9db821c5b0d3,aws_amplify_docs,tier1,aws-amplify/docs,23f0406663733992d4fb33405df34f1ef0cdd883,redirects.json,/guides/api-graphql/query-with-sorting/q/platform/ios,/swift/build-a-backend/graphqlapi/best-practice/query-with-sorting,301,literal,true,"{""source"": ""/guides/api-graphql/query-with-sorting/q/platform/ios/"", ""status"": ""301"", ""target"": ""/swift/build-a-backend/graphqlapi/best-practice/query-with-sorting/""}",/guides/api-graphql/query-with-sorting/q/platform/ios/,/swift/build-a-backend/graphqlapi/best-practice/query-with-sorting/,
bdcd528f5b67d8187f5a,aws_amplify_docs,tier1,aws-amplify/docs,23f0406663733992d4fb33405df34f1ef0cdd883,redirects.json,/lib/push-notifications/app-badge-count/q/platform/react-native,/react-native/build-a-backend/push-notifications/app-badge-count,301,literal,true,"{""source"": ""/lib/push-notifications/app-badge-count/q/platform/react-native/"", ""status"": ""301"", ""target"": ""/react-native/build-a-backend/push-notifications/app-badge-count/""}",/lib/push-notifications/app-badge-count/q/platform/react-native/,/react-native/build-a-backend/push-notifications/app-badge-count/,
bddcf890b4f942dc5a75,aws_amplify_docs,tier1,aws-amplify/docs,23f0406663733992d4fb33405df34f1ef0cdd883,redirects.json,/lib/analytics/autotrack/q/platform/ios,/swift/build-a-backend/more-features/analytics/auto-track-sessions,301,literal,true,"{""source"": ""/lib/analytics/autotrack/q/platform/ios/"", ""status"": ""301"", ""target"": ""/swift/build-a-backend/more-features/analytics/auto-track-sessions/""}",/lib/analytics/autotrack/q/platform/ios/,/swift/build-a-backend/more-features/analytics/auto-track-sessions/,
bdf1949d44e0f709caa8,aws_amplify_docs,tier1,aws-amplify/docs,23f0406663733992d4fb33405df34f1ef0cdd883,redirects.json,/react-native/build-a-backend/auth/concepts/user-attributes,/react-native/build-a-backend/auth/concepts,301,literal,true,"{""source"": ""/react-native/build-a-backend/auth/concepts/user-attributes/"", ""status"": ""301"", ""target"": ""/react-native/build-a-backend/auth/concepts/""}",/react-native/build-a-backend/auth/concepts/user-attributes/,/react-native/build-a-backend/auth/concepts/,
be4bc8acd19fef064daa,terraform_website,tier1,hashicorp/terraform-website,93ec9cbdc3a120ffde18d1275339d0d6599cd9b3,redirects.next.js,/cloud-docs/api-docs/admin/runs,/enterprise/api-docs/admin/runs,301,literal,true,"{""source"":""/cloud-docs/api-docs/admin/runs"",""destination"":""/enterprise/api-docs/admin/runs"",""permanent"":true}",/cloud-docs/api-docs/admin/runs,/enterprise/api-docs/admin/runs,
be77d253f60b872da54e,aws_amplify_docs,tier1,aws-amplify/docs,23f0406663733992d4fb33405df34f1ef0cdd883,redirects.json,/start/getting-started/nextsteps/q/integration/android,/android/start/getting-started/nextsteps,301,literal,true,"{""source"": ""/start/getting-started/nextsteps/q/integration/android/"", ""status"": ""301"", ""target"": ""/android/start/getting-started/nextsteps/""}",/start/getting-started/nextsteps/q/integration/android/,/android/start/getting-started/nextsteps/,
be7b8093d07d79886337,astro_docs,tier2,withastro/docs,8e216293f74f38cc64db427622de74060403d5a8,public/_redirects,/:lang/guides/deploy/sst,/:lang/guides/deploy/aws-via-sst,301,placeholder,false,/:lang/guides/deploy/sst/                            /:lang/guides/deploy/aws-via-sst/,/:lang/guides/deploy/sst/,/:lang/guides/deploy/aws-via-sst/,
bf698d987a353232e9dd,aws_amplify_docs,tier1,aws-amplify/docs,23f0406663733992d4fb33405df34f1ef0cdd883,redirects.json,/<platform>/build-a-backend/auth/manage-user-session,/<platform>/build-a-backend/auth/connect-your-frontend/manage-user-sessions,301,placeholder,false,"{""source"": ""/<platform>/build-a-backend/auth/manage-user-session/"", ""status"": ""301"", ""target"": ""/<platform>/build-a-backend/auth/connect-your-frontend/manage-user-sessions/""}",/<platform>/build-a-backend/auth/manage-user-session/,/<platform>/build-a-backend/auth/connect-your-frontend/manage-user-sessions/,
bf82f76a7cf7358a37bd,aws_amplify_docs,tier1,aws-amplify/docs,23f0406663733992d4fb33405df34f1ef0cdd883,redirects.json,/start/getting-started/installation/q/integration/ios,/swift/start/getting-started/installation,301,literal,true,"{""source"": ""/start/getting-started/installation/q/integration/ios/"", ""status"": ""301"", ""target"": ""/swift/start/getting-started/installation/""}",/start/getting-started/installation/q/integration/ios/,/swift/start/getting-started/installation/,
bfb17ee5339e4ad268d1,aws_amplify_docs,tier1,aws-amplify/docs,23f0406663733992d4fb33405df34f1ef0cdd883,redirects.json,/guides/api-graphql/subscriptions-by-id/q/platform/react,/react/build-a-backend,301,literal,true,"{""source"": ""/guides/api-graphql/subscriptions-by-id/q/platform/react/"", ""status"": ""301"", ""target"": ""/react/build-a-backend/""}",/guides/api-graphql/subscriptions-by-id/q/platform/react/,/react/build-a-backend/,
bfe77680a4192125a03d,aws_amplify_docs,tier1,aws-amplify/docs,23f0406663733992d4fb33405df34f1ef0cdd883,redirects.json,/lib-v1/storage/transfer-acceleration/q/platform/js,/gen1/javascript/prev/build-a-backend/storage/transfer-acceleration,301,literal,true,"{""source"": ""/lib-v1/storage/transfer-acceleration/q/platform/js/"", ""status"": ""301"", ""target"": ""/gen1/javascript/prev/build-a-backend/storage/transfer-acceleration/""}",/lib-v1/storage/transfer-acceleration/q/platform/js/,/gen1/javascript/prev/build-a-backend/storage/transfer-acceleration/,
bffe4c2236928ac4167a,aws_amplify_docs,tier1,aws-amplify/docs,23f0406663733992d4fb33405df34f1ef0cdd883,redirects.json,/<platform>/tools/console,/gen1/<platform>/tools/console,301,placeholder,false,"{""source"": ""/<platform>/tools/console/"", ""status"": ""301"", ""target"": ""/gen1/<platform>/tools/console/""}",/<platform>/tools/console/,/gen1/<platform>/tools/console/,
c03e1a2972e94e3bdcfb,deno_docs,tier1,denoland/docs,3bc9f662c58db48d2b07ceaf5da2fa5587cfbf5f,oldurls.json,/examples/tutorials/llm,/examples/llm_tutorial,301,literal,true,/examples/tutorials/llm -> /examples/llm_tutorial,/examples/tutorials/llm,/examples/llm_tutorial,
c06e136e11dbf983fd42,aws_amplify_docs,tier1,aws-amplify/docs,23f0406663733992d4fb33405df34f1ef0cdd883,redirects.json,/angular/sdk/<*>,/angular/build-a-backend,301,placeholder,false,"{""source"": ""/angular/sdk/<*>"", ""status"": ""301"", ""target"": ""/angular/build-a-backend/""}",/angular/sdk/<*>,/angular/build-a-backend/,
c0cc17596fd14273f4e3,aws_amplify_docs,tier1,aws-amplify/docs,23f0406663733992d4fb33405df34f1ef0cdd883,redirects.json,/guides/hosting/password-protected-deployments/q/platform/react-native,/react-native/build-a-backend,301,literal,true,"{""source"": ""/guides/hosting/password-protected-deployments/q/platform/react-native/"", ""status"": ""301"", ""target"": ""/react-native/build-a-backend/""}",/guides/hosting/password-protected-deployments/q/platform/react-native/,/react-native/build-a-backend/,
c14041a1025be61d2128,aws_amplify_docs,tier1,aws-amplify/docs,23f0406663733992d4fb33405df34f1ef0cdd883,redirects.json,/angular/build-a-backend/functions/integrate-dynamodb-with-lambda,/angular/build-a-backend/functions,301,literal,true,"{""source"": ""/angular/build-a-backend/functions/integrate-dynamodb-with-lambda/"", ""status"": ""301"", ""target"": ""/angular/build-a-backend/functions/""}",/angular/build-a-backend/functions/integrate-dynamodb-with-lambda/,/angular/build-a-backend/functions/,
c1654d6002089842727d,aws_amplify_docs,tier1,aws-amplify/docs,23f0406663733992d4fb33405df34f1ef0cdd883,redirects.json,/lib/logging/escapehatch/q/platform/ios,/swift/build-a-backend/more-features/logging/sdk,301,literal,true,"{""source"": ""/lib/logging/escapehatch/q/platform/ios/"", ""status"": ""301"", ""target"": ""/swift/build-a-backend/more-features/logging/sdk/""}",/lib/logging/escapehatch/q/platform/ios/,/swift/build-a-backend/more-features/logging/sdk/,
c1719a0f061b3edff4c3,aws_amplify_docs,tier1,aws-amplify/docs,23f0406663733992d4fb33405df34f1ef0cdd883,redirects.json,/lib-v1/predictions/label-image/q/platform/react-native,/gen1/react-native/prev/build-a-backend/more-features/predictions/label-image,301,literal,true,"{""source"": ""/lib-v1/predictions/label-image/q/platform/react-native/"", ""status"": ""301"", ""target"": ""/gen1/react-native/prev/build-a-backend/more-features/predictions/label-image/""}",/lib-v1/predictions/label-image/q/platform/react-native/,/gen1/react-native/prev/build-a-backend/more-features/predictions/label-image/,
c18ca8b31ef854c15187,aws_amplify_docs,tier1,aws-amplify/docs,23f0406663733992d4fb33405df34f1ef0cdd883,redirects.json,/console/formbuilder/customize,/javascript/build-ui/formbuilder/customize,301,literal,true,"{""source"": ""/console/formbuilder/customize/"", ""status"": ""301"", ""target"": ""/javascript/build-ui/formbuilder/customize/""}",/console/formbuilder/customize/,/javascript/build-ui/formbuilder/customize/,
c26678138f68a4af014a,aws_amplify_docs,tier1,aws-amplify/docs,23f0406663733992d4fb33405df34f1ef0cdd883,redirects.json,/lib/datastore/data-access/q/platform/flutter,/flutter/build-a-backend/more-features/datastore/manipulate-data,301,literal,true,"{""source"": ""/lib/datastore/data-access/q/platform/flutter/"", ""status"": ""301"", ""target"": ""/flutter/build-a-backend/more-features/datastore/manipulate-data/""}",/lib/datastore/data-access/q/platform/flutter/,/flutter/build-a-backend/more-features/datastore/manipulate-data/,
c2a82dd0d910e903511e,aws_amplify_docs,tier1,aws-amplify/docs,23f0406663733992d4fb33405df34f1ef0cdd883,redirects.json,/lib/auth/delete_user/q/platform/ios,/swift/build-a-backend/auth/delete-user-account,301,literal,true,"{""source"": ""/lib/auth/delete_user/q/platform/ios/"", ""status"": ""301"", ""target"": ""/swift/build-a-backend/auth/delete-user-account/""}",/lib/auth/delete_user/q/platform/ios/,/swift/build-a-backend/auth/delete-user-account/,
c2d89a12bdbc237fb894,aws_amplify_docs,tier1,aws-amplify/docs,23f0406663733992d4fb33405df34f1ef0cdd883,redirects.json,/lib-v1/storage/triggers/q/platform/android,/gen1/android/prev/build-a-backend/storage/lambda-triggers,301,literal,true,"{""source"": ""/lib-v1/storage/triggers/q/platform/android/"", ""status"": ""301"", ""target"": ""/gen1/android/prev/build-a-backend/storage/lambda-triggers/""}",/lib-v1/storage/triggers/q/platform/android/,/gen1/android/prev/build-a-backend/storage/lambda-triggers/,
c352c4e95afa12fe18f0,aws_amplify_docs,tier1,aws-amplify/docs,23f0406663733992d4fb33405df34f1ef0cdd883,redirects.json,/lib-v1/predictions/getting-started/q/platform/android,/gen1/android/prev/build-a-backend/more-features/predictions/set-up-predictions,301,literal,true,"{""source"": ""/lib-v1/predictions/getting-started/q/platform/android/"", ""status"": ""301"", ""target"": ""/gen1/android/prev/build-a-backend/more-features/predictions/set-up-predictions/""}",/lib-v1/predictions/getting-started/q/platform/android/,/gen1/android/prev/build-a-backend/more-features/predictions/set-up-predictions/,
c3567396b82815ad41ce,aws_amplify_docs,tier1,aws-amplify/docs,23f0406663733992d4fb33405df34f1ef0cdd883,redirects.json,/lib-v1/push-notifications/app-badge-count/q/platform/react-native,/gen1/react-native/prev/build-a-backend/push-notifications/app-badge-count,301,literal,true,"{""source"": ""/lib-v1/push-notifications/app-badge-count/q/platform/react-native/"", ""status"": ""301"", ""target"": ""/gen1/react-native/prev/build-a-backend/push-notifications/app-badge-count/""}",/lib-v1/push-notifications/app-badge-count/q/platform/react-native/,/gen1/react-native/prev/build-a-backend/push-notifications/app-badge-count/,
c3c04819e3b3e5782dc2,terraform_website,tier1,hashicorp/terraform-website,93ec9cbdc3a120ffde18d1275339d0d6599cd9b3,redirects.next.js,/language/configuration-0-11,/language/v1.1.x/configuration-0-11,301,literal,true,"{""source"":""/language/configuration-0-11"",""destination"":""/language/v1.1.x/configuration-0-11"",""permanent"":true}",/language/configuration-0-11,/language/v1.1.x/configuration-0-11,
c3f3aea1dd6f0329a9f5,aws_amplify_docs,tier1,aws-amplify/docs,23f0406663733992d4fb33405df34f1ef0cdd883,redirects.json,/lib-v1/auth/overview/q/platform/vue,/gen1/vue/prev/build-a-backend/auth/under-the-hood,301,literal,true,"{""source"": ""/lib-v1/auth/overview/q/platform/vue/"", ""status"": ""301"", ""target"": ""/gen1/vue/prev/build-a-backend/auth/under-the-hood/""}",/lib-v1/auth/overview/q/platform/vue/,/gen1/vue/prev/build-a-backend/auth/under-the-hood/,
c4ed333842fff8fddb4b,aws_amplify_docs,tier1,aws-amplify/docs,23f0406663733992d4fb33405df34f1ef0cdd883,redirects.json,/lib-v1/auth/getting-started,/gen1/react/prev/build-a-backend/auth,301,literal,true,"{""source"": ""/lib-v1/auth/getting-started"", ""status"": ""301"", ""target"": ""/gen1/react/prev/build-a-backend/auth/""}",/lib-v1/auth/getting-started,/gen1/react/prev/build-a-backend/auth/,
c4f61d7e75c15cdf119d,deno_docs,tier1,denoland/docs,3bc9f662c58db48d2b07ceaf5da2fa5587cfbf5f,oldurls.json,/examples/tutorials/deno_doc,/examples/deno_doc_tutorial,301,literal,true,/examples/tutorials/deno_doc -> /examples/deno_doc_tutorial,/examples/tutorials/deno_doc,/examples/deno_doc_tutorial,
c5051e5e87895cda0982,aws_amplify_docs,tier1,aws-amplify/docs,23f0406663733992d4fb33405df34f1ef0cdd883,redirects.json,/lib/restapi/existing-resources,/javascript/build-a-backend,301,literal,true,"{""source"": ""/lib/restapi/existing-resources/"", ""status"": ""301"", ""target"": ""/javascript/build-a-backend/""}",/lib/restapi/existing-resources/,/javascript/build-a-backend/,
c51fe69c0ec147568215,aws_amplify_docs,tier1,aws-amplify/docs,23f0406663733992d4fb33405df34f1ef0cdd883,redirects.json,/lib/push-notifications/record-notifications/q/platform/android,/android/build-a-backend/push-notifications/record-notifications,301,literal,true,"{""source"": ""/lib/push-notifications/record-notifications/q/platform/android/"", ""status"": ""301"", ""target"": ""/android/build-a-backend/push-notifications/record-notifications/""}",/lib/push-notifications/record-notifications/q/platform/android/,/android/build-a-backend/push-notifications/record-notifications/,
c524f68b069bbba0c38c,flux_website,tier2,fluxcd/website,fbe28609d4c4773ba8b0c73fe65fe8e0b428d89c,static/_redirects,/docs/components/source/controller,/flux/components/source,301,literal,true,/docs/components/source/controller              /flux/components/source                             301!,/docs/components/source/controller,/flux/components/source,
c53998298709cb22a625,aws_amplify_docs,tier1,aws-amplify/docs,23f0406663733992d4fb33405df34f1ef0cdd883,redirects.json,/android/build-a-backend/functions/connect-rest-api,/android/build-a-backend/functions,301,literal,true,"{""source"": ""/android/build-a-backend/functions/connect-rest-api/"", ""status"": ""301"", ""target"": ""/android/build-a-backend/functions/""}",/android/build-a-backend/functions/connect-rest-api/,/android/build-a-backend/functions/,
c563e41b08aca62984ab,terraform_website,tier1,hashicorp/terraform-website,93ec9cbdc3a120ffde18d1275339d0d6599cd9b3,redirects.next.js,/docs/providers/rancher2(/index.html),/providers/rancher/rancher2/latest/docs,301,wildcard,false,"{""source"":""/docs/providers/rancher2(/index.html)?"",""destination"":""https://registry.terraform.io/providers/rancher/rancher2/latest/docs"",""permanent"":true}",/docs/providers/rancher2(/index.html)?,https://registry.terraform.io/providers/rancher/rancher2/latest/docs,
c60c15cea30bcd60a210,terraform_website,tier1,hashicorp/terraform-website,93ec9cbdc3a120ffde18d1275339d0d6599cd9b3,redirects.next.js,/docs/providers/opc/d/:path*,/providers/hashicorp/opc/latest/docs/data-sources/:path*,301,placeholder,false,"{""source"":""/docs/providers/opc/d/:path*"",""destination"":""https://registry.terraform.io/providers/hashicorp/opc/latest/docs/data-sources/:path*"",""permanent"":true}",/docs/providers/opc/d/:path*,https://registry.terraform.io/providers/hashicorp/opc/latest/docs/data-sources/:path*,
c64c709cac96126a7f28,aws_amplify_docs,tier1,aws-amplify/docs,23f0406663733992d4fb33405df34f1ef0cdd883,redirects.json,/lib-v1/datastore/data-access/q/platform/js,/gen1/javascript/prev/build-a-backend/more-features/datastore/manipulate-data,301,literal,true,"{""source"": ""/lib-v1/datastore/data-access/q/platform/js/"", ""status"": ""301"", ""target"": ""/gen1/javascript/prev/build-a-backend/more-features/datastore/manipulate-data/""}",/lib-v1/datastore/data-access/q/platform/js/,/gen1/javascript/prev/build-a-backend/more-features/datastore/manipulate-data/,
c66f2cfc37a038b3c8f1,aws_amplify_docs,tier1,aws-amplify/docs,23f0406663733992d4fb33405df34f1ef0cdd883,redirects.json,/start/getting-started/data-model/q/integration/next,/nextjs/start/getting-started/data-model,301,literal,true,"{""source"": ""/start/getting-started/data-model/q/integration/next/"", ""status"": ""301"", ""target"": ""/nextjs/start/getting-started/data-model/""}",/start/getting-started/data-model/q/integration/next/,/nextjs/start/getting-started/data-model/,
c6a82492831cb0954b22,aws_amplify_docs,tier1,aws-amplify/docs,23f0406663733992d4fb33405df34f1ef0cdd883,redirects.json,/lib-v1/analytics/autotrack/q/platform/flutter,/gen1/flutter/prev/build-a-backend/more-features/analytics/auto-track-sessions,301,literal,true,"{""source"": ""/lib-v1/analytics/autotrack/q/platform/flutter/"", ""status"": ""301"", ""target"": ""/gen1/flutter/prev/build-a-backend/more-features/analytics/auto-track-sessions/""}",/lib-v1/analytics/autotrack/q/platform/flutter/,/gen1/flutter/prev/build-a-backend/more-features/analytics/auto-track-sessions/,
c6de01f207c094512f27,terraform_website,tier1,hashicorp/terraform-website,93ec9cbdc3a120ffde18d1275339d0d6599cd9b3,redirects.js,/terraform/plugin/which-sdk,/terraform/plugin/framework-benefits,301,literal,true,"{""source"":""/terraform/plugin/which-sdk"",""destination"":""/terraform/plugin/framework-benefits"",""permanent"":true}",/terraform/plugin/which-sdk,/terraform/plugin/framework-benefits,
c701fa87fbf940ab106a,aws_amplify_docs,tier1,aws-amplify/docs,23f0406663733992d4fb33405df34f1ef0cdd883,redirects.json,/lib/pubsub/publish/q/platform/js,/javascript/build-a-backend/more-features/pubsub/publish,301,literal,true,"{""source"": ""/lib/pubsub/publish/q/platform/js/"", ""status"": ""301"", ""target"": ""/javascript/build-a-backend/more-features/pubsub/publish/""}",/lib/pubsub/publish/q/platform/js/,/javascript/build-a-backend/more-features/pubsub/publish/,
c73c396fefe2fb6a73ab,aws_amplify_docs,tier1,aws-amplify/docs,23f0406663733992d4fb33405df34f1ef0cdd883,redirects.json,/react/build-ui/forms,/react/build-ui/formbuilder,301,literal,true,"{""source"": ""/react/build-ui/forms/"", ""status"": ""301"", ""target"": ""/react/build-ui/formbuilder/""}",/react/build-ui/forms/,/react/build-ui/formbuilder/,
c78a5d353fa7935ed4ac,aws_amplify_docs,tier1,aws-amplify/docs,23f0406663733992d4fb33405df34f1ef0cdd883,redirects.json,/lib/in-app-messaging/identify-user/q/platform/react-native,/react-native/build-a-backend/more-features/in-app-messaging/identify-user,301,literal,true,"{""source"": ""/lib/in-app-messaging/identify-user/q/platform/react-native/"", ""status"": ""301"", ""target"": ""/react-native/build-a-backend/more-features/in-app-messaging/identify-user/""}",/lib/in-app-messaging/identify-user/q/platform/react-native/,/react-native/build-a-backend/more-features/in-app-messaging/identify-user/,
c7948e913a9277dfe482,aws_amplify_docs,tier1,aws-amplify/docs,23f0406663733992d4fb33405df34f1ef0cdd883,redirects.json,/lib-v1/graphqlapi/query-data/q/platform/react-native,/gen1/react-native/prev/build-a-backend/graphqlapi/query-data,301,literal,true,"{""source"": ""/lib-v1/graphqlapi/query-data/q/platform/react-native/"", ""status"": ""301"", ""target"": ""/gen1/react-native/prev/build-a-backend/graphqlapi/query-data/""}",/lib-v1/graphqlapi/query-data/q/platform/react-native/,/gen1/react-native/prev/build-a-backend/graphqlapi/query-data/,
c7cd32ebd8df66955c36,terraform_website,tier1,hashicorp/terraform-website,93ec9cbdc3a120ffde18d1275339d0d6599cd9b3,redirects.next.js,/docs/providers/ns1/r/:path*,/providers/ns1-terraform/ns1/latest/docs/resources/:path*,301,placeholder,false,"{""source"":""/docs/providers/ns1/r/:path*"",""destination"":""https://registry.terraform.io/providers/ns1-terraform/ns1/latest/docs/resources/:path*"",""permanent"":true}",/docs/providers/ns1/r/:path*,https://registry.terraform.io/providers/ns1-terraform/ns1/latest/docs/resources/:path*,
c7eef4db939ab7b257b2,aws_amplify_docs,tier1,aws-amplify/docs,23f0406663733992d4fb33405df34f1ef0cdd883,redirects.json,/sdk/auth/getting-started/q/platform/android,/android/sdk/auth/getting-started,301,literal,true,"{""source"": ""/sdk/auth/getting-started/q/platform/android/"", ""status"": ""301"", ""target"": ""/android/sdk/auth/getting-started/""}",/sdk/auth/getting-started/q/platform/android/,/android/sdk/auth/getting-started/,
c881de4b102fa8f52235,aws_amplify_docs,tier1,aws-amplify/docs,23f0406663733992d4fb33405df34f1ef0cdd883,redirects.json,/sdk/pubsub/working-api/q/platform/android,/android/sdk/pubsub/working-api,301,literal,true,"{""source"": ""/sdk/pubsub/working-api/q/platform/android/"", ""status"": ""301"", ""target"": ""/android/sdk/pubsub/working-api/""}",/sdk/pubsub/working-api/q/platform/android/,/android/sdk/pubsub/working-api/,
c8f3263e4976f0c94261,deno_docs,tier1,denoland/docs,3bc9f662c58db48d2b07ceaf5da2fa5587cfbf5f,oldurls.json,/examples/color-logging,/examples/color_logging,301,literal,true,/examples/color-logging -> /examples/color_logging,/examples/color-logging,/examples/color_logging,
c90e50bdc9b30a4f9c6e,flux_website,tier2,fluxcd/website,fbe28609d4c4773ba8b0c73fe65fe8e0b428d89c,static/_redirects,/flagger/usage/contour-progressive-delivery,/flagger/tutorials/contour-progressive-delivery,301,literal,true,/flagger/usage/contour-progressive-delivery     /flagger/tutorials/contour-progressive-delivery     301!,/flagger/usage/contour-progressive-delivery,/flagger/tutorials/contour-progressive-delivery,
c9109fb8e34f9db7bfa3,aws_amplify_docs,tier1,aws-amplify/docs,23f0406663733992d4fb33405df34f1ef0cdd883,redirects.json,/lib/storage/download/q/platform/react-native,/react-native/build-a-backend/storage/download,301,literal,true,"{""source"": ""/lib/storage/download/q/platform/react-native/"", ""status"": ""301"", ""target"": ""/react-native/build-a-backend/storage/download/""}",/lib/storage/download/q/platform/react-native/,/react-native/build-a-backend/storage/download/,
c9367981dcae587d250d,flux_website,tier2,fluxcd/website,fbe28609d4c4773ba8b0c73fe65fe8e0b428d89c,static/_redirects,/flagger/usage/kuma-progressive-delivery,/flagger/tutorials/kuma-progressive-delivery,301,literal,true,/flagger/usage/kuma-progressive-delivery        /flagger/tutorials/kuma-progressive-delivery        301!,/flagger/usage/kuma-progressive-delivery,/flagger/tutorials/kuma-progressive-delivery,
c93d32e33c9c52506732,aws_amplify_docs,tier1,aws-amplify/docs,23f0406663733992d4fb33405df34f1ef0cdd883,redirects.json,/gen1/flutter/prev/build-a-backend/graphqlapi/connect-api-to-existing-database,/gen1/flutter/prev/build-a-backend/graphqlapi/existing-resources,301,literal,true,"{""source"": ""/gen1/flutter/prev/build-a-backend/graphqlapi/connect-api-to-existing-database/"", ""status"": ""301"", ""target"": ""/gen1/flutter/prev/build-a-backend/graphqlapi/existing-resources/""}",/gen1/flutter/prev/build-a-backend/graphqlapi/connect-api-to-existing-database/,/gen1/flutter/prev/build-a-backend/graphqlapi/existing-resources/,
c9a875ae7bf67fd85704,aws_amplify_docs,tier1,aws-amplify/docs,23f0406663733992d4fb33405df34f1ef0cdd883,redirects.json,/lib/auth/social/q/platform/ios,/gen1/swift/build-a-backend/auth/add-social-provider,301,literal,true,"{""source"": ""/lib/auth/social/q/platform/ios/"", ""status"": ""301"", ""target"": ""/gen1/swift/build-a-backend/auth/add-social-provider/""}",/lib/auth/social/q/platform/ios/,/gen1/swift/build-a-backend/auth/add-social-provider/,
c9b74ecf8ed778b4ddc1,terraform_website,tier1,hashicorp/terraform-website,93ec9cbdc3a120ffde18d1275339d0d6599cd9b3,redirects.next.js,/docs/providers/auth0/guides/:path*,/providers/alexkappa/auth0/latest/docs/guides/:path*,301,placeholder,false,"{""source"":""/docs/providers/auth0/guides/:path*"",""destination"":""https://registry.terraform.io/providers/alexkappa/auth0/latest/docs/guides/:path*"",""permanent"":true}",/docs/providers/auth0/guides/:path*,https://registry.terraform.io/providers/alexkappa/auth0/latest/docs/guides/:path*,
ca15fd00b5efe90c7ee1,aws_amplify_docs,tier1,aws-amplify/docs,23f0406663733992d4fb33405df34f1ef0cdd883,redirects.json,/start/getting-started/nextsteps/q/integration/vue,/vue/start/getting-started/nextsteps,301,literal,true,"{""source"": ""/start/getting-started/nextsteps/q/integration/vue/"", ""status"": ""301"", ""target"": ""/vue/start/getting-started/nextsteps/""}",/start/getting-started/nextsteps/q/integration/vue/,/vue/start/getting-started/nextsteps/,
ca81eee904147abe8a97,aws_amplify_docs,tier1,aws-amplify/docs,23f0406663733992d4fb33405df34f1ef0cdd883,redirects.json,/[platform]/build-a-backend/push-notifications/push-notifications-migration-guide,/react/build-a-backend/push-notifications/push-notifications-migration-guide,301,wildcard,false,"{""source"": ""/[platform]/build-a-backend/push-notifications/push-notifications-migration-guide"", ""status"": ""301"", ""target"": ""/react/build-a-backend/push-notifications/push-notifications-migration-guide""}",/[platform]/build-a-backend/push-notifications/push-notifications-migration-guide,/react/build-a-backend/push-notifications/push-notifications-migration-guide,
caadcb1c941147bade18,astro_docs,tier2,withastro/docs,8e216293f74f38cc64db427622de74060403d5a8,public/_redirects,/:lang/core-concepts/routing,/:lang/guides/routing,301,placeholder,false,/:lang/core-concepts/routing                         /:lang/guides/routing/,/:lang/core-concepts/routing,/:lang/guides/routing/,
caeee2f8acef56ee222f,aws_amplify_docs,tier1,aws-amplify/docs,23f0406663733992d4fb33405df34f1ef0cdd883,redirects.json,/lib/auth/social/q/platform/flutter,/gen1/flutter/build-a-backend/auth/add-social-provider,301,literal,true,"{""source"": ""/lib/auth/social/q/platform/flutter/"", ""status"": ""301"", ""target"": ""/gen1/flutter/build-a-backend/auth/add-social-provider/""}",/lib/auth/social/q/platform/flutter/,/gen1/flutter/build-a-backend/auth/add-social-provider/,
caf7ff47ba5d4a6e9d0e,aws_amplify_docs,tier1,aws-amplify/docs,23f0406663733992d4fb33405df34f1ef0cdd883,redirects.json,/sdk/q/platform/ios,/swift/sdk,301,literal,true,"{""source"": ""/sdk/q/platform/ios/"", ""status"": ""301"", ""target"": ""/swift/sdk/""}",/sdk/q/platform/ios/,/swift/sdk/,
cb2a8b8eb9b6cf8d524c,aws_amplify_docs,tier1,aws-amplify/docs,23f0406663733992d4fb33405df34f1ef0cdd883,redirects.json,/guides/location-service/tracking-device-location/q/platform/android,/android/build-a-backend/more-features/geo/amazon-location-sdk,301,literal,true,"{""source"": ""/guides/location-service/tracking-device-location/q/platform/android/"", ""status"": ""301"", ""target"": ""/android/build-a-backend/more-features/geo/amazon-location-sdk/""}",/guides/location-service/tracking-device-location/q/platform/android/,/android/build-a-backend/more-features/geo/amazon-location-sdk/,
cbc338037dc534ba2478,aws_amplify_docs,tier1,aws-amplify/docs,23f0406663733992d4fb33405df34f1ef0cdd883,redirects.json,/lib-v1/datastore/conflict/q/platform/react,/gen1/react/prev/build-a-backend/more-features/datastore/conflict-resolution,301,literal,true,"{""source"": ""/lib-v1/datastore/conflict/q/platform/react/"", ""status"": ""301"", ""target"": ""/gen1/react/prev/build-a-backend/more-features/datastore/conflict-resolution/""}",/lib-v1/datastore/conflict/q/platform/react/,/gen1/react/prev/build-a-backend/more-features/datastore/conflict-resolution/,
cbfbf59e69b601627ff9,aws_amplify_docs,tier1,aws-amplify/docs,23f0406663733992d4fb33405df34f1ef0cdd883,redirects.json,/lib-v1/auth/existing-resources/q/platform/android,/gen1/android/prev/build-a-backend/auth/existing-resources,301,literal,true,"{""source"": ""/lib-v1/auth/existing-resources/q/platform/android/"", ""status"": ""301"", ""target"": ""/gen1/android/prev/build-a-backend/auth/existing-resources/""}",/lib-v1/auth/existing-resources/q/platform/android/,/gen1/android/prev/build-a-backend/auth/existing-resources/,
cc3aa0c5118784e72f14,aws_amplify_docs,tier1,aws-amplify/docs,23f0406663733992d4fb33405df34f1ef0cdd883,redirects.json,/lib/datastore/other-methods/q/platform/flutter,/flutter/build-a-backend/more-features/datastore/additional-methods,301,literal,true,"{""source"": ""/lib/datastore/other-methods/q/platform/flutter/"", ""status"": ""301"", ""target"": ""/flutter/build-a-backend/more-features/datastore/additional-methods/""}",/lib/datastore/other-methods/q/platform/flutter/,/flutter/build-a-backend/more-features/datastore/additional-methods/,
cc87b3dd144a32dffdd9,aws_amplify_docs,tier1,aws-amplify/docs,23f0406663733992d4fb33405df34f1ef0cdd883,redirects.json,/lib/predictions/identify-entity/q/platform/js,/javascript/build-a-backend/more-features/predictions/identify-entity,301,literal,true,"{""source"": ""/lib/predictions/identify-entity/q/platform/js/"", ""status"": ""301"", ""target"": ""/javascript/build-a-backend/more-features/predictions/identify-entity/""}",/lib/predictions/identify-entity/q/platform/js/,/javascript/build-a-backend/more-features/predictions/identify-entity/,
cc8cdb48f3e182027545,aws_amplify_docs,tier1,aws-amplify/docs,23f0406663733992d4fb33405df34f1ef0cdd883,redirects.json,/lib/restapi/fetch/q/platform/ios,/swift/build-a-backend/restapi/fetch-data,301,literal,true,"{""source"": ""/lib/restapi/fetch/q/platform/ios/"", ""status"": ""301"", ""target"": ""/swift/build-a-backend/restapi/fetch-data/""}",/lib/restapi/fetch/q/platform/ios/,/swift/build-a-backend/restapi/fetch-data/,
cccb8d584e9a1988eba4,aws_amplify_docs,tier1,aws-amplify/docs,23f0406663733992d4fb33405df34f1ef0cdd883,redirects.json,/[platform]/build-a-backend/more-features/datastore/conflict-resolution,/react/build-a-backend/more-features/datastore/conflict-resolution,301,wildcard,false,"{""source"": ""/[platform]/build-a-backend/more-features/datastore/conflict-resolution"", ""status"": ""301"", ""target"": ""/react/build-a-backend/more-features/datastore/conflict-resolution""}",/[platform]/build-a-backend/more-features/datastore/conflict-resolution,/react/build-a-backend/more-features/datastore/conflict-resolution,
ccd4a6d79b71224f63c2,aws_amplify_docs,tier1,aws-amplify/docs,23f0406663733992d4fb33405df34f1ef0cdd883,redirects.json,/lib/storage/escapehatch/q/platform/vue,/vue/build-a-backend/storage,301,literal,true,"{""source"": ""/lib/storage/escapehatch/q/platform/vue/"", ""status"": ""301"", ""target"": ""/vue/build-a-backend/storage/""}",/lib/storage/escapehatch/q/platform/vue/,/vue/build-a-backend/storage/,
ccf18d3c57d2eadd5639,astro_docs,tier2,withastro/docs,8e216293f74f38cc64db427622de74060403d5a8,public/_redirects,/:lang/core-concepts/sharing-state,/:lang/recipes/sharing-state-islands,301,placeholder,false,/:lang/core-concepts/sharing-state                   /:lang/recipes/sharing-state-islands/,/:lang/core-concepts/sharing-state,/:lang/recipes/sharing-state-islands/,
cd5c9c139b05a5469251,flux_website,tier2,fluxcd/website,fbe28609d4c4773ba8b0c73fe65fe8e0b428d89c,static/_redirects,/flagger/usage/crossover-progressive-delivery,/flagger/tutorials/crossover-progressive-delivery,301,literal,true,/flagger/usage/crossover-progressive-delivery   /flagger/tutorials/crossover-progressive-delivery   301!,/flagger/usage/crossover-progressive-delivery,/flagger/tutorials/crossover-progressive-delivery,
cd7ef10e8273fbacbcdb,astro_docs,tier2,withastro/docs,8e216293f74f38cc64db427622de74060403d5a8,public/_redirects,/:lang/reference/components-reference,/:lang/guides/syntax-highlighting,301,placeholder,false,/:lang/reference/components-reference/               /:lang/guides/syntax-highlighting/,/:lang/reference/components-reference/,/:lang/guides/syntax-highlighting/,
cde6d017556e6c88e18f,aws_amplify_docs,tier1,aws-amplify/docs,23f0406663733992d4fb33405df34f1ef0cdd883,redirects.json,/<platform>/build-a-backend/more-features/<page>,/gen1/<platform>/build-a-backend/more-features/<page>,301,placeholder,false,"{""source"": ""/<platform>/build-a-backend/more-features/<page>/"", ""status"": ""301"", ""target"": ""/gen1/<platform>/build-a-backend/more-features/<page>/""}",/<platform>/build-a-backend/more-features/<page>/,/gen1/<platform>/build-a-backend/more-features/<page>/,
ce1b763407b877941de0,aws_amplify_docs,tier1,aws-amplify/docs,23f0406663733992d4fb33405df34f1ef0cdd883,redirects.json,/[platform]/prev/build-a-backend/more-features/datastore/how-it-works,/gen1/react/prev/build-a-backend/more-features/datastore/how-it-works,301,wildcard,false,"{""source"": ""/[platform]/prev/build-a-backend/more-features/datastore/how-it-works"", ""status"": ""301"", ""target"": ""/gen1/react/prev/build-a-backend/more-features/datastore/how-it-works""}",/[platform]/prev/build-a-backend/more-features/datastore/how-it-works,/gen1/react/prev/build-a-backend/more-features/datastore/how-it-works,
ce8731bc92626cc0f2f6,astro_docs,tier2,withastro/docs,8e216293f74f38cc64db427622de74060403d5a8,public/_redirects,/:lang/core-concepts/astro-syntax,/:lang/basics/astro-syntax,301,placeholder,false,/:lang/core-concepts/astro-syntax                    /:lang/basics/astro-syntax/,/:lang/core-concepts/astro-syntax,/:lang/basics/astro-syntax/,
cea1856d74f0067fe243,aws_amplify_docs,tier1,aws-amplify/docs,23f0406663733992d4fb33405df34f1ef0cdd883,redirects.json,/lib-v1/restapi/fetch/q/platform/android,/gen1/android/prev/build-a-backend/restapi/fetch-data,301,literal,true,"{""source"": ""/lib-v1/restapi/fetch/q/platform/android/"", ""status"": ""301"", ""target"": ""/gen1/android/prev/build-a-backend/restapi/fetch-data/""}",/lib-v1/restapi/fetch/q/platform/android/,/gen1/android/prev/build-a-backend/restapi/fetch-data/,
cecb74e208db9e6773d0,aws_amplify_docs,tier1,aws-amplify/docs,23f0406663733992d4fb33405df34f1ef0cdd883,redirects.json,/cli/commands/notifications,/javascript/tools/cli/commands,301,literal,true,"{""source"": ""/cli/commands/notifications/"", ""status"": ""301"", ""target"": ""/javascript/tools/cli/commands/#notifications""}",/cli/commands/notifications/,/javascript/tools/cli/commands/#notifications,
cee0a9c74d60bc66cfbc,terraform_website,tier1,hashicorp/terraform-website,93ec9cbdc3a120ffde18d1275339d0d6599cd9b3,redirects.next.js,/cloud-docs/workspaces/settings/health-assessments,/cloud-docs/workspaces/health,301,literal,true,"{""source"":""/cloud-docs/workspaces/settings/health-assessments"",""destination"":""/cloud-docs/workspaces/health"",""permanent"":true}",/cloud-docs/workspaces/settings/health-assessments,/cloud-docs/workspaces/health,
cefafbb7c6764b4aa70b,terraform_website,tier1,hashicorp/terraform-website,93ec9cbdc3a120ffde18d1275339d0d6599cd9b3,redirects.next.js,/docs/providers/cloudflare/d/:path*,/providers/cloudflare/cloudflare/latest/docs/data-sources/:path*,301,placeholder,false,"{""source"":""/docs/providers/cloudflare/d/:path*"",""destination"":""https://registry.terraform.io/providers/cloudflare/cloudflare/latest/docs/data-sources/:path*"",""permanent"":true}",/docs/providers/cloudflare/d/:path*,https://registry.terraform.io/providers/cloudflare/cloudflare/latest/docs/data-sources/:path*,
cf375020f2c1eacb5499,terraform_website,tier1,hashicorp/terraform-website,93ec9cbdc3a120ffde18d1275339d0d6599cd9b3,redirects.js,/terraform/plugin/framework/writing-state,/terraform/plugin/framework/handling-data/writing-state,301,literal,true,"{""source"":""/terraform/plugin/framework/writing-state"",""destination"":""/terraform/plugin/framework/handling-data/writing-state"",""permanent"":true}",/terraform/plugin/framework/writing-state,/terraform/plugin/framework/handling-data/writing-state,
cf661b41515be95454c9,aws_amplify_docs,tier1,aws-amplify/docs,23f0406663733992d4fb33405df34f1ef0cdd883,redirects.json,/cli/auth/admin,/javascript/build-a-backend/auth/admin-actions,301,literal,true,"{""source"": ""/cli/auth/admin/"", ""status"": ""301"", ""target"": ""/javascript/build-a-backend/auth/admin-actions/""}",/cli/auth/admin/,/javascript/build-a-backend/auth/admin-actions/,
cfbbdae0f2f7a48286a4,aws_amplify_docs,tier1,aws-amplify/docs,23f0406663733992d4fb33405df34f1ef0cdd883,redirects.json,/lib/storage/getting-started,/javascript/build-a-backend/storage,301,literal,true,"{""source"": ""/lib/storage/getting-started?platform=js"", ""status"": ""301"", ""target"": ""/javascript/build-a-backend/storage/""}",/lib/storage/getting-started?platform=js,/javascript/build-a-backend/storage/,
cfbc9bd0bb9c444b61bf,terraform_website,tier1,hashicorp/terraform-website,93ec9cbdc3a120ffde18d1275339d0d6599cd9b3,redirects.next.js,/docs/providers/vcd/guides/:path*,/providers/vmware/vcd/latest/docs/guides/:path*,301,placeholder,false,"{""source"":""/docs/providers/vcd/guides/:path*"",""destination"":""https://registry.terraform.io/providers/vmware/vcd/latest/docs/guides/:path*"",""permanent"":true}",/docs/providers/vcd/guides/:path*,https://registry.terraform.io/providers/vmware/vcd/latest/docs/guides/:path*,
cfd0fb3747d186f8097b,aws_amplify_docs,tier1,aws-amplify/docs,23f0406663733992d4fb33405df34f1ef0cdd883,redirects.json,/lib-v1/auth/signOut,/gen1/react/prev/build-a-backend/auth/enable-sign-up,301,literal,true,"{""source"": ""/lib-v1/auth/signOut"", ""status"": ""301"", ""target"": ""/gen1/react/prev/build-a-backend/auth/enable-sign-up/""}",/lib-v1/auth/signOut,/gen1/react/prev/build-a-backend/auth/enable-sign-up/,
cff14cd68940ac50810d,aws_amplify_docs,tier1,aws-amplify/docs,23f0406663733992d4fb33405df34f1ef0cdd883,redirects.json,/lib-v1/auth/mfa/q/platform/js,/gen1/javascript/prev/build-a-backend/auth/manage-mfa,301,literal,true,"{""source"": ""/lib-v1/auth/mfa/q/platform/js/"", ""status"": ""301"", ""target"": ""/gen1/javascript/prev/build-a-backend/auth/manage-mfa/""}",/lib-v1/auth/mfa/q/platform/js/,/gen1/javascript/prev/build-a-backend/auth/manage-mfa/,
d0443243c489a2bd5637,terraform_website,tier1,hashicorp/terraform-website,93ec9cbdc3a120ffde18d1275339d0d6599cd9b3,redirects.next.js,/docs/providers/docker(/index.html),/providers/kreuzwerker/docker/latest/docs,301,wildcard,false,"{""source"":""/docs/providers/docker(/index.html)?"",""destination"":""https://registry.terraform.io/providers/kreuzwerker/docker/latest/docs"",""permanent"":true}",/docs/providers/docker(/index.html)?,https://registry.terraform.io/providers/kreuzwerker/docker/latest/docs,
d06115ac0c75837d1749,aws_amplify_docs,tier1,aws-amplify/docs,23f0406663733992d4fb33405df34f1ef0cdd883,redirects.json,/lib/auth/signin_with_custom_flow/q/platform/flutter,/flutter/build-a-backend/auth/sign-in-custom-flow,301,literal,true,"{""source"": ""/lib/auth/signin_with_custom_flow/q/platform/flutter/"", ""status"": ""301"", ""target"": ""/flutter/build-a-backend/auth/sign-in-custom-flow/""}",/lib/auth/signin_with_custom_flow/q/platform/flutter/,/flutter/build-a-backend/auth/sign-in-custom-flow/,
d07bba36a76c86531a30,aws_amplify_docs,tier1,aws-amplify/docs,23f0406663733992d4fb33405df34f1ef0cdd883,redirects.json,/lib/graphqlapi/concepts/q/platform/js,/gen1/javascript/prev/build-a-backend/graphqlapi/api-graphql-concepts,301,literal,true,"{""source"": ""/lib/graphqlapi/concepts/q/platform/js/"", ""status"": ""301"", ""target"": ""/gen1/javascript/prev/build-a-backend/graphqlapi/api-graphql-concepts/""}",/lib/graphqlapi/concepts/q/platform/js/,/gen1/javascript/prev/build-a-backend/graphqlapi/api-graphql-concepts/,
d07f42090aed295a4cc7,aws_amplify_docs,tier1,aws-amplify/docs,23f0406663733992d4fb33405df34f1ef0cdd883,redirects.json,/[platform]/prev/build-a-backend/more-features/analytics/data-usage-policy,/gen1/react/prev/build-a-backend/more-features/analytics/data-usage-policy,301,wildcard,false,"{""source"": ""/[platform]/prev/build-a-backend/more-features/analytics/data-usage-policy"", ""status"": ""301"", ""target"": ""/gen1/react/prev/build-a-backend/more-features/analytics/data-usage-policy""}",/[platform]/prev/build-a-backend/more-features/analytics/data-usage-policy,/gen1/react/prev/build-a-backend/more-features/analytics/data-usage-policy,
d0915a540e635839ec34,aws_amplify_docs,tier1,aws-amplify/docs,23f0406663733992d4fb33405df34f1ef0cdd883,redirects.json,/cli/function/env-vars,/javascript/build-a-backend/functions/environment-variables,301,literal,true,"{""source"": ""/cli/function/env-vars/"", ""status"": ""301"", ""target"": ""/javascript/build-a-backend/functions/environment-variables/""}",/cli/function/env-vars/,/javascript/build-a-backend/functions/environment-variables/,
d0d9adb8134ce204c633,aws_amplify_docs,tier1,aws-amplify/docs,23f0406663733992d4fb33405df34f1ef0cdd883,redirects.json,/<platform>/build-a-backend/graphqlapi/<page>,/gen1/<platform>/build-a-backend/graphqlapi/<page>,301,placeholder,false,"{""source"": ""/<platform>/build-a-backend/graphqlapi/<page>/"", ""status"": ""301"", ""target"": ""/gen1/<platform>/build-a-backend/graphqlapi/<page>/""}",/<platform>/build-a-backend/graphqlapi/<page>/,/gen1/<platform>/build-a-backend/graphqlapi/<page>/,
d188c210500ca8129824,terraform_website,tier1,hashicorp/terraform-website,93ec9cbdc3a120ffde18d1275339d0d6599cd9b3,redirects.next.js,/language/upgrade-guides/0-9,/language/v1.1.x/upgrade-guides/0-9,301,literal,true,"{""source"":""/language/upgrade-guides/0-9"",""destination"":""/language/v1.1.x/upgrade-guides/0-9"",""permanent"":true}",/language/upgrade-guides/0-9,/language/v1.1.x/upgrade-guides/0-9,
d1b8b8c8016e1752ea1a,aws_amplify_docs,tier1,aws-amplify/docs,23f0406663733992d4fb33405df34f1ef0cdd883,redirects.json,/lib/devpreview/getting-started/q/platform/ios,/swift/start/project-setup/upgrade-guide,301,literal,true,"{""source"": ""/lib/devpreview/getting-started/q/platform/ios/"", ""status"": ""301"", ""target"": ""/swift/start/project-setup/upgrade-guide""}",/lib/devpreview/getting-started/q/platform/ios/,/swift/start/project-setup/upgrade-guide,
d1d0b6289f74c4672c8f,aws_amplify_docs,tier1,aws-amplify/docs,23f0406663733992d4fb33405df34f1ef0cdd883,redirects.json,/lib/auth/sms_flows/q/platform/ios,/swift/build-a-backend/auth/add-sms-flows,301,literal,true,"{""source"": ""/lib/auth/sms_flows/q/platform/ios/"", ""status"": ""301"", ""target"": ""/swift/build-a-backend/auth/add-sms-flows/""}",/lib/auth/sms_flows/q/platform/ios/,/swift/build-a-backend/auth/add-sms-flows/,
d1e4955f1ff867314aa1,aws_amplify_docs,tier1,aws-amplify/docs,23f0406663733992d4fb33405df34f1ef0cdd883,redirects.json,/lib-v1/analytics/identifyuser/q/platform/ios,/gen1/swift/prev/build-a-backend/more-features/analytics/identify-user,301,literal,true,"{""source"": ""/lib-v1/analytics/identifyuser/q/platform/ios/"", ""status"": ""301"", ""target"": ""/gen1/swift/prev/build-a-backend/more-features/analytics/identify-user/""}",/lib-v1/analytics/identifyuser/q/platform/ios/,/gen1/swift/prev/build-a-backend/more-features/analytics/identify-user/,
d2199dcc480a83f0b46a,terraform_website,tier1,hashicorp/terraform-website,93ec9cbdc3a120ffde18d1275339d0d6599cd9b3,redirects.next.js,/docs/providers/profitbricks/guides/:path*,/providers/ionos-cloud/profitbricks/latest/docs/guides/:path*,301,placeholder,false,"{""source"":""/docs/providers/profitbricks/guides/:path*"",""destination"":""https://registry.terraform.io/providers/ionos-cloud/profitbricks/latest/docs/guides/:path*"",""permanent"":true}",/docs/providers/profitbricks/guides/:path*,https://registry.terraform.io/providers/ionos-cloud/profitbricks/latest/docs/guides/:path*,
d21d9b701e7f19676318,terraform_website,tier1,hashicorp/terraform-website,93ec9cbdc3a120ffde18d1275339d0d6599cd9b3,redirects.next.js,/docs/providers/consul/d/:path*,/providers/hashicorp/consul/latest/docs/data-sources/:path*,301,placeholder,false,"{""source"":""/docs/providers/consul/d/:path*"",""destination"":""https://registry.terraform.io/providers/hashicorp/consul/latest/docs/data-sources/:path*"",""permanent"":true}",/docs/providers/consul/d/:path*,https://registry.terraform.io/providers/hashicorp/consul/latest/docs/data-sources/:path*,
d226e79590a4579fc5ff,aws_amplify_docs,tier1,aws-amplify/docs,23f0406663733992d4fb33405df34f1ef0cdd883,redirects.json,/lib-v1/restapi/update/q/platform/ios,/gen1/swift/prev/build-a-backend/restapi/update-data,301,literal,true,"{""source"": ""/lib-v1/restapi/update/q/platform/ios/"", ""status"": ""301"", ""target"": ""/gen1/swift/prev/build-a-backend/restapi/update-data/""}",/lib-v1/restapi/update/q/platform/ios/,/gen1/swift/prev/build-a-backend/restapi/update-data/,
d2aa4bea3473b3cc656d,aws_amplify_docs,tier1,aws-amplify/docs,23f0406663733992d4fb33405df34f1ef0cdd883,redirects.json,/console/formbuilder/validations,/javascript/build-ui/formbuilder/validations,301,literal,true,"{""source"": ""/console/formbuilder/validations/"", ""status"": ""301"", ""target"": ""/javascript/build-ui/formbuilder/validations/""}",/console/formbuilder/validations/,/javascript/build-ui/formbuilder/validations/,
d2bd07b0530f45703660,aws_amplify_docs,tier1,aws-amplify/docs,23f0406663733992d4fb33405df34f1ef0cdd883,redirects.json,/lib-v1/in-app-messaging/display-message/q/platform/js,/gen1/javascript/prev/build-a-backend/more-features/in-app-messaging/display-messages,301,literal,true,"{""source"": ""/lib-v1/in-app-messaging/display-message/q/platform/js/"", ""status"": ""301"", ""target"": ""/gen1/javascript/prev/build-a-backend/more-features/in-app-messaging/display-messages/""}",/lib-v1/in-app-messaging/display-message/q/platform/js/,/gen1/javascript/prev/build-a-backend/more-features/in-app-messaging/display-messages/,
d2d129801b6367623527,aws_amplify_docs,tier1,aws-amplify/docs,23f0406663733992d4fb33405df34f1ef0cdd883,redirects.json,/cli/geo/maps,/javascript/build-a-backend/more-features/geo/configure-maps,301,literal,true,"{""source"": ""/cli/geo/maps/"", ""status"": ""301"", ""target"": ""/javascript/build-a-backend/more-features/geo/configure-maps/""}",/cli/geo/maps/,/javascript/build-a-backend/more-features/geo/configure-maps/,
d2ecb729cf3c82312532,aws_amplify_docs,tier1,aws-amplify/docs,23f0406663733992d4fb33405df34f1ef0cdd883,redirects.json,/cli/usage/permissions-boundary,/javascript/tools/cli/project/permissions-boundary,301,literal,true,"{""source"": ""/cli/usage/permissions-boundary/"", ""status"": ""301"", ""target"": ""/javascript/tools/cli/project/permissions-boundary/""}",/cli/usage/permissions-boundary/,/javascript/tools/cli/project/permissions-boundary/,
d3069513903a3a296085,aws_amplify_docs,tier1,aws-amplify/docs,23f0406663733992d4fb33405df34f1ef0cdd883,redirects.json,/guides,/react/build-a-backend,301,literal,true,"{""source"": ""/guides/"", ""status"": ""301"", ""target"": ""/react/build-a-backend/""}",/guides/,/react/build-a-backend/,
d341db7eec1c28b8f1c2,aws_amplify_docs,tier1,aws-amplify/docs,23f0406663733992d4fb33405df34f1ef0cdd883,redirects.json,/cli/geo/search,/javascript/build-a-backend/more-features/geo/configure-location-search,301,literal,true,"{""source"": ""/cli/geo/search/"", ""status"": ""301"", ""target"": ""/javascript/build-a-backend/more-features/geo/configure-location-search/""}",/cli/geo/search/,/javascript/build-a-backend/more-features/geo/configure-location-search/,
d37c167f2c430c2034d9,aws_amplify_docs,tier1,aws-amplify/docs,23f0406663733992d4fb33405df34f1ef0cdd883,redirects.json,/<platform>/build-a-backend/auth/existing-resources,/gen1/<platform>/build-a-backend/auth/existing-resources,301,placeholder,false,"{""source"": ""/<platform>/build-a-backend/auth/existing-resources/"", ""status"": ""301"", ""target"": ""/gen1/<platform>/build-a-backend/auth/existing-resources/""}",/<platform>/build-a-backend/auth/existing-resources/,/gen1/<platform>/build-a-backend/auth/existing-resources/,
d3b0db7ec1160c3636e7,aws_amplify_docs,tier1,aws-amplify/docs,23f0406663733992d4fb33405df34f1ef0cdd883,redirects.json,/lib/troubleshooting/upgrading/q/platform/js,/javascript/build-a-backend/troubleshooting/upgrade-amplify-packages,301,literal,true,"{""source"": ""/lib/troubleshooting/upgrading/q/platform/js/"", ""status"": ""301"", ""target"": ""/javascript/build-a-backend/troubleshooting/upgrade-amplify-packages/""}",/lib/troubleshooting/upgrading/q/platform/js/,/javascript/build-a-backend/troubleshooting/upgrade-amplify-packages/,
d3c2f14ed27508417f6d,aws_amplify_docs,tier1,aws-amplify/docs,23f0406663733992d4fb33405df34f1ef0cdd883,redirects.json,/lib/storage/list/q/platform/android,/android/build-a-backend/storage/list,301,literal,true,"{""source"": ""/lib/storage/list/q/platform/android/"", ""status"": ""301"", ""target"": ""/android/build-a-backend/storage/list/""}",/lib/storage/list/q/platform/android/,/android/build-a-backend/storage/list/,
d3ef8697b6d3ccafff29,aws_amplify_docs,tier1,aws-amplify/docs,23f0406663733992d4fb33405df34f1ef0cdd883,redirects.json,/cli/project/troubleshooting,/javascript/tools/cli/project/troubleshooting,301,literal,true,"{""source"": ""/cli/project/troubleshooting/"", ""status"": ""301"", ""target"": ""/javascript/tools/cli/project/troubleshooting/""}",/cli/project/troubleshooting/,/javascript/tools/cli/project/troubleshooting/,
d3f5afdc94a2428c11f0,aws_amplify_docs,tier1,aws-amplify/docs,23f0406663733992d4fb33405df34f1ef0cdd883,redirects.json,/cli/commands/export,/javascript/tools/cli/commands,301,literal,true,"{""source"": ""/cli/commands/export/"", ""status"": ""301"", ""target"": ""/javascript/tools/cli/commands/#export""}",/cli/commands/export/,/javascript/tools/cli/commands/#export,
d3fa82e22d744c4b6487,flux_website,tier2,fluxcd/website,fbe28609d4c4773ba8b0c73fe65fe8e0b428d89c,static/_redirects,/flux/guides/monitoring,/flux/monitoring/metrics,301,literal,true,/flux/guides/monitoring                         /flux/monitoring/metrics                            301!,/flux/guides/monitoring,/flux/monitoring/metrics,
d41c8ef9c08c5f63aa2b,flux_website,tier2,fluxcd/website,fbe28609d4c4773ba8b0c73fe65fe8e0b428d89c,static/_redirects,/docs/contributing/docs/hugo-shortcodes,/flux/contributing/docs/writing-docs,301,literal,true,/docs/contributing/docs/hugo-shortcodes         /flux/contributing/docs/writing-docs                301!,/docs/contributing/docs/hugo-shortcodes,/flux/contributing/docs/writing-docs,
d4603a3e60d50dca1f5f,aws_amplify_docs,tier1,aws-amplify/docs,23f0406663733992d4fb33405df34f1ef0cdd883,redirects.json,/guides/datastore/parallel-processing/q/platform/ios,/gen1/swift/prev/build-a-backend/more-features/datastore,301,literal,true,"{""source"": ""/guides/datastore/parallel-processing/q/platform/ios/"", ""status"": ""301"", ""target"": ""/gen1/swift/prev/build-a-backend/more-features/datastore/""}",/guides/datastore/parallel-processing/q/platform/ios/,/gen1/swift/prev/build-a-backend/more-features/datastore/,
d48972aa2f702607ca88,aws_amplify_docs,tier1,aws-amplify/docs,23f0406663733992d4fb33405df34f1ef0cdd883,redirects.json,/cli/migration/cli-auth-signup-changes,/javascript/tools/cli/migration/cli-auth-signup-changes,301,literal,true,"{""source"": ""/cli/migration/cli-auth-signup-changes/"", ""status"": ""301"", ""target"": ""/javascript/tools/cli/migration/cli-auth-signup-changes/""}",/cli/migration/cli-auth-signup-changes/,/javascript/tools/cli/migration/cli-auth-signup-changes/,
d57fd5228b65e9112633,aws_amplify_docs,tier1,aws-amplify/docs,23f0406663733992d4fb33405df34f1ef0cdd883,redirects.json,/cli/commands/import,/javascript/tools/cli/commands,301,literal,true,"{""source"": ""/cli/commands/import/"", ""status"": ""301"", ""target"": ""/javascript/tools/cli/commands/#import""}",/cli/commands/import/,/javascript/tools/cli/commands/#import,
d580302b005cdd7c10e7,aws_amplify_docs,tier1,aws-amplify/docs,23f0406663733992d4fb33405df34f1ef0cdd883,redirects.json,/lib-v1/utilities/cache/q/platform/react-native,/gen1/react-native/prev/build-a-backend/utilities/cache,301,literal,true,"{""source"": ""/lib-v1/utilities/cache/q/platform/react-native/"", ""status"": ""301"", ""target"": ""/gen1/react-native/prev/build-a-backend/utilities/cache/""}",/lib-v1/utilities/cache/q/platform/react-native/,/gen1/react-native/prev/build-a-backend/utilities/cache/,
d5b2fd9caeaab9161bc8,aws_amplify_docs,tier1,aws-amplify/docs,23f0406663733992d4fb33405df34f1ef0cdd883,redirects.json,/[platform]/build-a-backend/more-features,/react/build-a-backend/more-features,301,wildcard,false,"{""source"": ""/[platform]/build-a-backend/more-features"", ""status"": ""301"", ""target"": ""/react/build-a-backend/more-features""}",/[platform]/build-a-backend/more-features,/react/build-a-backend/more-features,
d5e70f4a13003de38550,deno_docs,tier1,denoland/docs,3bc9f662c58db48d2b07ceaf5da2fa5587cfbf5f,oldurls.json,/deploy/tutorials/vite,/examples/react_tutorial,301,literal,true,/deploy/tutorials/vite/ -> /examples/react_tutorial/,/deploy/tutorials/vite/,/examples/react_tutorial/,
d6159b8c2a34f9f5f70c,aws_amplify_docs,tier1,aws-amplify/docs,23f0406663733992d4fb33405df34f1ef0cdd883,redirects.json,/lib/predictions/interpret/q/platform/react-native,/react-native/build-a-backend/more-features/predictions/interpret-sentiment,301,literal,true,"{""source"": ""/lib/predictions/interpret/q/platform/react-native/"", ""status"": ""301"", ""target"": ""/react-native/build-a-backend/more-features/predictions/interpret-sentiment/""}",/lib/predictions/interpret/q/platform/react-native/,/react-native/build-a-backend/more-features/predictions/interpret-sentiment/,
d61813d88d8f569b5a9c,aws_amplify_docs,tier1,aws-amplify/docs,23f0406663733992d4fb33405df34f1ef0cdd883,redirects.json,/react/build-a-backend/data/connect-existing-data,/react/build-a-backend/data/connect-to-existing-data-sources,301,literal,true,"{""source"": ""/react/build-a-backend/data/connect-existing-data/"", ""status"": ""301"", ""target"": ""/react/build-a-backend/data/connect-to-existing-data-sources/""}",/react/build-a-backend/data/connect-existing-data/,/react/build-a-backend/data/connect-to-existing-data-sources/,
d62aadeeb4417f96e0c3,aws_amplify_docs,tier1,aws-amplify/docs,23f0406663733992d4fb33405df34f1ef0cdd883,redirects.json,/lib-v1/analytics/enable-disable/q/platform/flutter,/gen1/flutter/prev/build-a-backend/more-features/analytics/enable-disable,301,literal,true,"{""source"": ""/lib-v1/analytics/enable-disable/q/platform/flutter/"", ""status"": ""301"", ""target"": ""/gen1/flutter/prev/build-a-backend/more-features/analytics/enable-disable/""}",/lib-v1/analytics/enable-disable/q/platform/flutter/,/gen1/flutter/prev/build-a-backend/more-features/analytics/enable-disable/,
d66ba715490e4ed92222,aws_amplify_docs,tier1,aws-amplify/docs,23f0406663733992d4fb33405df34f1ef0cdd883,redirects.json,/lib-v1/predictions/interpret/q/platform/js,/gen1/javascript/prev/build-a-backend/more-features/predictions/interpret-sentiment,301,literal,true,"{""source"": ""/lib-v1/predictions/interpret/q/platform/js/"", ""status"": ""301"", ""target"": ""/gen1/javascript/prev/build-a-backend/more-features/predictions/interpret-sentiment/""}",/lib-v1/predictions/interpret/q/platform/js/,/gen1/javascript/prev/build-a-backend/more-features/predictions/interpret-sentiment/,
d68dbdee60b6fbaee602,flux_website,tier2,fluxcd/website,fbe28609d4c4773ba8b0c73fe65fe8e0b428d89c,static/_redirects,/flux/installation/configuration/boostrap-customization,/flux/installation/configuration/bootstrap-customization,301,literal,true,/flux/installation/configuration/boostrap-customization/  /flux/installation/configuration/bootstrap-customization/ 301!,/flux/installation/configuration/boostrap-customization/,/flux/installation/configuration/bootstrap-customization/,
d69d724c4476a11872e3,aws_amplify_docs,tier1,aws-amplify/docs,23f0406663733992d4fb33405df34f1ef0cdd883,redirects.json,/[platform]/build-a-backend/more-features/analytics/app-uninstall,/react/build-a-backend/more-features/analytics/app-uninstall,301,wildcard,false,"{""source"": ""/[platform]/build-a-backend/more-features/analytics/app-uninstall"", ""status"": ""301"", ""target"": ""/react/build-a-backend/more-features/analytics/app-uninstall""}",/[platform]/build-a-backend/more-features/analytics/app-uninstall,/react/build-a-backend/more-features/analytics/app-uninstall,
d6f1d673eb7516ae7676,aws_amplify_docs,tier1,aws-amplify/docs,23f0406663733992d4fb33405df34f1ef0cdd883,redirects.json,/migrate-to-gen2,/react/start/migrate-to-gen2,301,literal,true,"{""source"": ""/migrate-to-gen2/"", ""status"": ""301"", ""target"": ""/react/start/migrate-to-gen2/""}",/migrate-to-gen2/,/react/start/migrate-to-gen2/,
d74288c9f9349a7f943d,aws_amplify_docs,tier1,aws-amplify/docs,23f0406663733992d4fb33405df34f1ef0cdd883,redirects.json,/lib/auth/getting-started,/react/build-a-backend/auth,301,literal,true,"{""source"": ""/lib/auth/getting-started/"", ""status"": ""301"", ""target"": ""/react/build-a-backend/auth/""}",/lib/auth/getting-started/,/react/build-a-backend/auth/,
d753997a344fcf366308,terraform_website,tier1,hashicorp/terraform-website,93ec9cbdc3a120ffde18d1275339d0d6599cd9b3,redirects.next.js,/docs/providers/vault(/index.html),/providers/hashicorp/vault/latest/docs,301,wildcard,false,"{""source"":""/docs/providers/vault(/index.html)?"",""destination"":""https://registry.terraform.io/providers/hashicorp/vault/latest/docs"",""permanent"":true}",/docs/providers/vault(/index.html)?,https://registry.terraform.io/providers/hashicorp/vault/latest/docs,
d7ec38d7ce71f6c3bda1,aws_amplify_docs,tier1,aws-amplify/docs,23f0406663733992d4fb33405df34f1ef0cdd883,redirects.json,/lib-v1/datastore/sync/q/platform/flutter,/gen1/flutter/prev/build-a-backend/more-features/datastore/sync-to-cloud,301,literal,true,"{""source"": ""/lib-v1/datastore/sync/q/platform/flutter/"", ""status"": ""301"", ""target"": ""/gen1/flutter/prev/build-a-backend/more-features/datastore/sync-to-cloud/""}",/lib-v1/datastore/sync/q/platform/flutter/,/gen1/flutter/prev/build-a-backend/more-features/datastore/sync-to-cloud/,
d839258d099e162d2c8c,terraform_website,tier1,hashicorp/terraform-website,93ec9cbdc3a120ffde18d1275339d0d6599cd9b3,redirects.next.js,/docs/providers/cloudinit/r/:path*,/providers/hashicorp/cloudinit/latest/docs/resources/:path*,301,placeholder,false,"{""source"":""/docs/providers/cloudinit/r/:path*"",""destination"":""https://registry.terraform.io/providers/hashicorp/cloudinit/latest/docs/resources/:path*"",""permanent"":true}",/docs/providers/cloudinit/r/:path*,https://registry.terraform.io/providers/hashicorp/cloudinit/latest/docs/resources/:path*,
d86132328d8e3772de0c,aws_amplify_docs,tier1,aws-amplify/docs,23f0406663733992d4fb33405df34f1ef0cdd883,redirects.json,/lib/restapi/existing-resources/q/platform/ios,/swift/build-a-backend/restapi/existing-resources,301,literal,true,"{""source"": ""/lib/restapi/existing-resources/q/platform/ios/"", ""status"": ""301"", ""target"": ""/swift/build-a-backend/restapi/existing-resources/""}",/lib/restapi/existing-resources/q/platform/ios/,/swift/build-a-backend/restapi/existing-resources/,
d871f021116ecb03c0e5,aws_amplify_docs,tier1,aws-amplify/docs,23f0406663733992d4fb33405df34f1ef0cdd883,redirects.json,/cli/migration/list-nullability,/javascript/tools/cli/migration/list-nullability,301,literal,true,"{""source"": ""/cli/migration/list-nullability/"", ""status"": ""301"", ""target"": ""/javascript/tools/cli/migration/list-nullability/""}",/cli/migration/list-nullability/,/javascript/tools/cli/migration/list-nullability/,
d8d9d504b6573fe12512,aws_amplify_docs,tier1,aws-amplify/docs,23f0406663733992d4fb33405df34f1ef0cdd883,redirects.json,/lib-v1/utilities/i18n/q/platform/react-native,/gen1/react-native/prev/build-a-backend/utilities/i18n,301,literal,true,"{""source"": ""/lib-v1/utilities/i18n/q/platform/react-native/"", ""status"": ""301"", ""target"": ""/gen1/react-native/prev/build-a-backend/utilities/i18n/""}",/lib-v1/utilities/i18n/q/platform/react-native/,/gen1/react-native/prev/build-a-backend/utilities/i18n/,
d8faf7a1c8af0f45af30,terraform_website,tier1,hashicorp/terraform-website,93ec9cbdc3a120ffde18d1275339d0d6599cd9b3,redirects.next.js,/docs/providers/dome9/d/:path*,/providers/dome9/dome9/latest/docs/data-sources/:path*,301,placeholder,false,"{""source"":""/docs/providers/dome9/d/:path*"",""destination"":""https://registry.terraform.io/providers/dome9/dome9/latest/docs/data-sources/:path*"",""permanent"":true}",/docs/providers/dome9/d/:path*,https://registry.terraform.io/providers/dome9/dome9/latest/docs/data-sources/:path*,
d913808dd167c706e7c6,astro_docs,tier2,withastro/docs,8e216293f74f38cc64db427622de74060403d5a8,public/_redirects,/:lang/deploy/:service,/:lang/guides/deploy/:service,301,placeholder,false,/:lang/deploy/:service                               /:lang/guides/deploy/:service,/:lang/deploy/:service,/:lang/guides/deploy/:service,
d920d2370bd2d381c4b6,aws_amplify_docs,tier1,aws-amplify/docs,23f0406663733992d4fb33405df34f1ef0cdd883,redirects.json,/cli/custom/cloudformation,/javascript/tools/cli/custom/cloudformation,301,literal,true,"{""source"": ""/cli/custom/cloudformation/"", ""status"": ""301"", ""target"": ""/javascript/tools/cli/custom/cloudformation/""}",/cli/custom/cloudformation/,/javascript/tools/cli/custom/cloudformation/,
d9229447bc7f801b193b,aws_amplify_docs,tier1,aws-amplify/docs,23f0406663733992d4fb33405df34f1ef0cdd883,redirects.json,/[platform]/deploy-and-host/deployment/pull-request-previews,/react/deploy-and-host/deployment/pull-request-previews,301,wildcard,false,"{""source"": ""/[platform]/deploy-and-host/deployment/pull-request-previews"", ""status"": ""301"", ""target"": ""/react/deploy-and-host/deployment/pull-request-previews""}",/[platform]/deploy-and-host/deployment/pull-request-previews,/react/deploy-and-host/deployment/pull-request-previews,
d92beaa24c4afe938b99,aws_amplify_docs,tier1,aws-amplify/docs,23f0406663733992d4fb33405df34f1ef0cdd883,redirects.json,/<platform>/tools/libraries,/gen1/<platform>/tools/libraries,301,placeholder,false,"{""source"": ""/<platform>/tools/libraries/"", ""status"": ""301"", ""target"": ""/gen1/<platform>/tools/libraries/""}",/<platform>/tools/libraries/,/gen1/<platform>/tools/libraries/,
d930c23f9b7ba6f8bca3,aws_amplify_docs,tier1,aws-amplify/docs,23f0406663733992d4fb33405df34f1ef0cdd883,redirects.json,/[platform]/tools/console/authz,/react/tools/console/authz,301,wildcard,false,"{""source"": ""/[platform]/tools/console/authz"", ""status"": ""301"", ""target"": ""/react/tools/console/authz""}",/[platform]/tools/console/authz,/react/tools/console/authz,
d99dd56eb2e4b8092e35,terraform_website,tier1,hashicorp/terraform-website,93ec9cbdc3a120ffde18d1275339d0d6599cd9b3,redirects.next.js,/enterprise/before-installing/network-requirements,/enterprise/requirements/network,301,literal,true,"{""source"":""/enterprise/before-installing/network-requirements"",""destination"":""/enterprise/requirements/network"",""permanent"":true}",/enterprise/before-installing/network-requirements,/enterprise/requirements/network,
da1197539099e4dd49bf,aws_amplify_docs,tier1,aws-amplify/docs,23f0406663733992d4fb33405df34f1ef0cdd883,redirects.json,/[platform]/build-a-backend/more-features/in-app-messaging/resolve-conflicts,/react/build-a-backend/more-features/in-app-messaging/resolve-conflicts,301,wildcard,false,"{""source"": ""/[platform]/build-a-backend/more-features/in-app-messaging/resolve-conflicts"", ""status"": ""301"", ""target"": ""/react/build-a-backend/more-features/in-app-messaging/resolve-conflicts""}",/[platform]/build-a-backend/more-features/in-app-messaging/resolve-conflicts,/react/build-a-backend/more-features/in-app-messaging/resolve-conflicts,
da47b755e5ef7efb4cfd,terraform_website,tier1,hashicorp/terraform-website,93ec9cbdc3a120ffde18d1275339d0d6599cd9b3,redirects.next.js,/docs/providers/template(/index.html),/providers/hashicorp/template/latest/docs,301,wildcard,false,"{""source"":""/docs/providers/template(/index.html)?"",""destination"":""https://registry.terraform.io/providers/hashicorp/template/latest/docs"",""permanent"":true}",/docs/providers/template(/index.html)?,https://registry.terraform.io/providers/hashicorp/template/latest/docs,
da583d9dc04113a2b892,aws_amplify_docs,tier1,aws-amplify/docs,23f0406663733992d4fb33405df34f1ef0cdd883,redirects.json,/start/getting-started/installation/q/integration/react-native,/react-native/start/getting-started/installation,301,literal,true,"{""source"": ""/start/getting-started/installation/q/integration/react-native/"", ""status"": ""301"", ""target"": ""/react-native/start/getting-started/installation/""}",/start/getting-started/installation/q/integration/react-native/,/react-native/start/getting-started/installation/,
dac5da0bc25f1ff29987,aws_amplify_docs,tier1,aws-amplify/docs,23f0406663733992d4fb33405df34f1ef0cdd883,redirects.json,/lib/info/app-uninstall/q/platform/android,/android/build-a-backend/auth/app-uninstall,301,literal,true,"{""source"": ""/lib/info/app-uninstall/q/platform/android/"", ""status"": ""301"", ""target"": ""/android/build-a-backend/auth/app-uninstall/""}",/lib/info/app-uninstall/q/platform/android/,/android/build-a-backend/auth/app-uninstall/,
daedd247e5d1619e00d9,aws_amplify_docs,tier1,aws-amplify/docs,23f0406663733992d4fb33405df34f1ef0cdd883,redirects.json,/lib/analytics/autotrack/q/platform/flutter,/flutter/build-a-backend/more-features/analytics/auto-track-sessions,301,literal,true,"{""source"": ""/lib/analytics/autotrack/q/platform/flutter/"", ""status"": ""301"", ""target"": ""/flutter/build-a-backend/more-features/analytics/auto-track-sessions/""}",/lib/analytics/autotrack/q/platform/flutter/,/flutter/build-a-backend/more-features/analytics/auto-track-sessions/,
db09d381b903401f4781,flux_website,tier2,fluxcd/website,fbe28609d4c4773ba8b0c73fe65fe8e0b428d89c,static/_redirects,/flux/use-cases/azure,/flux/installation/bootstrap/azure-devops,301,literal,true,/flux/use-cases/azure                           /flux/installation/bootstrap/azure-devops           301!,/flux/use-cases/azure,/flux/installation/bootstrap/azure-devops,
db3e7bf51639e010289a,aws_amplify_docs,tier1,aws-amplify/docs,23f0406663733992d4fb33405df34f1ef0cdd883,redirects.json,/[platform]/prev/build-a-backend/auth/data-usage-policy,/gen1/react/prev/build-a-backend/auth/data-usage-policy,301,wildcard,false,"{""source"": ""/[platform]/prev/build-a-backend/auth/data-usage-policy"", ""status"": ""301"", ""target"": ""/gen1/react/prev/build-a-backend/auth/data-usage-policy""}",/[platform]/prev/build-a-backend/auth/data-usage-policy,/gen1/react/prev/build-a-backend/auth/data-usage-policy,
db480d6afdfd57c2fd67,aws_amplify_docs,tier1,aws-amplify/docs,23f0406663733992d4fb33405df34f1ef0cdd883,redirects.json,/gen2/deploy-and-host,/react/deploy-and-host,301,literal,true,"{""source"": ""/gen2/deploy-and-host/"", ""status"": ""301"", ""target"": ""/react/deploy-and-host/""}",/gen2/deploy-and-host/,/react/deploy-and-host/,
db4d614ad829d46a2f20,terraform_website,tier1,hashicorp/terraform-website,93ec9cbdc3a120ffde18d1275339d0d6599cd9b3,redirects.next.js,/enterprise/before-installing/os-specific/rhel-requirements,/enterprise/requirements/os-specific/rhel-requirements,301,literal,true,"{""source"":""/enterprise/before-installing/os-specific/rhel-requirements"",""destination"":""/enterprise/requirements/os-specific/rhel-requirements"",""permanent"":true}",/enterprise/before-installing/os-specific/rhel-requirements,/enterprise/requirements/os-specific/rhel-requirements,
dbd4199122a3b442d3e1,terraform_website,tier1,hashicorp/terraform-website,93ec9cbdc3a120ffde18d1275339d0d6599cd9b3,redirects.next.js,/guides,/intro,301,literal,true,"{""source"":""/guides"",""destination"":""/intro"",""permanent"":true}",/guides,/intro,
dc15612e6acc2a526102,astro_docs,tier2,withastro/docs,8e216293f74f38cc64db427622de74060403d5a8,public/_redirects,/:lang/guides/publish-to-npm,/:lang/reference/publish-to-npm,301,placeholder,false,/:lang/guides/publish-to-npm                         /:lang/reference/publish-to-npm/,/:lang/guides/publish-to-npm,/:lang/reference/publish-to-npm/,
dc68bf9ea22584befd2a,aws_amplify_docs,tier1,aws-amplify/docs,23f0406663733992d4fb33405df34f1ef0cdd883,redirects.json,/lib/auth/overview/q/platform/ios,/swift/build-a-backend/auth,301,literal,true,"{""source"": ""/lib/auth/overview/q/platform/ios/"", ""status"": ""301"", ""target"": ""/swift/build-a-backend/auth/""}",/lib/auth/overview/q/platform/ios/,/swift/build-a-backend/auth/,
dcf5363341013bf708a0,astro_docs,tier2,withastro/docs,8e216293f74f38cc64db427622de74060403d5a8,public/_redirects,/en/reference/renderer-reference,/en/reference/integrations-reference,301,literal,true,/en/reference/renderer-reference                /en/reference/integrations-reference/,/en/reference/renderer-reference,/en/reference/integrations-reference/,
dd36469a4fcc8c84dbe6,aws_amplify_docs,tier1,aws-amplify/docs,23f0406663733992d4fb33405df34f1ef0cdd883,redirects.json,/guides/functions/graphql-from-lambda/q/platform/js,/javascript/build-a-backend/functions/graphql-from-lambda,301,literal,true,"{""source"": ""/guides/functions/graphql-from-lambda/q/platform/js/"", ""status"": ""301"", ""target"": ""/javascript/build-a-backend/functions/graphql-from-lambda/""}",/guides/functions/graphql-from-lambda/q/platform/js/,/javascript/build-a-backend/functions/graphql-from-lambda/,
dd5065cb1376ac55e7b1,aws_amplify_docs,tier1,aws-amplify/docs,23f0406663733992d4fb33405df34f1ef0cdd883,redirects.json,/lib/datastore/schema-updates/q/platform/ios,/swift/build-a-backend/more-features/datastore/schema-updates,301,literal,true,"{""source"": ""/lib/datastore/schema-updates/q/platform/ios/"", ""status"": ""301"", ""target"": ""/swift/build-a-backend/more-features/datastore/schema-updates/""}",/lib/datastore/schema-updates/q/platform/ios/,/swift/build-a-backend/more-features/datastore/schema-updates/,
dd5e50055d70789c1708,aws_amplify_docs,tier1,aws-amplify/docs,23f0406663733992d4fb33405df34f1ef0cdd883,redirects.json,/[platform]/build-a-backend/more-features/analytics/analytics-migration-guide,/react/build-a-backend/more-features/analytics/analytics-migration-guide,301,wildcard,false,"{""source"": ""/[platform]/build-a-backend/more-features/analytics/analytics-migration-guide"", ""status"": ""301"", ""target"": ""/react/build-a-backend/more-features/analytics/analytics-migration-guide""}",/[platform]/build-a-backend/more-features/analytics/analytics-migration-guide,/react/build-a-backend/more-features/analytics/analytics-migration-guide,
dda9c639886eb6b82c86,aws_amplify_docs,tier1,aws-amplify/docs,23f0406663733992d4fb33405df34f1ef0cdd883,redirects.json,/start/sample-apps/todo-app/q/integration/android,/android/start/sample-apps/to-do-app,301,literal,true,"{""source"": ""/start/sample-apps/todo-app/q/integration/android/"", ""status"": ""301"", ""target"": ""/android/start/sample-apps/to-do-app/""}",/start/sample-apps/todo-app/q/integration/android/,/android/start/sample-apps/to-do-app/,
ddb590b82276f82400e2,aws_amplify_docs,tier1,aws-amplify/docs,23f0406663733992d4fb33405df34f1ef0cdd883,redirects.json,/lib-v1/utilities/hub/q/platform/react-native,/gen1/react-native/prev/build-a-backend/utilities/hub,301,literal,true,"{""source"": ""/lib-v1/utilities/hub/q/platform/react-native/"", ""status"": ""301"", ""target"": ""/gen1/react-native/prev/build-a-backend/utilities/hub/""}",/lib-v1/utilities/hub/q/platform/react-native/,/gen1/react-native/prev/build-a-backend/utilities/hub/,
ddb595d05e7925cd57b4,aws_amplify_docs,tier1,aws-amplify/docs,23f0406663733992d4fb33405df34f1ef0cdd883,redirects.json,/[platform]/build-a-backend/auth/switch-auth,/react/build-a-backend/auth/switch-auth,301,wildcard,false,"{""source"": ""/[platform]/build-a-backend/auth/switch-auth"", ""status"": ""301"", ""target"": ""/react/build-a-backend/auth/switch-auth""}",/[platform]/build-a-backend/auth/switch-auth,/react/build-a-backend/auth/switch-auth,
de9c0139c1a4130a00d3,terraform_website,tier1,hashicorp/terraform-website,93ec9cbdc3a120ffde18d1275339d0d6599cd9b3,redirects.next.js,/docs/providers/scaleway/d/:path*,/providers/scaleway/scaleway/latest/docs/data-sources/:path*,301,placeholder,false,"{""source"":""/docs/providers/scaleway/d/:path*"",""destination"":""https://registry.terraform.io/providers/scaleway/scaleway/latest/docs/data-sources/:path*"",""permanent"":true}",/docs/providers/scaleway/d/:path*,https://registry.terraform.io/providers/scaleway/scaleway/latest/docs/data-sources/:path*,
deb158611eb8e9891271,aws_amplify_docs,tier1,aws-amplify/docs,23f0406663733992d4fb33405df34f1ef0cdd883,redirects.json,/lib-v1/geo/maps/q/platform/flutter,/gen1/flutter/prev/build-a-backend,301,literal,true,"{""source"": ""/lib-v1/geo/maps/q/platform/flutter/"", ""status"": ""301"", ""target"": ""/gen1/flutter/prev/build-a-backend/""}",/lib-v1/geo/maps/q/platform/flutter/,/gen1/flutter/prev/build-a-backend/,
df09f7da88037a684e26,aws_amplify_docs,tier1,aws-amplify/docs,23f0406663733992d4fb33405df34f1ef0cdd883,redirects.json,/lib/analytics/record/q/platform/react,/react/build-a-backend/more-features/analytics/record-events,301,literal,true,"{""source"": ""/lib/analytics/record/q/platform/react/"", ""status"": ""301"", ""target"": ""/react/build-a-backend/more-features/analytics/record-events/""}",/lib/analytics/record/q/platform/react/,/react/build-a-backend/more-features/analytics/record-events/,
df23c2ce44d1cd031bec,terraform_website,tier1,hashicorp/terraform-website,93ec9cbdc3a120ffde18d1275339d0d6599cd9b3,redirects.next.js,/language/upgrade-guides/0-15,/language/v1.1.x/upgrade-guides/0-15,301,literal,true,"{""source"":""/language/upgrade-guides/0-15"",""destination"":""/language/v1.1.x/upgrade-guides/0-15"",""permanent"":true}",/language/upgrade-guides/0-15,/language/v1.1.x/upgrade-guides/0-15,
df40c30afe130e079965,terraform_website,tier1,hashicorp/terraform-website,93ec9cbdc3a120ffde18d1275339d0d6599cd9b3,redirects.next.js,/docs/providers/signalfx/r/:path*,/providers/splunk-terraform/signalfx/latest/docs/resources/:path*,301,placeholder,false,"{""source"":""/docs/providers/signalfx/r/:path*"",""destination"":""https://registry.terraform.io/providers/splunk-terraform/signalfx/latest/docs/resources/:path*"",""permanent"":true}",/docs/providers/signalfx/r/:path*,https://registry.terraform.io/providers/splunk-terraform/signalfx/latest/docs/resources/:path*,
df6f9270361b6b006804,aws_amplify_docs,tier1,aws-amplify/docs,23f0406663733992d4fb33405df34f1ef0cdd883,redirects.json,/lib-v1/restapi/getting-started/q/platform/flutter,/gen1/flutter/prev/build-a-backend/restapi/set-up-rest-api,301,literal,true,"{""source"": ""/lib-v1/restapi/getting-started/q/platform/flutter/"", ""status"": ""301"", ""target"": ""/gen1/flutter/prev/build-a-backend/restapi/set-up-rest-api/""}",/lib-v1/restapi/getting-started/q/platform/flutter/,/gen1/flutter/prev/build-a-backend/restapi/set-up-rest-api/,
df76e6147c8cc8f1b881,aws_amplify_docs,tier1,aws-amplify/docs,23f0406663733992d4fb33405df34f1ef0cdd883,redirects.json,/lib-v1/predictions/transcribe/q/platform/react-native,/gen1/react-native/prev/build-a-backend/more-features/predictions/transcribe-audio,301,literal,true,"{""source"": ""/lib-v1/predictions/transcribe/q/platform/react-native/"", ""status"": ""301"", ""target"": ""/gen1/react-native/prev/build-a-backend/more-features/predictions/transcribe-audio/""}",/lib-v1/predictions/transcribe/q/platform/react-native/,/gen1/react-native/prev/build-a-backend/more-features/predictions/transcribe-audio/,
dfd6b03880880d6a96f6,aws_amplify_docs,tier1,aws-amplify/docs,23f0406663733992d4fb33405df34f1ef0cdd883,redirects.json,/lib-v1/datastore/relational/q/platform/javascript,/gen1/javascript/prev/build-a-backend/more-features/datastore/relational-models,301,literal,true,"{""source"": ""/lib-v1/datastore/relational/q/platform/javascript/"", ""status"": ""301"", ""target"": ""/gen1/javascript/prev/build-a-backend/more-features/datastore/relational-models/""}",/lib-v1/datastore/relational/q/platform/javascript/,/gen1/javascript/prev/build-a-backend/more-features/datastore/relational-models/,
e02b13747c13376df273,aws_amplify_docs,tier1,aws-amplify/docs,23f0406663733992d4fb33405df34f1ef0cdd883,redirects.json,/start/q/integration/vue,/vue/start/getting-started/introduction,301,literal,true,"{""source"": ""/start/q/integration/vue/"", ""status"": ""301"", ""target"": ""/vue/start/getting-started/introduction/""}",/start/q/integration/vue/,/vue/start/getting-started/introduction/,
e03841ed41db9cf8f259,aws_amplify_docs,tier1,aws-amplify/docs,23f0406663733992d4fb33405df34f1ef0cdd883,redirects.json,/gen1/nextjs/prev/build-a-backend/graphqlapi/best-practice/query-with-sorting,/gen1/nextjs/build-a-backend/graphqlapi/best-practice/query-with-sorting,301,literal,true,"{""source"": ""/gen1/nextjs/prev/build-a-backend/graphqlapi/best-practice/query-with-sorting/"", ""status"": ""301"", ""target"": ""/gen1/nextjs/build-a-backend/graphqlapi/best-practice/query-with-sorting/""}",/gen1/nextjs/prev/build-a-backend/graphqlapi/best-practice/query-with-sorting/,/gen1/nextjs/build-a-backend/graphqlapi/best-practice/query-with-sorting/,
e0aa086f03fea61e8a98,aws_amplify_docs,tier1,aws-amplify/docs,23f0406663733992d4fb33405df34f1ef0cdd883,redirects.json,/lib/geo/existing-resources/q/platform/js,/javascript/build-a-backend/more-features/geo/existing-resources,301,literal,true,"{""source"": ""/lib/geo/existing-resources/q/platform/js/"", ""status"": ""301"", ""target"": ""/javascript/build-a-backend/more-features/geo/existing-resources/""}",/lib/geo/existing-resources/q/platform/js/,/javascript/build-a-backend/more-features/geo/existing-resources/,
e0ddbdeed56c5152f291,aws_amplify_docs,tier1,aws-amplify/docs,23f0406663733992d4fb33405df34f1ef0cdd883,redirects.json,/gen1/gen2/deploy-and-host/fullstack-branching,/react/deploy-and-host/fullstack-branching,301,literal,true,"{""source"": ""/gen1/gen2/deploy-and-host/fullstack-branching/"", ""status"": ""301"", ""target"": ""/react/deploy-and-host/fullstack-branching/""}",/gen1/gen2/deploy-and-host/fullstack-branching/,/react/deploy-and-host/fullstack-branching/,
e10c87ce210d6fc0cbc9,aws_amplify_docs,tier1,aws-amplify/docs,23f0406663733992d4fb33405df34f1ef0cdd883,redirects.json,/lib-v1/geo/existing-resources/q/platform/ios,/gen1/swift/prev/build-a-backend/more-features/geo/existing-resources,301,literal,true,"{""source"": ""/lib-v1/geo/existing-resources/q/platform/ios/"", ""status"": ""301"", ""target"": ""/gen1/swift/prev/build-a-backend/more-features/geo/existing-resources/""}",/lib-v1/geo/existing-resources/q/platform/ios/,/gen1/swift/prev/build-a-backend/more-features/geo/existing-resources/,
e126ae7d523b583444a2,astro_docs,tier2,withastro/docs,8e216293f74f38cc64db427622de74060403d5a8,public/_redirects,/:lang/core-concepts/endpoints,/:lang/guides/endpoints,301,placeholder,false,/:lang/core-concepts/endpoints                       /:lang/guides/endpoints/,/:lang/core-concepts/endpoints,/:lang/guides/endpoints/,
e16eb9bf07085a7b6942,aws_amplify_docs,tier1,aws-amplify/docs,23f0406663733992d4fb33405df34f1ef0cdd883,redirects.json,/nextjs/build-a-backend/functions/integrate-dynamodb-with-lambda,/nextjs/build-a-backend/functions,301,literal,true,"{""source"": ""/nextjs/build-a-backend/functions/integrate-dynamodb-with-lambda/"", ""status"": ""301"", ""target"": ""/nextjs/build-a-backend/functions/""}",/nextjs/build-a-backend/functions/integrate-dynamodb-with-lambda/,/nextjs/build-a-backend/functions/,
e17ff128d2a241543a21,terraform_website,tier1,hashicorp/terraform-website,93ec9cbdc3a120ffde18d1275339d0d6599cd9b3,redirects.next.js,/docs/providers/dme/guides/:path*,/providers/DNSMadeEasy/dme/latest/docs/guides/:path*,301,placeholder,false,"{""source"":""/docs/providers/dme/guides/:path*"",""destination"":""https://registry.terraform.io/providers/DNSMadeEasy/dme/latest/docs/guides/:path*"",""permanent"":true}",/docs/providers/dme/guides/:path*,https://registry.terraform.io/providers/DNSMadeEasy/dme/latest/docs/guides/:path*,
e22e459c043a8f3f2d46,aws_amplify_docs,tier1,aws-amplify/docs,23f0406663733992d4fb33405df34f1ef0cdd883,redirects.json,/vue/build-a-backend/functions/appsync-operations-to-lambda-layer,/vue/build-a-backend/graphqlapi/client-code-generation,301,literal,true,"{""source"": ""/vue/build-a-backend/functions/appsync-operations-to-lambda-layer/"", ""status"": ""301"", ""target"": ""/vue/build-a-backend/graphqlapi/client-code-generation/""}",/vue/build-a-backend/functions/appsync-operations-to-lambda-layer/,/vue/build-a-backend/graphqlapi/client-code-generation/,
e23f12b5f36c95c2b97e,astro_docs,tier2,withastro/docs,8e216293f74f38cc64db427622de74060403d5a8,public/_redirects,/:lang/migration/0.21.0,/:lang/guides/upgrade-to/v1,301,placeholder,false,/:lang/migration/0.21.0                              /:lang/guides/upgrade-to/v1/,/:lang/migration/0.21.0,/:lang/guides/upgrade-to/v1/,
e242eed672bb24ff4c80,aws_amplify_docs,tier1,aws-amplify/docs,23f0406663733992d4fb33405df34f1ef0cdd883,redirects.json,/lib/graphqlapi/optimistic-ui/q/platform/ios,/swift/build-a-backend/graphqlapi/optimistic-ui,301,literal,true,"{""source"": ""/lib/graphqlapi/optimistic-ui/q/platform/ios/"", ""status"": ""301"", ""target"": ""/swift/build-a-backend/graphqlapi/optimistic-ui/""}",/lib/graphqlapi/optimistic-ui/q/platform/ios/,/swift/build-a-backend/graphqlapi/optimistic-ui/,
e3038b0651c99819f79b,terraform_website,tier1,hashicorp/terraform-website,93ec9cbdc3a120ffde18d1275339d0d6599cd9b3,redirects.next.js,/docs/providers/constellix/guides/:path*,/providers/Constellix/constellix/latest/docs/guides/:path*,301,placeholder,false,"{""source"":""/docs/providers/constellix/guides/:path*"",""destination"":""https://registry.terraform.io/providers/Constellix/constellix/latest/docs/guides/:path*"",""permanent"":true}",/docs/providers/constellix/guides/:path*,https://registry.terraform.io/providers/Constellix/constellix/latest/docs/guides/:path*,
e34f83fe97058e5bdedf,aws_amplify_docs,tier1,aws-amplify/docs,23f0406663733992d4fb33405df34f1ef0cdd883,redirects.json,/lib/push-notifications/enable-rich-notifications/q/platform/flutter,/flutter/build-a-backend/push-notifications/enable-rich-notifications,301,literal,true,"{""source"": ""/lib/push-notifications/enable-rich-notifications/q/platform/flutter/"", ""status"": ""301"", ""target"": ""/flutter/build-a-backend/push-notifications/enable-rich-notifications/""}",/lib/push-notifications/enable-rich-notifications/q/platform/flutter/,/flutter/build-a-backend/push-notifications/enable-rich-notifications/,
e38ecdf9dbcb057cd5e2,aws_amplify_docs,tier1,aws-amplify/docs,23f0406663733992d4fb33405df34f1ef0cdd883,redirects.json,/lib/push-notifications/testing/q/platform/android,/android/build-a-backend/push-notifications/test-notifications,301,literal,true,"{""source"": ""/lib/push-notifications/testing/q/platform/android/"", ""status"": ""301"", ""target"": ""/android/build-a-backend/push-notifications/test-notifications/""}",/lib/push-notifications/testing/q/platform/android/,/android/build-a-backend/push-notifications/test-notifications/,
e3c6c20a35d1f1d83cb4,aws_amplify_docs,tier1,aws-amplify/docs,23f0406663733992d4fb33405df34f1ef0cdd883,redirects.json,/lib-v1/restapi/delete/q/platform/flutter,/gen1/flutter/prev/build-a-backend/restapi/delete-data,301,literal,true,"{""source"": ""/lib-v1/restapi/delete/q/platform/flutter/"", ""status"": ""301"", ""target"": ""/gen1/flutter/prev/build-a-backend/restapi/delete-data/""}",/lib-v1/restapi/delete/q/platform/flutter/,/gen1/flutter/prev/build-a-backend/restapi/delete-data/,
e48d1328828939bc3c99,astro_docs,tier2,withastro/docs,8e216293f74f38cc64db427622de74060403d5a8,public/_redirects,/:lang/reference/experimental-flags/responsive-images,/:lang/guides/images,301,placeholder,false,/:lang/reference/experimental-flags/responsive-images/          /:lang/guides/images/,/:lang/reference/experimental-flags/responsive-images/,/:lang/guides/images/,
e51cc00af60a0f4c1afb,aws_amplify_docs,tier1,aws-amplify/docs,23f0406663733992d4fb33405df34f1ef0cdd883,redirects.json,/[platform]/build-a-backend/server-side-rendering/nextjs,/react/build-a-backend/server-side-rendering/nextjs,301,wildcard,false,"{""source"": ""/[platform]/build-a-backend/server-side-rendering/nextjs"", ""status"": ""301"", ""target"": ""/react/build-a-backend/server-side-rendering/nextjs""}",/[platform]/build-a-backend/server-side-rendering/nextjs,/react/build-a-backend/server-side-rendering/nextjs,
e56efcd2c3fae6e76ad3,aws_amplify_docs,tier1,aws-amplify/docs,23f0406663733992d4fb33405df34f1ef0cdd883,redirects.json,/guides/functions/connecting-a-rest-api/q/platform/react-native,/react-native/build-a-backend,301,literal,true,"{""source"": ""/guides/functions/connecting-a-rest-api/q/platform/react-native/"", ""status"": ""301"", ""target"": ""/react-native/build-a-backend/""}",/guides/functions/connecting-a-rest-api/q/platform/react-native/,/react-native/build-a-backend/,
e582adda270f2e61730d,aws_amplify_docs,tier1,aws-amplify/docs,23f0406663733992d4fb33405df34f1ef0cdd883,redirects.json,/gen2/reference/<page>,/react/reference/<page>,301,placeholder,false,"{""source"": ""/gen2/reference/<page>/"", ""status"": ""301"", ""target"": ""/react/reference/<page>/""}",/gen2/reference/<page>/,/react/reference/<page>/,
e59de135a22be4854829,aws_amplify_docs,tier1,aws-amplify/docs,23f0406663733992d4fb33405df34f1ef0cdd883,redirects.json,/lib/datastore/schema-updates/q/platform/flutter,/flutter/build-a-backend/more-features/datastore/schema-updates,301,literal,true,"{""source"": ""/lib/datastore/schema-updates/q/platform/flutter/"", ""status"": ""301"", ""target"": ""/flutter/build-a-backend/more-features/datastore/schema-updates/""}",/lib/datastore/schema-updates/q/platform/flutter/,/flutter/build-a-backend/more-features/datastore/schema-updates/,
e5a99cc743319e9b6ec4,aws_amplify_docs,tier1,aws-amplify/docs,23f0406663733992d4fb33405df34f1ef0cdd883,redirects.json,/[platform]/sdk/analytics/endpoints,/react/sdk/analytics/endpoints,301,wildcard,false,"{""source"": ""/[platform]/sdk/analytics/endpoints"", ""status"": ""301"", ""target"": ""/react/sdk/analytics/endpoints""}",/[platform]/sdk/analytics/endpoints,/react/sdk/analytics/endpoints,
e5c53336fb0ed107cb0e,terraform_website,tier1,hashicorp/terraform-website,93ec9cbdc3a120ffde18d1275339d0d6599cd9b3,redirects.next.js,/language/v1.2.x/upgrade-guides/0-10,/language/v1.1.x/upgrade-guides/0-10,301,literal,true,"{""source"":""/language/v1.2.x/upgrade-guides/0-10"",""destination"":""/language/v1.1.x/upgrade-guides/0-10"",""permanent"":true}",/language/v1.2.x/upgrade-guides/0-10,/language/v1.1.x/upgrade-guides/0-10,
e5fba4c7959c9d579e8b,aws_amplify_docs,tier1,aws-amplify/docs,23f0406663733992d4fb33405df34f1ef0cdd883,redirects.json,/react/build-a-backend/functions/appsync-operations-to-lambda-layer,/react/build-a-backend/graphqlapi/client-code-generation,301,literal,true,"{""source"": ""/react/build-a-backend/functions/appsync-operations-to-lambda-layer/"", ""status"": ""301"", ""target"": ""/react/build-a-backend/graphqlapi/client-code-generation/""}",/react/build-a-backend/functions/appsync-operations-to-lambda-layer/,/react/build-a-backend/graphqlapi/client-code-generation/,
e61d6b2b6b63342724c2,terraform_website,tier1,hashicorp/terraform-website,93ec9cbdc3a120ffde18d1275339d0d6599cd9b3,redirects.next.js,/cloud-docs/sentinel/import/tfstate-v2,/cloud-docs/policy-enforcement/sentinel/import/tfstate-v2,301,literal,true,"{""source"":""/cloud-docs/sentinel/import/tfstate-v2"",""destination"":""/cloud-docs/policy-enforcement/sentinel/import/tfstate-v2"",""permanent"":true}",/cloud-docs/sentinel/import/tfstate-v2,/cloud-docs/policy-enforcement/sentinel/import/tfstate-v2,
e662b1dc4386e8724ccd,aws_amplify_docs,tier1,aws-amplify/docs,23f0406663733992d4fb33405df34f1ef0cdd883,redirects.json,/cli/migration/override,/javascript/tools/cli/migration/override,301,literal,true,"{""source"": ""/cli/migration/override/"", ""status"": ""301"", ""target"": ""/javascript/tools/cli/migration/override/""}",/cli/migration/override/,/javascript/tools/cli/migration/override/,
e6c5539a4bfb0acfa410,aws_amplify_docs,tier1,aws-amplify/docs,23f0406663733992d4fb33405df34f1ef0cdd883,redirects.json,/lib/analytics/enable-disable,/react/build-a-backend/more-features/analytics/enable-disable,301,literal,true,"{""source"": ""/lib/analytics/enable-disable/"", ""status"": ""301"", ""target"": ""/react/build-a-backend/more-features/analytics/enable-disable/""}",/lib/analytics/enable-disable/,/react/build-a-backend/more-features/analytics/enable-disable/,
e77846350d163aae2fda,deno_docs,tier1,denoland/docs,3bc9f662c58db48d2b07ceaf5da2fa5587cfbf5f,oldurls.json,/examples/tutorials/deno_deploy,/examples/deno_deploy_tutorial,301,literal,true,/examples/tutorials/deno_deploy -> /examples/deno_deploy_tutorial,/examples/tutorials/deno_deploy,/examples/deno_deploy_tutorial,
e799bbda373d093b813b,terraform_website,tier1,hashicorp/terraform-website,93ec9cbdc3a120ffde18d1275339d0d6599cd9b3,redirects.next.js,/language/settings/backends/etcdv3,/language/v1.2.x/settings/backends/etcdv3,301,literal,true,"{""source"":""/language/settings/backends/etcdv3"",""destination"":""/language/v1.2.x/settings/backends/etcdv3"",""permanent"":true}",/language/settings/backends/etcdv3,/language/v1.2.x/settings/backends/etcdv3,
e7ba25c319b7baa8402f,terraform_website,tier1,hashicorp/terraform-website,93ec9cbdc3a120ffde18d1275339d0d6599cd9b3,redirects.js,/terraform/plugin/sdkv2/best-practices/other-languages,/terraform/plugin/best-practices/provider-code,301,literal,true,"{""source"":""/terraform/plugin/sdkv2/best-practices/other-languages"",""destination"":""/terraform/plugin/best-practices/provider-code"",""permanent"":true}",/terraform/plugin/sdkv2/best-practices/other-languages,/terraform/plugin/best-practices/provider-code,
e7c6755dcfa14e75fb45,aws_amplify_docs,tier1,aws-amplify/docs,23f0406663733992d4fb33405df34f1ef0cdd883,redirects.json,/lib/ssr/ssr/q/platform/js,/gen1/javascript/prev/build-a-backend/server-side-rendering,301,literal,true,"{""source"": ""/lib/ssr/ssr/q/platform/js/"", ""status"": ""301"", ""target"": ""/gen1/javascript/prev/build-a-backend/server-side-rendering/""}",/lib/ssr/ssr/q/platform/js/,/gen1/javascript/prev/build-a-backend/server-side-rendering/,
e84a90d671017ea9b940,aws_amplify_docs,tier1,aws-amplify/docs,23f0406663733992d4fb33405df34f1ef0cdd883,redirects.json,/lib/project-setup/async/q/platform/react,/react/start/project-setup,301,literal,true,"{""source"": ""/lib/project-setup/async/q/platform/react/"", ""status"": ""301"", ""target"": ""/react/start/project-setup/""}",/lib/project-setup/async/q/platform/react/,/react/start/project-setup/,
e858b1a44a8afc837b4f,astro_docs,tier2,withastro/docs,8e216293f74f38cc64db427622de74060403d5a8,public/_redirects,/:lang/core-concepts/layouts,/:lang/basics/layouts,301,placeholder,false,/:lang/core-concepts/layouts                         /:lang/basics/layouts/,/:lang/core-concepts/layouts,/:lang/basics/layouts/,
e8a20968687ac0f2bb6c,aws_amplify_docs,tier1,aws-amplify/docs,23f0406663733992d4fb33405df34f1ef0cdd883,redirects.json,/lib-v1/analytics/autotrack/q/platform/android,/gen1/android/prev/build-a-backend/more-features/analytics/auto-track-sessions,301,literal,true,"{""source"": ""/lib-v1/analytics/autotrack/q/platform/android/"", ""status"": ""301"", ""target"": ""/gen1/android/prev/build-a-backend/more-features/analytics/auto-track-sessions/""}",/lib-v1/analytics/autotrack/q/platform/android/,/gen1/android/prev/build-a-backend/more-features/analytics/auto-track-sessions/,
e8ae0e60122a86edc4b4,astro_docs,tier2,withastro/docs,8e216293f74f38cc64db427622de74060403d5a8,public/_redirects,/lighthouse/*,/en/guides/migrate-to-astro,301,wildcard,false,/lighthouse/*                                   /en/guides/migrate-to-astro/,/lighthouse/*,/en/guides/migrate-to-astro/,
e8faa1883a419a25ee65,terraform_website,tier1,hashicorp/terraform-website,93ec9cbdc3a120ffde18d1275339d0d6599cd9b3,redirects.next.js,/docs/providers/archive/r/:path*,/providers/hashicorp/archive/latest/docs/resources/:path*,301,placeholder,false,"{""source"":""/docs/providers/archive/r/:path*"",""destination"":""https://registry.terraform.io/providers/hashicorp/archive/latest/docs/resources/:path*"",""permanent"":true}",/docs/providers/archive/r/:path*,https://registry.terraform.io/providers/hashicorp/archive/latest/docs/resources/:path*,
e8fe36952c9a55dff4eb,terraform_website,tier1,hashicorp/terraform-website,93ec9cbdc3a120ffde18d1275339d0d6599cd9b3,redirects.next.js,/docs/providers/nsxt/d/:path*,/providers/vmware/nsxt/latest/docs/data-sources/:path*,301,placeholder,false,"{""source"":""/docs/providers/nsxt/d/:path*"",""destination"":""https://registry.terraform.io/providers/vmware/nsxt/latest/docs/data-sources/:path*"",""permanent"":true}",/docs/providers/nsxt/d/:path*,https://registry.terraform.io/providers/vmware/nsxt/latest/docs/data-sources/:path*,
e9390b4c14eebf02b830,deno_docs,tier1,denoland/docs,3bc9f662c58db48d2b07ceaf5da2fa5587cfbf5f,oldurls.json,/runtime/fundamentals/standard_library,/runtime/reference/std,301,literal,true,/runtime/fundamentals/standard_library/ -> /runtime/reference/std/,/runtime/fundamentals/standard_library/,/runtime/reference/std/,
e957cb28bd72edcfc170,aws_amplify_docs,tier1,aws-amplify/docs,23f0406663733992d4fb33405df34f1ef0cdd883,redirects.json,/lib/project-setup/upgrade-guide/q/platform/flutter,/flutter/start/project-setup/upgrade-guide,301,literal,true,"{""source"": ""/lib/project-setup/upgrade-guide/q/platform/flutter/"", ""status"": ""301"", ""target"": ""/flutter/start/project-setup/upgrade-guide""}",/lib/project-setup/upgrade-guide/q/platform/flutter/,/flutter/start/project-setup/upgrade-guide,
e9a54c9b5c94db8778ba,aws_amplify_docs,tier1,aws-amplify/docs,23f0406663733992d4fb33405df34f1ef0cdd883,redirects.json,/lib/auth/auth-events/q/platform/js,/javascript/build-a-backend/auth/auth-events,301,literal,true,"{""source"": ""/lib/auth/auth-events/q/platform/js/"", ""status"": ""301"", ""target"": ""/javascript/build-a-backend/auth/auth-events/""}",/lib/auth/auth-events/q/platform/js/,/javascript/build-a-backend/auth/auth-events/,
ea57f704b282f17123b3,terraform_website,tier1,hashicorp/terraform-website,93ec9cbdc3a120ffde18d1275339d0d6599cd9b3,redirects.next.js,/docs/providers/turbot/r/:path*,/providers/turbot/turbot/latest/docs/resources/:path*,301,placeholder,false,"{""source"":""/docs/providers/turbot/r/:path*"",""destination"":""https://registry.terraform.io/providers/turbot/turbot/latest/docs/resources/:path*"",""permanent"":true}",/docs/providers/turbot/r/:path*,https://registry.terraform.io/providers/turbot/turbot/latest/docs/resources/:path*,
ea94962075ea62caf0d1,aws_amplify_docs,tier1,aws-amplify/docs,23f0406663733992d4fb33405df34f1ef0cdd883,redirects.json,/api/swagger/swagger-ui,/,301,literal,true,"{""source"": ""/api/swagger/swagger-ui/"", ""status"": ""301"", ""target"": ""https://ui.docs.amplify.aws/""}",/api/swagger/swagger-ui/,https://ui.docs.amplify.aws/,
eb15d92ba212990f874d,aws_amplify_docs,tier1,aws-amplify/docs,23f0406663733992d4fb33405df34f1ef0cdd883,redirects.json,/<platform>/build-a-backend/auth/override-cognito,/<platform>/build-a-backend/auth/modify-resources-with-cdk,301,placeholder,false,"{""source"": ""/<platform>/build-a-backend/auth/override-cognito/"", ""status"": ""301"", ""target"": ""/<platform>/build-a-backend/auth/modify-resources-with-cdk/""}",/<platform>/build-a-backend/auth/override-cognito/,/<platform>/build-a-backend/auth/modify-resources-with-cdk/,
eb40aa3c7e902a0c6e5b,aws_amplify_docs,tier1,aws-amplify/docs,23f0406663733992d4fb33405df34f1ef0cdd883,redirects.json,/cli/usage/export-to-cdk,/javascript/tools/cli/usage/export-to-cdk,301,literal,true,"{""source"": ""/cli/usage/export-to-cdk/"", ""status"": ""301"", ""target"": ""/javascript/tools/cli/usage/export-to-cdk/""}",/cli/usage/export-to-cdk/,/javascript/tools/cli/usage/export-to-cdk/,
eba15af7aa552b81c441,aws_amplify_docs,tier1,aws-amplify/docs,23f0406663733992d4fb33405df34f1ef0cdd883,redirects.json,/vue/build-a-backend/storage/get-properties,/gen1/vue/build-a-backend/storage/get-properties,301,literal,true,"{""source"": ""/vue/build-a-backend/storage/get-properties/"", ""status"": ""301"", ""target"": ""/gen1/vue/build-a-backend/storage/get-properties/""}",/vue/build-a-backend/storage/get-properties/,/gen1/vue/build-a-backend/storage/get-properties/,
ebb915aed832a1161de6,aws_amplify_docs,tier1,aws-amplify/docs,23f0406663733992d4fb33405df34f1ef0cdd883,redirects.json,/lib/geo/getting-started/q/platform/ios,/swift/build-a-backend/more-features/geo/set-up-geo,301,literal,true,"{""source"": ""/lib/geo/getting-started/q/platform/ios/"", ""status"": ""301"", ""target"": ""/swift/build-a-backend/more-features/geo/set-up-geo/""}",/lib/geo/getting-started/q/platform/ios/,/swift/build-a-backend/more-features/geo/set-up-geo/,
ebf0a18652c27d603f81,aws_amplify_docs,tier1,aws-amplify/docs,23f0406663733992d4fb33405df34f1ef0cdd883,redirects.json,/cli/usage/plugin,/gen1/react/tools/cli/plugins,301,literal,true,"{""source"": ""/cli/usage/plugin/"", ""status"": ""301"", ""target"": ""/gen1/react/tools/cli/plugins/""}",/cli/usage/plugin/,/gen1/react/tools/cli/plugins/,
ec27e639eb1d567a4b27,aws_amplify_docs,tier1,aws-amplify/docs,23f0406663733992d4fb33405df34f1ef0cdd883,redirects.json,/lib-v1/analytics/autotrack/q/platform/react-native,/gen1/react-native/prev/build-a-backend/more-features/analytics/auto-track-sessions,301,literal,true,"{""source"": ""/lib-v1/analytics/autotrack/q/platform/react-native/"", ""status"": ""301"", ""target"": ""/gen1/react-native/prev/build-a-backend/more-features/analytics/auto-track-sessions/""}",/lib-v1/analytics/autotrack/q/platform/react-native/,/gen1/react-native/prev/build-a-backend/more-features/analytics/auto-track-sessions/,
ec302288598f56645aec,aws_amplify_docs,tier1,aws-amplify/docs,23f0406663733992d4fb33405df34f1ef0cdd883,redirects.json,/angular/build-a-backend/functions/dynamodb-from-lambda-python,/angular/build-a-backend/functions,301,literal,true,"{""source"": ""/angular/build-a-backend/functions/dynamodb-from-lambda-python/"", ""status"": ""301"", ""target"": ""/angular/build-a-backend/functions/""}",/angular/build-a-backend/functions/dynamodb-from-lambda-python/,/angular/build-a-backend/functions/,
ec44e7824c1402e9f375,aws_amplify_docs,tier1,aws-amplify/docs,23f0406663733992d4fb33405df34f1ef0cdd883,redirects.json,/cli/commands/serve,/javascript/tools/cli/commands,301,literal,true,"{""source"": ""/cli/commands/serve/"", ""status"": ""301"", ""target"": ""/javascript/tools/cli/commands/#serve""}",/cli/commands/serve/,/javascript/tools/cli/commands/#serve,
ec540e6c4a3ec357a342,aws_amplify_docs,tier1,aws-amplify/docs,23f0406663733992d4fb33405df34f1ef0cdd883,redirects.json,/lib/auth/signOut/q/platform/flutter,/flutter/build-a-backend/auth/sign-out,301,literal,true,"{""source"": ""/lib/auth/signOut/q/platform/flutter/"", ""status"": ""301"", ""target"": ""/flutter/build-a-backend/auth/sign-out/""}",/lib/auth/signOut/q/platform/flutter/,/flutter/build-a-backend/auth/sign-out/,
ec75c78bdf5e2b8ef4a7,deno_docs,tier1,denoland/docs,3bc9f662c58db48d2b07ceaf5da2fa5587cfbf5f,oldurls.json,/examples/tutorials/drizzle,/examples/drizzle_tutorial,301,literal,true,/examples/tutorials/drizzle -> /examples/drizzle_tutorial,/examples/tutorials/drizzle,/examples/drizzle_tutorial,
ec786510a752823d7044,aws_amplify_docs,tier1,aws-amplify/docs,23f0406663733992d4fb33405df34f1ef0cdd883,redirects.json,/lib-v1/predictions/getting-started/q/platform/ios,/gen1/swift/prev/build-a-backend/more-features/predictions/set-up-predictions,301,literal,true,"{""source"": ""/lib-v1/predictions/getting-started/q/platform/ios/"", ""status"": ""301"", ""target"": ""/gen1/swift/prev/build-a-backend/more-features/predictions/set-up-predictions/""}",/lib-v1/predictions/getting-started/q/platform/ios/,/gen1/swift/prev/build-a-backend/more-features/predictions/set-up-predictions/,
ecd1ef4a2b3862e2e685,aws_amplify_docs,tier1,aws-amplify/docs,23f0406663733992d4fb33405df34f1ef0cdd883,redirects.json,/lib-v1/auth/getting-started/q/platform/android,/gen1/android/prev/build-a-backend/auth/set-up-auth,301,literal,true,"{""source"": ""/lib-v1/auth/getting-started/q/platform/android/"", ""status"": ""301"", ""target"": ""/gen1/android/prev/build-a-backend/auth/set-up-auth/""}",/lib-v1/auth/getting-started/q/platform/android/,/gen1/android/prev/build-a-backend/auth/set-up-auth/,
ecd32a77841d118dbdb3,terraform_website,tier1,hashicorp/terraform-website,93ec9cbdc3a120ffde18d1275339d0d6599cd9b3,redirects.js,/terraform/plugin/framework/accessing-values,/terraform/plugin/framework/handling-data/accessing-values,301,literal,true,"{""source"":""/terraform/plugin/framework/accessing-values"",""destination"":""/terraform/plugin/framework/handling-data/accessing-values"",""permanent"":true}",/terraform/plugin/framework/accessing-values,/terraform/plugin/framework/handling-data/accessing-values,
ed195da6e77b1482f890,aws_amplify_docs,tier1,aws-amplify/docs,23f0406663733992d4fb33405df34f1ef0cdd883,redirects.json,/lib-v1/datastore/real-time/q/platform/react-native,/gen1/react-native/prev/build-a-backend/more-features/datastore/real-time,301,literal,true,"{""source"": ""/lib-v1/datastore/real-time/q/platform/react-native/"", ""status"": ""301"", ""target"": ""/gen1/react-native/prev/build-a-backend/more-features/datastore/real-time/""}",/lib-v1/datastore/real-time/q/platform/react-native/,/gen1/react-native/prev/build-a-backend/more-features/datastore/real-time/,
ed541e6c82c00f71f3de,terraform_website,tier1,hashicorp/terraform-website,93ec9cbdc3a120ffde18d1275339d0d6599cd9b3,redirects.next.js,/docs/providers/grafana/r/:path*,/providers/grafana/grafana/latest/docs/resources/:path*,301,placeholder,false,"{""source"":""/docs/providers/grafana/r/:path*"",""destination"":""https://registry.terraform.io/providers/grafana/grafana/latest/docs/resources/:path*"",""permanent"":true}",/docs/providers/grafana/r/:path*,https://registry.terraform.io/providers/grafana/grafana/latest/docs/resources/:path*,
ed813d8eb7f9c4c79ab2,aws_amplify_docs,tier1,aws-amplify/docs,23f0406663733992d4fb33405df34f1ef0cdd883,redirects.json,/guides/api-rest/express-server/q/platform/js,/javascript/build-a-backend/restapi,301,literal,true,"{""source"": ""/guides/api-rest/express-server/q/platform/js/"", ""status"": ""301"", ""target"": ""/javascript/build-a-backend/restapi/""}",/guides/api-rest/express-server/q/platform/js/,/javascript/build-a-backend/restapi/,
ed99a3168f38e6ad838f,aws_amplify_docs,tier1,aws-amplify/docs,23f0406663733992d4fb33405df34f1ef0cdd883,redirects.json,/angular/build-a-backend/functions/graphql-server-lambda,/angular/build-a-backend/functions,301,literal,true,"{""source"": ""/angular/build-a-backend/functions/graphql-server-lambda/"", ""status"": ""301"", ""target"": ""/angular/build-a-backend/functions/""}",/angular/build-a-backend/functions/graphql-server-lambda/,/angular/build-a-backend/functions/,
edc9af5986a9b0a40ee4,aws_amplify_docs,tier1,aws-amplify/docs,23f0406663733992d4fb33405df34f1ef0cdd883,redirects.json,/nextjs/start/connect-existing-aws-resources,/nextjs/start/connect-to-aws-resources,301,literal,true,"{""source"": ""/nextjs/start/connect-existing-aws-resources"", ""status"": ""301"", ""target"": ""/nextjs/start/connect-to-aws-resources""}",/nextjs/start/connect-existing-aws-resources,/nextjs/start/connect-to-aws-resources,
edcfba45a49375ea7309,aws_amplify_docs,tier1,aws-amplify/docs,23f0406663733992d4fb33405df34f1ef0cdd883,redirects.json,/lib/pubsub/getting-started/q/platform/js,/javascript/build-a-backend/more-features/pubsub/set-up-pubsub,301,literal,true,"{""source"": ""/lib/pubsub/getting-started/q/platform/js/"", ""status"": ""301"", ""target"": ""/javascript/build-a-backend/more-features/pubsub/set-up-pubsub/""}",/lib/pubsub/getting-started/q/platform/js/,/javascript/build-a-backend/more-features/pubsub/set-up-pubsub/,
edea8077f1987e375220,aws_amplify_docs,tier1,aws-amplify/docs,23f0406663733992d4fb33405df34f1ef0cdd883,redirects.json,/lib/graphqlapi/advanced-workflows/q/platform/flutter,/flutter/build-a-backend/graphqlapi/advanced-workflows,301,literal,true,"{""source"": ""/lib/graphqlapi/advanced-workflows/q/platform/flutter/"", ""status"": ""301"", ""target"": ""/flutter/build-a-backend/graphqlapi/advanced-workflows/""}",/lib/graphqlapi/advanced-workflows/q/platform/flutter/,/flutter/build-a-backend/graphqlapi/advanced-workflows/,
ee598184f22f68d8e692,aws_amplify_docs,tier1,aws-amplify/docs,23f0406663733992d4fb33405df34f1ef0cdd883,redirects.json,/android/deploy-and-host/deployment,/android/deploy-and-host,301,literal,true,"{""source"": ""/android/deploy-and-host/deployment/"", ""status"": ""301"", ""target"": ""/android/deploy-and-host/""}",/android/deploy-and-host/deployment/,/android/deploy-and-host/,
eea976ca0669871cac0b,aws_amplify_docs,tier1,aws-amplify/docs,23f0406663733992d4fb33405df34f1ef0cdd883,redirects.json,/lib/push-notifications/remote-media/q/platform/ios,/swift/build-a-backend/push-notifications/remote-media,301,literal,true,"{""source"": ""/lib/push-notifications/remote-media/q/platform/ios/"", ""status"": ""301"", ""target"": ""/swift/build-a-backend/push-notifications/remote-media/""}",/lib/push-notifications/remote-media/q/platform/ios/,/swift/build-a-backend/push-notifications/remote-media/,
eeeb0e47a4185b7c97ed,terraform_website,tier1,hashicorp/terraform-website,93ec9cbdc3a120ffde18d1275339d0d6599cd9b3,redirects.next.js,/docs/providers/google/d/:path*,/providers/hashicorp/google/latest/docs/data-sources/:path*,301,placeholder,false,"{""source"":""/docs/providers/google/d/:path*"",""destination"":""https://registry.terraform.io/providers/hashicorp/google/latest/docs/data-sources/:path*"",""permanent"":true}",/docs/providers/google/d/:path*,https://registry.terraform.io/providers/hashicorp/google/latest/docs/data-sources/:path*,
eef476d2eef100a4df7d,astro_docs,tier2,withastro/docs,8e216293f74f38cc64db427622de74060403d5a8,public/_redirects,/en/quick-started,/en/installation,301,literal,true,/en/quick-started                               /en/installation/,/en/quick-started,/en/installation/,
ef862d8102308edb8404,astro_docs,tier2,withastro/docs,8e216293f74f38cc64db427622de74060403d5a8,public/_redirects,/:lang/tutorials/add-content-collections,/:lang/tutorial/6-islands/4,301,placeholder,false,/:lang/tutorials/add-content-collections/            /:lang/tutorial/6-islands/4/,/:lang/tutorials/add-content-collections/,/:lang/tutorial/6-islands/4/,
f07c1b38889821439cc1,aws_amplify_docs,tier1,aws-amplify/docs,23f0406663733992d4fb33405df34f1ef0cdd883,redirects.json,/lib-v1/auth/overview/q/platform/js,/gen1/javascript/prev/build-a-backend/auth/under-the-hood,301,literal,true,"{""source"": ""/lib-v1/auth/overview/q/platform/js/"", ""status"": ""301"", ""target"": ""/gen1/javascript/prev/build-a-backend/auth/under-the-hood/""}",/lib-v1/auth/overview/q/platform/js/,/gen1/javascript/prev/build-a-backend/auth/under-the-hood/,
f09d56e0314474725f5c,terraform_website,tier1,hashicorp/terraform-website,93ec9cbdc3a120ffde18d1275339d0d6599cd9b3,redirects.next.js,/docs/providers/skytap(/index.html),/providers/skytap/skytap/latest/docs,301,wildcard,false,"{""source"":""/docs/providers/skytap(/index.html)?"",""destination"":""https://registry.terraform.io/providers/skytap/skytap/latest/docs"",""permanent"":true}",/docs/providers/skytap(/index.html)?,https://registry.terraform.io/providers/skytap/skytap/latest/docs,
f0cfa9bfd8496f1304ce,aws_amplify_docs,tier1,aws-amplify/docs,23f0406663733992d4fb33405df34f1ef0cdd883,redirects.json,/lib-v1/analytics/storing/q/platform/js,/gen1/javascript/prev/build-a-backend/more-features/analytics/storing-data,301,literal,true,"{""source"": ""/lib-v1/analytics/storing/q/platform/js/"", ""status"": ""301"", ""target"": ""/gen1/javascript/prev/build-a-backend/more-features/analytics/storing-data/""}",/lib-v1/analytics/storing/q/platform/js/,/gen1/javascript/prev/build-a-backend/more-features/analytics/storing-data/,
f0ec5a8a73f3981fd092,aws_amplify_docs,tier1,aws-amplify/docs,23f0406663733992d4fb33405df34f1ef0cdd883,redirects.json,/build-ui,/react/build-ui,301,literal,true,"{""source"": ""/build-ui/"", ""status"": ""301"", ""target"": ""/react/build-ui/""}",/build-ui/,/react/build-ui/,
f12e0922b388eb9b9d4f,deno_docs,tier1,denoland/docs,3bc9f662c58db48d2b07ceaf5da2fa5587cfbf5f,oldurls.json,/examples/tutorials/digital_ocean,/examples/digital_ocean_tutorial,301,literal,true,/examples/tutorials/digital_ocean -> /examples/digital_ocean_tutorial,/examples/tutorials/digital_ocean,/examples/digital_ocean_tutorial,
f145264614cd81de1ac5,terraform_website,tier1,hashicorp/terraform-website,93ec9cbdc3a120ffde18d1275339d0d6599cd9b3,redirects.next.js,/docs/providers/flexibleengine(/index.html),/providers/FlexibleEngineCloud/flexibleengine/latest/docs,301,wildcard,false,"{""source"":""/docs/providers/flexibleengine(/index.html)?"",""destination"":""https://registry.terraform.io/providers/FlexibleEngineCloud/flexibleengine/latest/docs"",""permanent"":true}",/docs/providers/flexibleengine(/index.html)?,https://registry.terraform.io/providers/FlexibleEngineCloud/flexibleengine/latest/docs,
f1eb36c03f03e59f27ed,aws_amplify_docs,tier1,aws-amplify/docs,23f0406663733992d4fb33405df34f1ef0cdd883,redirects.json,/flutter/prev/build-a-backend/graphqlapi/query-data,/gen1/flutter/prev/build-a-backend/graphqlapi/query-data,301,literal,true,"{""source"": ""/flutter/prev/build-a-backend/graphqlapi/query-data/"", ""status"": ""301"", ""target"": ""/gen1/flutter/prev/build-a-backend/graphqlapi/query-data/""}",/flutter/prev/build-a-backend/graphqlapi/query-data/,/gen1/flutter/prev/build-a-backend/graphqlapi/query-data/,
f21467de95e9015f2d4c,terraform_website,tier1,hashicorp/terraform-website,93ec9cbdc3a120ffde18d1275339d0d6599cd9b3,redirects.next.js,/docs/providers/cloudflare/r/:path*,/providers/cloudflare/cloudflare/latest/docs/resources/:path*,301,placeholder,false,"{""source"":""/docs/providers/cloudflare/r/:path*"",""destination"":""https://registry.terraform.io/providers/cloudflare/cloudflare/latest/docs/resources/:path*"",""permanent"":true}",/docs/providers/cloudflare/r/:path*,https://registry.terraform.io/providers/cloudflare/cloudflare/latest/docs/resources/:path*,
f22f3cc8575ae0599e5c,aws_amplify_docs,tier1,aws-amplify/docs,23f0406663733992d4fb33405df34f1ef0cdd883,redirects.json,/lib-v1/graphqlapi/query-data/q/platform/android,/gen1/android/prev/build-a-backend/graphqlapi/query-data,301,literal,true,"{""source"": ""/lib-v1/graphqlapi/query-data/q/platform/android/"", ""status"": ""301"", ""target"": ""/gen1/android/prev/build-a-backend/graphqlapi/query-data/""}",/lib-v1/graphqlapi/query-data/q/platform/android/,/gen1/android/prev/build-a-backend/graphqlapi/query-data/,
f289824e8e6c4739ec62,aws_amplify_docs,tier1,aws-amplify/docs,23f0406663733992d4fb33405df34f1ef0cdd883,redirects.json,/cli-legacy/graphql-transformer/key,/javascript/tools/cli-legacy/key-directive,301,literal,true,"{""source"": ""/cli-legacy/graphql-transformer/key/"", ""status"": ""301"", ""target"": ""/javascript/tools/cli-legacy/key-directive/""}",/cli-legacy/graphql-transformer/key/,/javascript/tools/cli-legacy/key-directive/,
f293ae481b64003662b1,aws_amplify_docs,tier1,aws-amplify/docs,23f0406663733992d4fb33405df34f1ef0cdd883,redirects.json,/nextjs/build-a-backend/functions/graphql-server-lambda,/nextjs/build-a-backend/functions,301,literal,true,"{""source"": ""/nextjs/build-a-backend/functions/graphql-server-lambda/"", ""status"": ""301"", ""target"": ""/nextjs/build-a-backend/functions/""}",/nextjs/build-a-backend/functions/graphql-server-lambda/,/nextjs/build-a-backend/functions/,
f325d71adf40beff9d42,aws_amplify_docs,tier1,aws-amplify/docs,23f0406663733992d4fb33405df34f1ef0cdd883,redirects.json,/[platform]/build-a-backend/more-features/geo/maps,/react/build-a-backend/more-features/geo/maps,301,wildcard,false,"{""source"": ""/[platform]/build-a-backend/more-features/geo/maps"", ""status"": ""301"", ""target"": ""/react/build-a-backend/more-features/geo/maps""}",/[platform]/build-a-backend/more-features/geo/maps,/react/build-a-backend/more-features/geo/maps,
f34209457696e84afa29,aws_amplify_docs,tier1,aws-amplify/docs,23f0406663733992d4fb33405df34f1ef0cdd883,redirects.json,/lib/storage/cancel-requests/q/platform/js,/gen1/javascript/prev/build-a-backend/storage/cancel-requests,301,literal,true,"{""source"": ""/lib/storage/cancel-requests/q/platform/js/"", ""status"": ""301"", ""target"": ""/gen1/javascript/prev/build-a-backend/storage/cancel-requests/""}",/lib/storage/cancel-requests/q/platform/js/,/gen1/javascript/prev/build-a-backend/storage/cancel-requests/,
f344068b548650d4306b,aws_amplify_docs,tier1,aws-amplify/docs,23f0406663733992d4fb33405df34f1ef0cdd883,redirects.json,/cli/geo/geofencing,/javascript/build-a-backend/more-features/geo/configure-geofencing,301,literal,true,"{""source"": ""/cli/geo/geofencing/"", ""status"": ""301"", ""target"": ""/javascript/build-a-backend/more-features/geo/configure-geofencing/""}",/cli/geo/geofencing/,/javascript/build-a-backend/more-features/geo/configure-geofencing/,
f3502fc54ac866613e9f,terraform_website,tier1,hashicorp/terraform-website,93ec9cbdc3a120ffde18d1275339d0d6599cd9b3,redirects.next.js,/docs/providers/brightbox/d/:path*,/providers/brightbox/brightbox/latest/docs/data-sources/:path*,301,placeholder,false,"{""source"":""/docs/providers/brightbox/d/:path*"",""destination"":""https://registry.terraform.io/providers/brightbox/brightbox/latest/docs/data-sources/:path*"",""permanent"":true}",/docs/providers/brightbox/d/:path*,https://registry.terraform.io/providers/brightbox/brightbox/latest/docs/data-sources/:path*,
f3953418a98b946a20d0,aws_amplify_docs,tier1,aws-amplify/docs,23f0406663733992d4fb33405df34f1ef0cdd883,redirects.json,/lib-v1/utilities/serviceworker/q/platform/js,/gen1/javascript/prev/build-a-backend/utilities/service-worker,301,literal,true,"{""source"": ""/lib-v1/utilities/serviceworker/q/platform/js/"", ""status"": ""301"", ""target"": ""/gen1/javascript/prev/build-a-backend/utilities/service-worker/""}",/lib-v1/utilities/serviceworker/q/platform/js/,/gen1/javascript/prev/build-a-backend/utilities/service-worker/,
f3a6c8007879df4b3be7,terraform_website,tier1,hashicorp/terraform-website,93ec9cbdc3a120ffde18d1275339d0d6599cd9b3,redirects.next.js,/configuration/modules,/language/modules,301,literal,true,"{""source"":""/configuration/modules"",""destination"":""/language/modules"",""permanent"":true}",/configuration/modules,/language/modules,
f3c9968c1f79ee706216,aws_amplify_docs,tier1,aws-amplify/docs,23f0406663733992d4fb33405df34f1ef0cdd883,redirects.json,/cli-legacy/graphql-transformer/http,/javascript/tools/cli-legacy/http-directive,301,literal,true,"{""source"": ""/cli-legacy/graphql-transformer/http/"", ""status"": ""301"", ""target"": ""/javascript/tools/cli-legacy/http-directive/""}",/cli-legacy/graphql-transformer/http/,/javascript/tools/cli-legacy/http-directive/,
f3f33ab4f6af192c6276,terraform_website,tier1,hashicorp/terraform-website,93ec9cbdc3a120ffde18d1275339d0d6599cd9b3,redirects.next.js,/docs/providers/venafi/r/:path*,/providers/Venafi/venafi/latest/docs/resources/:path*,301,placeholder,false,"{""source"":""/docs/providers/venafi/r/:path*"",""destination"":""https://registry.terraform.io/providers/Venafi/venafi/latest/docs/resources/:path*"",""permanent"":true}",/docs/providers/venafi/r/:path*,https://registry.terraform.io/providers/Venafi/venafi/latest/docs/resources/:path*,
f43ce66095d924e47e97,aws_amplify_docs,tier1,aws-amplify/docs,23f0406663733992d4fb33405df34f1ef0cdd883,redirects.json,/lib/in-app-messaging/prerequisites/q/platform/js,/javascript/build-a-backend/more-features/in-app-messaging/set-up-in-app-messaging,301,literal,true,"{""source"": ""/lib/in-app-messaging/prerequisites/q/platform/js/"", ""status"": ""301"", ""target"": ""/javascript/build-a-backend/more-features/in-app-messaging/set-up-in-app-messaging/""}",/lib/in-app-messaging/prerequisites/q/platform/js/,/javascript/build-a-backend/more-features/in-app-messaging/set-up-in-app-messaging/,
f4733c08623c9e2deb0a,deno_docs,tier1,denoland/docs,3bc9f662c58db48d2b07ceaf5da2fa5587cfbf5f,oldurls.json,/examples/tutorials/debugging_with_console,/examples/debugging_with_console_tutorial,301,literal,true,/examples/tutorials/debugging_with_console -> /examples/debugging_with_console_tutorial,/examples/tutorials/debugging_with_console,/examples/debugging_with_console_tutorial,
f4c93dd1cf13a191b688,aws_amplify_docs,tier1,aws-amplify/docs,23f0406663733992d4fb33405df34f1ef0cdd883,redirects.json,/sdk/push-notifications/getting-started/q/platform/ios,/swift/sdk/push-notifications/getting-started,301,literal,true,"{""source"": ""/sdk/push-notifications/getting-started/q/platform/ios/"", ""status"": ""301"", ""target"": ""/swift/sdk/push-notifications/getting-started/""}",/sdk/push-notifications/getting-started/q/platform/ios/,/swift/sdk/push-notifications/getting-started/,
f4c9f8fd784c9b33c364,terraform_website,tier1,hashicorp/terraform-website,93ec9cbdc3a120ffde18d1275339d0d6599cd9b3,redirects.js,/terraform/plugin/sdkv2/best-practices/depending-on-providers,/terraform/plugin/best-practices/interacting-with-providers,301,literal,true,"{""source"":""/terraform/plugin/sdkv2/best-practices/depending-on-providers"",""destination"":""/terraform/plugin/best-practices/interacting-with-providers"",""permanent"":true}",/terraform/plugin/sdkv2/best-practices/depending-on-providers,/terraform/plugin/best-practices/interacting-with-providers,
f54afe520ebeb6740b3f,terraform_website,tier1,hashicorp/terraform-website,93ec9cbdc3a120ffde18d1275339d0d6599cd9b3,redirects.next.js,/docs/providers/bigip(/index.html),/providers/F5Networks/bigip/latest/docs,301,wildcard,false,"{""source"":""/docs/providers/bigip(/index.html)?"",""destination"":""https://registry.terraform.io/providers/F5Networks/bigip/latest/docs"",""permanent"":true}",/docs/providers/bigip(/index.html)?,https://registry.terraform.io/providers/F5Networks/bigip/latest/docs,
f5959ba7b39fe1f4be23,aws_amplify_docs,tier1,aws-amplify/docs,23f0406663733992d4fb33405df34f1ef0cdd883,redirects.json,/lib/auth/manage-session/q/platform/js,/javascript/build-a-backend/auth/manage-user-session,301,literal,true,"{""source"": ""/lib/auth/manage-session/q/platform/js/"", ""status"": ""301"", ""target"": ""/javascript/build-a-backend/auth/manage-user-session/""}",/lib/auth/manage-session/q/platform/js/,/javascript/build-a-backend/auth/manage-user-session/,
f5af94528d048c653944,terraform_website,tier1,hashicorp/terraform-website,93ec9cbdc3a120ffde18d1275339d0d6599cd9b3,redirects.next.js,/docs/providers/dns/d/:path*,/providers/hashicorp/dns/latest/docs/data-sources/:path*,301,placeholder,false,"{""source"":""/docs/providers/dns/d/:path*"",""destination"":""https://registry.terraform.io/providers/hashicorp/dns/latest/docs/data-sources/:path*"",""permanent"":true}",/docs/providers/dns/d/:path*,https://registry.terraform.io/providers/hashicorp/dns/latest/docs/data-sources/:path*,
f5b8c81d78f585b93dcb,aws_amplify_docs,tier1,aws-amplify/docs,23f0406663733992d4fb33405df34f1ef0cdd883,redirects.json,/lib/restapi/update/q/platform/ios,/swift/build-a-backend/restapi/update-data,301,literal,true,"{""source"": ""/lib/restapi/update/q/platform/ios/"", ""status"": ""301"", ""target"": ""/swift/build-a-backend/restapi/update-data/""}",/lib/restapi/update/q/platform/ios/,/swift/build-a-backend/restapi/update-data/,
f5d60dc54f9d464a1786,aws_amplify_docs,tier1,aws-amplify/docs,23f0406663733992d4fb33405df34f1ef0cdd883,redirects.json,/[platform]/build-a-backend/storage/data-usage-policy,/react/build-a-backend/storage/data-usage-policy,301,wildcard,false,"{""source"": ""/[platform]/build-a-backend/storage/data-usage-policy"", ""status"": ""301"", ""target"": ""/react/build-a-backend/storage/data-usage-policy""}",/[platform]/build-a-backend/storage/data-usage-policy,/react/build-a-backend/storage/data-usage-policy,
f5d72a7235961a18ab86,aws_amplify_docs,tier1,aws-amplify/docs,23f0406663733992d4fb33405df34f1ef0cdd883,redirects.json,/<platform>/build-a-backend/functions/layers,/gen1/<platform>/build-a-backend/functions/layers,301,placeholder,false,"{""source"": ""/<platform>/build-a-backend/functions/layers/"", ""status"": ""301"", ""target"": ""/gen1/<platform>/build-a-backend/functions/layers/""}",/<platform>/build-a-backend/functions/layers/,/gen1/<platform>/build-a-backend/functions/layers/,
f631a7d402333d7432fd,aws_amplify_docs,tier1,aws-amplify/docs,23f0406663733992d4fb33405df34f1ef0cdd883,redirects.json,/lib-v1/datastore/relational/q/platform/react-native,/gen1/react-native/prev/build-a-backend/more-features/datastore/relational-models,301,literal,true,"{""source"": ""/lib-v1/datastore/relational/q/platform/react-native/"", ""status"": ""301"", ""target"": ""/gen1/react-native/prev/build-a-backend/more-features/datastore/relational-models/""}",/lib-v1/datastore/relational/q/platform/react-native/,/gen1/react-native/prev/build-a-backend/more-features/datastore/relational-models/,
f6a3ef131a096b0eede2,aws_amplify_docs,tier1,aws-amplify/docs,23f0406663733992d4fb33405df34f1ef0cdd883,redirects.json,/[platform]/build-a-backend/functions/secrets,/react/build-a-backend/functions/secrets,301,wildcard,false,"{""source"": ""/[platform]/build-a-backend/functions/secrets"", ""status"": ""301"", ""target"": ""/react/build-a-backend/functions/secrets""}",/[platform]/build-a-backend/functions/secrets,/react/build-a-backend/functions/secrets,
f6d118823d071996c002,aws_amplify_docs,tier1,aws-amplify/docs,23f0406663733992d4fb33405df34f1ef0cdd883,redirects.json,/lib/graphqlapi/upgrade-guide/q/platform/js,/javascript/build-a-backend/graphqlapi/upgrade-guide,301,literal,true,"{""source"": ""/lib/graphqlapi/upgrade-guide/q/platform/js/"", ""status"": ""301"", ""target"": ""/javascript/build-a-backend/graphqlapi/upgrade-guide/""}",/lib/graphqlapi/upgrade-guide/q/platform/js/,/javascript/build-a-backend/graphqlapi/upgrade-guide/,
f73ad395b1183a26855d,terraform_website,tier1,hashicorp/terraform-website,93ec9cbdc3a120ffde18d1275339d0d6599cd9b3,redirects.next.js,/docs/providers/huaweicloudstack/guides/:path*,/providers/huaweicloud/huaweicloudstack/latest/docs/guides/:path*,301,placeholder,false,"{""source"":""/docs/providers/huaweicloudstack/guides/:path*"",""destination"":""https://registry.terraform.io/providers/huaweicloud/huaweicloudstack/latest/docs/guides/:path*"",""permanent"":true}",/docs/providers/huaweicloudstack/guides/:path*,https://registry.terraform.io/providers/huaweicloud/huaweicloudstack/latest/docs/guides/:path*,
f7f7fdc11c5a53b364d7,aws_amplify_docs,tier1,aws-amplify/docs,23f0406663733992d4fb33405df34f1ef0cdd883,redirects.json,/lib-v1/push-notifications/interact-with-notifications/q/platform/react-native,/gen1/react-native/prev/build-a-backend/push-notifications/interact-with-notifications,301,literal,true,"{""source"": ""/lib-v1/push-notifications/interact-with-notifications/q/platform/react-native/"", ""status"": ""301"", ""target"": ""/gen1/react-native/prev/build-a-backend/push-notifications/interact-with-notifications/""}",/lib-v1/push-notifications/interact-with-notifications/q/platform/react-native/,/gen1/react-native/prev/build-a-backend/push-notifications/interact-with-notifications/,
f8006fd2753a6b8a1b17,aws_amplify_docs,tier1,aws-amplify/docs,23f0406663733992d4fb33405df34f1ef0cdd883,redirects.json,/lib-v1/graphqlapi/existing-resources/q/platform/ios,/gen1/swift/prev/build-a-backend/graphqlapi/existing-resources,301,literal,true,"{""source"": ""/lib-v1/graphqlapi/existing-resources/q/platform/ios/"", ""status"": ""301"", ""target"": ""/gen1/swift/prev/build-a-backend/graphqlapi/existing-resources/""}",/lib-v1/graphqlapi/existing-resources/q/platform/ios/,/gen1/swift/prev/build-a-backend/graphqlapi/existing-resources/,
f810647d22c71e0ae468,deno_docs,tier1,denoland/docs,3bc9f662c58db48d2b07ceaf5da2fa5587cfbf5f,oldurls.json,/examples/writing-files,/examples/writing_files,301,literal,true,/examples/writing-files -> /examples/writing_files,/examples/writing-files,/examples/writing_files,
f8bb5601963419428b3d,terraform_website,tier1,hashicorp/terraform-website,93ec9cbdc3a120ffde18d1275339d0d6599cd9b3,redirects.next.js,/docs/providers/oci/guides/:path*,/providers/oracle/oci/latest/docs/guides/:path*,301,placeholder,false,"{""source"":""/docs/providers/oci/guides/:path*"",""destination"":""https://registry.terraform.io/providers/oracle/oci/latest/docs/guides/:path*"",""permanent"":true}",/docs/providers/oci/guides/:path*,https://registry.terraform.io/providers/oracle/oci/latest/docs/guides/:path*,
f8d9db9bd4ebee5f1db3,terraform_website,tier1,hashicorp/terraform-website,93ec9cbdc3a120ffde18d1275339d0d6599cd9b3,redirects.next.js,/docs/providers/packet/d/:path*,/providers/packethost/packet/latest/docs/data-sources/:path*,301,placeholder,false,"{""source"":""/docs/providers/packet/d/:path*"",""destination"":""https://registry.terraform.io/providers/packethost/packet/latest/docs/data-sources/:path*"",""permanent"":true}",/docs/providers/packet/d/:path*,https://registry.terraform.io/providers/packethost/packet/latest/docs/data-sources/:path*,
f8fbdeb4c03da7b3c979,aws_amplify_docs,tier1,aws-amplify/docs,23f0406663733992d4fb33405df34f1ef0cdd883,redirects.json,/javascript/build-ui/uibuilder,/gen1/javascript/build-ui/uibuilder,301,literal,true,"{""source"": ""/javascript/build-ui/uibuilder/"", ""status"": ""301"", ""target"": ""/gen1/javascript/build-ui/uibuilder/""}",/javascript/build-ui/uibuilder/,/gen1/javascript/build-ui/uibuilder/,
f903a463f4b20134c49a,aws_amplify_docs,tier1,aws-amplify/docs,23f0406663733992d4fb33405df34f1ef0cdd883,redirects.json,/lib-v1/auth/escapehatch/q/platform/ionic,/gen1/react/prev/build-a-backend/auth,301,literal,true,"{""source"": ""/lib-v1/auth/escapehatch/q/platform/ionic/"", ""status"": ""301"", ""target"": ""/gen1/react/prev/build-a-backend/auth/""}",/lib-v1/auth/escapehatch/q/platform/ionic/,/gen1/react/prev/build-a-backend/auth/,
f926cc2f37ef11d76ae1,astro_docs,tier2,withastro/docs,8e216293f74f38cc64db427622de74060403d5a8,public/_redirects,/en/core-concepts/component-hydration,/en/concepts/islands,301,literal,true,/en/core-concepts/component-hydration           /en/concepts/islands/,/en/core-concepts/component-hydration,/en/concepts/islands/,
f9564d26c6796b84d57b,aws_amplify_docs,tier1,aws-amplify/docs,23f0406663733992d4fb33405df34f1ef0cdd883,redirects.json,/start/getting-started/generate-model/q/integration/android,/android/start/getting-started/generate-model,301,literal,true,"{""source"": ""/start/getting-started/generate-model/q/integration/android/"", ""status"": ""301"", ""target"": ""/android/start/getting-started/generate-model/""}",/start/getting-started/generate-model/q/integration/android/,/android/start/getting-started/generate-model/,
f97a7293acb92180f976,terraform_website,tier1,hashicorp/terraform-website,93ec9cbdc3a120ffde18d1275339d0d6599cd9b3,redirects.next.js,/upgrade-guides/0-14.html,/language/upgrade-guides/0-14,301,literal,true,"{""source"":""/upgrade-guides/0-14.html"",""destination"":""/language/upgrade-guides/0-14"",""permanent"":true}",/upgrade-guides/0-14.html,/language/upgrade-guides/0-14,
f97c9c94a1b9f61bb00e,aws_amplify_docs,tier1,aws-amplify/docs,23f0406663733992d4fb33405df34f1ef0cdd883,redirects.json,/<platform>/build-a-backend/storage/import,/gen1/<platform>/build-a-backend/storage/import,301,placeholder,false,"{""source"": ""/<platform>/build-a-backend/storage/import/"", ""status"": ""301"", ""target"": ""/gen1/<platform>/build-a-backend/storage/import/""}",/<platform>/build-a-backend/storage/import/,/gen1/<platform>/build-a-backend/storage/import/,
f99575a02bf537423ce8,aws_amplify_docs,tier1,aws-amplify/docs,23f0406663733992d4fb33405df34f1ef0cdd883,redirects.json,/start/getting-started/nextsteps/q/integration/js,/javascript/start/getting-started/nextsteps,301,literal,true,"{""source"": ""/start/getting-started/nextsteps/q/integration/js/"", ""status"": ""301"", ""target"": ""/javascript/start/getting-started/nextsteps/""}",/start/getting-started/nextsteps/q/integration/js/,/javascript/start/getting-started/nextsteps/,
f99777adb90d1b664b3f,terraform_website,tier1,hashicorp/terraform-website,93ec9cbdc3a120ffde18d1275339d0d6599cd9b3,redirects.next.js,/docs/providers/time/guides/:path*,/providers/hashicorp/time/latest/docs/guides/:path*,301,placeholder,false,"{""source"":""/docs/providers/time/guides/:path*"",""destination"":""https://registry.terraform.io/providers/hashicorp/time/latest/docs/guides/:path*"",""permanent"":true}",/docs/providers/time/guides/:path*,https://registry.terraform.io/providers/hashicorp/time/latest/docs/guides/:path*,
fa3e26a9da05dc0f2d73,flux_website,tier2,fluxcd/website,fbe28609d4c4773ba8b0c73fe65fe8e0b428d89c,static/_redirects,/docs/guides/installation,/flux/installation,301,literal,true,/docs/guides/installation                       /flux/installation                                  301!,/docs/guides/installation,/flux/installation,
faa0159fd5bd646e0904,aws_amplify_docs,tier1,aws-amplify/docs,23f0406663733992d4fb33405df34f1ef0cdd883,redirects.json,/lib/analytics/autotrack/q/platform/js,/gen1/javascript/prev/build-a-backend/more-features/analytics/auto-track-sessions,301,literal,true,"{""source"": ""/lib/analytics/autotrack/q/platform/js/"", ""status"": ""301"", ""target"": ""/gen1/javascript/prev/build-a-backend/more-features/analytics/auto-track-sessions/""}",/lib/analytics/autotrack/q/platform/js/,/gen1/javascript/prev/build-a-backend/more-features/analytics/auto-track-sessions/,
faf10d14621e00f67ce9,aws_amplify_docs,tier1,aws-amplify/docs,23f0406663733992d4fb33405df34f1ef0cdd883,redirects.json,/lib/auth/advanced/q/platform/react-native,/react-native/build-a-backend/auth/advanced-workflows,301,literal,true,"{""source"": ""/lib/auth/advanced/q/platform/react-native/"", ""status"": ""301"", ""target"": ""/react-native/build-a-backend/auth/advanced-workflows/""}",/lib/auth/advanced/q/platform/react-native/,/react-native/build-a-backend/auth/advanced-workflows/,
faf8e42eca47b79c99d8,aws_amplify_docs,tier1,aws-amplify/docs,23f0406663733992d4fb33405df34f1ef0cdd883,redirects.json,/lib-v1/geo/getting-started/q/platform/js,/gen1/javascript/prev/build-a-backend/more-features/geo/set-up-geo,301,literal,true,"{""source"": ""/lib-v1/geo/getting-started/q/platform/js/"", ""status"": ""301"", ""target"": ""/gen1/javascript/prev/build-a-backend/more-features/geo/set-up-geo/""}",/lib-v1/geo/getting-started/q/platform/js/,/gen1/javascript/prev/build-a-backend/more-features/geo/set-up-geo/,
fb1caeb3c3ec12febcdd,aws_amplify_docs,tier1,aws-amplify/docs,23f0406663733992d4fb33405df34f1ef0cdd883,redirects.json,/lib/interactions/chatbot/q/platform/ios,/swift/build-a-backend,301,literal,true,"{""source"": ""/lib/interactions/chatbot/q/platform/ios/"", ""status"": ""301"", ""target"": ""/swift/build-a-backend/""}",/lib/interactions/chatbot/q/platform/ios/,/swift/build-a-backend/,
fb2bf2b3a7057f002ae1,aws_amplify_docs,tier1,aws-amplify/docs,23f0406663733992d4fb33405df34f1ef0cdd883,redirects.json,/lib-v1/restapi/authz/q/platform/flutter,/gen1/flutter/prev/build-a-backend/restapi/customize-authz,301,literal,true,"{""source"": ""/lib-v1/restapi/authz/q/platform/flutter/"", ""status"": ""301"", ""target"": ""/gen1/flutter/prev/build-a-backend/restapi/customize-authz/""}",/lib-v1/restapi/authz/q/platform/flutter/,/gen1/flutter/prev/build-a-backend/restapi/customize-authz/,
fb54184fa62d0d454587,aws_amplify_docs,tier1,aws-amplify/docs,23f0406663733992d4fb33405df34f1ef0cdd883,redirects.json,/lib-v1/auth/signin_with_custom_flow/q/platform/ios,/gen1/swift/prev/build-a-backend/auth/sign-in-custom-flow,301,literal,true,"{""source"": ""/lib-v1/auth/signin_with_custom_flow/q/platform/ios/"", ""status"": ""301"", ""target"": ""/gen1/swift/prev/build-a-backend/auth/sign-in-custom-flow/""}",/lib-v1/auth/signin_with_custom_flow/q/platform/ios/,/gen1/swift/prev/build-a-backend/auth/sign-in-custom-flow/,
fb7fd9de6b0a578b50cd,aws_amplify_docs,tier1,aws-amplify/docs,23f0406663733992d4fb33405df34f1ef0cdd883,redirects.json,/lib/analytics/record/q/platform/android,/android/build-a-backend/more-features/analytics/record-events,301,literal,true,"{""source"": ""/lib/analytics/record/q/platform/android/"", ""status"": ""301"", ""target"": ""/android/build-a-backend/more-features/analytics/record-events/""}",/lib/analytics/record/q/platform/android/,/android/build-a-backend/more-features/analytics/record-events/,
fb8b21f2cca18f3ec55b,deno_docs,tier1,denoland/docs,3bc9f662c58db48d2b07ceaf5da2fa5587cfbf5f,oldurls.json,/examples/openai-chat-completion,/examples/openai_chat_completion,301,literal,true,/examples/openai-chat-completion -> /examples/openai_chat_completion,/examples/openai-chat-completion,/examples/openai_chat_completion,
fb8c331bd8b17e24d31a,flux_website,tier2,fluxcd/website,fbe28609d4c4773ba8b0c73fe65fe8e0b428d89c,static/_redirects,/flux/cheatsheets/bootstrap,/flux/installation/configuration,301,literal,true,/flux/cheatsheets/bootstrap                     /flux/installation/configuration                    301!,/flux/cheatsheets/bootstrap,/flux/installation/configuration,
fbb44eeb88b40b79ed8a,aws_amplify_docs,tier1,aws-amplify/docs,23f0406663733992d4fb33405df34f1ef0cdd883,redirects.json,/angular/build-a-backend/troubleshooting/stack-cdktoolkit-already-exists,/angular/build-a-backend/troubleshooting/cdktoolkit-stack,301,literal,true,"{""source"": ""/angular/build-a-backend/troubleshooting/stack-cdktoolkit-already-exists/"", ""status"": ""301"", ""target"": ""/angular/build-a-backend/troubleshooting/cdktoolkit-stack/""}",/angular/build-a-backend/troubleshooting/stack-cdktoolkit-already-exists/,/angular/build-a-backend/troubleshooting/cdktoolkit-stack/,
fbc7483e004113050822,aws_amplify_docs,tier1,aws-amplify/docs,23f0406663733992d4fb33405df34f1ef0cdd883,redirects.json,/gen2/build-a-backend/data/<category>/<page>,/react/build-a-backend/data/<category>/<page>,301,placeholder,false,"{""source"": ""/gen2/build-a-backend/data/<category>/<page>/"", ""status"": ""301"", ""target"": ""/react/build-a-backend/data/<category>/<page>/""}",/gen2/build-a-backend/data/<category>/<page>/,/react/build-a-backend/data/<category>/<page>/,
fbf1cb499f68096c4fc6,aws_amplify_docs,tier1,aws-amplify/docs,23f0406663733992d4fb33405df34f1ef0cdd883,redirects.json,/lib-v1/project-setup/create-application/q/platform/flutter,/gen1/flutter/prev/start/project-setup,301,literal,true,"{""source"": ""/lib-v1/project-setup/create-application/q/platform/flutter/"", ""status"": ""301"", ""target"": ""/gen1/flutter/prev/start/project-setup/""}",/lib-v1/project-setup/create-application/q/platform/flutter/,/gen1/flutter/prev/start/project-setup/,
fc3ca6bf83d4ccfc9e2b,aws_amplify_docs,tier1,aws-amplify/docs,23f0406663733992d4fb33405df34f1ef0cdd883,redirects.json,/cli/commands/codegen,/javascript/tools/cli/commands,301,literal,true,"{""source"": ""/cli/commands/codegen/"", ""status"": ""301"", ""target"": ""/javascript/tools/cli/commands/#codegen""}",/cli/commands/codegen/,/javascript/tools/cli/commands/#codegen,
fc4e135cc07b5f02a62d,aws_amplify_docs,tier1,aws-amplify/docs,23f0406663733992d4fb33405df34f1ef0cdd883,redirects.json,/<*>,/404/index.html,404,placeholder,false,"{""source"": ""/<*>"", ""status"": ""404-200"", ""target"": ""/404/index.html""}",/<*>,/404/index.html,
fc746a53136157591072,terraform_website,tier1,hashicorp/terraform-website,93ec9cbdc3a120ffde18d1275339d0d6599cd9b3,redirects.next.js,/docs/providers/grafana/d/:path*,/providers/grafana/grafana/latest/docs/data-sources/:path*,301,placeholder,false,"{""source"":""/docs/providers/grafana/d/:path*"",""destination"":""https://registry.terraform.io/providers/grafana/grafana/latest/docs/data-sources/:path*"",""permanent"":true}",/docs/providers/grafana/d/:path*,https://registry.terraform.io/providers/grafana/grafana/latest/docs/data-sources/:path*,
fc74ce5c6fcc10277c27,deno_docs,tier1,denoland/docs,3bc9f662c58db48d2b07ceaf5da2fa5587cfbf5f,oldurls.json,/examples/udp-listener,/examples/udp_listener,301,literal,true,/examples/udp-listener -> /examples/udp_listener,/examples/udp-listener,/examples/udp_listener,
fc88319279eaea7fb49f,terraform_website,tier1,hashicorp/terraform-website,93ec9cbdc3a120ffde18d1275339d0d6599cd9b3,redirects.next.js,/docs/providers/gridscale/d/:path*,/providers/gridscale/gridscale/latest/docs/data-sources/:path*,301,placeholder,false,"{""source"":""/docs/providers/gridscale/d/:path*"",""destination"":""https://registry.terraform.io/providers/gridscale/gridscale/latest/docs/data-sources/:path*"",""permanent"":true}",/docs/providers/gridscale/d/:path*,https://registry.terraform.io/providers/gridscale/gridscale/latest/docs/data-sources/:path*,
fc89bfcf75d9be0780b7,aws_amplify_docs,tier1,aws-amplify/docs,23f0406663733992d4fb33405df34f1ef0cdd883,redirects.json,/lib/analytics/identifyuser/q/platform/js,/javascript/build-a-backend/more-features/analytics/identify-user,301,literal,true,"{""source"": ""/lib/analytics/identifyuser/q/platform/js/"", ""status"": ""301"", ""target"": ""/javascript/build-a-backend/more-features/analytics/identify-user/""}",/lib/analytics/identifyuser/q/platform/js/,/javascript/build-a-backend/more-features/analytics/identify-user/,
fcf46ebbe82e517067e0,terraform_website,tier1,hashicorp/terraform-website,93ec9cbdc3a120ffde18d1275339d0d6599cd9b3,redirects.next.js,/docs/providers/dme/d/:path*,/providers/DNSMadeEasy/dme/latest/docs/data-sources/:path*,301,placeholder,false,"{""source"":""/docs/providers/dme/d/:path*"",""destination"":""https://registry.terraform.io/providers/DNSMadeEasy/dme/latest/docs/data-sources/:path*"",""permanent"":true}",/docs/providers/dme/d/:path*,https://registry.terraform.io/providers/DNSMadeEasy/dme/latest/docs/data-sources/:path*,
fd1975fa7752d6d6013a,aws_amplify_docs,tier1,aws-amplify/docs,23f0406663733992d4fb33405df34f1ef0cdd883,redirects.json,/lib-v1/storage/configureaccess/q/platform/ios,/gen1/swift/prev/build-a-backend/storage/configure-access,301,literal,true,"{""source"": ""/lib-v1/storage/configureaccess/q/platform/ios/"", ""status"": ""301"", ""target"": ""/gen1/swift/prev/build-a-backend/storage/configure-access/""}",/lib-v1/storage/configureaccess/q/platform/ios/,/gen1/swift/prev/build-a-backend/storage/configure-access/,
fd75af1ef9cf06bfaa9f,terraform_website,tier1,hashicorp/terraform-website,93ec9cbdc3a120ffde18d1275339d0d6599cd9b3,redirects.next.js,/upgrade-guides/0-9.html,/language/upgrade-guides/0-9,301,literal,true,"{""source"":""/upgrade-guides/0-9.html"",""destination"":""/language/upgrade-guides/0-9"",""permanent"":true}",/upgrade-guides/0-9.html,/language/upgrade-guides/0-9,
fd7dc7fa22a81a4aba94,aws_amplify_docs,tier1,aws-amplify/docs,23f0406663733992d4fb33405df34f1ef0cdd883,redirects.json,/backend/swagger-ui,/,301,literal,true,"{""source"": ""/backend/swagger-ui/"", ""status"": ""301"", ""target"": ""https://ui.docs.amplify.aws/""}",/backend/swagger-ui/,https://ui.docs.amplify.aws/,
fda18708340fe495781e,terraform_website,tier1,hashicorp/terraform-website,93ec9cbdc3a120ffde18d1275339d0d6599cd9b3,redirects.next.js,/upgrade-guides/0-15.html,/language/upgrade-guides/0-15,301,literal,true,"{""source"":""/upgrade-guides/0-15.html"",""destination"":""/language/upgrade-guides/0-15"",""permanent"":true}",/upgrade-guides/0-15.html,/language/upgrade-guides/0-15,
fdca15e6babe1dc81a97,aws_amplify_docs,tier1,aws-amplify/docs,23f0406663733992d4fb33405df34f1ef0cdd883,redirects.json,/lib/geo/getting-started,/react/build-a-backend/more-features/geo,301,literal,true,"{""source"": ""/lib/geo/getting-started/"", ""status"": ""301"", ""target"": ""/react/build-a-backend/more-features/geo/""}",/lib/geo/getting-started/,/react/build-a-backend/more-features/geo/,
fe2461f7604a82d6370e,terraform_website,tier1,hashicorp/terraform-website,93ec9cbdc3a120ffde18d1275339d0d6599cd9b3,redirects.next.js,/docs/providers/heroku(/index.html),/providers/heroku/heroku/latest/docs,301,wildcard,false,"{""source"":""/docs/providers/heroku(/index.html)?"",""destination"":""https://registry.terraform.io/providers/heroku/heroku/latest/docs"",""permanent"":true}",/docs/providers/heroku(/index.html)?,https://registry.terraform.io/providers/heroku/heroku/latest/docs,
ff3807b2cec0edc5de9d,terraform_website,tier1,hashicorp/terraform-website,93ec9cbdc3a120ffde18d1275339d0d6599cd9b3,redirects.next.js,/docs/providers/exoscale/r/:path*,/providers/exoscale/exoscale/latest/docs/resources/:path*,301,placeholder,false,"{""source"":""/docs/providers/exoscale/r/:path*"",""destination"":""https://registry.terraform.io/providers/exoscale/exoscale/latest/docs/resources/:path*"",""permanent"":true}",/docs/providers/exoscale/r/:path*,https://registry.terraform.io/providers/exoscale/exoscale/latest/docs/resources/:path*,
ff49e24b66963d4039ca,flux_website,tier2,fluxcd/website,fbe28609d4c4773ba8b0c73fe65fe8e0b428d89c,static/_redirects,/blog/2025/06/time-based-deployments,/blog/2025/07/time-based-deployments,301,literal,true,/blog/2025/06/time-based-deployments            /blog/2025/07/time-based-deployments                301!,/blog/2025/06/time-based-deployments,/blog/2025/07/time-based-deployments,
ff60cf6174c9294c1eef,aws_amplify_docs,tier1,aws-amplify/docs,23f0406663733992d4fb33405df34f1ef0cdd883,redirects.json,/cli/graphql/data-modeling,/javascript/build-a-backend/graphqlapi/data-modeling,301,literal,true,"{""source"": ""/cli/graphql/data-modeling/"", ""status"": ""301"", ""target"": ""/javascript/build-a-backend/graphqlapi/data-modeling/""}",/cli/graphql/data-modeling/,/javascript/build-a-backend/graphqlapi/data-modeling/,
ff783efabb9eb9483717,aws_amplify_docs,tier1,aws-amplify/docs,23f0406663733992d4fb33405df34f1ef0cdd883,redirects.json,/javascript/build-a-backend/functions/connect-rest-api,/javascript/build-a-backend/functions,301,literal,true,"{""source"": ""/javascript/build-a-backend/functions/connect-rest-api/"", ""status"": ""301"", ""target"": ""/javascript/build-a-backend/functions/""}",/javascript/build-a-backend/functions/connect-rest-api/,/javascript/build-a-backend/functions/,
ff7e1c721142b018fab5,aws_amplify_docs,tier1,aws-amplify/docs,23f0406663733992d4fb33405df34f1ef0cdd883,redirects.json,/lib/predictions/escapehatch/q/platform/ios,/swift/build-a-backend/more-features/predictions/sdk,301,literal,true,"{""source"": ""/lib/predictions/escapehatch/q/platform/ios/"", ""status"": ""301"", ""target"": ""/swift/build-a-backend/more-features/predictions/sdk/""}",/lib/predictions/escapehatch/q/platform/ios/,/swift/build-a-backend/more-features/predictions/sdk/,
ffcb95a14923a697c2c7,aws_amplify_docs,tier1,aws-amplify/docs,23f0406663733992d4fb33405df34f1ef0cdd883,redirects.json,/<platform>/prev/build-a-backend/<category>/<page>,/gen1/<platform>/prev/build-a-backend/<category>/<page>,301,placeholder,false,"{""source"": ""/<platform>/prev/build-a-backend/<category>/<page>/"", ""status"": ""301"", ""target"": ""/gen1/<platform>/prev/build-a-backend/<category>/<page>/""}",/<platform>/prev/build-a-backend/<category>/<page>/,/gen1/<platform>/prev/build-a-backend/<category>/<page>/,
ffde24bf0a4ee05bfc6f,aws_amplify_docs,tier1,aws-amplify/docs,23f0406663733992d4fb33405df34f1ef0cdd883,redirects.json,/nextjs/prev,/gen1/nextjs/prev,301,literal,true,"{""source"": ""/nextjs/prev/"", ""status"": ""301"", ""target"": ""/gen1/nextjs/prev/""}",/nextjs/prev/,/gen1/nextjs/prev/,
