pair_id,method,source_repo,old_url_path,new_url_path,predicted_url_path,rule_type,reason
004d614e717e6cf84e19,string_similarity,aws-amplify/docs,/cli-legacy/graphql-transformer/storage,/javascript/tools/cli-legacy/storage,/gen1/<platform>/tools/cli-legacy,literal,other
00853681aa1108183968,string_similarity,denoland/docs,/examples/tutorials/module_metadata,/examples/module_metadata_tutorial,/examples/tutorials/module_metadata,literal,other
00d64736ed148f216535,string_similarity,aws-amplify/docs,/gen2/how-amplify-works,/react/how-amplify-works,/amplify-js/api,literal,soft_404_or_thin_pages
00f03d49daca0d2692d4,string_similarity,aws-amplify/docs,/lib-v1/analytics/record/q/platform/ios,/gen1/swift/prev/build-a-backend/more-features/analytics/record-events,/android/sdk/analytics/endpoints,literal,other
00fa09a9cedcc9fd0768,string_similarity,hashicorp/terraform-website,/docs/providers/ksyun(/index.html),/providers/kingsoftcloud/ksyun/latest/docs,/providers/linode/linode/latest/docs,wildcard,wildcard_expansion_ambiguity
010e6c850d34c5eb762f,string_similarity,aws-amplify/docs,/console/uibuilder/collections,/javascript/build-ui/uibuilder/collections,/gen1/javascript/build-ui/uibuilder,literal,other
0197e48921d188ed9419,string_similarity,aws-amplify/docs,/lib/restapi/cancel/q/platform/react-native,/gen1/react-native/prev/build-a-backend/restapi/cancel-api-requests,/angular/start/getting-started/nextsteps,literal,soft_404_or_thin_pages
01bae2941f127beacb85,string_similarity,aws-amplify/docs,/lib-v1/predictions/label-image/q/platform/js,/gen1/javascript/prev/build-a-backend/more-features/predictions/label-image,/angular/start/getting-started/nextsteps,literal,soft_404_or_thin_pages
01e28b9ddf46396f5e2a,string_similarity,aws-amplify/docs,/gen1/react/build-a-backend/auth/connect-your-frontend/sign-up,/gen1/react/build-a-backend/auth/enable-sign-up,/<platform>/build-a-backend/auth/connect-your-frontend/sign-up,literal,other
01f98ecac95ed598cbeb,string_similarity,aws-amplify/docs,/[platform]/build-a-backend/restapi/restapi-v5-to-v6-migration-guide,/react/build-a-backend/restapi/restapi-v5-to-v6-migration-guide,/gen1/javascript/build-a-backend/storage/storage-v5-to-v6-migration-guide,wildcard,wildcard_expansion_ambiguity
0298ecd8cb6702312664,string_similarity,aws-amplify/docs,/lib/datastore/sync/q/platform/flutter,/flutter/build-a-backend/more-features/datastore/sync-to-cloud,/flutter,literal,other
0300474bd4a6c40be5a8,string_similarity,aws-amplify/docs,/vue/build-a-backend/functions/dynamodb-from-lambda-nodejs,/vue/build-a-backend/functions,/angular/build-a-backend/functions,literal,other
037262bb7b7ca6a13092,string_similarity,aws-amplify/docs,/gen1/react/start/getting-started/setup/q/integration/flutter,/gen1/react/start/getting-started/setup,/android/start/getting-started/setup,literal,other
03f60c72b6a795b01279,string_similarity,aws-amplify/docs,/start/getting-started/hosting/q/integration/vue,/vue/start/getting-started/hosting,/angular/start/getting-started/hosting,literal,other
04713758e4327137f272,string_similarity,aws-amplify/docs,/lib/restapi/delete/q/platform/ios,/swift/build-a-backend/restapi/delete-data,/gen1/flutter/prev/build-a-backend/restapi/delete-data,literal,other
0473600a4f88dc268f62,string_similarity,hashicorp/terraform-website,/cloud-docs/sentinel/import,/cloud-docs/policy-enforcement/sentinel,/cloud-docs/policy-enforcement/sentinel/import/tfplan,literal,soft_404_or_thin_pages
054944f3f05fa5083bdc,string_similarity,aws-amplify/docs,/lib-v1/graphqlapi/advanced-workflows/q/platform/ios,/gen1/swift/prev/build-a-backend/graphqlapi/advanced-workflows,/flutter/build-a-backend/graphqlapi/advanced-workflows,literal,other
0606b0094ec609100f24,string_similarity,aws-amplify/docs,/cli/usage/tags,/javascript/tools/cli/project/tags,/gen1/<platform>/tools/cli/<page>,literal,many_to_one_merges
066bb039d6ff9bb1988e,string_similarity,aws-amplify/docs,/lib-v1/datastore/getting-started/q/platform/js,/gen1/javascript/prev/build-a-backend/more-features/datastore,/angular/start/getting-started/nextsteps,literal,soft_404_or_thin_pages
081586ce9f497e92dc59,string_similarity,aws-amplify/docs,/lib/auth/escapehatch/q/platform/android,/android/build-a-backend/auth/sdk,/android/sdk/auth/federated-identities,literal,other
081a3d765b551c35808f,string_similarity,aws-amplify/docs,/lib-v1/graphqlapi/query-data,/gen1/swift/prev/build-a-backend/graphqlapi/query-data,/flutter/build-a-backend/graphqlapi/query-data,literal,other
0829a3f8668fedf8090a,string_similarity,aws-amplify/docs,/guides/functions/graphql-server-in-lambda/q/platform/android,/android/build-a-backend/functions,/gen1/android/prev/build-a-backend/graphqlapi/set-up-graphql-api,literal,many_to_one_merges
08a051a090ee82111d67,string_similarity,fluxcd/website,/flux/cheatsheets/sharding,/flux/installation/configuration/sharding,/en/flux/cheatsheets/_index,literal,soft_404_or_thin_pages
08da8f5882f669f3c296,string_similarity,aws-amplify/docs,/guides/functions/dynamodb-from-js-lambda/q/platform/react-native,/react-native/build-a-backend,/gen1/android/prev/build-a-backend/storage/lambda-triggers,literal,many_to_one_merges
08e474cbcbdd012f91d4,string_similarity,aws-amplify/docs,/lib-v1/geo/search/q/platform/js,/gen1/javascript/prev/build-a-backend/more-features/geo/location-search,/angular/start/getting-started/nextsteps,literal,soft_404_or_thin_pages
08fb960e63f04143fd1d,string_similarity,denoland/docs,/examples/tutorials/hashbang,/examples/hashbang_tutorial,/examples/tutorials/hashbang,literal,other
092c7e53c7c26e840f97,string_similarity,aws-amplify/docs,/lib/project-setup/combine/q/platform/ios,/swift/start/project-setup/combine-framework,/flutter/start/project-setup/escape-hatch,literal,other
09391bc2e488f4aec6e7,string_similarity,aws-amplify/docs,/lib/datastore/real-time/q/platform/ios,/swift/build-a-backend/more-features/datastore/real-time,/gen1/flutter/prev/build-a-backend/more-features/datastore/real-time,literal,other
0a2cfa024f8ad67a8b17,string_similarity,aws-amplify/docs,/lib-v1/predictions/sample/q/platform/js,/gen1/javascript/prev/build-a-backend/more-features/predictions/example-app,/angular/start/getting-started/nextsteps,literal,soft_404_or_thin_pages
0a7ff03f0bc1e3f5c012,string_similarity,aws-amplify/docs,/lib-v1/graphqlapi/mutate-data/q/platform/react-native,/gen1/react-native/prev/build-a-backend/graphqlapi/mutate-data,/gen1/flutter/prev/build-a-backend/graphqlapi/mutate-data,literal,other
0ae4f25d2448c12aa790,string_similarity,aws-amplify/docs,/sdk/pubsub/working-api/q/platform/ios,/swift/sdk/pubsub/working-api,/android/sdk/pubsub/working-api,literal,other
0b71df3d38e51b3702e6,string_similarity,aws-amplify/docs,/gen1/react/reference/cli-commands,/gen1/react/tools/cli/commands,/gen1/<platform>/tools/cli-legacy,literal,other
0b8e4a0955ef03d86450,string_similarity,aws-amplify/docs,/guides/hosting/local-deployments/q/platform/js,/javascript/deploy-and-host/deployment/deploy-static-site-locally,/angular/start/getting-started/nextsteps,literal,soft_404_or_thin_pages
0b8fecf5013aa23d6fc4,string_similarity,aws-amplify/docs,/lib-v1/datastore/how-it-works,/gen1/react/prev/build-a-backend/more-features/datastore/how-it-works,/flutter/build-a-backend/more-features/datastore/set-up-datastore,literal,many_to_one_merges
0b9278049f7883b31b23,string_similarity,aws-amplify/docs,/lib/datastore/advanced-workflows/q/platform/react-native,/react-native/build-a-backend/more-features/datastore/customize-primary-keys,/flutter/build-a-backend/graphqlapi/advanced-workflows,literal,other
0bd4077c5423a5c37d1a,string_similarity,aws-amplify/docs,/lib/push-notifications/getting-started/q/platform/android,/android/build-a-backend/push-notifications/set-up-push-notifications,/android/start/getting-started/installation,literal,other
0c463bff126b36f04656,string_similarity,aws-amplify/docs,/lib/datastore/how-it-works/q/platform/js,/javascript/build-a-backend/more-features/datastore/how-it-works,/angular/start/getting-started/nextsteps,literal,soft_404_or_thin_pages
0c8f2815cc41fd66a8e4,string_similarity,aws-amplify/docs,/gen1/REACT/build-a-backend/graphqlapi/customize-authz-modes,/gen1/react/build-a-backend/graphqlapi/customize-authorization-rules,/gen1/javascript/prev/build-a-backend/graphqlapi/customize-authz-modes,literal,other
0cad0f54afbafb245b25,string_similarity,aws-amplify/docs,/lib/interactions/getting-started/q/platform/react-native,/react-native/build-a-backend/more-features/interactions/set-up-interactions,/android/start/getting-started/integrate,literal,other
0cb3f453f294af042969,string_similarity,aws-amplify/docs,/lib/restapi/getting-started/q/platform/android,/android/build-a-backend/restapi/set-up-rest-api,/android/start/getting-started/installation,literal,other
0cc95a7d27cc58f6bc12,string_similarity,aws-amplify/docs,/<platform>/build-a-backend/auth/enable-sign-up,/<platform>/build-a-backend/auth/connect-your-frontend/sign-up,/gen1/javascript/prev/build-a-backend/auth/enable-sign-up,placeholder,wildcard_expansion_ambiguity
0d65c595712599d32031,string_similarity,aws-amplify/docs,/lib/storage/existing-resources/q/platform/js,/javascript/build-a-backend/storage/existing-resources,/gen1/android/prev/build-a-backend/storage/existing-resources,literal,other
0dfbd2a8112553531237,string_similarity,hashicorp/terraform-website,/docs/providers/nutanix/d/:path*,/providers/nutanix/nutanix/latest/docs/data-sources/:path*,/providers/nutanix/nutanix/latest/docs/resources/:path*,placeholder,wildcard_expansion_ambiguity
0e0ee77212b9a4b28eee,string_similarity,aws-amplify/docs,/nextjs/build-a-backend/functions/dynamodb-from-lambda-nodejs,/nextjs/build-a-backend/functions,/android/build-a-backend/functions,literal,many_to_one_merges
0e23c138bdabfb6b97b7,string_similarity,hashicorp/terraform-website,/docs/providers/cobbler/d/:path*,/providers/cobber/cobbler/latest/docs/data-sources/:path*,/providers/cobber/cobbler/latest/docs,placeholder,wildcard_expansion_ambiguity
0f4ee9ebd19f639e5811,string_similarity,aws-amplify/docs,/lib/graphqlapi/existing-resources/q/platform/react-native,/gen1/react-native/prev/build-a-backend/graphqlapi/existing-resources,/flutter/build-a-backend/graphqlapi/existing-resources,literal,other
0f6a5f6b224914d11d59,string_similarity,aws-amplify/docs,/console/uibuilder/override,/javascript/build-ui/uibuilder/override,/gen1/javascript/build-ui/uibuilder,literal,other
0fd57ae51b347e550125,string_similarity,aws-amplify/docs,/guides/functions/connecting-a-rest-api/q/platform/ios,/swift/build-a-backend/functions,/android/build-a-backend/restapi/set-up-rest-api,literal,many_to_one_merges
100e227726994caea679,string_similarity,withastro/docs,/:lang/comparing-astro-vs-other-tools,/:lang/guides/migrate-to-astro,/:lang/basics/astro-pages,placeholder,wildcard_expansion_ambiguity
10a0c54301e199fa74d4,string_similarity,aws-amplify/docs,/[platform]/build-a-backend/restapi/override-api-gateway,/react/build-a-backend/restapi/override-api-gateway,/android/build-a-backend/restapi/set-up-rest-api,wildcard,wildcard_expansion_ambiguity
10af0f22725240cb43de,string_similarity,aws-amplify/docs,/javascript/build-a-backend/troubleshooting/stack-cdktoolkit-already-exists,/javascript/build-a-backend/troubleshooting/cdktoolkit-stack,/angular/build-a-backend/troubleshooting/cdktoolkit-stack,literal,other
10ed6d90a0c561802930,string_similarity,denoland/docs,/runtime/tutorials/tcp_server,/examples/tcp_echo_server,/examples/tutorials/file_server,literal,other
11568e4abd2859da8699,string_similarity,aws-amplify/docs,/sdk/auth/how-it-works/q/platform/react-native,/react-native,/android/sdk/auth/federated-identities,literal,other
121554be45b50212f6cd,string_similarity,fluxcd/website,/flux/components/notification/event,/flux/components/notification/events,/flux/components/notification,literal,other
121c6f6ab1c9ef7a5459,string_similarity,aws-amplify/docs,/lib/info/app-uninstall/q/platform/vue,/vue/tools/cli/commands,/android/build-a-backend/auth/app-uninstall,literal,other
12247d601d994d37d340,string_similarity,aws-amplify/docs,/[platform]/prev/build-a-backend/push-notifications/interact-with-notifications,/gen1/react/prev/build-a-backend/push-notifications/interact-with-notifications,/flutter/build-a-backend/push-notifications/interact-with-notifications,wildcard,wildcard_expansion_ambiguity
1233fb77e11f7ae10fdb,string_similarity,aws-amplify/docs,/start/getting-started/installation/q/integration/ionic,/javascript/start/getting-started/installation,/android/start/getting-started/installation,literal,many_to_one_merges
1241489af8c8a3208069,string_similarity,aws-amplify/docs,/lib-v1/project-setup/combine/q/platform/ios,/gen1/swift/prev/start/project-setup,/gen1/angular/prev/start/project-setup/create-application,literal,many_to_one_merges
1298fdb2635a26713369,string_similarity,aws-amplify/docs,/lib-v1/storage/transfer-acceleration/q/platform/react-native,/gen1/react-native/prev/build-a-backend/storage/transfer-acceleration,/flutter/build-a-backend/storage/get-properties,literal,other
12aa61b71c0eac02bd06,string_similarity,aws-amplify/docs,/cli/migration/aws-cdk-migration,/javascript/tools/cli/migration/aws-cdk-migration,/angular/getting-started/migration,literal,other
1426b16b526bce8e58c2,string_similarity,aws-amplify/docs,/javascript/prev/build-a-backend/restapi/update-data/javascript/prev/build-a-backend,/gen1/javascript/prev/build-a-backend/restapi/update-data/javascript/prev/build-a-backend,/gen1/android/prev/build-a-backend/restapi/delete-data,literal,other
15b9928b054ce96ebf07,string_similarity,aws-amplify/docs,/[platform]/deploy-and-host/deployment/deploy-static-site-github,/react/deploy-and-host/deployment/deploy-static-site-github,/gen1/<platform>/deploy-and-host/deployment/<page>,wildcard,wildcard_expansion_ambiguity
15c4d59d62e97dfdfe50,string_similarity,aws-amplify/docs,/lib-v1/utilities/hub/q/platform/ios,/gen1/swift/prev/build-a-backend/utilities,/gen1/<platform>/build-a-backend/utilities,literal,other
15ec0e975e5ed9071931,string_similarity,hashicorp/terraform-website,/docs/providers/fortios(/index.html),/providers/fortinetdev/fortios/latest/docs,/providers/linode/linode/latest/docs,wildcard,wildcard_expansion_ambiguity
169b4365048804bf775c,string_similarity,aws-amplify/docs,/lib-v1/datastore/advanced-workflows/q/platform/flutter,/gen1/flutter/prev/build-a-backend/more-features/datastore/customize-primary-keys,/flutter/build-a-backend/graphqlapi/advanced-workflows,literal,other
16cae477060299632806,string_similarity,hashicorp/terraform-website,/language/upgrade-guides/1-0,/language/v1.1.x/upgrade-guides/1-0,/language/upgrade-guides/0-8,literal,many_to_one_merges
16dd17779970f33d9a1d,string_similarity,aws-amplify/docs,/guides/api-graphql/graphql-pagination/q/platform/js,/javascript/build-a-backend/graphqlapi/query-data,/android/build-a-backend/graphqlapi/api-graphql-concepts,literal,no_lexical_overlap_after_ia_rewrite
177fff7f0b0eccd03fd8,string_similarity,aws-amplify/docs,/lib-v1/datastore/advanced-workflows/q/platform/react-native,/gen1/react-native/prev/build-a-backend/more-features/datastore/customize-primary-keys,/flutter/build-a-backend/graphqlapi/advanced-workflows,literal,other
17a5da92af3adedfad09,string_similarity,aws-amplify/docs,/gen2,/,/404/index.html,literal,many_to_one_merges
17a90a8462bb14b96f67,string_similarity,aws-amplify/docs,/console/tutorial/code,/javascript/tools/console/tutorial/code,/gen1/<platform>/tools/console,literal,other
17a9770ffa264708627f,string_similarity,aws-amplify/docs,/react/start/quickstart/nextjs-app-router-client-components,/react/start/quickstart,/angular/start/getting-started/nextsteps,literal,many_to_one_merges
17b264ab5edc53e03ceb,string_similarity,denoland/docs,/deploy/classic/faunadb,/examples,/deploy/classic/*,literal,many_to_one_merges
17c94aa0fa73c6af4b6d,string_similarity,aws-amplify/docs,/[platform]/build-a-backend/auth/admin-actions,/react/build-a-backend/auth/admin-actions,/angular/build-a-backend/auth,wildcard,wildcard_expansion_ambiguity
17cf1130843e097c2f6e,string_similarity,aws-amplify/docs,/cli-legacy/graphql-transformer/directives,/javascript/tools/cli-legacy/directives,/gen1/<platform>/tools/cli-legacy,literal,other
1831c5496206afc40bbc,string_similarity,aws-amplify/docs,/lib/troubleshooting/strict-mode/q/platform/js,/gen1/javascript/prev/build-a-backend/troubleshooting/strict-mode,/angular/build-a-backend/troubleshooting/cdktoolkit-stack,literal,other
184659483710bebf1df7,string_similarity,denoland/docs,/examples/tutorials/mongoose,/examples/mongoose_tutorial,/examples/tutorials/mongoose,literal,other
18524e2bc0c4cb8bfbfa,string_similarity,aws-amplify/docs,/lib-v1/auth/signOut/q/platform/flutter,/gen1/flutter/prev/build-a-backend/auth/sign-out,/angular/start/getting-started/nextsteps,literal,soft_404_or_thin_pages
187252af1abe3017743a,string_similarity,aws-amplify/docs,/gen1/nextjs/build-a-backend/graphqlapi/customize-authz-modes,/gen1/nextjs/build-a-backend/graphqlapi/customize-authorization-rules,/gen1/javascript/prev/build-a-backend/graphqlapi/customize-authz-modes,literal,other
1963257f401489bd6e23,string_similarity,aws-amplify/docs,/lib-v1/auth/signin_next_steps/q/platform/next,/gen1/nextjs/prev/build-a-backend/auth/enable-sign-up,/angular/start/getting-started/nextsteps,literal,soft_404_or_thin_pages
1a0602cdbcdd93a03114,string_similarity,aws-amplify/docs,/lib/geo/geofences/q/platform/js,/javascript/build-a-backend/more-features/geo/geofences,/angular/start/getting-started/nextsteps,literal,soft_404_or_thin_pages
1a5c33d1bbfc3f78fa23,string_similarity,aws-amplify/docs,/sdk/storage/configure-access/q/platform/ios,/swift/sdk/storage/configure-access,/flutter/build-a-backend/storage/configure-access,literal,other
1a62b2b2c3e9400739a9,string_similarity,withastro/docs,/:lang/guides/client-side-routing,/:lang/guides/view-transitions,/en/guides/client-side-scripts,placeholder,wildcard_expansion_ambiguity
1a852e037cc504c6cb37,string_similarity,aws-amplify/docs,/lib/geo/maps/q/platform/ios,/swift/build-a-backend/more-features/geo/maps,/android/build-a-backend/more-features/geo/maps,literal,other
1a92e6c9dde6c0ecc226,string_similarity,aws-amplify/docs,/lib-v1/datastore/how-it-works/q/platform/react-native,/gen1/react-native/prev/build-a-backend/more-features/datastore/how-it-works,/flutter/build-a-backend/more-features/datastore/set-up-datastore,literal,other
1b131a61d526cb822dbd,string_similarity,aws-amplify/docs,/guides/api-rest/python-api/q/platform/js,/javascript/build-a-backend/restapi,/angular/start/getting-started/nextsteps,literal,many_to_one_merges
1b524b1088dbd32d2dbd,string_similarity,aws-amplify/docs,/lib/datastore/how-it-works/q/platform/vue,/vue/build-a-backend/more-features/datastore/how-it-works,/flutter/build-a-backend/more-features/datastore/set-up-datastore,literal,other
1b5baed2b80e086ea7b9,string_similarity,aws-amplify/docs,/lib/troubleshooting/upgrading/q/platform/react-native,/react-native/build-a-backend/troubleshooting/upgrade-amplify-packages,/gen1/flutter/build-a-backend/troubleshooting/upgrade-amplify-packages,literal,other
1b66f70aba9fdb93e36d,string_similarity,hashicorp/terraform-website,/docs/providers/ncloud(/index.html),/providers/NaverCloudPlatform/ncloud/latest/docs,/providers/linode/linode/latest/docs,wildcard,wildcard_expansion_ambiguity
1be98512765ad1eaf7aa,string_similarity,aws-amplify/docs,/lib/auth/delete_user/q/platform/react-native,/react-native/build-a-backend/auth/delete-user-account,/flutter/build-a-backend/auth/delete-user-account,literal,other
1bfe8c8d19e9f6787d88,string_similarity,aws-amplify/docs,/[platform]/prev/build-a-backend/utilities/service-worker,/gen1/react/prev/build-a-backend/utilities/service-worker,/gen1/<platform>/build-a-backend/utilities,wildcard,wildcard_expansion_ambiguity
1c417516fde442b44da4,string_similarity,aws-amplify/docs,/lib-v1/analytics/escapehatch/q/platform/ios,/gen1/swift/prev/build-a-backend/more-features/analytics/sdk,/android/sdk/analytics/kinesis,literal,other
1cbeeb3dea16c2a32c9c,string_similarity,aws-amplify/docs,/lib-v1/q/platform/js,/javascript/tools/libraries,/angular/start/getting-started/nextsteps,literal,soft_404_or_thin_pages
1dbe301bc7d90928b4cf,string_similarity,aws-amplify/docs,/react-native/build-a-backend/storage/storage-v5-to-v6-migration-guide,/gen1/react-native/build-a-backend/storage/storage-v5-to-v6-migration-guide,/gen1/javascript/build-a-backend/storage/storage-v5-to-v6-migration-guide,literal,other
1e53b829b9ccfdc70742,string_similarity,aws-amplify/docs,/lib-v1/predictions/sample/q/platform/react-native,/gen1/react-native/prev/build-a-backend/more-features/predictions/example-app,/angular/start/getting-started/nextsteps,literal,soft_404_or_thin_pages
1e644c4d48eb54387411,string_similarity,aws-amplify/docs,/lib/datastore/sync/q/platform/js,/javascript/build-a-backend/more-features/datastore/sync-to-cloud,/angular/start/getting-started/nextsteps,literal,soft_404_or_thin_pages
1e64e4d1429cc6a04bc1,string_similarity,aws-amplify/docs,/console,/javascript/tools/console,/gen1/<platform>/tools/console,literal,other
1e83b10e92df471c7895,string_similarity,denoland/docs,/api/deno/~/Deno.TlsConn.rid,/runtime/reference/migration_guide,/api/deno,literal,no_lexical_overlap_after_ia_rewrite
1f0556cf232b6cb439bf,string_similarity,aws-amplify/docs,/lib-v1/graphqlapi/advanced-workflows/q/platform/flutter,/gen1/flutter/prev/build-a-backend/graphqlapi/advanced-workflows,/flutter/build-a-backend/graphqlapi/advanced-workflows,literal,other
1f63bbfab77f5cb6062d,string_similarity,aws-amplify/docs,/lib-v1/predictions/identify-entity/q/platform/react-native,/gen1/react-native/prev/build-a-backend/more-features/predictions/identify-entity,/angular/build-a-backend/more-features/predictions/identify-text,literal,other
1fac3f0c62b5675b5ef3,string_similarity,aws-amplify/docs,/lib/auth/social/q/platform/android,/gen1/android/build-a-backend/auth/add-social-provider,/android/build-a-backend/auth/add-social-provider,literal,other
2048475d5858b4b2e49c,string_similarity,aws-amplify/docs,/cli,/javascript/tools/cli,/gen1/<platform>/tools/cli/<page>,literal,other
20bd2987885c4daeba52,string_similarity,aws-amplify/docs,/lib/logging/hub-events/q/platform/ios,/swift/build-a-backend/more-features/logging/hub-events,/gen1/<platform>/tools/console,literal,other
211593e75810702b0ec4,string_similarity,aws-amplify/docs,/lib-v1/predictions/translate/q/platform/js,/gen1/javascript/prev/build-a-backend/more-features/predictions/translate,/angular/start/getting-started/nextsteps,literal,soft_404_or_thin_pages
211c30914ae11408262e,string_similarity,aws-amplify/docs,/lib/storage/configureaccess/q/platform/ios,/swift/build-a-backend/storage/configure-access,/flutter/build-a-backend/storage/configure-access,literal,other
212777ab2d3fff7cb094,string_similarity,aws-amplify/docs,/cli/usage/monorepo,/javascript/tools/cli/project/monorepo,/gen1/<platform>/tools/cli-legacy,literal,other
2172f3d76994213a1952,string_similarity,aws-amplify/docs,/lib-v1/auth/access_credentials/q/platform/react-native,/gen1/react-native/prev/build-a-backend/auth,/android/build-a-backend/auth/accessing-credentials,literal,other
21980dcf89e3d4087985,string_similarity,fluxcd/website,/flux/components/notification/provider,/flux/components/notification/providers,/flux/components/notification,literal,other
21fb6f191c2c3cae29de,string_similarity,aws-amplify/docs,/lib-v1/auth/signOut/q/platform/android,/gen1/android/prev/build-a-backend/auth/sign-out,/android/sdk/auth/getting-started,literal,other
22d0b6df480a9f9fa556,string_similarity,aws-amplify/docs,/lib/datastore/schema-updates/q/platform/js,/javascript/build-a-backend/more-features/datastore/schema-updates,/flutter/build-a-backend/more-features/datastore/schema-updates,literal,other
23069d5b2b40e3777d05,string_similarity,aws-amplify/docs,/[platform]/build-ui/uibuilder/override,/react/build-ui/uibuilder/override,/gen1/javascript/build-ui/uibuilder,wildcard,wildcard_expansion_ambiguity
236bfcd21846b39de11c,string_similarity,aws-amplify/docs,/lib-v1/auth/getting-started/q/platform/flutter,/gen1/flutter/prev/build-a-backend/auth/set-up-auth,/angular/start/getting-started/nextsteps,literal,soft_404_or_thin_pages
23cfbc306b795f4618e1,string_similarity,aws-amplify/docs,/sdk/push-notifications/setup-push-service/q/platform/ios,/swift/sdk/push-notifications/setup-push-service,/android/build-a-backend/push-notifications/set-up-push-service,literal,other
241a250121ba3ffc7094,string_similarity,aws-amplify/docs,/lib/in-app-messaging/overview/q/platform/js,/javascript/build-a-backend/more-features/in-app-messaging,/angular/start/getting-started/nextsteps,literal,soft_404_or_thin_pages
2443194e981891a24f74,string_similarity,aws-amplify/docs,/start/getting-started/integrate/q/integration/q/integration/react-native,/react-native/start/getting-started,/android/start/getting-started/integrate,literal,other
250f3c6b80c9819b44c2,string_similarity,hashicorp/terraform-website,/docs/providers/alicloud/d/:path*,/providers/aliyun/alicloud/latest/docs/data-sources/:path*,/providers/aliyun/alicloud/latest/docs/resources/:path*,placeholder,wildcard_expansion_ambiguity
2594863546eeab933416,string_similarity,aws-amplify/docs,/react/build-a-backend/troubleshooting/upgrade-amplify-packages,/gen1/react/build-a-backend/troubleshooting/upgrade-amplify-packages,/gen1/javascript/build-a-backend/troubleshooting/upgrade-amplify-packages,literal,other
25a94d00594a2c653d9e,string_similarity,aws-amplify/docs,/lib/auth/signin_next_steps/q/platform/android,/android/build-a-backend/auth/multi-step-sign-in,/android/sdk/auth/getting-started,literal,other
26b230f45aab8a1c31ec,string_similarity,aws-amplify/docs,/lib/restapi/authz/q/platform/react-native,/react-native/build-a-backend/restapi/customize-authz,/gen1/flutter/prev/build-a-backend/restapi/customize-authz,literal,other
26bb8c6289bce5fdb03e,string_similarity,aws-amplify/docs,/nextjs/deploy-and-host/deployment,/gen1/nextjs/deploy-and-host/deployment,/gen1/angular/deploy-and-host/deployment,literal,other
28031408cb83593085dd,string_similarity,aws-amplify/docs,/lib-v1/push-notifications/enable-rich-notifications/q/platform/react-native,/gen1/react-native/prev/build-a-backend/push-notifications/enable-rich-notifications,/flutter/build-a-backend/push-notifications/enable-rich-notifications,literal,other
281a55e64da5e524cd91,string_similarity,aws-amplify/docs,/api/swagger/ui/index,/,/404/index.html,literal,many_to_one_merges
2848a1106ccf1595b918,string_similarity,aws-amplify/docs,/guides/api-graphql/lambda-resolvers/q/platform/ios,/swift/build-a-backend/graphqlapi/connect-from-server-runtime,/android/sdk/api/graphql,literal,no_lexical_overlap_after_ia_rewrite
289da31e484d41b8fede,string_similarity,aws-amplify/docs,/lib/auth/manageusers/q/platform/js,/gen1/javascript/prev/build-a-backend/auth/manage-passwords,/angular/start/getting-started/nextsteps,literal,soft_404_or_thin_pages
2900b26314adeeb7c849,string_similarity,aws-amplify/docs,/lib/storage/remove/q/platform/react-native,/react-native/build-a-backend/storage/remove,/angular/start/getting-started/nextsteps,literal,soft_404_or_thin_pages
290aad54f93c815f1ed3,string_similarity,aws-amplify/docs,/lib/datastore/schema-updates/q/platform/next,/nextjs/build-a-backend/more-features/datastore/schema-updates,/flutter/build-a-backend/more-features/datastore/schema-updates,literal,other
295654d09e05f1b86e19,string_similarity,fluxcd/website,/docs/*,/flux/:splat,/en/contributing/docs/_index,placeholder,wildcard_expansion_ambiguity
29e8ddc8149fd4c17bfc,string_similarity,aws-amplify/docs,/lib-v1/analytics/record/q/platform/js,/gen1/javascript/prev/build-a-backend/more-features/analytics/record-events,/angular/start/getting-started/nextsteps,literal,soft_404_or_thin_pages
2a4f746b71becd572cb2,string_similarity,aws-amplify/docs,/lib,/react/build-a-backend,/404/index.html,literal,many_to_one_merges
2a75c3d78b5688296c2b,string_similarity,aws-amplify/docs,/vue/build-a-backend/troubleshooting/migrate-from-javascript-v5-to-v6,/gen1/vue/build-a-backend/troubleshooting/migrate-from-javascript-v5-to-v6,/gen1/javascript/build-a-backend/storage/storage-v5-to-v6-migration-guide,literal,other
2a988cb0e68e0cd52108,string_similarity,aws-amplify/docs,/cli/usage/lambda-triggers,/javascript/tools/cli/usage/lambda-triggers,/android/build-a-backend/storage/lambda-triggers,literal,other
2a9e802d9ac128eaa8a3,string_similarity,aws-amplify/docs,/lib/in-app-messaging/create-campaign/q/platform/js,/javascript/build-a-backend/more-features/in-app-messaging/create-campaign,/angular/start/getting-started/nextsteps,literal,soft_404_or_thin_pages
2c25a1e71065a98ead03,string_similarity,aws-amplify/docs,/console/uibuilder/slots,/javascript/build-ui/uibuilder/slots,/gen1/javascript/build-ui/uibuilder,literal,other
2c4861cd6712ea61c340,string_similarity,aws-amplify/docs,/sdk/auth/drop-in-auth/q/platform/ios,/swift/sdk/auth/drop-in-auth,/android/sdk/auth/drop-in-auth,literal,other
2c585996b4ec18023a37,string_similarity,aws-amplify/docs,/lib-v1/interactions/getting-started/q/platform/js,/gen1/javascript/prev/build-a-backend/more-features/interactions/set-up-interactions,/angular/start/getting-started/nextsteps,literal,soft_404_or_thin_pages
2ca9f041407ff5738c5e,string_similarity,fluxcd/website,/flux/components/notification/receiver,/flux/components/notification/receivers,/flux/components/notification,literal,other
2cb6453f424be0509cbc,string_similarity,aws-amplify/docs,/cli/restapi/testing,/javascript/build-a-backend/restapi/test-api,/flutter/build-a-backend/restapi/fetch-data,literal,other
2cffd71e68c215ed3895,string_similarity,aws-amplify/docs,/lib-v1/auth/device_features,/gen1/react/prev/build-a-backend/auth/remember-device,/android/build-a-backend/auth/remember-device,literal,other
2d43cf3122717f64f386,string_similarity,aws-amplify/docs,/cli/migration/lambda-node-version-update,/javascript/build-a-backend/functions/configure-options,/gen1/<platform>/tools/cli/<page>,literal,many_to_one_merges
2dbf0416368b06fc5a36,string_similarity,aws-amplify/docs,/guides/api-rest/gen-ai/q/platform/ios,/swift/build-a-backend,/android/build-a-backend/restapi/gen-ai,literal,many_to_one_merges
2e81eef04bd5816e902e,string_similarity,aws-amplify/docs,/start/getting-started/nextsteps/q/integration/react,/react/start/getting-started/nextsteps,/flutter/start/getting-started/nextsteps,literal,other
2ec4a78a663d4f24bebd,string_similarity,aws-amplify/docs,/guides/api-graphql/subscriptions-by-id/q/platform/js,/javascript/build-a-backend/graphqlapi/subscribe-data,/angular/start/getting-started/nextsteps,literal,soft_404_or_thin_pages
302e4f4680c2be0cbf28,string_similarity,aws-amplify/docs,/lib/auth/start/q/platform/js,/javascript/build-a-backend/auth/set-up-auth,/angular/start/getting-started/nextsteps,literal,many_to_one_merges
30dad2e72ed9c8ead4a0,string_similarity,aws-amplify/docs,/lib/utilities/logger,/javascript/build-a-backend/utilities/console-logger,/gen1/<platform>/build-a-backend/utilities,literal,other
30e5b5e02a6bcd72fd30,string_similarity,aws-amplify/docs,/lib-v1/graphqlapi/existing-resources/q/platform/flutter,/gen1/flutter/prev/build-a-backend/graphqlapi/existing-resources,/flutter/build-a-backend/graphqlapi/existing-resources,literal,many_to_one_merges
30fd9d1556f82d67d080,string_similarity,withastro/docs,/:lang/concepts/mpa-vs-spa,/:lang/concepts/why-astro,/:lang/concepts/islands,placeholder,wildcard_expansion_ambiguity
31549fba3a930ecb86b8,string_similarity,aws-amplify/docs,/lib/auth/signOut/q/platform/android,/android/build-a-backend/auth/sign-out,/android/sdk/auth/getting-started,literal,other
31a46ca9798820c50593,string_similarity,aws-amplify/docs,/lib/storage/transfer-acceleration/q/platform/js,/javascript/build-a-backend/storage/transfer-acceleration,/angular/start/getting-started/nextsteps,literal,soft_404_or_thin_pages
323edb621db9c984c73a,string_similarity,aws-amplify/docs,/lib-v1/troubleshooting/strict-mode/q/platform/react-native,/gen1/react-native/prev/build-a-backend/troubleshooting/strict-mode,/angular/start/getting-started/nextsteps,literal,soft_404_or_thin_pages
32502c6562e8bafc183b,string_similarity,aws-amplify/docs,/nextjs/build-a-backend/functions/connect-rest-api,/nextjs/build-a-backend/functions,/android/build-a-backend/restapi/set-up-rest-api,literal,many_to_one_merges
328643c5b0201541091b,string_similarity,aws-amplify/docs,/lib/auth/signin_next_steps/q/platform/flutter,/flutter/build-a-backend/auth/multi-step-sign-in,/flutter,literal,other
32a1c0cb5a6ee44ac627,string_similarity,aws-amplify/docs,/lib/auth/getting-started/q/platform/android,/android/build-a-backend/auth/set-up-auth,/android/sdk/auth/getting-started,literal,other
32bb71dab95174d93ff6,string_similarity,aws-amplify/docs,/cli/custom/cdk,/javascript/tools/cli/custom/cdk,/gen1/<platform>/tools/cli/<page>,literal,other
33862c763419cec79b9d,string_similarity,aws-amplify/docs,/lib-v1/restapi/delete/q/platform/js,/gen1/javascript/prev/build-a-backend/restapi/delete-data,/angular/start/getting-started/nextsteps,literal,soft_404_or_thin_pages
338e7cba0ef99ab5b77a,string_similarity,aws-amplify/docs,/guides/api-graphql/lambda-resolvers/q/platform/js,/javascript/build-a-backend/graphqlapi/connect-from-server-runtime,/angular/start/getting-started/nextsteps,literal,many_to_one_merges
3438c96298846343cc04,string_similarity,aws-amplify/docs,/lib-v1/auth/device_features/q/platform/js,/gen1/javascript/prev/build-a-backend/auth/remember-device,/angular/start/getting-started/nextsteps,literal,soft_404_or_thin_pages
3446eece8e9c9dcfd29f,string_similarity,aws-amplify/docs,/lib/graphqlapi/offline/q/platform/js,/gen1/javascript/prev/build-a-backend/graphqlapi/offline,/gen1/flutter/prev/build-a-backend/graphqlapi/offline,literal,other
3470ec3060f40a0b362f,string_similarity,aws-amplify/docs,/lib/storage/download/q/platform/js,/javascript/build-a-backend/storage/download,/flutter/build-a-backend/storage/download,literal,other
348e973c97f8de514bfe,string_similarity,aws-amplify/docs,/start/getting-started/generate-model/q/integration/ios,/swift/start/getting-started/generate-model,/android/start/getting-started/generate-model,literal,other
35171715be67cdaaa9c1,string_similarity,aws-amplify/docs,/lib/geo/getting-started/q/platform/android,/android/build-a-backend/more-features/geo/set-up-geo,/android/start/getting-started/installation,literal,other
366efaed2c1b6bb2c7c6,string_similarity,aws-amplify/docs,/lib-v1/storage/escapehatch/q/platform/react-native,/gen1/react-native/prev/build-a-backend/storage,/angular/start/getting-started/nextsteps,literal,soft_404_or_thin_pages
36fd3decf2d7fa5f13a9,string_similarity,aws-amplify/docs,/guides/hosting/gridsome/q/platform/js,/javascript/deploy-and-host/frameworks/deploy-gridsome-site,/angular/start/getting-started/nextsteps,literal,soft_404_or_thin_pages
3708802c7cdcdfb803b5,string_similarity,aws-amplify/docs,/lib/logging/hub-events,/swift/build-a-backend/utilities/hub,/flutter/build-a-backend/auth/auth-events,literal,other
3730a1d12091f8da9078,string_similarity,aws-amplify/docs,/cli/restapi,/gen1/react/build-a-backend/restapi/configure-rest-api,/android/build-a-backend/restapi,literal,other
38c164f30aae0df29a96,string_similarity,aws-amplify/docs,/sdk/api/rest/q/platform/ios,/swift/sdk/api/rest,/android/sdk/api/graphql,literal,other
38ceab89d8fda2be9ad1,string_similarity,hashicorp/terraform-website,/docs/providers/mso/d/:path*,/providers/CiscoDevNet/mso/latest/docs/data-sources/:path*,/providers/CiscoDevNet/mso/latest/docs/guides/:path*,placeholder,wildcard_expansion_ambiguity
38d04ccf5c20f474a72f,string_similarity,aws-amplify/docs,/console/adminui/extend-cli,/javascript/tools/console/adminui/extend-cli,/gen1/<platform>/tools/cli/<page>,literal,other
3ad78b60c572605f0981,string_similarity,denoland/docs,/deploy/manual/*,/deploy/classic/*,/deploy/*,wildcard,wildcard_expansion_ambiguity
3ae533a60efd19252602,string_similarity,aws-amplify/docs,/lib-v1/restapi/update/q/platform/react-native,/gen1/react-native/prev/build-a-backend/restapi/update-data,/angular/start/getting-started/nextsteps,literal,soft_404_or_thin_pages
3b2af4fe3fa93f199e1c,string_similarity,aws-amplify/docs,/lib/graphqlapi/cancel-request/q/platform/react-native,/react-native/build-a-backend/graphqlapi/mutate-data,/angular/start/getting-started/nextsteps,literal,soft_404_or_thin_pages
3b51100f5fb1edc4f858,string_similarity,aws-amplify/docs,/lib-v1/auth/switch-auth/q/platform/react-native,/gen1/react-native/prev/build-a-backend/auth/switch-auth,/gen1/android/build-a-backend/auth/switch-auth,literal,other
3bce904aade12188c8c5,string_similarity,aws-amplify/docs,/lib/auth/overview/q/platform/vue,/vue/build-a-backend/auth,/android/sdk/auth/getting-started,literal,other
3cab49bc0e59fdd15886,string_similarity,hashicorp/terraform-website,/docs/providers/consul(/index.html),/providers/hashicorp/consul/latest/docs,/providers/linode/linode/latest/docs,wildcard,wildcard_expansion_ambiguity
3cec18e7c0e85ca37e60,string_similarity,withastro/docs,/:lang/basics/astro-syntax,/:lang/reference/astro-syntax,/:lang/basics/astro-syntax,placeholder,wildcard_expansion_ambiguity
3cfcf6b215b903a5b82c,string_similarity,aws-amplify/docs,/lib-v1/push-notifications/setup-push-service/q/platform/react-native,/gen1/react-native/prev/build-a-backend/push-notifications/set-up-push-service,/android/build-a-backend/push-notifications/set-up-push-service,literal,other
3d0adff9fca9e7725f74,string_similarity,aws-amplify/docs,/lib/predictions/interpret/q/platform/ios,/swift/build-a-backend/more-features/predictions/interpret-sentiment,/gen1/android/prev/build-a-backend/more-features/predictions/interpret-sentiment,literal,other
3d420b04aa767ac7b9b8,string_similarity,aws-amplify/docs,/lib/datastore/getting-started/q/platform/react-native,/react-native/build-a-backend/more-features/datastore/set-up-datastore,/angular/start/getting-started/nextsteps,literal,soft_404_or_thin_pages
3def6aaf606321a9b4fd,string_similarity,aws-amplify/docs,/lib/datastore/real-time/q/platform/react-native,/react-native/build-a-backend/more-features/datastore/real-time,/gen1/javascript/prev/build-a-backend/more-features/datastore/real-time,literal,other
3e0e6b51a3b7a0e5dd44,string_similarity,hashicorp/terraform-website,/docs/providers/huaweicloud/d/:path*,/providers/huaweicloud/huaweicloud/latest/docs/data-sources/:path*,/providers/huaweicloud/huaweicloudstack/latest/docs/guides/:path*,placeholder,wildcard_expansion_ambiguity
3f25d4e65f63995421e4,string_similarity,aws-amplify/docs,/cli/commands/build,/javascript/tools/cli/commands,/angular/build-a-backend,literal,many_to_one_merges
3f619c7746d09bfe7b7a,string_similarity,aws-amplify/docs,/lib/datastore/data-access/q/platform/react-native,/react-native/build-a-backend/more-features/datastore/manipulate-data,/angular/start/getting-started/nextsteps,literal,soft_404_or_thin_pages
3fa6ef3def1138ff62b6,string_similarity,aws-amplify/docs,/start/q/integration/react-native,/react-native/start/getting-started/introduction,/angular/start/getting-started/nextsteps,literal,soft_404_or_thin_pages
40512dedffd3031c014c,string_similarity,aws-amplify/docs,/lib-v1/auth/switch-auth/q/platform/js,/gen1/javascript/prev/build-a-backend/auth/switch-auth,/gen1/android/build-a-backend/auth/switch-auth,literal,other
4073f2cca47aa6d12c7e,string_similarity,aws-amplify/docs,/guides/functions/cognito-trigger-lambda-dynamodb/q/platform/js,/javascript/build-a-backend/functions,/angular/start/getting-started/nextsteps,literal,many_to_one_merges
4183658eaa243b73c89b,string_similarity,aws-amplify/docs,/lib/restapi/getting-started,/react/build-a-backend/restapi/existing-resources,/android/sdk/auth/getting-started,literal,other
418fec2bb08f798b58ee,string_similarity,aws-amplify/docs,/lib/push-notifications/enable-rich-notifications/q/platform/react-native,/react-native/build-a-backend/push-notifications/enable-rich-notifications,/flutter/build-a-backend/push-notifications/enable-rich-notifications,literal,other
4190fcb1aa1d091af6d4,string_similarity,aws-amplify/docs,/lib-v1/auth/overview/q/platform/flutter,/gen1/flutter/prev/build-a-backend/auth/under-the-hood,/angular/start/getting-started/nextsteps,literal,soft_404_or_thin_pages
41bc97c8361f8c214fcc,string_similarity,aws-amplify/docs,/lib-v1/project-setup/prereq/q/platform/ios,/gen1/swift/prev/start/project-setup,/gen1/android/prev/start/project-setup/prerequisites,literal,many_to_one_merges
41dacecb8a17b54922a4,string_similarity,fluxcd/website,/flux/components/notification/alert,/flux/components/notification/alerts,/flux/components/notification,literal,other
420e8a6728219e8a72dc,string_similarity,aws-amplify/docs,/lib/auth/overview/q/platform/android,/android/build-a-backend/auth/under-the-hood,/android/sdk/auth/working-with-api,literal,other
4244f5392d474d193abc,string_similarity,aws-amplify/docs,/lib/graphqlapi/concepts/q/platform/flutter,/flutter/build-a-backend/graphqlapi/api-graphql-concepts,/flutter,literal,other
42a8a64fa8b51d735738,string_similarity,denoland/docs,/examples/tutorials/deploy_otel,/examples/deploy_otel_tutorial,/examples/tutorials/deploy_otel,literal,other
42ad3a352db93b966717,string_similarity,hashicorp/terraform-website,/docs/providers/skytap/d/:path*,/providers/skytap/skytap/latest/docs/data-sources/:path*,/providers/skytap/skytap/latest/docs,placeholder,wildcard_expansion_ambiguity
42f10281907ef9fa30fd,string_similarity,aws-amplify/docs,/react-native/build-a-backend/auth/switch-auth,/gen1/react-native/build-a-backend/auth/switch-auth,/gen1/android/build-a-backend/auth/switch-auth,literal,other
43775d2faaf0e02186dc,string_similarity,aws-amplify/docs,/lib-v1/auth/guest_access/q/platform/ios,/gen1/swift/prev/build-a-backend/auth/enable-guest-access,/flutter/build-a-backend/auth/enable-guest-access,literal,other
437f71921babb9f7edf6,string_similarity,aws-amplify/docs,/[platform]/prev/build-a-backend/more-features/predictions/data-usage-policy,/gen1/react/prev/build-a-backend/more-features/predictions/data-usage-policy,/gen1/android/prev/build-a-backend/more-features/predictions/identify-text,wildcard,wildcard_expansion_ambiguity
439f078eb7d480fcc4da,string_similarity,aws-amplify/docs,/guides/functions/connecting-a-rest-api/q/platform/android,/android/build-a-backend/functions,/android/build-a-backend/restapi/set-up-rest-api,literal,many_to_one_merges
43be4c6bb618929235f8,string_similarity,aws-amplify/docs,/console/uibuilder/responsive,/javascript/build-ui/uibuilder/responsive,/gen1/javascript/build-ui/uibuilder,literal,other
43c30fb57dabe5640614,string_similarity,aws-amplify/docs,/[platform]/build-a-backend/storage/query-transfers,/react/build-a-backend/storage/query-transfers,/gen1/android/build-a-backend/storage/query-transfers,wildcard,wildcard_expansion_ambiguity
43cf19f3eb590a6abf53,string_similarity,aws-amplify/docs,/sdk/auth/guest-access/q/platform/next,/nextjs,/flutter/build-a-backend/auth/enable-guest-access,literal,no_lexical_overlap_after_ia_rewrite
441b3fc5b642b1846a56,string_similarity,aws-amplify/docs,/lib-v1/graphqlapi/getting-started/q/platform/react-native,/gen1/react-native/prev/build-a-backend/graphqlapi/set-up-graphql-api,/angular/getting-started/migration,literal,other
44443d79ff3f33b083aa,string_similarity,aws-amplify/docs,/start/q/integration/react,/react/start/getting-started/introduction,/android/start/getting-started/integrate,literal,other
44f32161f3bdf914df9f,string_similarity,aws-amplify/docs,/cli/project/tags,/javascript/tools/cli/project/tags,/flutter/start/project-setup/upgrade-guide,literal,many_to_one_merges
4638dd463f4ec1cf3dd9,string_similarity,aws-amplify/docs,/lib-v1/auth/device_features/q/platform/ios,/gen1/swift/prev/build-a-backend/auth/remember-device,/android/build-a-backend/auth/remember-device,literal,other
46876c0a337f6ec2dc37,string_similarity,aws-amplify/docs,/lib/predictions/identify-entity/q/platform/react-native,/react-native/build-a-backend/more-features/predictions/identify-entity,/angular/build-a-backend/more-features/predictions/identify-text,literal,other
46e831c4161a05e29243,string_similarity,aws-amplify/docs,/lib/logging/sending-logs/q/platform/ios,/swift/build-a-backend/more-features/logging/send-logs,/android/build-a-backend/more-features/logging/flush-logs,literal,other
46f3d5a26fc59d58d70e,string_similarity,withastro/docs,/en/guides/aliases,/en/guides/imports,/en/guides/images,literal,other
47b9332058972ca0b75b,string_similarity,aws-amplify/docs,/lib-v1/in-app-messaging/identify-user/q/platform/js,/gen1/javascript/prev/build-a-backend/more-features/in-app-messaging/identify-user,/angular/start/getting-started/nextsteps,literal,soft_404_or_thin_pages
47d6dfd3bd6ef2ec9c8a,string_similarity,aws-amplify/docs,/guides/api-rest/gen-ai/q/platform/react-native,/react-native/build-a-backend/restapi/gen-ai,/angular/start/getting-started/nextsteps,literal,soft_404_or_thin_pages
480c8bf6543e153e4e9a,string_similarity,aws-amplify/docs,/lib-v1/predictions/identify-text/q/platform/android,/gen1/android/prev/build-a-backend/more-features/predictions/identify-text,/android/build-a-backend/more-features/predictions/identify-text,literal,other
482a27e48bf447d0b10e,string_similarity,aws-amplify/docs,/cli/start/workflows,/javascript/tools/cli/start/key-workflows,/angular/start/connect-to-aws-resources,literal,many_to_one_merges
4898fdcf2db7a2906f15,string_similarity,aws-amplify/docs,/sdk/auth/getting-started/q/platform/ios,/swift/sdk/auth/getting-started,/android/sdk/auth/getting-started,literal,other
48a54ec7e758560113c6,string_similarity,aws-amplify/docs,/lib/auth/social/q/platform/react-native,/gen1/react-native/build-a-backend/auth/add-social-provider,/android/build-a-backend/auth/add-social-provider,literal,other
48ca4c8423573409dfb5,string_similarity,aws-amplify/docs,/lib-v1/datastore/conflict/q/platform/ios,/gen1/swift/prev/build-a-backend/more-features/datastore/conflict-resolution,/angular/build-a-backend/more-features/datastore/conflict-resolution,literal,other
48eb29c0cc9541c9a14c,string_similarity,hashicorp/terraform-website,/cloud-docs/sentinel/enforce,/cloud-docs/policy-enforcement/policy-results,/cloud-docs/policy-enforcement/sentinel,literal,other
4955ce62a0b109dd35ee,string_similarity,aws-amplify/docs,/cli/teams/commands,/javascript/tools/cli/teams/commands,/gen1/<platform>/tools/cli/<page>,literal,other
4992436ff4cf5e58d025,string_similarity,hashicorp/terraform-website,/docs/providers/random/d/:path*,/providers/hashicorp/random/latest/docs/data-sources/:path*,/providers/hashicorp/random/latest/docs/guides/:path*,placeholder,wildcard_expansion_ambiguity
49cd3f67695a2eac8cad,string_similarity,hashicorp/terraform-website,/docs/providers/alicloud(/index.html),/providers/aliyun/alicloud/latest/docs,/providers/linode/linode/latest/docs,wildcard,wildcard_expansion_ambiguity
4a52b3bc2f43a6fc0678,string_similarity,aws-amplify/docs,/lib/auth/escapehatch/q/platform/js,/javascript/build-a-backend/auth,/angular/start/getting-started/nextsteps,literal,soft_404_or_thin_pages
4a614b31a6d99cd7eed5,string_similarity,aws-amplify/docs,/lib-v1/storage/existing-resources/q/platform/react-native,/gen1/react-native/prev/build-a-backend/storage/existing-resources,/gen1/android/prev/build-a-backend/storage/existing-resources,literal,other
4a862461b48d336e0ff4,string_similarity,aws-amplify/docs,/console/authz/permissions,/javascript/tools/console/authz/permissions,/gen1/<platform>/tools/console,literal,other
4b50b94b72a449d19359,string_similarity,aws-amplify/docs,/lib-v1/restapi/getting-started/q/platform/react-native,/gen1/react-native/prev/build-a-backend/restapi/set-up-rest-api,/android/start/getting-started/integrate,literal,other
4b847696f8a2b45066d8,string_similarity,aws-amplify/docs,/guides/api-rest/express-server/q/platform/android,/android/build-a-backend/restapi,/android/build-a-backend/restapi/set-up-rest-api,literal,other
4b88fb7f25fbe940667f,string_similarity,aws-amplify/docs,/console/formbuilder/data-binding,/javascript/build-ui/formbuilder/data-binding,/flutter/build-a-backend/graphqlapi/query-data,literal,other
4bd64330535af1e3b721,string_similarity,denoland/docs,/runtime/reference/web_platform_apis,/api/web,/runtime/reference/jsx,literal,other
4c46d186a4bac9da7d36,string_similarity,aws-amplify/docs,/lib/auth/customui/q/platform/js,/react/connected-components/authenticator,/angular/start/getting-started/nextsteps,literal,soft_404_or_thin_pages
4ce77b8b8674f614a32e,string_similarity,aws-amplify/docs,/lib/auth/social_signin_web_ui/q/platform/android,/android/build-a-backend/auth/add-social-provider,/android/build-a-backend/auth/sign-in-with-web-ui,literal,other
4d46c681b00c694f0d84,string_similarity,aws-amplify/docs,/lib-v1/analytics/getting-started/q/platform/ios,/gen1/swift/prev/build-a-backend/more-features/analytics/set-up-analytics,/angular/getting-started/migration,literal,other
4d7127837a0a9e3744b3,string_similarity,aws-amplify/docs,/lib-v1/restapi/fetch/q/platform/react-native,/gen1/react-native/prev/build-a-backend/restapi/fetch-data,/flutter/build-a-backend/restapi/fetch-data,literal,other
4d8b7213b1170f103664,string_similarity,aws-amplify/docs,/react/deploy-and-host/custom-configuration,/gen1/react/deploy-and-host/custom-configuration,/gen1/javascript/deploy-and-host/custom-configuration,literal,other
4d94dbc1fb7e1f8e0100,string_similarity,aws-amplify/docs,/sdk/info/overview/q/platform/ios,/swift/sdk/info/overview,/404/index.html,literal,soft_404_or_thin_pages
4df02e5ca1bae48c3dc3,string_similarity,hashicorp/terraform-website,/terraform/plugin/sdkv2/best-practices/testing,/terraform/plugin/testing/testing-patterns,/terraform/plugin/best-practices/provider-code,literal,other
4e1962ea423100a03cda,string_similarity,hashicorp/terraform-website,/docs/providers/do/d/:path*,/providers/digitalocean/digitalocean/latest/docs/data-sources/:path*,/providers/ovh/ovh/latest/docs/guides/:path*,placeholder,wildcard_expansion_ambiguity
4e2cf528517a09f02094,string_similarity,aws-amplify/docs,/lib-v1/datastore/datastore-events/q/platform/ios,/gen1/swift/prev/build-a-backend/more-features/datastore/datastore-events,/flutter/build-a-backend/more-features/datastore/datastore-events,literal,other
4e5dc84c36ba44fc8b94,string_similarity,aws-amplify/docs,/cli/graphql-transformer/<*>,/javascript/tools/cli-legacy/auth-directive,/gen1/<platform>/tools/cli/<page>,placeholder,wildcard_expansion_ambiguity
4e6e6feea74a5efe0625,string_similarity,aws-amplify/docs,/javascript/prev/start/project-setup/create-application,/gen1/javascript/prev/start/project-setup/create-application,/gen1/angular/prev/start/project-setup/create-application,literal,other
4ed183c690024272c016,string_similarity,aws-amplify/docs,/lib/datastore/advanced-workflows/q/platform/ios,/swift/build-a-backend/more-features/datastore/customize-primary-keys,/flutter/build-a-backend/graphqlapi/advanced-workflows,literal,other
500357394ab0d4a4d391,string_similarity,aws-amplify/docs,/lib/datastore/datastore-events/q/platform/ios,/swift/build-a-backend/more-features/datastore/datastore-events,/flutter/build-a-backend/more-features/datastore/datastore-events,literal,other
500b410f4d5667336902,string_similarity,denoland/docs,/examples/tutorials/honeycomb,/examples/honeycomb_tutorial,/examples/tutorials/honeycomb,literal,other
5070e2e1c5ef4a412b83,string_similarity,denoland/docs,/deploy/tutorials,/examples,/deploy/*,literal,many_to_one_merges
5109caa0a2a6f184209e,string_similarity,aws-amplify/docs,/lib/storage/existing-resources/q/platform/ios,/swift/build-a-backend/storage/existing-resources,/gen1/android/prev/build-a-backend/storage/existing-resources,literal,other
5138ba44a50269f11c22,string_similarity,aws-amplify/docs,/lib-v1/storage/overview/q/platform/android,/gen1/android/prev/build-a-backend/storage,/android/build-a-backend/storage/upload,literal,other
517a1ba26c5387489d4d,string_similarity,aws-amplify/docs,/lib/auth/user-attributes,/swift/build-a-backend/auth/managing-attributes,/android/build-a-backend/auth/managing-attributes,literal,many_to_one_merges
519295c94761ba2f3d93,string_similarity,aws-amplify/docs,/react/build-a-backend/server-side-rendering/nextjs,/gen1/react/build-a-backend/server-side-rendering/nextjs,/gen1/angular/build-a-backend/server-side-rendering/nextjs,literal,other
52009da7454f0400202b,string_similarity,aws-amplify/docs,/cli/teams/multi-frontend,/javascript/tools/cli/teams/multi-frontend,/<platform>/build-a-backend/auth/connect-your-frontend/sign-up,literal,other
52131d6f2d0f6dc719de,string_similarity,aws-amplify/docs,/lib-v1/auth/access_credentials/q/platform/android,/gen1/android/prev/build-a-backend/auth/accessing-credentials,/android/build-a-backend/auth/accessing-credentials,literal,other
521ec24b0832f6da851e,string_similarity,aws-amplify/docs,/lib-v1/analytics/existing-resources,/gen1/react/prev/build-a-backend/more-features/analytics/existing-resources,/flutter/build-a-backend/graphqlapi/existing-resources,literal,other
527e495c1ba1f4ddb6bf,string_similarity,aws-amplify/docs,/javascript/prev/start/project-setup/prerequisites,/gen1/javascript/prev/start/project-setup/prerequisites,/gen1/android/prev/start/project-setup/prerequisites,literal,other
52a551c0e1a723c43bcd,string_similarity,aws-amplify/docs,/lib-v1/storage/getting-started/q/platform/flutter,/gen1/flutter/prev/build-a-backend/storage/set-up-storage,/angular/start/getting-started/nextsteps,literal,soft_404_or_thin_pages
5346e8a72b409947eb35,string_similarity,aws-amplify/docs,/lib-v1/predictions/identify-entity/q/platform/js,/gen1/javascript/prev/build-a-backend/more-features/predictions/identify-entity,/angular/start/getting-started/nextsteps,literal,soft_404_or_thin_pages
535abc8e08b61e40fede,string_similarity,aws-amplify/docs,/lib-v1/storage/triggers/q/platform/react-native,/gen1/react-native/prev/build-a-backend/storage/lambda-triggers,/angular/start/getting-started/nextsteps,literal,soft_404_or_thin_pages
54549888a29a4f4a3baa,string_similarity,aws-amplify/docs,/lib/analytics/getting-started/q/platform/ios,/swift/build-a-backend/more-features/analytics/set-up-analytics,/angular/getting-started/migration,literal,other
546269cda1e717225a66,string_similarity,hashicorp/terraform-website,/docs/providers/mso(/index.html),/providers/CiscoDevNet/mso/latest/docs,/providers/linode/linode/latest/docs,wildcard,wildcard_expansion_ambiguity
5481822057b124c4be67,string_similarity,aws-amplify/docs,/[platform]/build-a-backend/graphqlapi/connect-from-server-runtime,/react/build-a-backend/graphqlapi/connect-from-server-runtime,/flutter/build-a-backend/graphqlapi,wildcard,wildcard_expansion_ambiguity
54b46e26e018ad8e59bf,string_similarity,aws-amplify/docs,/lib-v1/graphqlapi/query-data/q/platform/flutter,/gen1/flutter/prev/build-a-backend/graphqlapi/query-data,/flutter/build-a-backend/graphqlapi/query-data,literal,many_to_one_merges
54df152429c90f991170,string_similarity,withastro/docs,/:lang/recipes/studio,/:lang/guides/astro-db,/:lang/recipes,placeholder,wildcard_expansion_ambiguity
5545e3b0e8f5409f69c4,string_similarity,aws-amplify/docs,/cli-legacy/graphql-transformer/dataaccess,/javascript/tools/cli-legacy/data-access-patterns,/gen1/<platform>/tools/cli-legacy,literal,other
556d6bc3e4945e58690e,string_similarity,withastro/docs,/:lang/core-concepts/rendering-modes,/:lang/guides/on-demand-rendering,/:lang/concepts/islands,placeholder,wildcard_expansion_ambiguity
55a9022d7b2135ee6632,string_similarity,aws-amplify/docs,/console/storage/file-browser,/javascript/tools/console/storage/file-browser,/flutter/build-a-backend/storage/get-properties,literal,other
55ebba82c1abe9553193,string_similarity,aws-amplify/docs,/lib/storage/triggers/q/platform/ios,/swift/build-a-backend/storage/lambda-triggers,/android/build-a-backend/storage/lambda-triggers,literal,other
5619bdd170c5604d74a2,string_similarity,fluxcd/website,/flagger/usage/progressive-delivery,/flagger/tutorials/istio-progressive-delivery,/flagger/tutorials/osm-progressive-delivery,literal,other
56407f98f58479273e65,string_similarity,aws-amplify/docs,/lib-v1/pubsub/subunsub/q/platform/react-native,/gen1/react-native/prev/build-a-backend/more-features/pubsub/subscribe,/android/sdk/pubsub/working-api,literal,other
56c6dfd06852dc787460,string_similarity,aws-amplify/docs,/swift/build-a-backend/functions/connect-rest-api,/swift/build-a-backend/functions,/android/build-a-backend/restapi/set-up-rest-api,literal,many_to_one_merges
56cded35cf62d509f9d2,string_similarity,withastro/docs,/:lang/guides/integrations-guide/image,/:lang/guides/images,/en/guides/integrations-guide,placeholder,wildcard_expansion_ambiguity
575aeed94d5e54b8c88b,string_similarity,aws-amplify/docs,/guides/location-service/tracking-device-location/q/platform/ios,/swift/build-a-backend/more-features/geo/amazon-location-sdk,/flutter/build-a-backend/push-notifications/receive-device-token,literal,other
576f13f91841edf388ac,string_similarity,withastro/docs,/:lang/migrate,/:lang/guides/upgrade-to/v1,/:lang/guides/migrate-to-astro,placeholder,wildcard_expansion_ambiguity
57c6ce80e800210aef91,string_similarity,aws-amplify/docs,/lib/auth/signOut/q/platform/ios,/swift/build-a-backend/auth/sign-out,/flutter/build-a-backend/auth/sign-out,literal,other
57eafb5c459978df3173,string_similarity,withastro/docs,/:lang/core-concepts/collections,/:lang/guides/content-collections,/:lang/concepts/islands,placeholder,wildcard_expansion_ambiguity
58a22e60eab45d45a41e,string_similarity,aws-amplify/docs,/sdk,/swift/sdk,/android/sdk,literal,many_to_one_merges
5937f4ee75b2a493e384,string_similarity,aws-amplify/docs,/sdk/auth/federated-identities/q/platform/ios,/swift/sdk/auth/federated-identities,/android/sdk/auth/federated-identities,literal,other
594fa437bdd039e6dfd4,string_similarity,aws-amplify/docs,/lib/q/platform/react-native,/react-native/tools/libraries,/angular/start/getting-started/nextsteps,literal,soft_404_or_thin_pages
595d9ee17953cad1092b,string_similarity,aws-amplify/docs,/[platform]/build-a-backend/existing-resources/cli,/react/build-a-backend/existing-resources/cli,/gen1/<platform>/build-a-backend/existing-resources,wildcard,wildcard_expansion_ambiguity
595e809712140c64b8fd,string_similarity,hashicorp/terraform-website,/enterprise/install/cluster-gcp,/enterprise/install/automated/active-active,/enterprise/install/pre-install-checklist,literal,many_to_one_merges
59d472f7a60c7e33a79f,string_similarity,aws-amplify/docs,/console/formbuilder/overview,/javascript/build-ui/formbuilder,/gen1/<platform>/tools/console,literal,other
5a0feb2ce61dcd9e4ae2,string_similarity,aws-amplify/docs,/react/build-ui/formbuilder/overrides,/gen1/react/build-ui/formbuilder/overrides,/gen1/javascript/build-ui/uibuilder,literal,other
5b1e0722fcb97695366d,string_similarity,aws-amplify/docs,/start/getting-started/hosting/q/integration/react,/react/start/getting-started/hosting,/angular/start/getting-started/hosting,literal,other
5b28bdd863ced204cfda,string_similarity,aws-amplify/docs,/gen2/reference,/react/reference,/angular/start/getting-started/nextsteps,literal,soft_404_or_thin_pages
5b7602f8305d8e690c83,string_similarity,aws-amplify/docs,/[platform]/tools/cli-legacy/config-params,/react/tools/cli-legacy/config-params,/gen1/<platform>/tools/cli-legacy,wildcard,wildcard_expansion_ambiguity
5bea286cf1e801bc7b60,string_similarity,aws-amplify/docs,/nextjs/prev/start/project-setup/create-application,/gen1/nextjs/prev/start/project-setup/create-application,/gen1/angular/prev/start/project-setup/create-application,literal,other
5cc85ea169131595d77b,string_similarity,aws-amplify/docs,/cli/commands/interactions,/javascript/tools/cli/commands,/gen1/<platform>/tools/cli-legacy,literal,many_to_one_merges
5ce1a75e859f09dabb09,string_similarity,denoland/docs,/deploy/early-access/*,/deploy/*,/deploy/classic/*,wildcard,wildcard_expansion_ambiguity
5d708e6007f454a5ab04,string_similarity,aws-amplify/docs,/lib-v1/storage/configureaccess/q/platform/js,/gen1/javascript/prev/build-a-backend/storage/configure-access,/angular/start/getting-started/nextsteps,literal,soft_404_or_thin_pages
5db06dfd38d2ca5f68bc,string_similarity,aws-amplify/docs,/lib-v1/graphqlapi/authz/q/platform/js,/gen1/javascript/prev/build-a-backend/graphqlapi/customize-authz-modes,/angular/start/getting-started/nextsteps,literal,soft_404_or_thin_pages
5dd795e006b6d8b9c789,string_similarity,aws-amplify/docs,/lib/graphqlapi/concepts/q/platform,/react/build-a-backend/graphqlapi/api-graphql-concepts,/flutter/build-a-backend/graphqlapi/api-graphql-concepts,literal,many_to_one_merges
5e67dcb6a926ed34cb4a,string_similarity,aws-amplify/docs,/lib/graphqlapi/working-with-files/q/platform/js,/javascript/build-a-backend/graphqlapi/working-with-files,/angular/start/getting-started/nextsteps,literal,many_to_one_merges
5e8a64476b664638f1ae,string_similarity,denoland/docs,/examples/tutorials/file_server,/examples/file_server_tutorial,/examples/tutorials/file_server,literal,other
5ef9d3008cb4844ee5d9,string_similarity,aws-amplify/docs,/lib/graphqlapi/cancel-request/q/platform/js,/javascript/build-a-backend/graphqlapi/mutate-data,/angular/start/getting-started/nextsteps,literal,soft_404_or_thin_pages
5f154d39ef4953ee4a98,string_similarity,aws-amplify/docs,/swift/build-a-backend/auth/switch-auth,/gen1/swift/build-a-backend/auth/switch-auth,/gen1/android/build-a-backend/auth/switch-auth,literal,other
5f88e4b480c034f6c041,string_similarity,aws-amplify/docs,/lib/storage/getting-started/q/platform/js,/javascript/build-a-backend/storage/set-up-storage,/angular/start/getting-started/nextsteps,literal,soft_404_or_thin_pages
60322e029b27f8fe0084,string_similarity,aws-amplify/docs,/lib-v1/auth/auth-events/q/platform/js,/gen1/javascript/prev/build-a-backend/auth/auth-events,/flutter/build-a-backend/auth/auth-events,literal,other
605749445f4aa256a9d8,string_similarity,aws-amplify/docs,/cli-legacy/graphql-transformer/function,/javascript/tools/cli-legacy/function-directive,/gen1/<platform>/tools/cli-legacy,literal,other
60b6a17542c1dec2ee5d,string_similarity,denoland/docs,/examples/tutorials/qwik,/examples/qwik_tutorial,/examples/tutorials/qwik,literal,other
60fa86a2096d20ced040,string_similarity,aws-amplify/docs,/[platform]/build-a-backend/push-notifications/set-up-push-service,/react/build-a-backend/push-notifications/set-up-push-service,/android/build-a-backend/push-notifications/set-up-push-service,wildcard,wildcard_expansion_ambiguity
61c9ddc83a506931f2fd,string_similarity,aws-amplify/docs,/lib/analytics/getting-started,/javascript/build-a-backend/more-features/analytics,/android/sdk/auth/getting-started,literal,other
61eb77d9f615752e1b83,string_similarity,hashicorp/terraform-website,/docs/providers/azurerm/d/:path*,/providers/hashicorp/azurerm/latest/docs/data-sources/:path*,/providers/hashicorp/azurerm/latest/docs/resources/:path*,placeholder,wildcard_expansion_ambiguity
61fc982a6bf992ab6f7d,string_similarity,aws-amplify/docs,/lib/auth/signin_with_custom_flow/q/platform/ios,/swift/build-a-backend/auth/sign-in-custom-flow,/flutter/build-a-backend/auth/sign-in-custom-flow,literal,other
626e75f0be877cb02488,string_similarity,aws-amplify/docs,/lib-v1/auth/escapehatch/q/platform/android,/gen1/android/prev/build-a-backend/auth/sdk,/android/sdk/auth/getting-started,literal,other
62e99cf53c740102021c,string_similarity,aws-amplify/docs,/api/swagger-ui,/,/amplify-js/api,literal,many_to_one_merges
62f38830a29eab7917c2,string_similarity,hashicorp/terraform-website,/cloud,/products/terraform,/cloud-docs/workspaces/health,literal,no_lexical_overlap_after_ia_rewrite
63119045f77e84f9231d,string_similarity,aws-amplify/docs,/cli/reference/ssm-parameter-store,/javascript/tools/cli/reference/ssm-parameter-store,/gen1/<platform>/tools/cli/<page>,literal,other
63ba30465aedf5461c88,string_similarity,withastro/docs,/:lang/guides/aliases,/:lang/guides/imports,/:lang/guides/images,placeholder,wildcard_expansion_ambiguity
640e3c5b6e7f8d838d22,string_similarity,aws-amplify/docs,/ui-legacy/interactions/chatbot/<*>,/angular/getting-started/migration,/angular/start/getting-started/nextsteps,placeholder,wildcard_expansion_ambiguity
6464017c73108eb35984,string_similarity,aws-amplify/docs,/lib/logging/configure-user/q/platform/ios,/swift/build-a-backend/more-features/logging/configure-user,/android/build-a-backend/more-features/logging/configure-user,literal,other
6467007955cfb75ccae7,string_similarity,aws-amplify/docs,/lib-v1/project-setup/use-existing-resources/q/platform/ios,/gen1/swift/prev/start/project-setup,/gen1/android/prev/start/project-setup/use-existing-resources,literal,many_to_one_merges
646a28f7429531407cf1,string_similarity,denoland/docs,/runtime/reference/deploying_and_embedding,/deploy/classic,/runtime/reference/std,literal,many_to_one_merges
647f2fc04e8281935973,string_similarity,aws-amplify/docs,/guides/functions/dynamodb-from-js-lambda/q/platform/js,/javascript/build-a-backend/functions,/angular/start/getting-started/nextsteps,literal,many_to_one_merges
64eb59b69b532039f4b5,string_similarity,aws-amplify/docs,/[platform]/build-a-backend/restapi/test-api,/react/build-a-backend/restapi/test-api,/android/build-a-backend/restapi/set-up-rest-api,wildcard,wildcard_expansion_ambiguity
64ebf65044377c2cf96e,string_similarity,aws-amplify/docs,/gen2/start/configure-account,/gen2/start/account-setup,/angular/start/getting-started/nextsteps,literal,soft_404_or_thin_pages
64f6fa4dbddb82101316,string_similarity,aws-amplify/docs,/lib/in-app-messaging/getting-started/q/platform/js,/javascript/build-a-backend/more-features/in-app-messaging/set-up-in-app-messaging,/angular/start/getting-started/nextsteps,literal,many_to_one_merges
655617accef26be956ea,string_similarity,aws-amplify/docs,/[platform]/build-a-backend/utilities,/react/build-a-backend/utilities,/gen1/<platform>/build-a-backend/utilities,wildcard,wildcard_expansion_ambiguity
656ea431465e90eef333,string_similarity,aws-amplify/docs,/lib-v1/predictions/label-image/q/platform/ios,/gen1/swift/prev/build-a-backend/more-features/predictions/label-image,/angular/build-a-backend/more-features/predictions/identify-text,literal,other
65ad23d4826f43bcef08,string_similarity,aws-amplify/docs,/lib/utilities/cache/q/platform/js,/javascript/build-a-backend/utilities/cache,/angular/start/getting-started/nextsteps,literal,soft_404_or_thin_pages
66a43ed058322ffc80fc,string_similarity,aws-amplify/docs,/lib-v1/storage/existing-resources/q/platform/ios,/gen1/swift/prev/build-a-backend/storage/existing-resources,/gen1/android/prev/build-a-backend/storage/existing-resources,literal,other
685030df9863aeb44e27,string_similarity,aws-amplify/docs,/lib-v1/datastore/real-time/q/platform/ios,/gen1/swift/prev/build-a-backend/more-features/datastore/real-time,/gen1/flutter/prev/build-a-backend/more-features/datastore/real-time,literal,other
68c47ad7f5316cd9dff2,string_similarity,aws-amplify/docs,/lib-v1/geo/maps/q/platform/ios,/gen1/swift/prev/build-a-backend/more-features/geo/maps,/android/build-a-backend/more-features/geo/maps,literal,other
68cdf791be963ca3b438,string_similarity,aws-amplify/docs,/cli/graphql/authorization,/react/build-a-backend/graphqlapi/customize-authorization-rules,/flutter/build-a-backend/graphqlapi/api-graphql-concepts,literal,other
68cff72c9c30dc975791,string_similarity,withastro/docs,/:lang/community-resources/content,/:lang/recipes,/:lang/guides/markdown-content,placeholder,wildcard_expansion_ambiguity
6933790f866f51ccf011,string_similarity,aws-amplify/docs,/[platform]/build-a-backend/more-features/predictions/sdk,/react/build-a-backend/more-features/predictions/sdk,/angular/build-a-backend/more-features/predictions/identify-text,wildcard,wildcard_expansion_ambiguity
69472eb00ed292c8230e,string_similarity,aws-amplify/docs,/lib-v1/geo/search/q/platform/ios,/gen1/swift/prev/build-a-backend/more-features/geo/location-search,/gen1/javascript/prev/build-a-backend/more-features/geo/location-search,literal,other
6986597e33c9d79b738a,string_similarity,withastro/docs,/comparing-astro-vs-other-tools,/en/guides/migrate-to-astro,/:lang/:splat,literal,many_to_one_merges
6a0ce8e6a4021f61ffb9,string_similarity,aws-amplify/docs,/guides/functions/dynamodb-from-js-lambda/q/platform/ios,/swift/build-a-backend/functions,/gen1/<platform>/build-a-backend/functions/layers,literal,many_to_one_merges
6a56c3884d0de5d8fd03,string_similarity,hashicorp/terraform-website,/docs/providers/panos(/index.html),/providers/PaloAltoNetworks/panos/latest/docs,/providers/linode/linode/latest/docs,wildcard,wildcard_expansion_ambiguity
6af096ad2702aa1282ec,string_similarity,aws-amplify/docs,/cli/graphql/offline-data-access-and-conflict-resolution,/javascript/build-a-backend/more-features/datastore/conflict-resolution,/angular/build-a-backend/more-features/datastore/conflict-resolution,literal,other
6b104f19d6992c8a3c06,string_similarity,aws-amplify/docs,/react/build-ui/formbuilder/call-to-action,/gen1/react/build-ui/formbuilder/call-to-action,/gen1/javascript/build-ui/uibuilder,literal,other
6b49a2b95de39a7192d1,string_similarity,aws-amplify/docs,/sdk/auth/device-features/q/platform/ios,/swift/sdk/auth/device-features,/android/sdk/auth/federated-identities,literal,other
6b5b9f8e28e6115111c5,string_similarity,aws-amplify/docs,/lib/ssr/q/platform/angular,/angular/build-a-backend/server-side-rendering,/gen1/angular/prev,literal,other
6c79562c90a4ee6060ca,string_similarity,aws-amplify/docs,/lib/graphqlapi/graphql-from-nodejs/q/platform/js,/javascript/build-a-backend/graphqlapi/connect-from-server-runtime,/flutter/build-a-backend/graphqlapi/api-graphql-concepts,literal,many_to_one_merges
6c8da379050ac1f0513d,string_similarity,aws-amplify/docs,/[platform]/build-a-backend/auth/managing-credentials,/react/build-a-backend/auth/managing-credentials,/gen1/<platform>/build-a-backend/auth/managing-credentials,wildcard,wildcard_expansion_ambiguity
6ccda3f9e9f794861b38,string_similarity,aws-amplify/docs,/lib-v1/auth/access_credentials/q/platform/ios,/gen1/swift/prev/build-a-backend/auth/accessing-credentials,/android/build-a-backend/auth/accessing-credentials,literal,other
6ce30a3021c6c932c0ff,string_similarity,aws-amplify/docs,/cli/graphql/search-and-result-aggregations,/javascript/build-a-backend/graphqlapi/search-and-result-aggregations,/gen1/angular/deploy-and-host/custom-configuration,literal,other
6d3f9847578481ad414d,string_similarity,hashicorp/terraform-website,/docs/providers/tls(/index.html),/providers/hashicorp/tls/latest/docs,/providers/linode/linode/latest/docs,wildcard,wildcard_expansion_ambiguity
6d7a9ce4400cf2848f38,string_similarity,aws-amplify/docs,/lib-v1/pubsub/publish/q/platform/react-native,/gen1/react-native/prev/build-a-backend/more-features/pubsub/publish,/android/sdk/pubsub/working-api,literal,other
6d8b5ea240ac35f71465,string_similarity,aws-amplify/docs,/lib-v1/auth/password_management/q/platform/react-native,/gen1/react-native/prev/build-a-backend/auth/manage-passwords,/android/sdk/auth/working-with-api,literal,other
6dddaa4c58653b0988aa,string_similarity,hashicorp/terraform-website,/docs/providers/openstack(/index.html),/providers/terraform-provider-openstack/openstack/latest/docs,/providers/linode/linode/latest/docs,wildcard,wildcard_expansion_ambiguity
6edfb168ee9c2d341718,string_similarity,aws-amplify/docs,/cli-legacy/graphql-transformer/examples,/javascript/tools/cli-legacy/examples,/gen1/<platform>/tools/cli-legacy,literal,other
6f7e0114d8a673c261a3,string_similarity,aws-amplify/docs,/lib-v1/auth/password_management/q/platform/android,/gen1/android/prev/build-a-backend/auth/manage-passwords,/android/sdk/auth/getting-started,literal,other
6f8a81a3e3ab0ab937a4,string_similarity,aws-amplify/docs,/lib/project-setup/coroutines/q/platform/ios,/swift/start/project-setup,/gen1/angular/prev/start/project-setup/create-application,literal,other
6fb1dc2e90e624572430,string_similarity,hashicorp/terraform-website,/docs/providers/nomad(/index.html),/providers/hashicorp/nomad/latest/docs,/providers/linode/linode/latest/docs,wildcard,wildcard_expansion_ambiguity
6fbd71e6f55511614da8,string_similarity,aws-amplify/docs,/sdk/push-notifications/getting-started,/gen1/swift/sdk/push-notifications/getting-started,/android/sdk/auth/getting-started,literal,other
6fda3b8f9a7f7ac82bd4,string_similarity,aws-amplify/docs,/guides/api-rest/express-server/q/platform/ios,/swift/build-a-backend/restapi,/android/build-a-backend/restapi/set-up-rest-api,literal,no_lexical_overlap_after_ia_rewrite
6fde3a82a7ecb1732082,string_similarity,aws-amplify/docs,/lib/in-app-messaging/customize/q/platform/js,/react/connected-components/in-app-messaging,/angular/start/getting-started/nextsteps,literal,soft_404_or_thin_pages
6fe34ad1322305241dd4,string_similarity,aws-amplify/docs,/lib-v1/in-app-messaging/identify-user/q/platform/react-native,/gen1/react-native/prev/build-a-backend/more-features/in-app-messaging/identify-user,/gen1/javascript/prev/build-a-backend/more-features/in-app-messaging/display-messages,literal,other
709c623569e0e7a521f8,string_similarity,aws-amplify/docs,/start/getting-started/hosting/q/integration/js,/javascript/start/getting-started/hosting,/angular/start/getting-started/nextsteps,literal,soft_404_or_thin_pages
711b7ab4956e58d774ec,string_similarity,aws-amplify/docs,/lib/analytics/identifyuser/q/platform/android,/android/build-a-backend/more-features/analytics/identify-user,/android/sdk/analytics/endpoints,literal,other
714ef80817512d2d6103,string_similarity,hashicorp/terraform-website,/docs/providers/gitlab/d/:path*,/providers/gitlabhq/gitlab/latest/docs/data-sources/:path*,/providers/gitlabhq/gitlab/latest/docs/guides/:path*,placeholder,wildcard_expansion_ambiguity
7161b43e343597241858,string_similarity,aws-amplify/docs,/lib-v1/interactions/chatbot/q/platform/react-native,/gen1/react-native/prev/build-a-backend/more-features/interactions/chatbot,/angular/start/getting-started/nextsteps,literal,soft_404_or_thin_pages
716f60a3770d6ffa5199,string_similarity,aws-amplify/docs,/lib-v1/restapi/existing-resources/q/platform/js,/javascript/build-a-backend/restapi/existing-resources,/android/build-a-backend/restapi/existing-resources,literal,other
71ccd93cb3e54a1881cc,string_similarity,aws-amplify/docs,/lib/graphqlapi/mutate-data,/react/build-a-backend/graphqlapi/custom-business-logic,/gen1/flutter/prev/build-a-backend/graphqlapi/mutate-data,literal,other
71eb48dc0648d6af549c,string_similarity,aws-amplify/docs,/lib/utilities/i18n/q/platform/js,/javascript/build-a-backend/utilities/i18n,/angular/start/getting-started/nextsteps,literal,soft_404_or_thin_pages
72478062ab6bfb88474b,string_similarity,aws-amplify/docs,/cli/storage/overview,/javascript/build-a-backend/storage/configure-storage,/flutter/build-a-backend/storage/get-properties,literal,other
729fe0119d3251d16350,string_similarity,aws-amplify/docs,/lib/graphqlapi/subscribe-data/q/platform/react-native,/react-native/build-a-backend/graphqlapi/subscribe-data,/flutter/build-a-backend/graphqlapi/subscribe-data,literal,other
737de1862fc9d7de33b9,string_similarity,aws-amplify/docs,/cli/usage/headless,/javascript/tools/cli/usage/headless,/gen1/<platform>/tools/cli/<page>,literal,other
73c907aa0506c2efb66f,string_similarity,aws-amplify/docs,/lib/analytics/record/q,/react/build-a-backend/more-features/analytics/record-events,/android/sdk/analytics/kinesis,literal,many_to_one_merges
73f0f1967926100e50ba,string_similarity,aws-amplify/docs,/lib/graphqlapi/getting-started/q/platform/react-native,/react-native/build-a-backend/graphqlapi/set-up-graphql-api,/angular/getting-started/migration,literal,other
742545f050e435305c21,string_similarity,aws-amplify/docs,/lib-v1/predictions/interpret/q/platform/react-native,/gen1/react-native/prev/build-a-backend/more-features/predictions/interpret-sentiment,/gen1/android/prev/build-a-backend/more-features/predictions/interpret-sentiment,literal,other
7478c6002619ff14b9f3,string_similarity,aws-amplify/docs,/lib-v1/analytics/escapehatch,/gen1/react/prev/build-a-backend/more-features/analytics,/angular/start/getting-started/nextsteps,literal,soft_404_or_thin_pages
74c6c663d0f22c08ff52,string_similarity,aws-amplify/docs,/lib/auth/getting-started/q/platform/flutter,/flutter/build-a-backend/auth/set-up-auth,/android/sdk/auth/getting-started,literal,other
74fc9a190697d5adb1b9,string_similarity,aws-amplify/docs,/lib/utilities/serviceworker/q/platform/js,/javascript/build-a-backend/utilities/service-worker,/angular/start/getting-started/nextsteps,literal,soft_404_or_thin_pages
751399004d86a67d0653,string_similarity,aws-amplify/docs,/lib-v1/storage/getting-started/q/platform/js,/gen1/javascript/prev/build-a-backend/storage/set-up-storage,/angular/start/getting-started/nextsteps,literal,soft_404_or_thin_pages
7584c3054408748e7bd2,string_similarity,aws-amplify/docs,/lib/restapi/getting-started/q/platform/ios,/swift/build-a-backend/restapi/set-up-rest-api,/android/start/getting-started/installation,literal,other
764675e1411903d63501,string_similarity,aws-amplify/docs,/lib/storage/upload/q/platform/js,/javascript/build-a-backend/storage/upload,/android/build-a-backend/storage/upload,literal,other
7657b753e9da5d3156f9,string_similarity,aws-amplify/docs,/cli/function/layers,/javascript/build-a-backend/functions/layers,/gen1/<platform>/build-a-backend/functions/layers,literal,other
7688a217449dd33853a7,string_similarity,aws-amplify/docs,/swift/build-a-backend/functions/appsync-operations-to-lambda-layer,/swift/build-a-backend/graphqlapi/client-code-generation,/android/build-a-backend/functions,literal,other
76bf4cf82706cc0571b4,string_similarity,aws-amplify/docs,/console/tutorial/buildui,/javascript/tools/console/tutorial/buildui,/gen1/<platform>/tools/console,literal,other
77562979ee74f8c4a933,string_similarity,aws-amplify/docs,/nextjs/build-a-backend/storage/storage-v5-to-v6-migration-guide,/gen1/nextjs/build-a-backend/storage/storage-v5-to-v6-migration-guide,/gen1/javascript/build-a-backend/storage/storage-v5-to-v6-migration-guide,literal,other
77b6d508c4366f90466a,string_similarity,aws-amplify/docs,/start/getting-started/auth/q/integration/react,/react/start/getting-started/auth,/android/start/getting-started/integrate,literal,other
77e30515e5450cffb320,string_similarity,aws-amplify/docs,/cli/function/configure-options,/javascript/build-a-backend/functions/configure-options,/flutter/build-a-backend/storage/configure-access,literal,many_to_one_merges
7844515664b4c3f26476,string_similarity,aws-amplify/docs,/react/start/quickstart/nextjs-pages-router,/react/start/quickstart,/android/start/getting-started/installation,literal,many_to_one_merges
7854bc5040e4c66359bc,string_similarity,aws-amplify/docs,/lib-v1/auth/signin/q/platform/android,/gen1/android/prev/build-a-backend/auth/enable-sign-in,/android/sdk/auth/getting-started,literal,other
79373baff77661721aa1,string_similarity,aws-amplify/docs,/lib-v1/project-setup/create-application/q/platform/js,/javascript/start/project-setup,/gen1/angular/prev/start/project-setup/create-application,literal,other
794f22bf43686014476b,string_similarity,aws-amplify/docs,/lib-v1/datastore/data-access/q/platform/ios,/gen1/swift/prev/build-a-backend/more-features/datastore/manipulate-data,/flutter/build-a-backend/more-features/datastore/manipulate-data,literal,other
79be2b84cb270fb1362f,string_similarity,aws-amplify/docs,/lib/push-notifications/migrate-from-previous-version/q/platform/react-native,/gen1/react-native/prev/build-a-backend/push-notifications/migrate-from-previous-version,/android/build-a-backend/push-notifications/set-up-push-notifications,literal,other
79ed04a740907a2bd018,string_similarity,hashicorp/terraform-website,/docs/providers/sumologic/d/:path*,/providers/SumoLogic/sumologic/latest/docs/data-sources/:path*,/providers/SumoLogic/sumologic/latest/docs,placeholder,wildcard_expansion_ambiguity
7a3d688cc5a00b1b3ccb,string_similarity,withastro/docs,/en/guides/debugging,/en/guides/troubleshooting,/en/guides/deploy,literal,other
7b1b6ec746ee15e1ef9a,string_similarity,aws-amplify/docs,/react/start/mobile-support,/react/start,/gen1/flutter/prev/start/project-setup,literal,other
7bbce6549391f43f4356,string_similarity,aws-amplify/docs,/console/data/data-model,/javascript/tools/console/data/data-model,/flutter/build-a-backend/restapi/fetch-data,literal,other
7bd56e40775cbc94b9a2,string_similarity,denoland/docs,/examples/tutorials/solidjs,/examples/solidjs_tutorial,/examples/tutorials/solidjs,literal,other
7d3901832aa1073ee6b0,string_similarity,aws-amplify/docs,/sdk/analytics/endpoints/q/platform/ios,/swift/sdk/analytics/endpoints,/android/sdk/analytics/endpoints,literal,other
7d53d837f1b5437ea3c3,string_similarity,aws-amplify/docs,/api/swagger,/,/amplify-js/api,literal,many_to_one_merges
7daa4b31fbc893f99d95,string_similarity,aws-amplify/docs,/lib/graphqlapi/advanced-workflows/q/platform/js,/gen1/javascript/prev/build-a-backend/graphqlapi/advanced-workflows,/flutter/build-a-backend/graphqlapi/advanced-workflows,literal,other
7ece0ab7a6e5710196d2,string_similarity,aws-amplify/docs,/lib-v1/storage/upload/q/platform/ios,/gen1/swift/prev/build-a-backend/storage/upload,/android/build-a-backend/storage/upload,literal,other
7fda64f02322f3cf7c70,string_similarity,aws-amplify/docs,/lib/auth/manageusers/q/platform/react-native,/react-native/build-a-backend/auth/manage-user-profile,/android/sdk/auth/federated-identities,literal,other
7fefe999234385f38c28,string_similarity,aws-amplify/docs,/lib/auth/user-attributes/q/platform/ios,/swift/build-a-backend/auth/managing-attributes,/android/build-a-backend/auth/managing-attributes,literal,many_to_one_merges
810b8f99576aafd825e8,string_similarity,hashicorp/terraform-website,/docs/providers/tfe(/index.html),/providers/hashicorp/tfe/latest/docs,/providers/linode/linode/latest/docs,wildcard,wildcard_expansion_ambiguity
81637076b3ef3e2625e3,string_similarity,aws-amplify/docs,/lib-v1/datastore/setup-auth-rules/q/platform/flutter,/gen1/flutter/prev/build-a-backend/more-features/datastore/authz-rules-setup,/flutter/build-a-backend/more-features/datastore/authz-rules-setup,literal,other
81f655e60e48da2a73ef,string_similarity,aws-amplify/docs,/gen2/build-a-backend/<category>/<page>,/react/build-a-backend/<category>/<page>,/gen1/<platform>/prev/build-a-backend/<category>/<page>,placeholder,wildcard_expansion_ambiguity
827199913842f3030fa9,string_similarity,aws-amplify/docs,/lib-v1/auth/signin/q/platform/js,/gen1/javascript/prev/build-a-backend/auth/enable-sign-up,/angular/start/getting-started/nextsteps,literal,soft_404_or_thin_pages
8275845db66f7d97a8e0,string_similarity,aws-amplify/docs,/lib/push-notifications/identify-user/q/platform/react-native,/react-native/build-a-backend/push-notifications/identify-user,/flutter/build-a-backend/push-notifications/identify-user,literal,other
829ed9e7cf705d172efb,string_similarity,aws-amplify/docs,/vue/build-a-backend/auth/admin-actions/sssieddgdpathxsx,/vue/build-a-backend/auth/admin-actions,/flutter/build-a-backend/auth/auth-events,literal,other
82b5f415f11e14d1f44f,string_similarity,aws-amplify/docs,/lib/auth/guest_access/q/platform/ios,/swift/build-a-backend/auth/enable-guest-access,/flutter/build-a-backend/auth/enable-guest-access,literal,other
82e5c9c1020d26bd2a11,string_similarity,aws-amplify/docs,/lib-v1/graphqlapi/authz/q/platform/react-native,/gen1/react-native/prev/build-a-backend/graphqlapi/customize-authz-modes,/gen1/javascript/prev/build-a-backend/graphqlapi/customize-authz-modes,literal,other
82ea60267a9090ed2427,string_similarity,aws-amplify/docs,/lib-v1/auth/signin/q/platform/flutter,/gen1/flutter/prev/build-a-backend/auth/enable-sign-in,/angular/start/getting-started/nextsteps,literal,soft_404_or_thin_pages
82f2d6c13f76115f3b28,string_similarity,aws-amplify/docs,/react-native/build-a-backend/storage/copy,/gen1/react-native/build-a-backend/storage/copy,/android/build-a-backend/storage/upload,literal,other
8363012bf35f53ac3ab8,string_similarity,aws-amplify/docs,/ai,/react/ai/set-up-ai,/404/index.html,literal,soft_404_or_thin_pages
837704e6ceb4c59c5307,string_similarity,aws-amplify/docs,/sdk/storage/graphql-api/q/platform/ios,/swift/sdk/storage/graphql-api,/android/sdk/api/graphql,literal,other
83bf510a9e7ab357a27d,string_similarity,aws-amplify/docs,/start/getting-started/setup/q/integration/vue,/vue/start/getting-started/setup,/android/start/getting-started/setup,literal,other
84a3c1d7ce452a0b8d64,string_similarity,aws-amplify/docs,/lib/storage/list/q/platform/ios,/swift/build-a-backend/storage/list,/android/build-a-backend/storage/list,literal,other
85d5d7e499a43055a754,string_similarity,aws-amplify/docs,/lib-v1/storage/cancel-requests/q/platform/react-native,/gen1/react-native/prev/build-a-backend/storage/cancel-requests,/angular/start/getting-started/nextsteps,literal,soft_404_or_thin_pages
85efdca356688f4bcbf3,string_similarity,hashicorp/terraform-website,/docs/providers/openstack/d/:path*,/providers/terraform-provider-openstack/openstack/latest/docs/data-sources/:path*,/providers/terraform-provider-openstack/openstack/latest/docs/guides/:path*,placeholder,wildcard_expansion_ambiguity
85f914a887c8352cdb7e,string_similarity,withastro/docs,/,/en/getting-started,/:splat,literal,soft_404_or_thin_pages
8603d8b2de67d48a9471,string_similarity,aws-amplify/docs,/console/uibuilder/databinding,/javascript/build-ui/uibuilder/databinding,/gen1/javascript/build-ui/uibuilder,literal,other
86213a262726cd8e2420,string_similarity,aws-amplify/docs,/sdk/auth/guest-access/q/platform/ios,/swift/sdk/auth/guest-access,/flutter/build-a-backend/auth/enable-guest-access,literal,other
86523265279c1a305c7f,string_similarity,hashicorp/terraform-website,/docs/providers/oktaasa(/index.html),/providers/oktadeveloper/oktaasa/latest/docs,/providers/skytap/skytap/latest/docs,wildcard,wildcard_expansion_ambiguity
86aa3dc537e69268acbb,string_similarity,aws-amplify/docs,/lib/auth/getting-started/q/platform/react-native,/react-native/build-a-backend/auth/set-up-auth,/angular/start/getting-started/nextsteps,literal,soft_404_or_thin_pages
8703fba2c74ec1949d9b,string_similarity,aws-amplify/docs,/lib-v1/push-notifications/testing/q/platform/react-native,/gen1/react-native/prev/build-a-backend/push-notifications/test-notifications,/angular/start/getting-started/nextsteps,literal,soft_404_or_thin_pages
87105fd7c57ce9b60372,string_similarity,fluxcd/website,/flux/components/kustomize/kustomization,/flux/components/kustomize/kustomizations,/flux/components/kustomize,literal,other
8755f0cf1025c0ba2da6,string_similarity,aws-amplify/docs,/lib-v1/in-app-messaging/resolve-conflicts/q/platform/js,/gen1/javascript/prev/build-a-backend/more-features/in-app-messaging/resolve-conflicts,/angular/start/getting-started/nextsteps,literal,soft_404_or_thin_pages
87d10fe9be65de0f18de,string_similarity,hashicorp/terraform-website,/docs/providers/ado/d/:path*,/providers/microsoft/azuredevops/latest/docs/data-sources/:path*,/providers/ovh/ovh/latest/docs/guides/:path*,placeholder,wildcard_expansion_ambiguity
87ee2fde4da514e6825e,string_similarity,hashicorp/terraform-website,/docs/providers/powerdns/d/:path*,/providers/pan-net/powerdns/latest/docs/data-sources/:path*,/providers/pan-net/powerdns/latest/docs/guides/:path*,placeholder,wildcard_expansion_ambiguity
89c175da75ddb655d37d,string_similarity,aws-amplify/docs,/lib/storage/configureaccess/q/platform/flutter,/flutter/build-a-backend/storage/configure-access,/flutter,literal,other
89eb33ec984cc7d9aad5,string_similarity,aws-amplify/docs,/lib/graphqlapi/concepts/q,/react/build-a-backend/graphqlapi/api-graphql-concepts,/flutter/build-a-backend/graphqlapi/api-graphql-concepts,literal,many_to_one_merges
8a63e9e0883c0eba671f,string_similarity,aws-amplify/docs,/console/auth/import,/javascript/tools/console/auth/import,/gen1/android/prev/build-a-backend/auth/existing-resources,literal,other
8ab6efaa722abd77a844,string_similarity,hashicorp/terraform-website,/docs/providers/vsphere/d/:path*,/providers/hashicorp/vsphere/latest/docs/data-sources/:path*,/providers/hashicorp/vsphere/latest/docs/guides/:path*,placeholder,wildcard_expansion_ambiguity
8af77fd7e1583a5c5069,string_similarity,hashicorp/terraform-website,/enterprise/install/cluster-custom,/enterprise/install/automated/active-active,/enterprise/install/pre-install-checklist,literal,many_to_one_merges
8b39d29c5ae4a45fc543,string_similarity,aws-amplify/docs,/lib-v1/auth/social/q/platform/js,/gen1/javascript/prev/build-a-backend/auth/add-social-provider,/angular/start/getting-started/nextsteps,literal,soft_404_or_thin_pages
8b510a2885df6d083dbf,string_similarity,hashicorp/terraform-website,/docs/providers/acme/d/:path*,/providers/vancluever/acme/latest/docs/data-sources/:path*,/providers/vancluever/acme/latest/docs/resources/:path*,placeholder,wildcard_expansion_ambiguity
8c39ffe16d7f520b9f46,string_similarity,hashicorp/terraform-website,/docs/providers/baiducloud(/index.html),/providers/baidubce/baiducloud/latest/docs,/providers/ucloud/ucloud/latest/docs,wildcard,wildcard_expansion_ambiguity
8c48a3e3d0beda87fb99,string_similarity,aws-amplify/docs,/lib/storage/copy/q/platform/js,/javascript/build-a-backend/storage/copy,/angular/start/getting-started/nextsteps,literal,soft_404_or_thin_pages
8c4b0db9873a3a8044b8,string_similarity,aws-amplify/docs,/[platform]/prev/build-a-backend/auth/delete-user-account,/gen1/react/prev/build-a-backend/auth/delete-user-account,/gen1/android/prev/build-a-backend/auth/delete-user-account,wildcard,wildcard_expansion_ambiguity
8c52a0047abf2930fe80,string_similarity,hashicorp/terraform-website,/docs/providers/vcd/d/:path*,/providers/vmware/vcd/latest/docs/data-sources/:path*,/providers/vmware/vcd/latest/docs/guides/:path*,placeholder,wildcard_expansion_ambiguity
8c64252a30afe92a5704,string_similarity,aws-amplify/docs,/lib/in-app-messaging/overview/q/platform/react-native,/react-native/build-a-backend/more-features/in-app-messaging,/gen1/javascript/prev/build-a-backend/more-features/in-app-messaging/display-messages,literal,other
8c81b28421e1589aede9,string_similarity,aws-amplify/docs,/guides/api-graphql/image-and-file-uploads/q/platform/js,/javascript/build-a-backend/graphqlapi/working-with-files,/angular/start/getting-started/nextsteps,literal,many_to_one_merges
8d2b6f4e7ba3af26ebfa,string_similarity,aws-amplify/docs,/lib/geo/existing-resources/q/platform/android,/gen1/android/prev/build-a-backend/more-features/geo/existing-resources,/android/build-a-backend/restapi/existing-resources,literal,many_to_one_merges
8df25a1851ba93f8e355,string_similarity,aws-amplify/docs,/[platform]/build-a-backend/more-features/predictions,/react/build-a-backend/more-features/predictions,/angular/build-a-backend/more-features/predictions/identify-text,wildcard,wildcard_expansion_ambiguity
8fdd1fa0e94049a90bce,string_similarity,hashicorp/terraform-website,/docs/providers/null/d/:path*,/providers/hashicorp/null/latest/docs/data-sources/:path*,/providers/hashicorp/null/latest/docs/guides/:path*,placeholder,wildcard_expansion_ambiguity
8ffaeb7409426b84086c,string_similarity,aws-amplify/docs,/lib-v1/datastore/sync/q/platform/android,/gen1/android/prev/build-a-backend/more-features/datastore/sync-to-cloud,/android/build-a-backend/more-features/datastore/sync-to-cloud,literal,other
902fa7f4994c503c7a98,string_similarity,aws-amplify/docs,/react/prev,/gen1/react/prev,/gen1/javascript/prev,literal,other
906ba2fce46d023bcf6b,string_similarity,aws-amplify/docs,/lib-v1/auth/social/q/platform/flutter,/gen1/flutter/prev/build-a-backend/auth/add-social-provider,/gen1/flutter/build-a-backend/auth/add-social-provider,literal,other
90702d744da119d49596,string_similarity,fluxcd/website,/legacy/*,/flux/migration,/fluxcd/website,wildcard,wildcard_expansion_ambiguity
9072929269180e514697,string_similarity,aws-amplify/docs,/sdk/storage/transfer-utility/q/platform/ios,/swift/sdk/storage/transfer-utility,/gen1/android/prev/build-a-backend/storage/sdk,literal,other
90c146e75eb56438b32e,string_similarity,aws-amplify/docs,/react/start/configure,/react/start/account-setup,/angular/start/getting-started/hosting,literal,other
910cadb52aa5568ce15f,string_similarity,aws-amplify/docs,/lib/geo/search/q/platform/js,/javascript/build-a-backend/more-features/geo/location-search,/angular/start/getting-started/nextsteps,literal,soft_404_or_thin_pages
9157ea108266afd4a215,string_similarity,aws-amplify/docs,/lib-v1/auth/delete_user/q/platform/android,/gen1/android/prev/build-a-backend/auth/delete-user-account,/android/build-a-backend/auth/delete-user-account,literal,other
92a28c3480cbe56ba15b,string_similarity,aws-amplify/docs,/lib/predictions/text-speech/q/platform/react-native,/react-native/build-a-backend/more-features/predictions/text-to-speech,/angular/build-a-backend/more-features/predictions/identify-text,literal,other
93b1eeaae8a4c28f9203,string_similarity,aws-amplify/docs,/lib-v1/auth/signin_web_ui/q/platform/ios,/gen1/swift/prev/build-a-backend/auth/sign-in-with-web-ui,/android/build-a-backend/auth/sign-in-with-web-ui,literal,other
94246c48002d64726087,string_similarity,aws-amplify/docs,/lib-v1/graphqlapi/getting-started/q/platform/android,/gen1/android/prev/build-a-backend/graphqlapi/set-up-graphql-api,/android/start/getting-started/integrate,literal,other
94279bb5ec4666551d21,string_similarity,aws-amplify/docs,/lib-v1/datastore/setup-auth-rules/q/platform/next,/gen1/nextjs/prev/build-a-backend/more-features/datastore/authz-rules-setup,/flutter/build-a-backend/more-features/datastore/authz-rules-setup,literal,other
942fc1f67607b9a4d026,string_similarity,aws-amplify/docs,/react/build-a-backend/auth/switch-auth,/gen1/react/build-a-backend/auth/switch-auth,/gen1/android/build-a-backend/auth/switch-auth,literal,other
94e865153aa13f25a10b,string_similarity,hashicorp/terraform-website,/docs/providers/azuredevops/d/:path*,/providers/microsoft/azuredevops/latest/docs/data-sources/:path*,/providers/microsoft/azuredevops/latest/docs/resources/:path*,placeholder,wildcard_expansion_ambiguity
94ea8cfd822841a7437c,string_similarity,aws-amplify/docs,/[platform]/build-a-backend/troubleshooting/upgrade-amplify-packages,/react/build-a-backend/troubleshooting/upgrade-amplify-packages,/gen1/flutter/build-a-backend/troubleshooting/upgrade-amplify-packages,wildcard,wildcard_expansion_ambiguity
95ab4ac4c211bd91f575,string_similarity,aws-amplify/docs,/lib/graphqlapi/connect/q/platform/js,/javascript/build-a-backend/graphqlapi/connect-api-to-existing-database,/angular/start/getting-started/nextsteps,literal,soft_404_or_thin_pages
95c0d724e5f068acea53,string_similarity,aws-amplify/docs,/cli/reference/usage-data,/javascript/tools/cli/reference/usage-data,/flutter/build-a-backend/restapi/fetch-data,literal,other
95fe207d6abb21bacf13,string_similarity,aws-amplify/docs,/lib-v1/storage/escapehatch/q/platform/android,/gen1/android/prev/build-a-backend/storage/sdk,/android/build-a-backend/storage/upload,literal,other
960831ede1878038502c,string_similarity,aws-amplify/docs,/lib/datastore/relational/q/platform/ios,/swift/build-a-backend/more-features/datastore/relational-models,/gen1/javascript/prev/build-a-backend/more-features/datastore/relational-models,literal,other
9618774adaa268c62921,string_similarity,aws-amplify/docs,/lib/predictions/text-speech/q/platform/js,/javascript/build-a-backend/more-features/predictions/text-to-speech,/angular/start/getting-started/nextsteps,literal,soft_404_or_thin_pages
96900f611863c75874c7,string_similarity,aws-amplify/docs,/start/getting-started/integrate/q/integration/react-native,/gen1/react-native/build-a-backend/more-features/datastore/set-up-datastore,/android/start/getting-started/integrate,literal,other
969473f0de35830075e2,string_similarity,aws-amplify/docs,/guides/hosting/nextjs/q/platform/js,/javascript/deploy-and-host/frameworks/deploy-nextjs-app,/angular/start/getting-started/nextsteps,literal,soft_404_or_thin_pages
96cb3060472e6b6aeaf4,string_similarity,aws-amplify/docs,/lib/analytics/streaming/q/platform/react-native,/react-native/build-a-backend/more-features/analytics/streaming-data,/android/sdk/analytics/kinesis,literal,other
97fed8de4d97219459dd,string_similarity,aws-amplify/docs,/ui-legacy/<*>,/,/angular/start/getting-started/nextsteps,placeholder,wildcard_expansion_ambiguity
982482d82f76f4bfc47d,string_similarity,aws-amplify/docs,/lib-v1/graphqlapi/offline/q/platform/ios,/gen1/swift/prev/build-a-backend/graphqlapi/offline,/gen1/flutter/prev/build-a-backend/graphqlapi/offline,literal,other
985179282d29224613b6,string_similarity,aws-amplify/docs,/lib/analytics/record/q/platform/react-native,/react-native/build-a-backend/more-features/analytics/record-events,/android/build-a-backend/more-features/analytics/record-events,literal,other
991ee809837e188a823d,string_similarity,aws-amplify/docs,/cli/commands/console,/javascript/tools/cli/commands,/gen1/<platform>/tools/console,literal,many_to_one_merges
99890ce62b515d956726,string_similarity,hashicorp/terraform-website,/docs/providers/okta(/index.html),/providers/oktadeveloper/okta/latest/docs,/providers/linode/linode/latest/docs,wildcard,wildcard_expansion_ambiguity
9999f22dc3bf688f14c3,string_similarity,aws-amplify/docs,/[platform]/deploy-and-host/frameworks/deploy-gridsome-site,/react/deploy-and-host/frameworks/deploy-gridsome-site,/gen1/<platform>/deploy-and-host/frameworks/<page>,wildcard,wildcard_expansion_ambiguity
9a5b3c87ebe11ff021b7,string_similarity,aws-amplify/docs,/gen2/start/<category>/<page>,/react/start/<category>/<page>,/gen1/<platform>/prev/tools/<category>/<page>,placeholder,wildcard_expansion_ambiguity
9acfe1ac207eed093ec2,string_similarity,aws-amplify/docs,/guides/api-rest/gen-ai/q/platform/js,/javascript/build-a-backend/restapi/gen-ai,/angular/start/getting-started/nextsteps,literal,soft_404_or_thin_pages
9afcb31fe0d8123df4ad,string_similarity,aws-amplify/docs,/react/prev/build-a-backend/troubleshooting/upgrade-amplify-packages/react/prev,/gen1/react/prev/build-a-backend/troubleshooting/upgrade-amplify-packages/react/prev,/gen1/flutter/build-a-backend/troubleshooting/upgrade-amplify-packages,literal,other
9bc2f3d31ff7506837e4,string_similarity,aws-amplify/docs,/console/formbuilder/overrides,/javascript/build-ui/formbuilder/overrides,/gen1/<platform>/tools/console,literal,other
9be623a5d37fe1dfed02,string_similarity,aws-amplify/docs,/[platform]/tools/console/storage,/react/tools/console/storage,/gen1/<platform>/tools/console,wildcard,wildcard_expansion_ambiguity
9c0deaf7408f0ce44d25,string_similarity,fluxcd/website,/docs/contributing/docs/some-background,/fluxcd/website,/en/contributing/docs/style-guide,literal,no_lexical_overlap_after_ia_rewrite
9d5c1a96b78b4142e5f2,string_similarity,aws-amplify/docs,/lib/restapi/fetch/q/platform/flutter,/flutter/build-a-backend/restapi/fetch-data,/flutter,literal,other
9dc6888c244668af8cea,string_similarity,aws-amplify/docs,/react/build-a-backend/functions/dynamodb-from-lambda-nodejs,/react/build-a-backend/functions,/android/build-a-backend/functions,literal,other
9e0f79e27b215cc0a630,string_similarity,withastro/docs,/core-concepts/collections,/en/guides/content-collections,/de/concepts/islands,literal,other
9e12b4a650616fd60fc3,string_similarity,aws-amplify/docs,/build-a-backend/add-aws-services/overriding-resources,/react/tools/cli/project/override-iam,/android/build-a-backend/restapi/existing-resources,literal,no_lexical_overlap_after_ia_rewrite
9e6794704480135b142c,string_similarity,aws-amplify/docs,/lib-v1/auth/overview/q/platform/android,/gen1/android/prev/build-a-backend/auth/under-the-hood,/android/sdk/auth/drop-in-auth,literal,other
9e8b9cd1e0818665adb8,string_similarity,aws-amplify/docs,/console/authz/authorization,/javascript/tools/console/authz,/gen1/<platform>/tools/console,literal,other
9e9c78f8ac41257384ea,string_similarity,aws-amplify/docs,/[platform]/build-a-backend/existing-resources,/react/build-a-backend/existing-resources,/gen1/<platform>/build-a-backend/existing-resources,wildcard,wildcard_expansion_ambiguity
9eb4d34cfb9c848db483,string_similarity,withastro/docs,/en/getting-started/quick-start,/en/install-and-setup,/en/getting-started,literal,other
9ecf9b61c068cb6ee2d4,string_similarity,aws-amplify/docs,/nextjs/build-a-backend/functions/appsync-operations-to-lambda-layer,/nextjs/build-a-backend/graphqlapi/client-code-generation,/android/build-a-backend/functions,literal,other
9ee03bb7184fe55d096c,string_similarity,fluxcd/website,/flux/guides/notifications,/flux/monitoring/alerts,/flux/components/notification/alerts,literal,other
9f44041fa86b809dd018,string_similarity,fluxcd/website,/docs/contributing/*,/contributing/:splat,/en/contributing/docs/_index,placeholder,wildcard_expansion_ambiguity
9f6518f536e079caff65,string_similarity,aws-amplify/docs,/flutter/sdk,/flutter/build-a-backend,/flutter,literal,other
9f82514274aac87ef3f6,string_similarity,aws-amplify/docs,/swift/prev/start/project-setup/combine-framework,/gen1/swift/prev/start/project-setup/combine-framework,/gen1/flutter/prev/start/project-setup,literal,other
9fa6fae2d12ca7fc2ec9,string_similarity,aws-amplify/docs,/console/uibuilder/eventhandling,/javascript/build-ui/uibuilder/eventhandling,/gen1/javascript/build-ui/uibuilder,literal,other
9fd0302368183548c561,string_similarity,aws-amplify/docs,/lib/auth/emailpassword/q/platform/react-native,/react-native/build-a-backend/auth/enable-sign-up,/android/sdk/auth/federated-identities,literal,other
a06d4c619ced2bb013ac,string_similarity,aws-amplify/docs,/lib/graphqlapi/getting-started/q/platform/flutter,/flutter/build-a-backend/graphqlapi,/flutter/start/getting-started/nextsteps,literal,other
a17cf1b7d748a0fe3cfb,string_similarity,aws-amplify/docs,/lib-v1/restapi/existing-resources/q/platform/ios,/swift/build-a-backend/restapi/existing-resources,/android/build-a-backend/restapi/existing-resources,literal,many_to_one_merges
a1dff2960131a779ea64,string_similarity,withastro/docs,/:lang/basics/rendering-modes,/:lang/guides/on-demand-rendering,/:lang/basics/layouts,placeholder,wildcard_expansion_ambiguity
a1eeb6400b06448fd327,string_similarity,aws-amplify/docs,/console/uibuilder/textfieldtoarea,/javascript/build-ui/uibuilder,/gen1/javascript/build-ui/uibuilder,literal,many_to_one_merges
a1ef8e2a3a4e5f7714dc,string_similarity,aws-amplify/docs,/start/getting-started/setup/q/integration/next,/nextjs/start/getting-started/setup,/android/start/getting-started/setup,literal,other
a1f89454942bda1bc4f5,string_similarity,hashicorp/terraform-website,/docs/providers/ecl(/index.html),/providers/nttcom/ecl/latest/docs,/providers/linode/linode/latest/docs,wildcard,wildcard_expansion_ambiguity
a26d442544fbc3730058,string_similarity,aws-amplify/docs,/[platform]/build-a-backend/more-features/geo/location-search,/react/build-a-backend/more-features/geo/location-search,/gen1/javascript/prev/build-a-backend/more-features/geo/location-search,wildcard,wildcard_expansion_ambiguity
a288eb5b1bedd10f06ff,string_similarity,hashicorp/terraform-website,/docs/providers/pagerduty/d/:path*,/providers/PagerDuty/pagerduty/latest/docs/data-sources/:path*,/providers/PagerDuty/pagerduty/latest/docs/guides/:path*,placeholder,wildcard_expansion_ambiguity
a28e41221c74a537d772,string_similarity,aws-amplify/docs,/lib/graphqlapi/getting-started,/react/build-a-backend/graphqlapi,/android/sdk/auth/getting-started,literal,other
a2d4774d3c4bfc8e3fc4,string_similarity,aws-amplify/docs,/lib-v1/graphqlapi/mutate-data/q/platform/ios,/gen1/swift/prev/build-a-backend/graphqlapi/mutate-data,/gen1/flutter/prev/build-a-backend/graphqlapi/mutate-data,literal,other
a2efabce244eb73d1dfa,string_similarity,aws-amplify/docs,/guides/api-rest/go-api/q/platform/js,/javascript/build-a-backend/restapi,/angular/start/getting-started/nextsteps,literal,many_to_one_merges
a304c4ae8d3502783844,string_similarity,hashicorp/terraform-website,/docs/providers/rancher2/d/:path*,/providers/rancher/rancher2/latest/docs/data-sources/:path*,/providers/rancher/rancher2/latest/docs/guides/:path*,placeholder,wildcard_expansion_ambiguity
a31477b724b99dfa1da4,string_similarity,aws-amplify/docs,/lib-v1/datastore/other-methods/q/platform/js,/gen1/javascript/prev/build-a-backend/more-features/datastore/additional-methods,/angular/start/getting-started/nextsteps,literal,soft_404_or_thin_pages
a35f4c45e73f514613f5,string_similarity,hashicorp/terraform-website,/docs/providers/ns1(/index.html),/providers/ns1-terraform/ns1/latest/docs,/providers/linode/linode/latest/docs,wildcard,wildcard_expansion_ambiguity
a3c11e8f9e6ea90c7957,string_similarity,aws-amplify/docs,/lib/storage/getting-started/q/platform/ios,/swift/build-a-backend/storage/set-up-storage,/android/start/getting-started/installation,literal,other
a4a4c54af1ced7362771,string_similarity,aws-amplify/docs,/lib/storage/get-properties/q/platform/ios,/swift/build-a-backend/storage,/flutter/build-a-backend/storage/get-properties,literal,other
a4cbda73f9f8458c1e65,string_similarity,aws-amplify/docs,/lib-v1/analytics/existing-resources/q/platform/android,/gen1/android/prev/build-a-backend/more-features/analytics/existing-resources,/android/build-a-backend/restapi/existing-resources,literal,other
a4f72db5c1535ed9b3b6,string_similarity,aws-amplify/docs,/cli-legacy/graphql-transformer/codegen,/javascript/tools/cli-legacy/client-codegen,/angular/start/getting-started/nextsteps,literal,soft_404_or_thin_pages
a502d00511d5c8921f15,string_similarity,hashicorp/terraform-website,/docs/providers/openstack/guides/:path*,/providers/terraform-provider-openstack/openstack/latest/docs/guides/:path*,/providers/ovh/ovh/latest/docs/guides/:path*,placeholder,wildcard_expansion_ambiguity
a554aa3f779fdcf548fd,string_similarity,aws-amplify/docs,/lib-v1/in-app-messaging/resolve-conflicts/q/platform/react-native,/gen1/react-native/prev/build-a-backend/more-features/in-app-messaging/resolve-conflicts,/gen1/javascript/prev/build-a-backend/more-features/in-app-messaging/display-messages,literal,other
a5a3ffda8c2ced40e73c,string_similarity,aws-amplify/docs,/lib/analytics/escapehatch/q/platform/react-native,/react-native/build-a-backend/more-features/analytics,/angular/start/getting-started/nextsteps,literal,soft_404_or_thin_pages
a601f61cc3444f1d6f58,string_similarity,aws-amplify/docs,/[platform]/prev/start/project-setup/use-existing-resources,/gen1/react/prev/start/project-setup/use-existing-resources,/gen1/android/prev/start/project-setup/use-existing-resources,wildcard,wildcard_expansion_ambiguity
a603c642a37d7f3e2eb5,string_similarity,aws-amplify/docs,/lib/analytics/escapehatch/q/platform/ios,/swift/build-a-backend/more-features/analytics/sdk,/android/sdk/analytics/endpoints,literal,other
a7506a23126c750a8abb,string_similarity,aws-amplify/docs,/lib/auth/managing_credentials/q/platform/js,/javascript/build-a-backend/auth/manage-user-session,/gen1/<platform>/build-a-backend/auth/managing-credentials,literal,many_to_one_merges
a75f42c138d9bf886979,string_similarity,aws-amplify/docs,/lib/analytics/identifyuser/q/platform/flutter,/flutter/build-a-backend/more-features/analytics/identify-user,/flutter,literal,other
a76bca98c22418daf207,string_similarity,aws-amplify/docs,/lib/storage/triggers,/react/build-a-backend/storage/lambda-triggers,/android/build-a-backend/storage/lambda-triggers,literal,other
a7b105770efe245252b7,string_similarity,aws-amplify/docs,/cli-legacy/graphql-transformer/model,/javascript/tools/cli-legacy/model-directive,/gen1/<platform>/tools/cli-legacy,literal,other
a7f70dfd8f03f0d75160,string_similarity,hashicorp/terraform-website,/docs/providers/vultr/d/:path*,/providers/vultr/vultr/latest/docs/data-sources/:path*,/providers/vultr/vultr/latest/docs,placeholder,wildcard_expansion_ambiguity
a81448e86ca491029560,string_similarity,fluxcd/website,/flux/use-cases/gcp-source-repository,/flux/installation/bootstrap/google-cloud-source,/flux/components/source,literal,other
a830701ee66dd279afa1,string_similarity,aws-amplify/docs,/react/prev/start/project-setup/create-application,/gen1/react/prev/start/project-setup/create-application,/gen1/angular/prev/start/project-setup/create-application,literal,other
a83ccd269f49d4a181bc,string_similarity,aws-amplify/docs,/react-native/build-a-backend/troubleshooting/stack-cdktoolkit-already-exists,/react-native/build-a-backend/troubleshooting/cdktoolkit-stack,/angular/build-a-backend/troubleshooting/cdktoolkit-stack,literal,other
a8bbb723db49b7754688,string_similarity,aws-amplify/docs,/lib-v1/q/platform/android,/gen1/android/prev/build-a-backend,/android/sdk,literal,other
a8feb5850627faa65f47,string_similarity,denoland/docs,/runtime/manual/advanced/embedding_deno,/deploy/classic,/runtime/contributing,literal,many_to_one_merges
a91b94d60fbdbc5b6c09,string_similarity,hashicorp/terraform-website,/docs/providers/fortios/d/:path*,/providers/fortinetdev/fortios/latest/docs/data-sources/:path*,/providers/fortinetdev/fortios/latest/docs/guides/:path*,placeholder,wildcard_expansion_ambiguity
a92c4c0752b8ac22638b,string_similarity,hashicorp/terraform-website,/docs/providers/logicmonitor/d/:path*,/providers/logicmonitor/logicmonitor/latest/docs/data-sources/:path*,/providers/logicmonitor/logicmonitor/latest/docs/guides/:path*,placeholder,wildcard_expansion_ambiguity
a97fa90ddbf93b600148,string_similarity,aws-amplify/docs,/lib/datastore/getting-started/q/platform/flutter,/flutter/build-a-backend/more-features/datastore/set-up-datastore,/flutter/start/getting-started/nextsteps,literal,other
aa0186af799f0498a9b2,string_similarity,aws-amplify/docs,/start/getting-started/data-model/q/integration/react,/react/start/getting-started/data-model,/android/start/getting-started/generate-model,literal,other
aa05219eddf068bbebed,string_similarity,aws-amplify/docs,/lib-v1/storage/list/q/platform/flutter,/gen1/flutter/prev/build-a-backend/storage/list,/angular/start/getting-started/nextsteps,literal,soft_404_or_thin_pages
aa39c30974653c1b403a,string_similarity,aws-amplify/docs,/lib/storage/upload/q/platform/ios,/swift/build-a-backend/storage/upload,/android/build-a-backend/storage/upload,literal,other
aa6c9e76029ee05f71e5,string_similarity,aws-amplify/docs,/lib-v1/utilities/i18n/q/platform/js,/gen1/javascript/prev/build-a-backend/utilities/i18n,/angular/start/getting-started/nextsteps,literal,soft_404_or_thin_pages
aa95f771b1e5881eb445,string_similarity,aws-amplify/docs,/lib/storage/<*>,/react/build-a-backend/storage,/flutter/build-a-backend/storage/download,placeholder,wildcard_expansion_ambiguity
aaa0210d8649d8b40af0,string_similarity,aws-amplify/docs,/react/build-a-backend/server-side-rendering/nextjs-v5-to-v6-migration-guide,/gen1/react/build-a-backend/troubleshooting/migrate-from-javascript-v5-to-v6,/gen1/angular/build-a-backend/server-side-rendering/nextjs,literal,other
aac8d78609a7658a879f,string_similarity,aws-amplify/docs,/lib/datastore/getting-started/q/platform/js,/javascript/build-a-backend/more-features/datastore/set-up-datastore,/angular/start/getting-started/nextsteps,literal,soft_404_or_thin_pages
aad960fd8842c7b17404,string_similarity,aws-amplify/docs,/console/uibuilder/figmatocode,/javascript/build-ui/uibuilder,/gen1/javascript/build-ui/uibuilder,literal,many_to_one_merges
ab8300b5cc2f6a5b4891,string_similarity,fluxcd/website,/integrations,/ecosystem,/en/flux/integrations/aws,literal,soft_404_or_thin_pages
ab91e3820cddc2801475,string_similarity,aws-amplify/docs,/[platform]/build-a-backend/more-features/in-app-messaging/in-app-messaging-migration-guide,/react/build-a-backend/more-features/in-app-messaging/in-app-messaging-migration-guide,/gen1/javascript/prev/build-a-backend/more-features/in-app-messaging/display-messages,wildcard,wildcard_expansion_ambiguity
abc51a9f69f6185a2dbc,string_similarity,aws-amplify/docs,/lib-v1/graphqlapi/authz/q/platform/ios,/gen1/swift/prev/build-a-backend/graphqlapi/customize-authz-modes,/gen1/javascript/prev/build-a-backend/graphqlapi/customize-authz-modes,literal,other
ac154ed22809cf39a05d,string_similarity,aws-amplify/docs,/lib/troubleshooting/upgrading/q/platform/flutter,/gen1/flutter/build-a-backend/troubleshooting/upgrade-amplify-packages,/flutter,literal,other
ac1abc3ef724ffeff26b,string_similarity,aws-amplify/docs,/lib/graphqlapi/graphql-from-nodejs/q/platform/react-native,/react-native/build-a-backend/graphqlapi/connect-from-server-runtime,/flutter/build-a-backend/graphqlapi/api-graphql-concepts,literal,other
ac3e75e633ca4a530008,string_similarity,aws-amplify/docs,/lib-v1/restapi/getting-started/q/platform/js,/gen1/javascript/prev/build-a-backend/restapi/set-up-rest-api,/angular/start/getting-started/nextsteps,literal,soft_404_or_thin_pages
ac7605b5edf0403c4146,string_similarity,aws-amplify/docs,/vue/build-a-backend/troubleshooting/upgrade-amplify-packages,/gen1/vue/build-a-backend/troubleshooting/upgrade-amplify-packages,/gen1/flutter/build-a-backend/troubleshooting/upgrade-amplify-packages,literal,other
ad28d524b572012aa786,string_similarity,aws-amplify/docs,/lib/datastore/datastore-events/q/platform/next,/nextjs/build-a-backend/more-features/datastore/datastore-events,/angular/start/getting-started/nextsteps,literal,soft_404_or_thin_pages
ad3608111ff2c07da785,string_similarity,withastro/docs,/core-concepts/component-hydration,/en/concepts/islands,/de/concepts/why-astro,literal,many_to_one_merges
ad73ac76822aa0a38b9c,string_similarity,aws-amplify/docs,/lib/predictions/identify-entity/q/platform/ios,/swift/build-a-backend/more-features/predictions/identify-entity,/angular/build-a-backend/more-features/predictions/identify-text,literal,other
adaa53146801f637223d,string_similarity,aws-amplify/docs,/lib-v1/auth/device_features/q/platform/flutter,/gen1/flutter/prev/build-a-backend/auth/remember-device,/angular/start/getting-started/nextsteps,literal,soft_404_or_thin_pages
adc5986633ba87781aea,string_similarity,hashicorp/terraform-website,/docs/providers/checkpoint/d/:path*,/providers/CheckPointSW/checkpoint/latest/docs/data-sources/:path*,/providers/CheckPointSW/checkpoint/latest/docs/guides/:path*,placeholder,wildcard_expansion_ambiguity
ae4336c917272595dd96,string_similarity,aws-amplify/docs,/lib-v1/in-app-messaging/getting-started/q/platform/js,/gen1/javascript/prev/build-a-backend/more-features/in-app-messaging/set-up-in-app-messaging,/angular/start/getting-started/nextsteps,literal,soft_404_or_thin_pages
ae6ab46bab455a08c4bc,string_similarity,aws-amplify/docs,/start/q/integration/next,/nextjs/start/getting-started/introduction,/android/start/getting-started/nextsteps,literal,other
aefc63f2b3b5ab3ebd1f,string_similarity,aws-amplify/docs,/lib-v1/storage/remove/q/platform/react-native,/gen1/react-native/prev/build-a-backend/storage/remove,/angular/start/getting-started/nextsteps,literal,soft_404_or_thin_pages
af14e4e85af4f2a0f8d7,string_similarity,hashicorp/terraform-website,/docs/providers/do/r/:path*,/providers/digitalocean/digitalocean/latest/docs/resources/:path*,/providers/ovh/ovh/latest/docs/guides/:path*,placeholder,wildcard_expansion_ambiguity
af8ae355ae923f8872c9,string_similarity,aws-amplify/docs,/cli/auth/overview,/javascript/build-a-backend/auth/set-up-auth,/android/sdk/auth/working-with-api,literal,many_to_one_merges
af937e900cc327d1a44d,string_similarity,aws-amplify/docs,/guides/hosting/gatsby/q/platform/react,/react/build-a-backend,/angular/start/getting-started/hosting,literal,many_to_one_merges
afaa10800d2f37393ce9,string_similarity,aws-amplify/docs,/lib-v1/geo/existing-resources/q/platform/js,/gen1/javascript/prev/build-a-backend/more-features/geo/existing-resources,/angular/start/getting-started/nextsteps,literal,soft_404_or_thin_pages
b00e5d55ba3f571d66db,string_similarity,aws-amplify/docs,/react/build-a-backend/auth/password-management,/react/build-a-backend/auth/manage-users/manage-passwords,/flutter/build-a-backend/auth/auth-events,literal,other
b02855f4567cbf9a1f28,string_similarity,aws-amplify/docs,/start/getting-started/installation/q/integration/js,/javascript/start/getting-started/installation,/angular/start/getting-started/nextsteps,literal,many_to_one_merges
b091ad4e5a2e796e89d2,string_similarity,aws-amplify/docs,/lib/datastore/relational/q/platform/react,/react/build-a-backend/more-features/datastore/relational-models,/gen1/javascript/prev/build-a-backend/more-features/datastore/relational-models,literal,other
b0c461d6ef95f5da1832,string_similarity,fluxcd/website,/docs/components/helm/controller,/flux/components/helm,/en/flux/components/helm/_index,literal,other
b0e3254e51f914b2efd3,string_similarity,aws-amplify/docs,/lib-v1/auth/signOut/q/platform/react-native,/gen1/react-native/prev/build-a-backend/auth/enable-sign-up,/android/sdk/auth/federated-identities,literal,other
b0e5a22da3f5f26f8108,string_similarity,aws-amplify/docs,/lib-v1/geo/existing-resources/q/platform/android,/gen1/android/prev/build-a-backend/more-features/geo/existing-resources,/android/build-a-backend/restapi/existing-resources,literal,many_to_one_merges
b11cfee7b98264dc0aa5,string_similarity,aws-amplify/docs,/gen1/vue/build-a-backend/storage/list-files,/gen1/vue/build-a-backend/storage/list,/gen1/flutter/prev/build-a-backend/storage/list,literal,other
b17990f0cfd33b48b9b4,string_similarity,aws-amplify/docs,/lib-v1/predictions/text-speech/q/platform/ios,/gen1/swift/prev/build-a-backend/more-features/predictions/text-to-speech,/angular/build-a-backend/more-features/predictions/identify-text,literal,other
b1b0cb111eb990c20817,string_similarity,aws-amplify/docs,/cli/usage/uninnstall,/javascript/tools/cli/start/key-workflows,/android/build-a-backend/auth/app-uninstall,literal,many_to_one_merges
b2d651ecdfea9f562d2a,string_similarity,aws-amplify/docs,/react/build-a-backend/auth/email-only-sign-up,/react/build-a-backend/auth/enable-sign-up,/gen1/javascript/prev/build-a-backend/auth/enable-sign-up,literal,other
b2fd6a265713853ef474,string_similarity,aws-amplify/docs,/swagger/swagger-ui,/,/angular/start/getting-started/nextsteps,literal,many_to_one_merges
b3172fdd918e4eeda320,string_similarity,aws-amplify/docs,/lib-v1/push-notifications/identify-user/q/platform/react-native,/gen1/react-native/prev/build-a-backend/push-notifications/identify-user,/flutter/build-a-backend/push-notifications/identify-user,literal,other
b388539443e12f4a1b03,string_similarity,aws-amplify/docs,/react/build-a-backend/storage/get-properties,/gen1/react/build-a-backend/storage/get-properties,/flutter/build-a-backend/storage/get-properties,literal,other
b3c0e48759ef6ac3b953,string_similarity,hashicorp/terraform-website,/docs/providers/azurestack/d/:path*,/providers/hashicorp/azurestack/latest/docs/data-sources/:path*,/providers/hashicorp/azurestack/latest/docs/guides/:path*,placeholder,wildcard_expansion_ambiguity
b455d75be28ad3c97480,string_similarity,denoland/docs,/examples/tutorials/bdd,/examples/bdd_tutorial,/examples/tutorials/bdd,literal,other
b4b9504d3e89011ce3df,string_similarity,aws-amplify/docs,/swift/build-a-backend/functions/dynamodb-from-lambda-python,/swift/build-a-backend/functions,/android/build-a-backend/functions,literal,many_to_one_merges
b4db9895dcab6c9609e5,string_similarity,aws-amplify/docs,/swift/connected-components/authenticator,/swift/build-ui,/angular/start/getting-started/nextsteps,literal,soft_404_or_thin_pages
b5198746f5fc350ee5e3,string_similarity,aws-amplify/docs,/nextjs/build-a-backend/troubleshooting/upgrade-amplify-packages,/gen1/nextjs/build-a-backend/troubleshooting/upgrade-amplify-packages,/gen1/flutter/build-a-backend/troubleshooting/upgrade-amplify-packages,literal,other
b51b69fb3c0d763e3aed,string_similarity,aws-amplify/docs,/sdk/pubsub/aws-iot-and-amplify/q/platform/ios,/swift/sdk/pubsub/aws-iot-and-amplify,/android/sdk/pubsub/working-api,literal,other
b54b87e5e2e1ce283927,string_similarity,aws-amplify/docs,/vue/build-a-backend/storage/storage-v5-to-v6-migration-guide,/gen1/vue/build-a-backend/storage/storage-v5-to-v6-migration-guide,/gen1/javascript/build-a-backend/storage/storage-v5-to-v6-migration-guide,literal,other
b5bdddd6f3d37986b6f0,string_similarity,aws-amplify/docs,/lib/graphqlapi/advanced-workflows/q/platform/react-native,/gen1/react-native/prev/build-a-backend/graphqlapi/advanced-workflows,/flutter/build-a-backend/graphqlapi/advanced-workflows,literal,other
b5f67a64c8a84d841def,string_similarity,aws-amplify/docs,/lib/auth/mfa/q/platform/flutter,/flutter/build-a-backend/auth/manage-mfa,/flutter,literal,other
b64e4f4d6478e3011777,string_similarity,aws-amplify/docs,/lib-v1/auth/manageusers/q/platform/react-native,/gen1/react-native/prev/build-a-backend/auth/manage-user-profile,/android/sdk/auth/federated-identities,literal,other
b677469dc30a3f4aafcb,string_similarity,aws-amplify/docs,/ui/<*>,/,/404/index.html,placeholder,wildcard_expansion_ambiguity
b687f7fdd607047dc933,string_similarity,aws-amplify/docs,/cli/commands/add,/javascript/tools/cli/commands,/angular/start/getting-started/nextsteps,literal,many_to_one_merges
b6cb23b87efd204833fd,string_similarity,hashicorp/terraform-website,/docs/providers/hcloud(/index.html),/providers/hetznercloud/hcloud/latest/docs,/providers/linode/linode/latest/docs,wildcard,wildcard_expansion_ambiguity
b6e38a69c46cc0ac5741,string_similarity,withastro/docs,/:lang/community-resources/talks,/:lang/recipes,/:lang/concepts/islands,placeholder,wildcard_expansion_ambiguity
b6fdc695bbaafb119bdf,string_similarity,aws-amplify/docs,/lib/analytics/getting-started,/react/build-a-backend/more-features/analytics,/android/sdk/auth/getting-started,literal,other
b749f7c3c94fc5a5e158,string_similarity,withastro/docs,/:lang/reference/experimental-flags/svg,/:lang/guides/images,/:lang/:splat,placeholder,wildcard_expansion_ambiguity
b74a7fd6354c15a7ab62,string_similarity,aws-amplify/docs,/lib/predictions/translate/q/platform/ios,/swift/build-a-backend/more-features/predictions/translate,/angular/build-a-backend/more-features/predictions/identify-text,literal,other
b7c2d68946a0e13b4ce3,string_similarity,aws-amplify/docs,/gen2/build-a-backend,/react/build-a-backend,/angular/build-a-backend,literal,many_to_one_merges
b8f5bc05789cf42c7543,string_similarity,aws-amplify/docs,/lib/graphqlapi/offline/q/platform/ios,/swift/build-a-backend/graphqlapi/offline,/gen1/flutter/prev/build-a-backend/graphqlapi/offline,literal,other
b92cda653459de348636,string_similarity,aws-amplify/docs,/console/formbuilder/special-inputs,/javascript/build-ui/formbuilder/special-inputs,/gen1/<platform>/tools/console,literal,other
b9c13cbb05c2c05b182b,string_similarity,aws-amplify/docs,/lib/auth/manageusers/q/platform/js,/javascript/build-a-backend/auth/manage-user-profile,/angular/start/getting-started/nextsteps,literal,soft_404_or_thin_pages
b9d7703165128e38ea2f,string_similarity,aws-amplify/docs,/lib/geo/escapehatch/q/platform/js,/javascript/build-a-backend/more-features/geo/amazon-location-sdk,/angular/start/getting-started/nextsteps,literal,soft_404_or_thin_pages
b9de188741dddca7ac23,string_similarity,aws-amplify/docs,/guides/functions/integrating-dynamodb-with-lambda/q/platform/ios,/swift/build-a-backend/functions,/flutter/build-a-backend/push-notifications/interact-with-notifications,literal,many_to_one_merges
ba5c07649980e01506f9,string_similarity,hashicorp/terraform-website,/docs/providers/time/d/:path*,/providers/hashicorp/time/latest/docs/data-sources/:path*,/providers/hashicorp/time/latest/docs/guides/:path*,placeholder,wildcard_expansion_ambiguity
ba72133a38068a71d8cb,string_similarity,aws-amplify/docs,/[platform]/build-a-backend/push-notifications/register-device,/react/build-a-backend/push-notifications/register-device,/android/build-a-backend/push-notifications/register-device,wildcard,wildcard_expansion_ambiguity
bb10936ffc016722a261,string_similarity,aws-amplify/docs,/lib-v1/storage/download/q/platform/flutter,/gen1/flutter/prev/build-a-backend/storage/download,/flutter/build-a-backend/storage/download,literal,other
bb614c60f3751d41f9f1,string_similarity,aws-amplify/docs,/gen2/build-a-backend/<page>,/react/build-a-backend/<page>,/gen1/<platform>/prev/build-a-backend/<page>,placeholder,wildcard_expansion_ambiguity
bb9279d1c84840aaecf8,string_similarity,denoland/docs,/examples/tutorials/mocking,/examples/mocking_tutorial,/examples/tutorials/mocking,literal,other
bbc577c9d6bb35993545,string_similarity,denoland/docs,/examples/tutorials/mysql2,/examples/mysql2_tutorial,/examples/tutorials/mysql2,literal,other
bbd863c82a545f9d0335,string_similarity,denoland/docs,/deploy/kv/tutorials,/examples/kv,/deploy/kv,literal,other
bbf0c1f1e096bdf5efce,string_similarity,aws-amplify/docs,/javascript/build-a-backend/functions/dynamodb-from-lambda-python,/javascript/build-a-backend/functions,/android/build-a-backend/functions,literal,many_to_one_merges
bbf9781366127ca35754,string_similarity,aws-amplify/docs,/lib-v1/auth/user-attributes/q/platform/ios,/gen1/swift/prev/build-a-backend/auth/managing-attributes,/android/build-a-backend/auth/managing-attributes,literal,other
bc0dbe6f804c22c1a0e6,string_similarity,hashicorp/terraform-website,/docs/providers/aviatrix/d/:path*,/providers/AviatrixSystems/aviatrix/latest/docs/data-sources/:path*,/providers/AviatrixSystems/aviatrix/latest/docs/guides/:path*,placeholder,wildcard_expansion_ambiguity
bc1d25a18820032dc940,string_similarity,aws-amplify/docs,/lib/utilities/hub/q/platform/ios,/swift/build-a-backend/utilities,/gen1/<platform>/build-a-backend/utilities,literal,other
bc3052d2ed225919643f,string_similarity,aws-amplify/docs,/android/build-a-backend/functions/appsync-operations-to-lambda-layer,/android/build-a-backend/graphqlapi/client-code-generation,/android/build-a-backend/functions,literal,other
bd00e5f73aeb2139bc53,string_similarity,aws-amplify/docs,/lib/auth/mfa/q/platform/react-native,/react-native/build-a-backend/auth/manage-mfa,/flutter/build-a-backend/auth/manage-mfa,literal,other
bd05640b9d2a856c196c,string_similarity,hashicorp/terraform-website,/docs/providers/prismacloud(/index.html),/providers/PaloAltoNetworks/prismacloud/latest/docs,/providers/linode/linode/latest/docs,wildcard,wildcard_expansion_ambiguity
bdae834a9db821c5b0d3,string_similarity,aws-amplify/docs,/guides/api-graphql/query-with-sorting/q/platform/ios,/swift/build-a-backend/graphqlapi/best-practice/query-with-sorting,/android/sdk/api/graphql,literal,other
bdcd528f5b67d8187f5a,string_similarity,aws-amplify/docs,/lib/push-notifications/app-badge-count/q/platform/react-native,/react-native/build-a-backend/push-notifications/app-badge-count,/angular/start/getting-started/nextsteps,literal,soft_404_or_thin_pages
bddcf890b4f942dc5a75,string_similarity,aws-amplify/docs,/lib/analytics/autotrack/q/platform/ios,/swift/build-a-backend/more-features/analytics/auto-track-sessions,/android/sdk/analytics/endpoints,literal,other
bdf1949d44e0f709caa8,string_similarity,aws-amplify/docs,/react-native/build-a-backend/auth/concepts/user-attributes,/react-native/build-a-backend/auth/concepts,/android/build-a-backend/auth/managing-attributes,literal,other
be77d253f60b872da54e,string_similarity,aws-amplify/docs,/start/getting-started/nextsteps/q/integration/android,/android/start/getting-started/nextsteps,/angular/start/getting-started/nextsteps,literal,soft_404_or_thin_pages
bf82f76a7cf7358a37bd,string_similarity,aws-amplify/docs,/start/getting-started/installation/q/integration/ios,/swift/start/getting-started/installation,/android/start/getting-started/installation,literal,other
bfb17ee5339e4ad268d1,string_similarity,aws-amplify/docs,/guides/api-graphql/subscriptions-by-id/q/platform/react,/react/build-a-backend,/android/sdk/api/graphql,literal,many_to_one_merges
bfe77680a4192125a03d,string_similarity,aws-amplify/docs,/lib-v1/storage/transfer-acceleration/q/platform/js,/gen1/javascript/prev/build-a-backend/storage/transfer-acceleration,/angular/start/getting-started/nextsteps,literal,soft_404_or_thin_pages
c03e1a2972e94e3bdcfb,string_similarity,denoland/docs,/examples/tutorials/llm,/examples/llm_tutorial,/examples/tutorials/llm,literal,other
c06e136e11dbf983fd42,string_similarity,aws-amplify/docs,/angular/sdk/<*>,/angular/build-a-backend,/android/sdk,placeholder,wildcard_expansion_ambiguity
c0cc17596fd14273f4e3,string_similarity,aws-amplify/docs,/guides/hosting/password-protected-deployments/q/platform/react-native,/react-native/build-a-backend,/angular/start/getting-started/nextsteps,literal,many_to_one_merges
c1654d6002089842727d,string_similarity,aws-amplify/docs,/lib/logging/escapehatch/q/platform/ios,/swift/build-a-backend/more-features/logging/sdk,/android/build-a-backend/more-features/logging/flush-logs,literal,other
c1719a0f061b3edff4c3,string_similarity,aws-amplify/docs,/lib-v1/predictions/label-image/q/platform/react-native,/gen1/react-native/prev/build-a-backend/more-features/predictions/label-image,/angular/build-a-backend/more-features/predictions/identify-text,literal,other
c18ca8b31ef854c15187,string_similarity,aws-amplify/docs,/console/formbuilder/customize,/javascript/build-ui/formbuilder/customize,/gen1/<platform>/tools/console,literal,other
c26678138f68a4af014a,string_similarity,aws-amplify/docs,/lib/datastore/data-access/q/platform/flutter,/flutter/build-a-backend/more-features/datastore/manipulate-data,/flutter,literal,other
c2a82dd0d910e903511e,string_similarity,aws-amplify/docs,/lib/auth/delete_user/q/platform/ios,/swift/build-a-backend/auth/delete-user-account,/flutter/build-a-backend/auth/delete-user-account,literal,other
c2d89a12bdbc237fb894,string_similarity,aws-amplify/docs,/lib-v1/storage/triggers/q/platform/android,/gen1/android/prev/build-a-backend/storage/lambda-triggers,/android/build-a-backend/storage/lambda-triggers,literal,other
c352c4e95afa12fe18f0,string_similarity,aws-amplify/docs,/lib-v1/predictions/getting-started/q/platform/android,/gen1/android/prev/build-a-backend/more-features/predictions/set-up-predictions,/android/start/getting-started/installation,literal,other
c3567396b82815ad41ce,string_similarity,aws-amplify/docs,/lib-v1/push-notifications/app-badge-count/q/platform/react-native,/gen1/react-native/prev/build-a-backend/push-notifications/app-badge-count,/angular/start/getting-started/nextsteps,literal,soft_404_or_thin_pages
c3f3aea1dd6f0329a9f5,string_similarity,aws-amplify/docs,/lib-v1/auth/overview/q/platform/vue,/gen1/vue/prev/build-a-backend/auth/under-the-hood,/android/sdk/auth/federated-identities,literal,other
c4ed333842fff8fddb4b,string_similarity,aws-amplify/docs,/lib-v1/auth/getting-started,/gen1/react/prev/build-a-backend/auth,/android/sdk/auth/getting-started,literal,many_to_one_merges
c4f61d7e75c15cdf119d,string_similarity,denoland/docs,/examples/tutorials/deno_doc,/examples/deno_doc_tutorial,/examples/tutorials/deno_doc,literal,other
c5051e5e87895cda0982,string_similarity,aws-amplify/docs,/lib/restapi/existing-resources,/javascript/build-a-backend,/android/build-a-backend/restapi/existing-resources,literal,no_lexical_overlap_after_ia_rewrite
c64c709cac96126a7f28,string_similarity,aws-amplify/docs,/lib-v1/datastore/data-access/q/platform/js,/gen1/javascript/prev/build-a-backend/more-features/datastore/manipulate-data,/angular/start/getting-started/nextsteps,literal,soft_404_or_thin_pages
c66f2cfc37a038b3c8f1,string_similarity,aws-amplify/docs,/start/getting-started/data-model/q/integration/next,/nextjs/start/getting-started/data-model,/android/start/getting-started/generate-model,literal,other
c6a82492831cb0954b22,string_similarity,aws-amplify/docs,/lib-v1/analytics/autotrack/q/platform/flutter,/gen1/flutter/prev/build-a-backend/more-features/analytics/auto-track-sessions,/angular/start/getting-started/nextsteps,literal,soft_404_or_thin_pages
c701fa87fbf940ab106a,string_similarity,aws-amplify/docs,/lib/pubsub/publish/q/platform/js,/javascript/build-a-backend/more-features/pubsub/publish,/angular/start/getting-started/nextsteps,literal,soft_404_or_thin_pages
c73c396fefe2fb6a73ab,string_similarity,aws-amplify/docs,/react/build-ui/forms,/react/build-ui/formbuilder,/gen1/javascript/build-ui/uibuilder,literal,other
c78a5d353fa7935ed4ac,string_similarity,aws-amplify/docs,/lib/in-app-messaging/identify-user/q/platform/react-native,/react-native/build-a-backend/more-features/in-app-messaging/identify-user,/gen1/javascript/prev/build-a-backend/more-features/in-app-messaging/display-messages,literal,other
c7948e913a9277dfe482,string_similarity,aws-amplify/docs,/lib-v1/graphqlapi/query-data/q/platform/react-native,/gen1/react-native/prev/build-a-backend/graphqlapi/query-data,/flutter/build-a-backend/graphqlapi/query-data,literal,other
c9109fb8e34f9db7bfa3,string_similarity,aws-amplify/docs,/lib/storage/download/q/platform/react-native,/react-native/build-a-backend/storage/download,/angular/start/getting-started/nextsteps,literal,soft_404_or_thin_pages
c93d32e33c9c52506732,string_similarity,aws-amplify/docs,/gen1/flutter/prev/build-a-backend/graphqlapi/connect-api-to-existing-database,/gen1/flutter/prev/build-a-backend/graphqlapi/existing-resources,/gen1/<platform>/build-a-backend/graphqlapi/connect-api-to-existing-database,literal,many_to_one_merges
c9a875ae7bf67fd85704,string_similarity,aws-amplify/docs,/lib/auth/social/q/platform/ios,/gen1/swift/build-a-backend/auth/add-social-provider,/android/build-a-backend/auth/add-social-provider,literal,other
ca15fd00b5efe90c7ee1,string_similarity,aws-amplify/docs,/start/getting-started/nextsteps/q/integration/vue,/vue/start/getting-started/nextsteps,/angular/start/getting-started/nextsteps,literal,soft_404_or_thin_pages
ca81eee904147abe8a97,string_similarity,aws-amplify/docs,/[platform]/build-a-backend/push-notifications/push-notifications-migration-guide,/react/build-a-backend/push-notifications/push-notifications-migration-guide,/android/build-a-backend/push-notifications/record-notifications,wildcard,wildcard_expansion_ambiguity
caeee2f8acef56ee222f,string_similarity,aws-amplify/docs,/lib/auth/social/q/platform/flutter,/gen1/flutter/build-a-backend/auth/add-social-provider,/flutter,literal,other
caf7ff47ba5d4a6e9d0e,string_similarity,aws-amplify/docs,/sdk/q/platform/ios,/swift/sdk,/angular/start/getting-started/nextsteps,literal,many_to_one_merges
cb2a8b8eb9b6cf8d524c,string_similarity,aws-amplify/docs,/guides/location-service/tracking-device-location/q/platform/android,/android/build-a-backend/more-features/geo/amazon-location-sdk,/android/build-a-backend/push-notifications/register-device,literal,other
cbc338037dc534ba2478,string_similarity,aws-amplify/docs,/lib-v1/datastore/conflict/q/platform/react,/gen1/react/prev/build-a-backend/more-features/datastore/conflict-resolution,/angular/build-a-backend/more-features/datastore/conflict-resolution,literal,other
cc3aa0c5118784e72f14,string_similarity,aws-amplify/docs,/lib/datastore/other-methods/q/platform/flutter,/flutter/build-a-backend/more-features/datastore/additional-methods,/flutter,literal,other
cc87b3dd144a32dffdd9,string_similarity,aws-amplify/docs,/lib/predictions/identify-entity/q/platform/js,/javascript/build-a-backend/more-features/predictions/identify-entity,/angular/start/getting-started/nextsteps,literal,soft_404_or_thin_pages
cc8cdb48f3e182027545,string_similarity,aws-amplify/docs,/lib/restapi/fetch/q/platform/ios,/swift/build-a-backend/restapi/fetch-data,/flutter/build-a-backend/restapi/fetch-data,literal,other
cccb8d584e9a1988eba4,string_similarity,aws-amplify/docs,/[platform]/build-a-backend/more-features/datastore/conflict-resolution,/react/build-a-backend/more-features/datastore/conflict-resolution,/angular/build-a-backend/more-features/datastore/conflict-resolution,wildcard,wildcard_expansion_ambiguity
ccd4a6d79b71224f63c2,string_similarity,aws-amplify/docs,/lib/storage/escapehatch/q/platform/vue,/vue/build-a-backend/storage,/flutter/start/project-setup/escape-hatch,literal,other
cd7ef10e8273fbacbcdb,string_similarity,withastro/docs,/:lang/reference/components-reference,/:lang/guides/syntax-highlighting,/:lang/reference/dev-toolbar-app-reference,placeholder,wildcard_expansion_ambiguity
ce1b763407b877941de0,string_similarity,aws-amplify/docs,/[platform]/prev/build-a-backend/more-features/datastore/how-it-works,/gen1/react/prev/build-a-backend/more-features/datastore/how-it-works,/gen1/javascript/prev/build-a-backend/more-features/datastore,wildcard,wildcard_expansion_ambiguity
ce8731bc92626cc0f2f6,string_similarity,withastro/docs,/:lang/core-concepts/astro-syntax,/:lang/basics/astro-syntax,/:lang/reference/astro-syntax,placeholder,wildcard_expansion_ambiguity
cecb74e208db9e6773d0,string_similarity,aws-amplify/docs,/cli/commands/notifications,/javascript/tools/cli/commands,/angular/start/getting-started/nextsteps,literal,many_to_one_merges
cefafbb7c6764b4aa70b,string_similarity,hashicorp/terraform-website,/docs/providers/cloudflare/d/:path*,/providers/cloudflare/cloudflare/latest/docs/data-sources/:path*,/providers/cloudflare/cloudflare/latest/docs/guides/:path*,placeholder,wildcard_expansion_ambiguity
cf661b41515be95454c9,string_similarity,aws-amplify/docs,/cli/auth/admin,/javascript/build-a-backend/auth/admin-actions,/angular/build-a-backend/auth,literal,other
cfbbdae0f2f7a48286a4,string_similarity,aws-amplify/docs,/lib/storage/getting-started,/javascript/build-a-backend/storage,/android/sdk/auth/getting-started,literal,other
cfd0fb3747d186f8097b,string_similarity,aws-amplify/docs,/lib-v1/auth/signOut,/gen1/react/prev/build-a-backend/auth/enable-sign-up,/android/build-a-backend/auth/sign-out,literal,other
cff14cd68940ac50810d,string_similarity,aws-amplify/docs,/lib-v1/auth/mfa/q/platform/js,/gen1/javascript/prev/build-a-backend/auth/manage-mfa,/angular/start/getting-started/nextsteps,literal,soft_404_or_thin_pages
d0443243c489a2bd5637,string_similarity,hashicorp/terraform-website,/docs/providers/docker(/index.html),/providers/kreuzwerker/docker/latest/docs,/providers/linode/linode/latest/docs,wildcard,wildcard_expansion_ambiguity
d07bba36a76c86531a30,string_similarity,aws-amplify/docs,/lib/graphqlapi/concepts/q/platform/js,/gen1/javascript/prev/build-a-backend/graphqlapi/api-graphql-concepts,/flutter/build-a-backend/graphqlapi/api-graphql-concepts,literal,other
d07f42090aed295a4cc7,string_similarity,aws-amplify/docs,/[platform]/prev/build-a-backend/more-features/analytics/data-usage-policy,/gen1/react/prev/build-a-backend/more-features/analytics/data-usage-policy,/gen1/javascript/prev/build-a-backend/more-features/analytics/storing-data,wildcard,wildcard_expansion_ambiguity
d0915a540e635839ec34,string_similarity,aws-amplify/docs,/cli/function/env-vars,/javascript/build-a-backend/functions/environment-variables,/angular/build-a-backend/functions,literal,no_lexical_overlap_after_ia_rewrite
d188c210500ca8129824,string_similarity,hashicorp/terraform-website,/language/upgrade-guides/0-9,/language/v1.1.x/upgrade-guides/0-9,/language/upgrade-guides/0-9,literal,many_to_one_merges
d1b8b8c8016e1752ea1a,string_similarity,aws-amplify/docs,/lib/devpreview/getting-started/q/platform/ios,/swift/start/project-setup/upgrade-guide,/angular/getting-started/migration,literal,no_lexical_overlap_after_ia_rewrite
d1d0b6289f74c4672c8f,string_similarity,aws-amplify/docs,/lib/auth/sms_flows/q/platform/ios,/swift/build-a-backend/auth/add-sms-flows,/flutter/build-a-backend/auth/set-up-auth,literal,other
d1e4955f1ff867314aa1,string_similarity,aws-amplify/docs,/lib-v1/analytics/identifyuser/q/platform/ios,/gen1/swift/prev/build-a-backend/more-features/analytics/identify-user,/android/sdk/analytics/kinesis,literal,other
d21d9b701e7f19676318,string_similarity,hashicorp/terraform-website,/docs/providers/consul/d/:path*,/providers/hashicorp/consul/latest/docs/data-sources/:path*,/providers/hashicorp/consul/latest/docs/guides/:path*,placeholder,wildcard_expansion_ambiguity
d226e79590a4579fc5ff,string_similarity,aws-amplify/docs,/lib-v1/restapi/update/q/platform/ios,/gen1/swift/prev/build-a-backend/restapi/update-data,/android/build-a-backend/restapi/gen-ai,literal,other
d2aa4bea3473b3cc656d,string_similarity,aws-amplify/docs,/console/formbuilder/validations,/javascript/build-ui/formbuilder/validations,/gen1/<platform>/tools/console,literal,other
d2d129801b6367623527,string_similarity,aws-amplify/docs,/cli/geo/maps,/javascript/build-a-backend/more-features/geo/configure-maps,/android/build-a-backend/more-features/geo/maps,literal,other
d2ecb729cf3c82312532,string_similarity,aws-amplify/docs,/cli/usage/permissions-boundary,/javascript/tools/cli/project/permissions-boundary,/gen1/<platform>/tools/cli-legacy,literal,other
d3069513903a3a296085,string_similarity,aws-amplify/docs,/guides,/react/build-a-backend,/flutter,literal,many_to_one_merges
d341db7eec1c28b8f1c2,string_similarity,aws-amplify/docs,/cli/geo/search,/javascript/build-a-backend/more-features/geo/configure-location-search,/gen1/javascript/prev/build-a-backend/more-features/geo/location-search,literal,other
d3b0db7ec1160c3636e7,string_similarity,aws-amplify/docs,/lib/troubleshooting/upgrading/q/platform/js,/javascript/build-a-backend/troubleshooting/upgrade-amplify-packages,/angular/start/getting-started/nextsteps,literal,soft_404_or_thin_pages
d3ef8697b6d3ccafff29,string_similarity,aws-amplify/docs,/cli/project/troubleshooting,/javascript/tools/cli/project/troubleshooting,/angular/build-a-backend/troubleshooting/cdktoolkit-stack,literal,other
d3f5afdc94a2428c11f0,string_similarity,aws-amplify/docs,/cli/commands/export,/javascript/tools/cli/commands,/404/index.html,literal,many_to_one_merges
d41c8ef9c08c5f63aa2b,string_similarity,fluxcd/website,/docs/contributing/docs/hugo-shortcodes,/flux/contributing/docs/writing-docs,/en/contributing/docs/writing-docs,literal,other
d4603a3e60d50dca1f5f,string_similarity,aws-amplify/docs,/guides/datastore/parallel-processing/q/platform/ios,/gen1/swift/prev/build-a-backend/more-features/datastore,/angular/build-a-backend/more-features/datastore/conflict-resolution,literal,other
d48972aa2f702607ca88,string_similarity,aws-amplify/docs,/cli/migration/cli-auth-signup-changes,/javascript/tools/cli/migration/cli-auth-signup-changes,/android/build-a-backend/auth/sign-out,literal,other
d57fd5228b65e9112633,string_similarity,aws-amplify/docs,/cli/commands/import,/javascript/tools/cli/commands,/gen1/<platform>/build-a-backend/storage/import,literal,many_to_one_merges
d580302b005cdd7c10e7,string_similarity,aws-amplify/docs,/lib-v1/utilities/cache/q/platform/react-native,/gen1/react-native/prev/build-a-backend/utilities/cache,/gen1/<platform>/build-a-backend/utilities,literal,other
d5b2fd9caeaab9161bc8,string_similarity,aws-amplify/docs,/[platform]/build-a-backend/more-features,/react/build-a-backend/more-features,/gen1/<platform>/build-a-backend/more-features,wildcard,wildcard_expansion_ambiguity
d5e70f4a13003de38550,string_similarity,denoland/docs,/deploy/tutorials/vite,/examples/react_tutorial,/examples/tutorials/deploy_otel,literal,no_lexical_overlap_after_ia_rewrite
d6159b8c2a34f9f5f70c,string_similarity,aws-amplify/docs,/lib/predictions/interpret/q/platform/react-native,/react-native/build-a-backend/more-features/predictions/interpret-sentiment,/gen1/android/prev/build-a-backend/more-features/predictions/interpret-sentiment,literal,other
d61813d88d8f569b5a9c,string_similarity,aws-amplify/docs,/react/build-a-backend/data/connect-existing-data,/react/build-a-backend/data/connect-to-existing-data-sources,/gen1/<platform>/build-a-backend/graphqlapi/connect-api-to-existing-database,literal,other
d66ba715490e4ed92222,string_similarity,aws-amplify/docs,/lib-v1/predictions/interpret/q/platform/js,/gen1/javascript/prev/build-a-backend/more-features/predictions/interpret-sentiment,/angular/start/getting-started/nextsteps,literal,soft_404_or_thin_pages
d69d724c4476a11872e3,string_similarity,aws-amplify/docs,/[platform]/build-a-backend/more-features/analytics/app-uninstall,/react/build-a-backend/more-features/analytics/app-uninstall,/flutter/build-a-backend/more-features/analytics/identify-user,wildcard,wildcard_expansion_ambiguity
d6f1d673eb7516ae7676,string_similarity,aws-amplify/docs,/migrate-to-gen2,/react/start/migrate-to-gen2,/angular/start/getting-started/nextsteps,literal,soft_404_or_thin_pages
d74288c9f9349a7f943d,string_similarity,aws-amplify/docs,/lib/auth/getting-started,/react/build-a-backend/auth,/android/sdk/auth/getting-started,literal,other
d753997a344fcf366308,string_similarity,hashicorp/terraform-website,/docs/providers/vault(/index.html),/providers/hashicorp/vault/latest/docs,/providers/vultr/vultr/latest/docs,wildcard,wildcard_expansion_ambiguity
d7ec38d7ce71f6c3bda1,string_similarity,aws-amplify/docs,/lib-v1/datastore/sync/q/platform/flutter,/gen1/flutter/prev/build-a-backend/more-features/datastore/sync-to-cloud,/flutter/build-a-backend/more-features/datastore/sync-to-cloud,literal,other
d86132328d8e3772de0c,string_similarity,aws-amplify/docs,/lib/restapi/existing-resources/q/platform/ios,/swift/build-a-backend/restapi/existing-resources,/android/build-a-backend/restapi/existing-resources,literal,many_to_one_merges
d871f021116ecb03c0e5,string_similarity,aws-amplify/docs,/cli/migration/list-nullability,/javascript/tools/cli/migration/list-nullability,/angular/getting-started/migration,literal,other
d8d9d504b6573fe12512,string_similarity,aws-amplify/docs,/lib-v1/utilities/i18n/q/platform/react-native,/gen1/react-native/prev/build-a-backend/utilities/i18n,/gen1/<platform>/build-a-backend/utilities,literal,other
d8faf7a1c8af0f45af30,string_similarity,hashicorp/terraform-website,/docs/providers/dome9/d/:path*,/providers/dome9/dome9/latest/docs/data-sources/:path*,/providers/dome9/dome9/latest/docs/resources/:path*,placeholder,wildcard_expansion_ambiguity
d920d2370bd2d381c4b6,string_similarity,aws-amplify/docs,/cli/custom/cloudformation,/javascript/tools/cli/custom/cloudformation,/gen1/javascript/deploy-and-host/custom-configuration,literal,other
d9229447bc7f801b193b,string_similarity,aws-amplify/docs,/[platform]/deploy-and-host/deployment/pull-request-previews,/react/deploy-and-host/deployment/pull-request-previews,/gen1/<platform>/deploy-and-host/deployment/<page>,wildcard,wildcard_expansion_ambiguity
d930c23f9b7ba6f8bca3,string_similarity,aws-amplify/docs,/[platform]/tools/console/authz,/react/tools/console/authz,/gen1/<platform>/tools/console,wildcard,wildcard_expansion_ambiguity
da1197539099e4dd49bf,string_similarity,aws-amplify/docs,/[platform]/build-a-backend/more-features/in-app-messaging/resolve-conflicts,/react/build-a-backend/more-features/in-app-messaging/resolve-conflicts,/gen1/javascript/prev/build-a-backend/more-features/in-app-messaging/clear-messages,wildcard,wildcard_expansion_ambiguity
da583d9dc04113a2b892,string_similarity,aws-amplify/docs,/start/getting-started/installation/q/integration/react-native,/react-native/start/getting-started/installation,/android/start/getting-started/installation,literal,other
daedd247e5d1619e00d9,string_similarity,aws-amplify/docs,/lib/analytics/autotrack/q/platform/flutter,/flutter/build-a-backend/more-features/analytics/auto-track-sessions,/flutter,literal,other
db09d381b903401f4781,string_similarity,fluxcd/website,/flux/use-cases/azure,/flux/installation/bootstrap/azure-devops,/en/flux/integrations/azure,literal,soft_404_or_thin_pages
db3e7bf51639e010289a,string_similarity,aws-amplify/docs,/[platform]/prev/build-a-backend/auth/data-usage-policy,/gen1/react/prev/build-a-backend/auth/data-usage-policy,/gen1/android/prev/build-a-backend/auth/auth-events,wildcard,wildcard_expansion_ambiguity
db480d6afdfd57c2fd67,string_similarity,aws-amplify/docs,/gen2/deploy-and-host,/react/deploy-and-host,/android/deploy-and-host,literal,other
dbd4199122a3b442d3e1,string_similarity,hashicorp/terraform-website,/guides,/intro,/guides,literal,no_lexical_overlap_after_ia_rewrite
dc68bf9ea22584befd2a,string_similarity,aws-amplify/docs,/lib/auth/overview/q/platform/ios,/swift/build-a-backend/auth,/android/sdk/auth/working-with-api,literal,other
dd36469a4fcc8c84dbe6,string_similarity,aws-amplify/docs,/guides/functions/graphql-from-lambda/q/platform/js,/javascript/build-a-backend/functions/graphql-from-lambda,/angular/start/getting-started/nextsteps,literal,soft_404_or_thin_pages
dd5065cb1376ac55e7b1,string_similarity,aws-amplify/docs,/lib/datastore/schema-updates/q/platform/ios,/swift/build-a-backend/more-features/datastore/schema-updates,/flutter/build-a-backend/more-features/datastore/schema-updates,literal,other
dd5e50055d70789c1708,string_similarity,aws-amplify/docs,/[platform]/build-a-backend/more-features/analytics/analytics-migration-guide,/react/build-a-backend/more-features/analytics/analytics-migration-guide,/flutter/build-a-backend/more-features/analytics/identify-user,wildcard,wildcard_expansion_ambiguity
ddb590b82276f82400e2,string_similarity,aws-amplify/docs,/lib-v1/utilities/hub/q/platform/react-native,/gen1/react-native/prev/build-a-backend/utilities/hub,/gen1/<platform>/build-a-backend/utilities,literal,other
ddb595d05e7925cd57b4,string_similarity,aws-amplify/docs,/[platform]/build-a-backend/auth/switch-auth,/react/build-a-backend/auth/switch-auth,/gen1/android/build-a-backend/auth/switch-auth,wildcard,wildcard_expansion_ambiguity
de9c0139c1a4130a00d3,string_similarity,hashicorp/terraform-website,/docs/providers/scaleway/d/:path*,/providers/scaleway/scaleway/latest/docs/data-sources/:path*,/providers/scaleway/scaleway/latest/docs/guides/:path*,placeholder,wildcard_expansion_ambiguity
deb158611eb8e9891271,string_similarity,aws-amplify/docs,/lib-v1/geo/maps/q/platform/flutter,/gen1/flutter/prev/build-a-backend,/angular/start/getting-started/nextsteps,literal,soft_404_or_thin_pages
df09f7da88037a684e26,string_similarity,aws-amplify/docs,/lib/analytics/record/q/platform/react,/react/build-a-backend/more-features/analytics/record-events,/android/sdk/analytics/endpoints,literal,many_to_one_merges
df23c2ce44d1cd031bec,string_similarity,hashicorp/terraform-website,/language/upgrade-guides/0-15,/language/v1.1.x/upgrade-guides/0-15,/language/upgrade-guides/0-15,literal,other
df6f9270361b6b006804,string_similarity,aws-amplify/docs,/lib-v1/restapi/getting-started/q/platform/flutter,/gen1/flutter/prev/build-a-backend/restapi/set-up-rest-api,/angular/start/getting-started/nextsteps,literal,soft_404_or_thin_pages
df76e6147c8cc8f1b881,string_similarity,aws-amplify/docs,/lib-v1/predictions/transcribe/q/platform/react-native,/gen1/react-native/prev/build-a-backend/more-features/predictions/transcribe-audio,/angular/build-a-backend/more-features/predictions/identify-text,literal,other
dfd6b03880880d6a96f6,string_similarity,aws-amplify/docs,/lib-v1/datastore/relational/q/platform/javascript,/gen1/javascript/prev/build-a-backend/more-features/datastore/relational-models,/angular/start/getting-started/nextsteps,literal,soft_404_or_thin_pages
e02b13747c13376df273,string_similarity,aws-amplify/docs,/start/q/integration/vue,/vue/start/getting-started/introduction,/android/start/getting-started/integrate,literal,other
e03841ed41db9cf8f259,string_similarity,aws-amplify/docs,/gen1/nextjs/prev/build-a-backend/graphqlapi/best-practice/query-with-sorting,/gen1/nextjs/build-a-backend/graphqlapi/best-practice/query-with-sorting,/gen1/android/prev/build-a-backend/graphqlapi/query-data,literal,other
e0aa086f03fea61e8a98,string_similarity,aws-amplify/docs,/lib/geo/existing-resources/q/platform/js,/javascript/build-a-backend/more-features/geo/existing-resources,/angular/start/getting-started/nextsteps,literal,soft_404_or_thin_pages
e0ddbdeed56c5152f291,string_similarity,aws-amplify/docs,/gen1/gen2/deploy-and-host/fullstack-branching,/react/deploy-and-host/fullstack-branching,/gen1/angular/deploy-and-host/custom-configuration,literal,other
e10c87ce210d6fc0cbc9,string_similarity,aws-amplify/docs,/lib-v1/geo/existing-resources/q/platform/ios,/gen1/swift/prev/build-a-backend/more-features/geo/existing-resources,/android/build-a-backend/restapi/existing-resources,literal,other
e126ae7d523b583444a2,string_similarity,withastro/docs,/:lang/core-concepts/endpoints,/:lang/guides/endpoints,/:lang/concepts/islands,placeholder,wildcard_expansion_ambiguity
e16eb9bf07085a7b6942,string_similarity,aws-amplify/docs,/nextjs/build-a-backend/functions/integrate-dynamodb-with-lambda,/nextjs/build-a-backend/functions,/android/build-a-backend/functions,literal,many_to_one_merges
e22e459c043a8f3f2d46,string_similarity,aws-amplify/docs,/vue/build-a-backend/functions/appsync-operations-to-lambda-layer,/vue/build-a-backend/graphqlapi/client-code-generation,/angular/build-a-backend/functions,literal,other
e242eed672bb24ff4c80,string_similarity,aws-amplify/docs,/lib/graphqlapi/optimistic-ui/q/platform/ios,/swift/build-a-backend/graphqlapi/optimistic-ui,/flutter/build-a-backend/graphqlapi/existing-resources,literal,other
e48d1328828939bc3c99,string_similarity,withastro/docs,/:lang/reference/experimental-flags/responsive-images,/:lang/guides/images,/:lang/reference/astro-syntax,placeholder,wildcard_expansion_ambiguity
e51cc00af60a0f4c1afb,string_similarity,aws-amplify/docs,/[platform]/build-a-backend/server-side-rendering/nextjs,/react/build-a-backend/server-side-rendering/nextjs,/gen1/angular/build-a-backend/server-side-rendering/nextjs,wildcard,wildcard_expansion_ambiguity
e56efcd2c3fae6e76ad3,string_similarity,aws-amplify/docs,/guides/functions/connecting-a-rest-api/q/platform/react-native,/react-native/build-a-backend,/gen1/flutter/prev/build-a-backend/restapi/set-up-rest-api,literal,many_to_one_merges
e582adda270f2e61730d,string_similarity,aws-amplify/docs,/gen2/reference/<page>,/react/reference/<page>,/gen1/<platform>/tools/cli/<page>,placeholder,wildcard_expansion_ambiguity
e5a99cc743319e9b6ec4,string_similarity,aws-amplify/docs,/[platform]/sdk/analytics/endpoints,/react/sdk/analytics/endpoints,/android/sdk/analytics/endpoints,wildcard,wildcard_expansion_ambiguity
e5fba4c7959c9d579e8b,string_similarity,aws-amplify/docs,/react/build-a-backend/functions/appsync-operations-to-lambda-layer,/react/build-a-backend/graphqlapi/client-code-generation,/android/build-a-backend/functions,literal,other
e662b1dc4386e8724ccd,string_similarity,aws-amplify/docs,/cli/migration/override,/javascript/tools/cli/migration/override,/angular/getting-started/migration,literal,other
e6c5539a4bfb0acfa410,string_similarity,aws-amplify/docs,/lib/analytics/enable-disable,/react/build-a-backend/more-features/analytics/enable-disable,/gen1/flutter/prev/build-a-backend/more-features/analytics/enable-disable,literal,other
e77846350d163aae2fda,string_similarity,denoland/docs,/examples/tutorials/deno_deploy,/examples/deno_deploy_tutorial,/examples/tutorials/deno_deploy,literal,other
e7c6755dcfa14e75fb45,string_similarity,aws-amplify/docs,/lib/ssr/ssr/q/platform/js,/gen1/javascript/prev/build-a-backend/server-side-rendering,/angular/start/getting-started/nextsteps,literal,soft_404_or_thin_pages
e84a90d671017ea9b940,string_similarity,aws-amplify/docs,/lib/project-setup/async/q/platform/react,/react/start/project-setup,/flutter/start/project-setup/escape-hatch,literal,other
e858b1a44a8afc837b4f,string_similarity,withastro/docs,/:lang/core-concepts/layouts,/:lang/basics/layouts,/:lang/concepts/islands,placeholder,wildcard_expansion_ambiguity
e8a20968687ac0f2bb6c,string_similarity,aws-amplify/docs,/lib-v1/analytics/autotrack/q/platform/android,/gen1/android/prev/build-a-backend/more-features/analytics/auto-track-sessions,/android/sdk/analytics/kinesis,literal,other
e8ae0e60122a86edc4b4,string_similarity,withastro/docs,/lighthouse/*,/en/guides/migrate-to-astro,/:lang/404,wildcard,wildcard_expansion_ambiguity
e8fe36952c9a55dff4eb,string_similarity,hashicorp/terraform-website,/docs/providers/nsxt/d/:path*,/providers/vmware/nsxt/latest/docs/data-sources/:path*,/providers/vmware/nsxt/latest/docs/guides/:path*,placeholder,wildcard_expansion_ambiguity
e9a54c9b5c94db8778ba,string_similarity,aws-amplify/docs,/lib/auth/auth-events/q/platform/js,/javascript/build-a-backend/auth/auth-events,/flutter/build-a-backend/auth/auth-events,literal,other
ea57f704b282f17123b3,string_similarity,hashicorp/terraform-website,/docs/providers/turbot/r/:path*,/providers/turbot/turbot/latest/docs/resources/:path*,/providers/turbot/turbot/latest/docs/guides/:path*,placeholder,wildcard_expansion_ambiguity
ea94962075ea62caf0d1,string_similarity,aws-amplify/docs,/api/swagger/swagger-ui,/,/angular/start/getting-started/nextsteps,literal,many_to_one_merges
eb15d92ba212990f874d,string_similarity,aws-amplify/docs,/<platform>/build-a-backend/auth/override-cognito,/<platform>/build-a-backend/auth/modify-resources-with-cdk,/gen1/<platform>/build-a-backend/auth/auth-events,placeholder,wildcard_expansion_ambiguity
eb40aa3c7e902a0c6e5b,string_similarity,aws-amplify/docs,/cli/usage/export-to-cdk,/javascript/tools/cli/usage/export-to-cdk,/<platform>/build-a-backend/auth/modify-resources-with-cdk,literal,other
eba15af7aa552b81c441,string_similarity,aws-amplify/docs,/vue/build-a-backend/storage/get-properties,/gen1/vue/build-a-backend/storage/get-properties,/flutter/build-a-backend/storage/get-properties,literal,other
ebb915aed832a1161de6,string_similarity,aws-amplify/docs,/lib/geo/getting-started/q/platform/ios,/swift/build-a-backend/more-features/geo/set-up-geo,/angular/getting-started/migration,literal,other
ebf0a18652c27d603f81,string_similarity,aws-amplify/docs,/cli/usage/plugin,/gen1/react/tools/cli/plugins,/gen1/<platform>/tools/cli/<page>,literal,other
ec27e639eb1d567a4b27,string_similarity,aws-amplify/docs,/lib-v1/analytics/autotrack/q/platform/react-native,/gen1/react-native/prev/build-a-backend/more-features/analytics/auto-track-sessions,/angular/start/getting-started/nextsteps,literal,soft_404_or_thin_pages
ec44e7824c1402e9f375,string_similarity,aws-amplify/docs,/cli/commands/serve,/javascript/tools/cli/commands,/angular/start/getting-started/nextsteps,literal,many_to_one_merges
ec540e6c4a3ec357a342,string_similarity,aws-amplify/docs,/lib/auth/signOut/q/platform/flutter,/flutter/build-a-backend/auth/sign-out,/flutter,literal,other
ec75c78bdf5e2b8ef4a7,string_similarity,denoland/docs,/examples/tutorials/drizzle,/examples/drizzle_tutorial,/examples/tutorials/drizzle,literal,other
ec786510a752823d7044,string_similarity,aws-amplify/docs,/lib-v1/predictions/getting-started/q/platform/ios,/gen1/swift/prev/build-a-backend/more-features/predictions/set-up-predictions,/angular/getting-started/migration,literal,other
ecd1ef4a2b3862e2e685,string_similarity,aws-amplify/docs,/lib-v1/auth/getting-started/q/platform/android,/gen1/android/prev/build-a-backend/auth/set-up-auth,/android/sdk/auth/getting-started,literal,other
ed195da6e77b1482f890,string_similarity,aws-amplify/docs,/lib-v1/datastore/real-time/q/platform/react-native,/gen1/react-native/prev/build-a-backend/more-features/datastore/real-time,/gen1/javascript/prev/build-a-backend/more-features/datastore/real-time,literal,other
ed813d8eb7f9c4c79ab2,string_similarity,aws-amplify/docs,/guides/api-rest/express-server/q/platform/js,/javascript/build-a-backend/restapi,/angular/start/getting-started/nextsteps,literal,many_to_one_merges
edc9af5986a9b0a40ee4,string_similarity,aws-amplify/docs,/nextjs/start/connect-existing-aws-resources,/nextjs/start/connect-to-aws-resources,/angular/start/connect-to-aws-resources,literal,other
edcfba45a49375ea7309,string_similarity,aws-amplify/docs,/lib/pubsub/getting-started/q/platform/js,/javascript/build-a-backend/more-features/pubsub/set-up-pubsub,/angular/start/getting-started/nextsteps,literal,soft_404_or_thin_pages
eea976ca0669871cac0b,string_similarity,aws-amplify/docs,/lib/push-notifications/remote-media/q/platform/ios,/swift/build-a-backend/push-notifications/remote-media,/android/build-a-backend/push-notifications/test-notifications,literal,other
eeeb0e47a4185b7c97ed,string_similarity,hashicorp/terraform-website,/docs/providers/google/d/:path*,/providers/hashicorp/google/latest/docs/data-sources/:path*,/providers/hashicorp/google/latest/docs/resources/:path*,placeholder,wildcard_expansion_ambiguity
eef476d2eef100a4df7d,string_similarity,withastro/docs,/en/quick-started,/en/installation,/en/getting-started,literal,other
ef862d8102308edb8404,string_similarity,withastro/docs,/:lang/tutorials/add-content-collections,/:lang/tutorial/6-islands/4,/:lang/guides/content-collections,placeholder,wildcard_expansion_ambiguity
f07c1b38889821439cc1,string_similarity,aws-amplify/docs,/lib-v1/auth/overview/q/platform/js,/gen1/javascript/prev/build-a-backend/auth/under-the-hood,/angular/start/getting-started/nextsteps,literal,soft_404_or_thin_pages
f0cfa9bfd8496f1304ce,string_similarity,aws-amplify/docs,/lib-v1/analytics/storing/q/platform/js,/gen1/javascript/prev/build-a-backend/more-features/analytics/storing-data,/angular/start/getting-started/nextsteps,literal,soft_404_or_thin_pages
f0ec5a8a73f3981fd092,string_similarity,aws-amplify/docs,/build-ui,/react/build-ui,/gen1/javascript/build-ui/uibuilder,literal,other
f12e0922b388eb9b9d4f,string_similarity,denoland/docs,/examples/tutorials/digital_ocean,/examples/digital_ocean_tutorial,/examples/tutorials/digital_ocean,literal,other
f145264614cd81de1ac5,string_similarity,hashicorp/terraform-website,/docs/providers/flexibleengine(/index.html),/providers/FlexibleEngineCloud/flexibleengine/latest/docs,/providers/linode/linode/latest/docs,wildcard,wildcard_expansion_ambiguity
f21467de95e9015f2d4c,string_similarity,hashicorp/terraform-website,/docs/providers/cloudflare/r/:path*,/providers/cloudflare/cloudflare/latest/docs/resources/:path*,/providers/cloudflare/cloudflare/latest/docs/guides/:path*,placeholder,wildcard_expansion_ambiguity
f289824e8e6c4739ec62,string_similarity,aws-amplify/docs,/cli-legacy/graphql-transformer/key,/javascript/tools/cli-legacy/key-directive,/gen1/<platform>/tools/cli-legacy,literal,other
f293ae481b64003662b1,string_similarity,aws-amplify/docs,/nextjs/build-a-backend/functions/graphql-server-lambda,/nextjs/build-a-backend/functions,/android/build-a-backend/functions,literal,many_to_one_merges
f325d71adf40beff9d42,string_similarity,aws-amplify/docs,/[platform]/build-a-backend/more-features/geo/maps,/react/build-a-backend/more-features/geo/maps,/android/build-a-backend/more-features/geo/maps,wildcard,wildcard_expansion_ambiguity
f34209457696e84afa29,string_similarity,aws-amplify/docs,/lib/storage/cancel-requests/q/platform/js,/gen1/javascript/prev/build-a-backend/storage/cancel-requests,/angular/start/getting-started/nextsteps,literal,soft_404_or_thin_pages
f344068b548650d4306b,string_similarity,aws-amplify/docs,/cli/geo/geofencing,/javascript/build-a-backend/more-features/geo/configure-geofencing,/gen1/<platform>/tools/cli/<page>,literal,other
f3953418a98b946a20d0,string_similarity,aws-amplify/docs,/lib-v1/utilities/serviceworker/q/platform/js,/gen1/javascript/prev/build-a-backend/utilities/service-worker,/angular/start/getting-started/nextsteps,literal,soft_404_or_thin_pages
f3c9968c1f79ee706216,string_similarity,aws-amplify/docs,/cli-legacy/graphql-transformer/http,/javascript/tools/cli-legacy/http-directive,/gen1/<platform>/tools/cli-legacy,literal,other
f43ce66095d924e47e97,string_similarity,aws-amplify/docs,/lib/in-app-messaging/prerequisites/q/platform/js,/javascript/build-a-backend/more-features/in-app-messaging/set-up-in-app-messaging,/angular/start/getting-started/nextsteps,literal,many_to_one_merges
f4733c08623c9e2deb0a,string_similarity,denoland/docs,/examples/tutorials/debugging_with_console,/examples/debugging_with_console_tutorial,/examples/tutorials/debugging_with_console,literal,other
f4c93dd1cf13a191b688,string_similarity,aws-amplify/docs,/sdk/push-notifications/getting-started/q/platform/ios,/swift/sdk/push-notifications/getting-started,/android/sdk/auth/getting-started,literal,other
f54afe520ebeb6740b3f,string_similarity,hashicorp/terraform-website,/docs/providers/bigip(/index.html),/providers/F5Networks/bigip/latest/docs,/providers/linode/linode/latest/docs,wildcard,wildcard_expansion_ambiguity
f5959ba7b39fe1f4be23,string_similarity,aws-amplify/docs,/lib/auth/manage-session/q/platform/js,/javascript/build-a-backend/auth/manage-user-session,/angular/start/getting-started/nextsteps,literal,many_to_one_merges
f5b8c81d78f585b93dcb,string_similarity,aws-amplify/docs,/lib/restapi/update/q/platform/ios,/swift/build-a-backend/restapi/update-data,/flutter/build-a-backend/restapi/fetch-data,literal,other
f5d60dc54f9d464a1786,string_similarity,aws-amplify/docs,/[platform]/build-a-backend/storage/data-usage-policy,/react/build-a-backend/storage/data-usage-policy,/gen1/<platform>/build-a-backend/storage/import,wildcard,wildcard_expansion_ambiguity
f631a7d402333d7432fd,string_similarity,aws-amplify/docs,/lib-v1/datastore/relational/q/platform/react-native,/gen1/react-native/prev/build-a-backend/more-features/datastore/relational-models,/gen1/javascript/prev/build-a-backend/more-features/datastore/relational-models,literal,other
f6a3ef131a096b0eede2,string_similarity,aws-amplify/docs,/[platform]/build-a-backend/functions/secrets,/react/build-a-backend/functions/secrets,/angular/build-a-backend/functions,wildcard,wildcard_expansion_ambiguity
f6d118823d071996c002,string_similarity,aws-amplify/docs,/lib/graphqlapi/upgrade-guide/q/platform/js,/javascript/build-a-backend/graphqlapi/upgrade-guide,/flutter/start/project-setup/upgrade-guide,literal,other
f7f7fdc11c5a53b364d7,string_similarity,aws-amplify/docs,/lib-v1/push-notifications/interact-with-notifications/q/platform/react-native,/gen1/react-native/prev/build-a-backend/push-notifications/interact-with-notifications,/flutter/build-a-backend/push-notifications/interact-with-notifications,literal,other
f8006fd2753a6b8a1b17,string_similarity,aws-amplify/docs,/lib-v1/graphqlapi/existing-resources/q/platform/ios,/gen1/swift/prev/build-a-backend/graphqlapi/existing-resources,/flutter/build-a-backend/graphqlapi/existing-resources,literal,other
f903a463f4b20134c49a,string_similarity,aws-amplify/docs,/lib-v1/auth/escapehatch/q/platform/ionic,/gen1/react/prev/build-a-backend/auth,/android/build-a-backend/auth/set-up-auth,literal,many_to_one_merges
f926cc2f37ef11d76ae1,string_similarity,withastro/docs,/en/core-concepts/component-hydration,/en/concepts/islands,/en/concepts/why-astro,literal,many_to_one_merges
f99575a02bf537423ce8,string_similarity,aws-amplify/docs,/start/getting-started/nextsteps/q/integration/js,/javascript/start/getting-started/nextsteps,/angular/start/getting-started/nextsteps,literal,soft_404_or_thin_pages
faa0159fd5bd646e0904,string_similarity,aws-amplify/docs,/lib/analytics/autotrack/q/platform/js,/gen1/javascript/prev/build-a-backend/more-features/analytics/auto-track-sessions,/angular/start/getting-started/nextsteps,literal,soft_404_or_thin_pages
faf10d14621e00f67ce9,string_similarity,aws-amplify/docs,/lib/auth/advanced/q/platform/react-native,/react-native/build-a-backend/auth/advanced-workflows,/android/sdk/auth/federated-identities,literal,other
faf8e42eca47b79c99d8,string_similarity,aws-amplify/docs,/lib-v1/geo/getting-started/q/platform/js,/gen1/javascript/prev/build-a-backend/more-features/geo/set-up-geo,/angular/start/getting-started/nextsteps,literal,soft_404_or_thin_pages
fb1caeb3c3ec12febcdd,string_similarity,aws-amplify/docs,/lib/interactions/chatbot/q/platform/ios,/swift/build-a-backend,/gen1/<platform>/tools/console,literal,many_to_one_merges
fb2bf2b3a7057f002ae1,string_similarity,aws-amplify/docs,/lib-v1/restapi/authz/q/platform/flutter,/gen1/flutter/prev/build-a-backend/restapi/customize-authz,/angular/start/getting-started/nextsteps,literal,soft_404_or_thin_pages
fb54184fa62d0d454587,string_similarity,aws-amplify/docs,/lib-v1/auth/signin_with_custom_flow/q/platform/ios,/gen1/swift/prev/build-a-backend/auth/sign-in-custom-flow,/android/build-a-backend/auth/sign-in-custom-flow,literal,other
fb7fd9de6b0a578b50cd,string_similarity,aws-amplify/docs,/lib/analytics/record/q/platform/android,/android/build-a-backend/more-features/analytics/record-events,/android/sdk/analytics/endpoints,literal,other
fb8c331bd8b17e24d31a,string_similarity,fluxcd/website,/flux/cheatsheets/bootstrap,/flux/installation/configuration,/en/flux/cheatsheets/troubleshooting,literal,other
fbc7483e004113050822,string_similarity,aws-amplify/docs,/gen2/build-a-backend/data/<category>/<page>,/react/build-a-backend/data/<category>/<page>,/gen1/<platform>/prev/build-a-backend/<category>/<page>,placeholder,wildcard_expansion_ambiguity
fbf1cb499f68096c4fc6,string_similarity,aws-amplify/docs,/lib-v1/project-setup/create-application/q/platform/flutter,/gen1/flutter/prev/start/project-setup,/gen1/angular/prev/start/project-setup/create-application,literal,other
fc3ca6bf83d4ccfc9e2b,string_similarity,aws-amplify/docs,/cli/commands/codegen,/javascript/tools/cli/commands,/angular/start/getting-started/nextsteps,literal,many_to_one_merges
fc746a53136157591072,string_similarity,hashicorp/terraform-website,/docs/providers/grafana/d/:path*,/providers/grafana/grafana/latest/docs/data-sources/:path*,/providers/grafana/grafana/latest/docs/resources/:path*,placeholder,wildcard_expansion_ambiguity
fc88319279eaea7fb49f,string_similarity,hashicorp/terraform-website,/docs/providers/gridscale/d/:path*,/providers/gridscale/gridscale/latest/docs/data-sources/:path*,/providers/gridscale/gridscale/latest/docs/guides/:path*,placeholder,wildcard_expansion_ambiguity
fc89bfcf75d9be0780b7,string_similarity,aws-amplify/docs,/lib/analytics/identifyuser/q/platform/js,/javascript/build-a-backend/more-features/analytics/identify-user,/angular/start/getting-started/nextsteps,literal,soft_404_or_thin_pages
fcf46ebbe82e517067e0,string_similarity,hashicorp/terraform-website,/docs/providers/dme/d/:path*,/providers/DNSMadeEasy/dme/latest/docs/data-sources/:path*,/providers/DNSMadeEasy/dme/latest/docs/guides/:path*,placeholder,wildcard_expansion_ambiguity
fd1975fa7752d6d6013a,string_similarity,aws-amplify/docs,/lib-v1/storage/configureaccess/q/platform/ios,/gen1/swift/prev/build-a-backend/storage/configure-access,/flutter/build-a-backend/storage/configure-access,literal,other
fd7dc7fa22a81a4aba94,string_similarity,aws-amplify/docs,/backend/swagger-ui,/,/angular/start/getting-started/nextsteps,literal,many_to_one_merges
fdca15e6babe1dc81a97,string_similarity,aws-amplify/docs,/lib/geo/getting-started,/react/build-a-backend/more-features/geo,/android/sdk/auth/getting-started,literal,other
ff60cf6174c9294c1eef,string_similarity,aws-amplify/docs,/cli/graphql/data-modeling,/javascript/build-a-backend/graphqlapi/data-modeling,/flutter/build-a-backend/graphqlapi/query-data,literal,other
ff783efabb9eb9483717,string_similarity,aws-amplify/docs,/javascript/build-a-backend/functions/connect-rest-api,/javascript/build-a-backend/functions,/android/build-a-backend/restapi/set-up-rest-api,literal,many_to_one_merges
ff7e1c721142b018fab5,string_similarity,aws-amplify/docs,/lib/predictions/escapehatch/q/platform/ios,/swift/build-a-backend/more-features/predictions/sdk,/flutter/start/project-setup/escape-hatch,literal,other
ffde24bf0a4ee05bfc6f,string_similarity,aws-amplify/docs,/nextjs/prev,/gen1/nextjs/prev,/gen1/javascript/prev,literal,other
001cb53b16c607df87b6,slug_only,aws-amplify/docs,/lib/logging/flush-logs/q/platform/android,/android/build-a-backend/more-features/logging/flush-logs,/,literal,other
004d614e717e6cf84e19,slug_only,aws-amplify/docs,/cli-legacy/graphql-transformer/storage,/javascript/tools/cli-legacy/storage,/gen1/android/prev/build-a-backend/storage,literal,other
00853681aa1108183968,slug_only,denoland/docs,/examples/tutorials/module_metadata,/examples/module_metadata_tutorial,/examples/tutorials/module_metadata,literal,other
00d64736ed148f216535,slug_only,aws-amplify/docs,/gen2/how-amplify-works,/react/how-amplify-works,/gen1/flutter/build-a-backend/troubleshooting/upgrade-amplify-packages,literal,other
00f03d49daca0d2692d4,slug_only,aws-amplify/docs,/lib-v1/analytics/record/q/platform/ios,/gen1/swift/prev/build-a-backend/more-features/analytics/record-events,/,literal,other
00fa09a9cedcc9fd0768,slug_only,hashicorp/terraform-website,/docs/providers/ksyun(/index.html),/providers/kingsoftcloud/ksyun/latest/docs,/.github/pull_request_template,wildcard,wildcard_expansion_ambiguity
010e6c850d34c5eb762f,slug_only,aws-amplify/docs,/console/uibuilder/collections,/javascript/build-ui/uibuilder/collections,/,literal,other
0197e48921d188ed9419,slug_only,aws-amplify/docs,/lib/restapi/cancel/q/platform/react-native,/gen1/react-native/prev/build-a-backend/restapi/cancel-api-requests,/,literal,other
01b23220ba48a564831e,slug_only,withastro/docs,/:lang/guides/backend/appwriteio,/:lang/guides/backend/appwrite,/:lang/guides/astro-db,placeholder,wildcard_expansion_ambiguity
01bae2941f127beacb85,slug_only,aws-amplify/docs,/lib-v1/predictions/label-image/q/platform/js,/gen1/javascript/prev/build-a-backend/more-features/predictions/label-image,/,literal,other
01e28b9ddf46396f5e2a,slug_only,aws-amplify/docs,/gen1/react/build-a-backend/auth/connect-your-frontend/sign-up,/gen1/react/build-a-backend/auth/enable-sign-up,/<platform>/build-a-backend/auth/connect-your-frontend/sign-up,literal,other
01f98ecac95ed598cbeb,slug_only,aws-amplify/docs,/[platform]/build-a-backend/restapi/restapi-v5-to-v6-migration-guide,/react/build-a-backend/restapi/restapi-v5-to-v6-migration-guide,/gen1/javascript/build-a-backend/storage/storage-v5-to-v6-migration-guide,wildcard,wildcard_expansion_ambiguity
02889599579c92896fa8,slug_only,aws-amplify/docs,/lib-v1/restapi/delete/q/platform/android,/gen1/android/prev/build-a-backend/restapi/delete-data,/,literal,other
0293d463a0d4b9ea0219,slug_only,hashicorp/terraform-website,/docs/providers/huaweicloudstack/r/:path*,/providers/huaweicloud/huaweicloudstack/latest/docs/resources/:path*,/providers/AviatrixSystems/aviatrix/latest/docs/data-sources/:path*,placeholder,wildcard_expansion_ambiguity
0298ecd8cb6702312664,slug_only,aws-amplify/docs,/lib/datastore/sync/q/platform/flutter,/flutter/build-a-backend/more-features/datastore/sync-to-cloud,/flutter,literal,other
02eaa3001fdc29386822,slug_only,aws-amplify/docs,/lib/auth/guest_access/q/platform/flutter,/flutter/build-a-backend/auth/enable-guest-access,/flutter,literal,other
02ed5c29b5cc187afe9e,slug_only,hashicorp/terraform-website,/docs/providers/cloudflare/guides/:path*,/providers/cloudflare/cloudflare/latest/docs/guides/:path*,/providers/AviatrixSystems/aviatrix/latest/docs/guides/:path*,placeholder,wildcard_expansion_ambiguity
0300474bd4a6c40be5a8,slug_only,aws-amplify/docs,/vue/build-a-backend/functions/dynamodb-from-lambda-nodejs,/vue/build-a-backend/functions,/android/build-a-backend/storage/lambda-triggers,literal,other
0314596dc31f9992764f,slug_only,hashicorp/terraform-website,/docs/providers/hcloud/r/:path*,/providers/hetznercloud/hcloud/latest/docs/resources/:path*,/providers/AviatrixSystems/aviatrix/latest/docs/data-sources/:path*,placeholder,wildcard_expansion_ambiguity
035378592a6dd15192f8,slug_only,hashicorp/terraform-website,/docs/providers/acme/r/:path*,/providers/vancluever/acme/latest/docs/resources/:path*,/providers/AviatrixSystems/aviatrix/latest/docs/data-sources/:path*,placeholder,wildcard_expansion_ambiguity
037262bb7b7ca6a13092,slug_only,aws-amplify/docs,/gen1/react/start/getting-started/setup/q/integration/flutter,/gen1/react/start/getting-started/setup,/flutter,literal,other
03f60c72b6a795b01279,slug_only,aws-amplify/docs,/start/getting-started/hosting/q/integration/vue,/vue/start/getting-started/hosting,/,literal,other
04165d74cedea7285298,slug_only,hashicorp/terraform-website,/docs/providers/statuscake(/index.html),/providers/StatusCakeDev/statuscake/latest/docs,/.github/pull_request_template,wildcard,wildcard_expansion_ambiguity
0439637d1accdf67cc97,slug_only,fluxcd/website,/flagger/usage/traefik-progressive-delivery,/flagger/tutorials/traefik-progressive-delivery,/en/flagger/tutorials/traefik-progressive-delivery,literal,other
04713758e4327137f272,slug_only,aws-amplify/docs,/lib/restapi/delete/q/platform/ios,/swift/build-a-backend/restapi/delete-data,/,literal,other
0473600a4f88dc268f62,slug_only,hashicorp/terraform-website,/cloud-docs/sentinel/import,/cloud-docs/policy-enforcement/sentinel,/.github/pull_request_template,literal,other
04de8b1b5f816036a2bc,slug_only,hashicorp/terraform-website,/docs/providers/vultr(/index.html),/providers/vultr/vultr/latest/docs,/.github/pull_request_template,wildcard,wildcard_expansion_ambiguity
05283c511ee27b79b39b,slug_only,hashicorp/terraform-website,/docs/providers/cloudscale/r/:path*,/providers/cloudscale-ch/cloudscale/latest/docs/resources/:path*,/providers/AviatrixSystems/aviatrix/latest/docs/data-sources/:path*,placeholder,wildcard_expansion_ambiguity
054944f3f05fa5083bdc,slug_only,aws-amplify/docs,/lib-v1/graphqlapi/advanced-workflows/q/platform/ios,/gen1/swift/prev/build-a-backend/graphqlapi/advanced-workflows,/,literal,other
05ce0be692b0dad98a06,slug_only,aws-amplify/docs,/api/apidocs,/amplify-js/api,/,literal,other
0606b0094ec609100f24,slug_only,aws-amplify/docs,/cli/usage/tags,/javascript/tools/cli/project/tags,/,literal,many_to_one_merges
066bb039d6ff9bb1988e,slug_only,aws-amplify/docs,/lib-v1/datastore/getting-started/q/platform/js,/gen1/javascript/prev/build-a-backend/more-features/datastore,/,literal,other
0777eeeaff625da13101,slug_only,hashicorp/terraform-website,/docs/providers/tencentcloud(/index.html),/providers/tencentcloudstack/tencentcloud/latest/docs,/.github/pull_request_template,wildcard,wildcard_expansion_ambiguity
07beaaf21d2dbefb93b0,slug_only,denoland/docs,/runtime/manual/advanced/jsx_dom/jsdom,/runtime/reference/jsx,/404,literal,soft_404_or_thin_pages
081586ce9f497e92dc59,slug_only,aws-amplify/docs,/lib/auth/escapehatch/q/platform/android,/android/build-a-backend/auth/sdk,/,literal,other
081a3d765b551c35808f,slug_only,aws-amplify/docs,/lib-v1/graphqlapi/query-data,/gen1/swift/prev/build-a-backend/graphqlapi/query-data,/flutter/build-a-backend/graphqlapi/query-data,literal,other
0829a3f8668fedf8090a,slug_only,aws-amplify/docs,/guides/functions/graphql-server-in-lambda/q/platform/android,/android/build-a-backend/functions,/,literal,many_to_one_merges
08a051a090ee82111d67,slug_only,fluxcd/website,/flux/cheatsheets/sharding,/flux/installation/configuration/sharding,/en/flux/installation/configuration/sharding,literal,other
08d23ee78d112ab6d9f8,slug_only,withastro/docs,/docs/*,/:splat,/:lang/tutorial/6-islands/4,placeholder,wildcard_expansion_ambiguity
08da8f5882f669f3c296,slug_only,aws-amplify/docs,/guides/functions/dynamodb-from-js-lambda/q/platform/react-native,/react-native/build-a-backend,/,literal,many_to_one_merges
08e474cbcbdd012f91d4,slug_only,aws-amplify/docs,/lib-v1/geo/search/q/platform/js,/gen1/javascript/prev/build-a-backend/more-features/geo/location-search,/,literal,other
08fb960e63f04143fd1d,slug_only,denoland/docs,/examples/tutorials/hashbang,/examples/hashbang_tutorial,/examples/tutorials/hashbang,literal,other
092c7e53c7c26e840f97,slug_only,aws-amplify/docs,/lib/project-setup/combine/q/platform/ios,/swift/start/project-setup/combine-framework,/,literal,other
09391bc2e488f4aec6e7,slug_only,aws-amplify/docs,/lib/datastore/real-time/q/platform/ios,/swift/build-a-backend/more-features/datastore/real-time,/,literal,other
09f78315996b8e973a2d,slug_only,hashicorp/terraform-website,/docs/providers/mongodbatlas/r/:path*,/providers/mongodb/mongodbatlas/latest/docs/resources/:path*,/providers/AviatrixSystems/aviatrix/latest/docs/data-sources/:path*,placeholder,wildcard_expansion_ambiguity
0a2cfa024f8ad67a8b17,slug_only,aws-amplify/docs,/lib-v1/predictions/sample/q/platform/js,/gen1/javascript/prev/build-a-backend/more-features/predictions/example-app,/,literal,other
0a4e706aa1db9e37ac6e,slug_only,aws-amplify/docs,/lib/storage/get-properties/q/platform/flutter,/flutter/build-a-backend/storage/get-properties,/flutter,literal,other
0a7ff03f0bc1e3f5c012,slug_only,aws-amplify/docs,/lib-v1/graphqlapi/mutate-data/q/platform/react-native,/gen1/react-native/prev/build-a-backend/graphqlapi/mutate-data,/,literal,other
0ab6f43e3d320a1de7d2,slug_only,aws-amplify/docs,/lib/storage/triggers/q/platform/android,/android/build-a-backend/storage/lambda-triggers,/,literal,other
0ae4f25d2448c12aa790,slug_only,aws-amplify/docs,/sdk/pubsub/working-api/q/platform/ios,/swift/sdk/pubsub/working-api,/,literal,other
0b71df3d38e51b3702e6,slug_only,aws-amplify/docs,/gen1/react/reference/cli-commands,/gen1/react/tools/cli/commands,/gen1/<platform>/tools/cli-legacy,literal,other
0b75cf559825f49260a7,slug_only,aws-amplify/docs,/lib/analytics/create-custom-plugin/q/platform/js,/gen1/javascript/prev/build-a-backend/more-features/analytics/create-custom-plugin,/,literal,other
0b8e4a0955ef03d86450,slug_only,aws-amplify/docs,/guides/hosting/local-deployments/q/platform/js,/javascript/deploy-and-host/deployment/deploy-static-site-locally,/,literal,no_lexical_overlap_after_ia_rewrite
0b8fecf5013aa23d6fc4,slug_only,aws-amplify/docs,/lib-v1/datastore/how-it-works,/gen1/react/prev/build-a-backend/more-features/datastore/how-it-works,/,literal,many_to_one_merges
0b9278049f7883b31b23,slug_only,aws-amplify/docs,/lib/datastore/advanced-workflows/q/platform/react-native,/react-native/build-a-backend/more-features/datastore/customize-primary-keys,/,literal,other
0bd4077c5423a5c37d1a,slug_only,aws-amplify/docs,/lib/push-notifications/getting-started/q/platform/android,/android/build-a-backend/push-notifications/set-up-push-notifications,/,literal,other
0c463bff126b36f04656,slug_only,aws-amplify/docs,/lib/datastore/how-it-works/q/platform/js,/javascript/build-a-backend/more-features/datastore/how-it-works,/,literal,other
0c8f2815cc41fd66a8e4,slug_only,aws-amplify/docs,/gen1/REACT/build-a-backend/graphqlapi/customize-authz-modes,/gen1/react/build-a-backend/graphqlapi/customize-authorization-rules,/gen1/javascript/prev/build-a-backend/graphqlapi/customize-authz-modes,literal,other
0cad0f54afbafb245b25,slug_only,aws-amplify/docs,/lib/interactions/getting-started/q/platform/react-native,/react-native/build-a-backend/more-features/interactions/set-up-interactions,/,literal,other
0cb3f453f294af042969,slug_only,aws-amplify/docs,/lib/restapi/getting-started/q/platform/android,/android/build-a-backend/restapi/set-up-rest-api,/,literal,other
0cc95a7d27cc58f6bc12,slug_only,aws-amplify/docs,/<platform>/build-a-backend/auth/enable-sign-up,/<platform>/build-a-backend/auth/connect-your-frontend/sign-up,/gen1/javascript/prev/build-a-backend/auth/enable-sign-up,placeholder,wildcard_expansion_ambiguity
0d65c595712599d32031,slug_only,aws-amplify/docs,/lib/storage/existing-resources/q/platform/js,/javascript/build-a-backend/storage/existing-resources,/,literal,other
0db156ab735c14b01d5c,slug_only,fluxcd/website,/flagger/usage/ab-testing,/flagger/tutorials/istio-ab-testing,/en/flagger/tutorials/istio-ab-testing,literal,other
0dc4371edf26705dce8b,slug_only,aws-amplify/docs,/lib/push-notifications/identify-user/q/platform/flutter,/flutter/build-a-backend/push-notifications/identify-user,/flutter,literal,other
0dfbd2a8112553531237,slug_only,hashicorp/terraform-website,/docs/providers/nutanix/d/:path*,/providers/nutanix/nutanix/latest/docs/data-sources/:path*,/providers/AviatrixSystems/aviatrix/latest/docs/data-sources/:path*,placeholder,wildcard_expansion_ambiguity
0e0ee77212b9a4b28eee,slug_only,aws-amplify/docs,/nextjs/build-a-backend/functions/dynamodb-from-lambda-nodejs,/nextjs/build-a-backend/functions,/android/build-a-backend/storage/lambda-triggers,literal,many_to_one_merges
0e23c138bdabfb6b97b7,slug_only,hashicorp/terraform-website,/docs/providers/cobbler/d/:path*,/providers/cobber/cobbler/latest/docs/data-sources/:path*,/providers/AviatrixSystems/aviatrix/latest/docs/data-sources/:path*,placeholder,wildcard_expansion_ambiguity
0ed847f65329df3dc0e7,slug_only,aws-amplify/docs,/lib/predictions/identify-text/q/platform/android,/android/build-a-backend/more-features/predictions/identify-text,/,literal,other
0f4ee9ebd19f639e5811,slug_only,aws-amplify/docs,/lib/graphqlapi/existing-resources/q/platform/react-native,/gen1/react-native/prev/build-a-backend/graphqlapi/existing-resources,/,literal,other
0f6a5f6b224914d11d59,slug_only,aws-amplify/docs,/console/uibuilder/override,/javascript/build-ui/uibuilder/override,/,literal,other
0fb4c822dc3d7cd699ff,slug_only,hashicorp/terraform-website,/docs/providers/scaleway/r/:path*,/providers/scaleway/scaleway/latest/docs/resources/:path*,/providers/AviatrixSystems/aviatrix/latest/docs/data-sources/:path*,placeholder,wildcard_expansion_ambiguity
0fd57ae51b347e550125,slug_only,aws-amplify/docs,/guides/functions/connecting-a-rest-api/q/platform/ios,/swift/build-a-backend/functions,/,literal,many_to_one_merges
100e227726994caea679,slug_only,withastro/docs,/:lang/comparing-astro-vs-other-tools,/:lang/guides/migrate-to-astro,/:lang/basics/astro-components,placeholder,wildcard_expansion_ambiguity
10a0c54301e199fa74d4,slug_only,aws-amplify/docs,/[platform]/build-a-backend/restapi/override-api-gateway,/react/build-a-backend/restapi/override-api-gateway,/amplify-js/api,wildcard,wildcard_expansion_ambiguity
10af0f22725240cb43de,slug_only,aws-amplify/docs,/javascript/build-a-backend/troubleshooting/stack-cdktoolkit-already-exists,/javascript/build-a-backend/troubleshooting/cdktoolkit-stack,/angular/build-a-backend/troubleshooting/cdktoolkit-stack,literal,other
10b410c084cc7c99a44f,slug_only,hashicorp/terraform-website,/docs/providers/fastly/guides/:path*,/providers/fastly/fastly/latest/docs/guides/:path*,/providers/AviatrixSystems/aviatrix/latest/docs/guides/:path*,placeholder,wildcard_expansion_ambiguity
10f7f017be91c9ae6f10,slug_only,hashicorp/terraform-website,/docs/providers/turbot(/index.html),/providers/turbot/turbot/latest/docs,/.github/pull_request_template,wildcard,wildcard_expansion_ambiguity
11568e4abd2859da8699,slug_only,aws-amplify/docs,/sdk/auth/how-it-works/q/platform/react-native,/react-native,/,literal,other
11c3b0d4ce1923fb90f9,slug_only,aws-amplify/docs,/lib/getting-started/integrate/q/platform/android,/android/start/getting-started/integrate,/,literal,many_to_one_merges
11d4814862ab66f85137,slug_only,aws-amplify/docs,/sdk/auth/working-with-api/q/platform/android,/android/sdk/auth/working-with-api,/,literal,other
121554be45b50212f6cd,slug_only,fluxcd/website,/flux/components/notification/event,/flux/components/notification/events,/flux/components/helm,literal,other
121c6f6ab1c9ef7a5459,slug_only,aws-amplify/docs,/lib/info/app-uninstall/q/platform/vue,/vue/tools/cli/commands,/,literal,other
12247d601d994d37d340,slug_only,aws-amplify/docs,/[platform]/prev/build-a-backend/push-notifications/interact-with-notifications,/gen1/react/prev/build-a-backend/push-notifications/interact-with-notifications,/flutter/build-a-backend/push-notifications/interact-with-notifications,wildcard,wildcard_expansion_ambiguity
1233fb77e11f7ae10fdb,slug_only,aws-amplify/docs,/start/getting-started/installation/q/integration/ionic,/javascript/start/getting-started/installation,/,literal,many_to_one_merges
1241489af8c8a3208069,slug_only,aws-amplify/docs,/lib-v1/project-setup/combine/q/platform/ios,/gen1/swift/prev/start/project-setup,/,literal,many_to_one_merges
1298fdb2635a26713369,slug_only,aws-amplify/docs,/lib-v1/storage/transfer-acceleration/q/platform/react-native,/gen1/react-native/prev/build-a-backend/storage/transfer-acceleration,/,literal,other
12aa61b71c0eac02bd06,slug_only,aws-amplify/docs,/cli/migration/aws-cdk-migration,/javascript/tools/cli/migration/aws-cdk-migration,/angular/getting-started/migration,literal,other
12c61619ffcded51490d,slug_only,aws-amplify/docs,/lib-v1/datastore/other-methods/q/platform/android,/gen1/android/prev/build-a-backend/more-features/datastore/additional-methods,/,literal,other
1303fabc4bc3ec87632f,slug_only,aws-amplify/docs,/lib/auth/signin_with_custom_flow/q/platform/android,/android/build-a-backend/auth/sign-in-custom-flow,/,literal,other
1426b16b526bce8e58c2,slug_only,aws-amplify/docs,/javascript/prev/build-a-backend/restapi/update-data/javascript/prev/build-a-backend,/gen1/javascript/prev/build-a-backend/restapi/update-data/javascript/prev/build-a-backend,/gen1/android/prev/build-a-backend,literal,other
144d3c606a9138891075,slug_only,aws-amplify/docs,/sdk/api/graphql/q/platform/android,/android/sdk/api/graphql,/,literal,other
14f860b5c6f83425bcb6,slug_only,hashicorp/terraform-website,/docs/providers/cobbler(/index.html),/providers/cobber/cobbler/latest/docs,/.github/pull_request_template,wildcard,wildcard_expansion_ambiguity
15b9928b054ce96ebf07,slug_only,aws-amplify/docs,/[platform]/deploy-and-host/deployment/deploy-static-site-github,/react/deploy-and-host/deployment/deploy-static-site-github,/android/deploy-and-host,wildcard,wildcard_expansion_ambiguity
15c4d59d62e97dfdfe50,slug_only,aws-amplify/docs,/lib-v1/utilities/hub/q/platform/ios,/gen1/swift/prev/build-a-backend/utilities,/,literal,other
15ec0e975e5ed9071931,slug_only,hashicorp/terraform-website,/docs/providers/fortios(/index.html),/providers/fortinetdev/fortios/latest/docs,/.github/pull_request_template,wildcard,wildcard_expansion_ambiguity
169b4365048804bf775c,slug_only,aws-amplify/docs,/lib-v1/datastore/advanced-workflows/q/platform/flutter,/gen1/flutter/prev/build-a-backend/more-features/datastore/customize-primary-keys,/flutter,literal,other
16a458be50b2c5d9c92b,slug_only,withastro/docs,/:lang/docs/*,/:lang/:splat,/:lang/tutorial/6-islands/4,placeholder,wildcard_expansion_ambiguity
16d801e2f28374b726c2,slug_only,fluxcd/website,/flagger/usage/linkerd-progressive-delivery,/flagger/tutorials/linkerd-progressive-delivery,/en/flagger/tutorials/linkerd-progressive-delivery,literal,other
16dd17779970f33d9a1d,slug_only,aws-amplify/docs,/guides/api-graphql/graphql-pagination/q/platform/js,/javascript/build-a-backend/graphqlapi/query-data,/,literal,no_lexical_overlap_after_ia_rewrite
171e3b4170b0792c8725,slug_only,hashicorp/terraform-website,/docs/providers/azuread(/index.html),/providers/hashicorp/azuread/latest/docs,/.github/pull_request_template,wildcard,wildcard_expansion_ambiguity
176a11d03793b140e568,slug_only,hashicorp/terraform-website,/docs/providers/azurestack/r/:path*,/providers/hashicorp/azurestack/latest/docs/resources/:path*,/providers/AviatrixSystems/aviatrix/latest/docs/data-sources/:path*,placeholder,wildcard_expansion_ambiguity
177fff7f0b0eccd03fd8,slug_only,aws-amplify/docs,/lib-v1/datastore/advanced-workflows/q/platform/react-native,/gen1/react-native/prev/build-a-backend/more-features/datastore/customize-primary-keys,/,literal,other
17a90a8462bb14b96f67,slug_only,aws-amplify/docs,/console/tutorial/code,/javascript/tools/console/tutorial/code,/android/build-a-backend/graphqlapi/client-code-generation,literal,other
17a9770ffa264708627f,slug_only,aws-amplify/docs,/react/start/quickstart/nextjs-app-router-client-components,/react/start/quickstart,/gen1/angular/build-a-backend/server-side-rendering/nextjs,literal,many_to_one_merges
17b153f9cb24de7b20c5,slug_only,hashicorp/terraform-website,/docs/providers/circonus/r/:path*,/providers/circonus-labs/circonus/latest/docs/resources/:path*,/providers/AviatrixSystems/aviatrix/latest/docs/data-sources/:path*,placeholder,wildcard_expansion_ambiguity
17b264ab5edc53e03ceb,slug_only,denoland/docs,/deploy/classic/faunadb,/examples,/deploy/classic,literal,many_to_one_merges
17c94aa0fa73c6af4b6d,slug_only,aws-amplify/docs,/[platform]/build-a-backend/auth/admin-actions,/react/build-a-backend/auth/admin-actions,/,wildcard,wildcard_expansion_ambiguity
17cf1130843e097c2f6e,slug_only,aws-amplify/docs,/cli-legacy/graphql-transformer/directives,/javascript/tools/cli-legacy/directives,/,literal,other
1831c5496206afc40bbc,slug_only,aws-amplify/docs,/lib/troubleshooting/strict-mode/q/platform/js,/gen1/javascript/prev/build-a-backend/troubleshooting/strict-mode,/,literal,other
184659483710bebf1df7,slug_only,denoland/docs,/examples/tutorials/mongoose,/examples/mongoose_tutorial,/examples/tutorials/mongoose,literal,other
18524e2bc0c4cb8bfbfa,slug_only,aws-amplify/docs,/lib-v1/auth/signOut/q/platform/flutter,/gen1/flutter/prev/build-a-backend/auth/sign-out,/flutter,literal,other
187252af1abe3017743a,slug_only,aws-amplify/docs,/gen1/nextjs/build-a-backend/graphqlapi/customize-authz-modes,/gen1/nextjs/build-a-backend/graphqlapi/customize-authorization-rules,/gen1/javascript/prev/build-a-backend/graphqlapi/customize-authz-modes,literal,other
1963257f401489bd6e23,slug_only,aws-amplify/docs,/lib-v1/auth/signin_next_steps/q/platform/next,/gen1/nextjs/prev/build-a-backend/auth/enable-sign-up,/,literal,other
19dc50098b7fad797193,slug_only,hashicorp/terraform-website,/docs/providers/pagerduty/guides/:path*,/providers/PagerDuty/pagerduty/latest/docs/guides/:path*,/providers/AviatrixSystems/aviatrix/latest/docs/guides/:path*,placeholder,wildcard_expansion_ambiguity
1a0602cdbcdd93a03114,slug_only,aws-amplify/docs,/lib/geo/geofences/q/platform/js,/javascript/build-a-backend/more-features/geo/geofences,/,literal,other
1a5c33d1bbfc3f78fa23,slug_only,aws-amplify/docs,/sdk/storage/configure-access/q/platform/ios,/swift/sdk/storage/configure-access,/,literal,other
1a62b2b2c3e9400739a9,slug_only,withastro/docs,/:lang/guides/client-side-routing,/:lang/guides/view-transitions,/:lang/guides/routing,placeholder,wildcard_expansion_ambiguity
1a745c697a5d832e634e,slug_only,aws-amplify/docs,/lib-v1/datastore/sync/q/platform/javascript,/gen1/javascript/prev/build-a-backend/more-features/datastore/sync-to-cloud,/,literal,other
1a852e037cc504c6cb37,slug_only,aws-amplify/docs,/lib/geo/maps/q/platform/ios,/swift/build-a-backend/more-features/geo/maps,/,literal,other
1a92e6c9dde6c0ecc226,slug_only,aws-amplify/docs,/lib-v1/datastore/how-it-works/q/platform/react-native,/gen1/react-native/prev/build-a-backend/more-features/datastore/how-it-works,/,literal,other
1ab0a5bee7e262be8cf3,slug_only,hashicorp/terraform-website,/docs/providers/datadog/r/:path*,/providers/DataDog/datadog/latest/docs/resources/:path*,/providers/AviatrixSystems/aviatrix/latest/docs/data-sources/:path*,placeholder,wildcard_expansion_ambiguity
1b131a61d526cb822dbd,slug_only,aws-amplify/docs,/guides/api-rest/python-api/q/platform/js,/javascript/build-a-backend/restapi,/,literal,many_to_one_merges
1b267e7c1166da2952ee,slug_only,hashicorp/terraform-website,/docs/providers/http/d/:path*,/providers/hashicorp/http/latest/docs/data-sources/:path*,/providers/AviatrixSystems/aviatrix/latest/docs/data-sources/:path*,placeholder,wildcard_expansion_ambiguity
1b524b1088dbd32d2dbd,slug_only,aws-amplify/docs,/lib/datastore/how-it-works/q/platform/vue,/vue/build-a-backend/more-features/datastore/how-it-works,/,literal,other
1b5baed2b80e086ea7b9,slug_only,aws-amplify/docs,/lib/troubleshooting/upgrading/q/platform/react-native,/react-native/build-a-backend/troubleshooting/upgrade-amplify-packages,/,literal,other
1b66f70aba9fdb93e36d,slug_only,hashicorp/terraform-website,/docs/providers/ncloud(/index.html),/providers/NaverCloudPlatform/ncloud/latest/docs,/.github/pull_request_template,wildcard,wildcard_expansion_ambiguity
1be98512765ad1eaf7aa,slug_only,aws-amplify/docs,/lib/auth/delete_user/q/platform/react-native,/react-native/build-a-backend/auth/delete-user-account,/,literal,other
1bfe8c8d19e9f6787d88,slug_only,aws-amplify/docs,/[platform]/prev/build-a-backend/utilities/service-worker,/gen1/react/prev/build-a-backend/utilities/service-worker,/android/build-a-backend/push-notifications/set-up-push-service,wildcard,wildcard_expansion_ambiguity
1c417516fde442b44da4,slug_only,aws-amplify/docs,/lib-v1/analytics/escapehatch/q/platform/ios,/gen1/swift/prev/build-a-backend/more-features/analytics/sdk,/,literal,other
1c4ec1f50f23d050c5da,slug_only,aws-amplify/docs,/lib/auth/signin_web_ui/q/platform/android,/android/build-a-backend/auth/sign-in-with-web-ui,/,literal,other
1c992ab67ea6df44cd27,slug_only,aws-amplify/docs,/lib/analytics/update-endpoint/q/platform/js,/gen1/javascript/prev/build-a-backend/more-features/analytics/update-endpoint,/,literal,other
1c9ffa576fd17e20b3d5,slug_only,aws-amplify/docs,/lib/push-notifications/receive-device-token/q/platform/flutter,/flutter/build-a-backend/push-notifications/receive-device-token,/flutter,literal,other
1cbeeb3dea16c2a32c9c,slug_only,aws-amplify/docs,/lib-v1/q/platform/js,/javascript/tools/libraries,/,literal,no_lexical_overlap_after_ia_rewrite
1d0aa7f16245c06e6f32,slug_only,hashicorp/terraform-website,/docs/providers/digitalocean(/index.html),/providers/digitalocean/digitalocean/latest/docs,/.github/pull_request_template,wildcard,wildcard_expansion_ambiguity
1dbe301bc7d90928b4cf,slug_only,aws-amplify/docs,/react-native/build-a-backend/storage/storage-v5-to-v6-migration-guide,/gen1/react-native/build-a-backend/storage/storage-v5-to-v6-migration-guide,/gen1/javascript/build-a-backend/storage/storage-v5-to-v6-migration-guide,literal,other
1e53b829b9ccfdc70742,slug_only,aws-amplify/docs,/lib-v1/predictions/sample/q/platform/react-native,/gen1/react-native/prev/build-a-backend/more-features/predictions/example-app,/,literal,other
1e644c4d48eb54387411,slug_only,aws-amplify/docs,/lib/datastore/sync/q/platform/js,/javascript/build-a-backend/more-features/datastore/sync-to-cloud,/,literal,other
1e64e4d1429cc6a04bc1,slug_only,aws-amplify/docs,/console,/javascript/tools/console,/gen1/<platform>/tools/console,literal,other
1e83b10e92df471c7895,slug_only,denoland/docs,/api/deno/~/Deno.TlsConn.rid,/runtime/reference/migration_guide,/api/deno,literal,no_lexical_overlap_after_ia_rewrite
1f0556cf232b6cb439bf,slug_only,aws-amplify/docs,/lib-v1/graphqlapi/advanced-workflows/q/platform/flutter,/gen1/flutter/prev/build-a-backend/graphqlapi/advanced-workflows,/flutter,literal,other
1f63bbfab77f5cb6062d,slug_only,aws-amplify/docs,/lib-v1/predictions/identify-entity/q/platform/react-native,/gen1/react-native/prev/build-a-backend/more-features/predictions/identify-entity,/,literal,other
1fac3f0c62b5675b5ef3,slug_only,aws-amplify/docs,/lib/auth/social/q/platform/android,/gen1/android/build-a-backend/auth/add-social-provider,/,literal,other
2048475d5858b4b2e49c,slug_only,aws-amplify/docs,/cli,/javascript/tools/cli,/gen1/<platform>/tools/cli-legacy,literal,other
20bd2987885c4daeba52,slug_only,aws-amplify/docs,/lib/logging/hub-events/q/platform/ios,/swift/build-a-backend/more-features/logging/hub-events,/,literal,other
20c323414f73fbd11dce,slug_only,aws-amplify/docs,/lib-v1/storage/existing-resources/q/platform/android,/gen1/android/prev/build-a-backend/storage/existing-resources,/,literal,other
211593e75810702b0ec4,slug_only,aws-amplify/docs,/lib-v1/predictions/translate/q/platform/js,/gen1/javascript/prev/build-a-backend/more-features/predictions/translate,/,literal,other
211c30914ae11408262e,slug_only,aws-amplify/docs,/lib/storage/configureaccess/q/platform/ios,/swift/build-a-backend/storage/configure-access,/,literal,other
212777ab2d3fff7cb094,slug_only,aws-amplify/docs,/cli/usage/monorepo,/javascript/tools/cli/project/monorepo,/,literal,other
216125626ed878e44ddd,slug_only,aws-amplify/docs,/lib/graphqlapi/concepts/q/platform/android,/android/build-a-backend/graphqlapi/api-graphql-concepts,/,literal,other
2172f3d76994213a1952,slug_only,aws-amplify/docs,/lib-v1/auth/access_credentials/q/platform/react-native,/gen1/react-native/prev/build-a-backend/auth,/,literal,other
21980dcf89e3d4087985,slug_only,fluxcd/website,/flux/components/notification/provider,/flux/components/notification/providers,/flux/components/helm,literal,other
21fb6f191c2c3cae29de,slug_only,aws-amplify/docs,/lib-v1/auth/signOut/q/platform/android,/gen1/android/prev/build-a-backend/auth/sign-out,/,literal,other
22d0b6df480a9f9fa556,slug_only,aws-amplify/docs,/lib/datastore/schema-updates/q/platform/js,/javascript/build-a-backend/more-features/datastore/schema-updates,/,literal,other
23069d5b2b40e3777d05,slug_only,aws-amplify/docs,/[platform]/build-ui/uibuilder/override,/react/build-ui/uibuilder/override,/,wildcard,wildcard_expansion_ambiguity
236bfcd21846b39de11c,slug_only,aws-amplify/docs,/lib-v1/auth/getting-started/q/platform/flutter,/gen1/flutter/prev/build-a-backend/auth/set-up-auth,/flutter,literal,other
23cfbc306b795f4618e1,slug_only,aws-amplify/docs,/sdk/push-notifications/setup-push-service/q/platform/ios,/swift/sdk/push-notifications/setup-push-service,/,literal,other
241a250121ba3ffc7094,slug_only,aws-amplify/docs,/lib/in-app-messaging/overview/q/platform/js,/javascript/build-a-backend/more-features/in-app-messaging,/,literal,other
241b7a821fee5df29510,slug_only,aws-amplify/docs,/start/getting-started/integrate/q/integration/android,/android/start/getting-started/integrate,/,literal,many_to_one_merges
2443194e981891a24f74,slug_only,aws-amplify/docs,/start/getting-started/integrate/q/integration/q/integration/react-native,/react-native/start/getting-started,/,literal,other
247ff9ba88244d06c03d,slug_only,aws-amplify/docs,/sdk/analytics/kinesis/q/platform/android,/android/sdk/analytics/kinesis,/,literal,other
2487bca79476fa00ba87,slug_only,hashicorp/terraform-website,/docs/providers/powerdns/guides/:path*,/providers/pan-net/powerdns/latest/docs/guides/:path*,/providers/AviatrixSystems/aviatrix/latest/docs/guides/:path*,placeholder,wildcard_expansion_ambiguity
250f3c6b80c9819b44c2,slug_only,hashicorp/terraform-website,/docs/providers/alicloud/d/:path*,/providers/aliyun/alicloud/latest/docs/data-sources/:path*,/providers/AviatrixSystems/aviatrix/latest/docs/data-sources/:path*,placeholder,wildcard_expansion_ambiguity
258367e32c4086a2b89a,slug_only,hashicorp/terraform-website,/docs/providers/azuread/guides/:path*,/providers/hashicorp/azuread/latest/docs/guides/:path*,/providers/AviatrixSystems/aviatrix/latest/docs/guides/:path*,placeholder,wildcard_expansion_ambiguity
2594863546eeab933416,slug_only,aws-amplify/docs,/react/build-a-backend/troubleshooting/upgrade-amplify-packages,/gen1/react/build-a-backend/troubleshooting/upgrade-amplify-packages,/gen1/flutter/build-a-backend/troubleshooting/upgrade-amplify-packages,literal,other
25a94d00594a2c653d9e,slug_only,aws-amplify/docs,/lib/auth/signin_next_steps/q/platform/android,/android/build-a-backend/auth/multi-step-sign-in,/,literal,other
26b230f45aab8a1c31ec,slug_only,aws-amplify/docs,/lib/restapi/authz/q/platform/react-native,/react-native/build-a-backend/restapi/customize-authz,/,literal,other
26bb8c6289bce5fdb03e,slug_only,aws-amplify/docs,/nextjs/deploy-and-host/deployment,/gen1/nextjs/deploy-and-host/deployment,/gen1/angular/deploy-and-host/deployment,literal,other
28031408cb83593085dd,slug_only,aws-amplify/docs,/lib-v1/push-notifications/enable-rich-notifications/q/platform/react-native,/gen1/react-native/prev/build-a-backend/push-notifications/enable-rich-notifications,/,literal,other
281a55e64da5e524cd91,slug_only,aws-amplify/docs,/api/swagger/ui/index,/,/404/index.html,literal,many_to_one_merges
2848a1106ccf1595b918,slug_only,aws-amplify/docs,/guides/api-graphql/lambda-resolvers/q/platform/ios,/swift/build-a-backend/graphqlapi/connect-from-server-runtime,/,literal,no_lexical_overlap_after_ia_rewrite
289da31e484d41b8fede,slug_only,aws-amplify/docs,/lib/auth/manageusers/q/platform/js,/gen1/javascript/prev/build-a-backend/auth/manage-passwords,/,literal,other
28a234c08dc8db0471d9,slug_only,hashicorp/terraform-website,/docs/providers/vsphere/r/:path*,/providers/hashicorp/vsphere/latest/docs/resources/:path*,/providers/AviatrixSystems/aviatrix/latest/docs/data-sources/:path*,placeholder,wildcard_expansion_ambiguity
2900b26314adeeb7c849,slug_only,aws-amplify/docs,/lib/storage/remove/q/platform/react-native,/react-native/build-a-backend/storage/remove,/,literal,other
290aad54f93c815f1ed3,slug_only,aws-amplify/docs,/lib/datastore/schema-updates/q/platform/next,/nextjs/build-a-backend/more-features/datastore/schema-updates,/,literal,other
295654d09e05f1b86e19,slug_only,fluxcd/website,/docs/*,/flux/:splat,/CODE_OF_CONDUCT,placeholder,wildcard_expansion_ambiguity
299654544194c006316d,slug_only,hashicorp/terraform-website,/docs/providers/nutanix/r/:path*,/providers/nutanix/nutanix/latest/docs/resources/:path*,/providers/AviatrixSystems/aviatrix/latest/docs/data-sources/:path*,placeholder,wildcard_expansion_ambiguity
29e8ddc8149fd4c17bfc,slug_only,aws-amplify/docs,/lib-v1/analytics/record/q/platform/js,/gen1/javascript/prev/build-a-backend/more-features/analytics/record-events,/,literal,other
2a4f746b71becd572cb2,slug_only,aws-amplify/docs,/lib,/react/build-a-backend,/,literal,many_to_one_merges
2a75c3d78b5688296c2b,slug_only,aws-amplify/docs,/vue/build-a-backend/troubleshooting/migrate-from-javascript-v5-to-v6,/gen1/vue/build-a-backend/troubleshooting/migrate-from-javascript-v5-to-v6,/gen1/javascript/build-a-backend/storage/storage-v5-to-v6-migration-guide,literal,other
2a988cb0e68e0cd52108,slug_only,aws-amplify/docs,/cli/usage/lambda-triggers,/javascript/tools/cli/usage/lambda-triggers,/android/build-a-backend/storage/lambda-triggers,literal,other
2a9e802d9ac128eaa8a3,slug_only,aws-amplify/docs,/lib/in-app-messaging/create-campaign/q/platform/js,/javascript/build-a-backend/more-features/in-app-messaging/create-campaign,/,literal,other
2af26f46bda484fa766a,slug_only,withastro/docs,/:lang/guides/content,/:lang/guides/markdown-content,/:lang/guides/content-collections,placeholder,wildcard_expansion_ambiguity
2c25a1e71065a98ead03,slug_only,aws-amplify/docs,/console/uibuilder/slots,/javascript/build-ui/uibuilder/slots,/,literal,other
2c4861cd6712ea61c340,slug_only,aws-amplify/docs,/sdk/auth/drop-in-auth/q/platform/ios,/swift/sdk/auth/drop-in-auth,/,literal,other
2c585996b4ec18023a37,slug_only,aws-amplify/docs,/lib-v1/interactions/getting-started/q/platform/js,/gen1/javascript/prev/build-a-backend/more-features/interactions/set-up-interactions,/,literal,other
2c9051056a7b300d8415,slug_only,hashicorp/terraform-website,/docs/providers/scaleway/guides/:path*,/providers/scaleway/scaleway/latest/docs/guides/:path*,/providers/AviatrixSystems/aviatrix/latest/docs/guides/:path*,placeholder,wildcard_expansion_ambiguity
2ca9f041407ff5738c5e,slug_only,fluxcd/website,/flux/components/notification/receiver,/flux/components/notification/receivers,/flux/components/helm,literal,other
2cb6453f424be0509cbc,slug_only,aws-amplify/docs,/cli/restapi/testing,/javascript/build-a-backend/restapi/test-api,/,literal,other
2cdd698e759cdbce36f4,slug_only,hashicorp/terraform-website,/docs/providers/alicloud/r/:path*,/providers/aliyun/alicloud/latest/docs/resources/:path*,/providers/AviatrixSystems/aviatrix/latest/docs/data-sources/:path*,placeholder,wildcard_expansion_ambiguity
2cfdfe8b5ce1bf1ca748,slug_only,hashicorp/terraform-website,/docs/providers/icinga2(/index.html),/providers/Icinga/icinga2/latest/docs,/.github/pull_request_template,wildcard,wildcard_expansion_ambiguity
2cffd71e68c215ed3895,slug_only,aws-amplify/docs,/lib-v1/auth/device_features,/gen1/react/prev/build-a-backend/auth/remember-device,/android/build-a-backend/auth/remember-device,literal,other
2d43cf3122717f64f386,slug_only,aws-amplify/docs,/cli/migration/lambda-node-version-update,/javascript/build-a-backend/functions/configure-options,/android/build-a-backend/storage/lambda-triggers,literal,many_to_one_merges
2da7ba2a83e4a334e8a3,slug_only,aws-amplify/docs,/lib/datastore/sync/q/platform/android,/android/build-a-backend/more-features/datastore/sync-to-cloud,/,literal,other
2dbf0416368b06fc5a36,slug_only,aws-amplify/docs,/guides/api-rest/gen-ai/q/platform/ios,/swift/build-a-backend,/,literal,many_to_one_merges
2e81eef04bd5816e902e,slug_only,aws-amplify/docs,/start/getting-started/nextsteps/q/integration/react,/react/start/getting-started/nextsteps,/,literal,other
2ec4a78a663d4f24bebd,slug_only,aws-amplify/docs,/guides/api-graphql/subscriptions-by-id/q/platform/js,/javascript/build-a-backend/graphqlapi/subscribe-data,/,literal,no_lexical_overlap_after_ia_rewrite
2f0e768a4e2bddf27f29,slug_only,aws-amplify/docs,/lib/storage/upload/q/platform/android,/android/build-a-backend/storage/upload,/,literal,other
30220b2e6139d16b6e7b,slug_only,hashicorp/terraform-website,/docs/providers/dnsimple(/index.html),/providers/dnsimple/dnsimple/latest/docs,/.github/pull_request_template,wildcard,wildcard_expansion_ambiguity
302512ff59a98d069acc,slug_only,aws-amplify/docs,/lib/geo/maps/q/platform/android,/android/build-a-backend/more-features/geo/maps,/,literal,other
302e4f4680c2be0cbf28,slug_only,aws-amplify/docs,/lib/auth/start/q/platform/js,/javascript/build-a-backend/auth/set-up-auth,/,literal,many_to_one_merges
30dad2e72ed9c8ead4a0,slug_only,aws-amplify/docs,/lib/utilities/logger,/javascript/build-a-backend/utilities/console-logger,/,literal,other
30e5b5e02a6bcd72fd30,slug_only,aws-amplify/docs,/lib-v1/graphqlapi/existing-resources/q/platform/flutter,/gen1/flutter/prev/build-a-backend/graphqlapi/existing-resources,/flutter,literal,many_to_one_merges
30fd9d1556f82d67d080,slug_only,withastro/docs,/:lang/concepts/mpa-vs-spa,/:lang/concepts/why-astro,/:lang/concepts/islands,placeholder,wildcard_expansion_ambiguity
3133b3680c34ec9125ac,slug_only,hashicorp/terraform-website,/docs/providers/azurerm/r/:path*,/providers/hashicorp/azurerm/latest/docs/resources/:path*,/providers/AviatrixSystems/aviatrix/latest/docs/data-sources/:path*,placeholder,wildcard_expansion_ambiguity
31549fba3a930ecb86b8,slug_only,aws-amplify/docs,/lib/auth/signOut/q/platform/android,/android/build-a-backend/auth/sign-out,/,literal,other
31a46ca9798820c50593,slug_only,aws-amplify/docs,/lib/storage/transfer-acceleration/q/platform/js,/javascript/build-a-backend/storage/transfer-acceleration,/,literal,other
323edb621db9c984c73a,slug_only,aws-amplify/docs,/lib-v1/troubleshooting/strict-mode/q/platform/react-native,/gen1/react-native/prev/build-a-backend/troubleshooting/strict-mode,/,literal,other
3244355ec237548805f3,slug_only,hashicorp/terraform-website,/docs/providers/gitlab/guides/:path*,/providers/gitlabhq/gitlab/latest/docs/guides/:path*,/providers/AviatrixSystems/aviatrix/latest/docs/guides/:path*,placeholder,wildcard_expansion_ambiguity
32502c6562e8bafc183b,slug_only,aws-amplify/docs,/nextjs/build-a-backend/functions/connect-rest-api,/nextjs/build-a-backend/functions,/android/build-a-backend/restapi/set-up-rest-api,literal,many_to_one_merges
328643c5b0201541091b,slug_only,aws-amplify/docs,/lib/auth/signin_next_steps/q/platform/flutter,/flutter/build-a-backend/auth/multi-step-sign-in,/flutter,literal,other
32998804340605f555a8,slug_only,aws-amplify/docs,/lib/storage/download/q/platform/flutter,/flutter/build-a-backend/storage/download,/flutter,literal,other
32a1c0cb5a6ee44ac627,slug_only,aws-amplify/docs,/lib/auth/getting-started/q/platform/android,/android/build-a-backend/auth/set-up-auth,/,literal,other
32bb71dab95174d93ff6,slug_only,aws-amplify/docs,/cli/custom/cdk,/javascript/tools/cli/custom/cdk,/<platform>/build-a-backend/auth/modify-resources-with-cdk,literal,other
32e89d096eae3a3c786b,slug_only,aws-amplify/docs,/<platform>/build-a-backend/auth/auth-events,/gen1/<platform>/build-a-backend/auth/auth-events,/flutter/build-a-backend/auth/auth-events,placeholder,wildcard_expansion_ambiguity
332083dbe31b500b76c1,slug_only,aws-amplify/docs,/lib-v1/analytics/enable-disable/q/platform/android,/gen1/android/prev/build-a-backend/more-features/analytics/enable-disable,/,literal,other
33862c763419cec79b9d,slug_only,aws-amplify/docs,/lib-v1/restapi/delete/q/platform/js,/gen1/javascript/prev/build-a-backend/restapi/delete-data,/,literal,other
338e7cba0ef99ab5b77a,slug_only,aws-amplify/docs,/guides/api-graphql/lambda-resolvers/q/platform/js,/javascript/build-a-backend/graphqlapi/connect-from-server-runtime,/,literal,many_to_one_merges
33dd742e67bd0b258982,slug_only,hashicorp/terraform-website,/docs/providers/venafi(/index.html),/providers/Venafi/venafi/latest/docs,/.github/pull_request_template,wildcard,wildcard_expansion_ambiguity
3423a86f477ab757a355,slug_only,withastro/docs,/:lang/install/manual,/:lang/install-and-setup,/.github/PULL_REQUEST_TEMPLATE,placeholder,wildcard_expansion_ambiguity
3438c96298846343cc04,slug_only,aws-amplify/docs,/lib-v1/auth/device_features/q/platform/js,/gen1/javascript/prev/build-a-backend/auth/remember-device,/,literal,other
3446eece8e9c9dcfd29f,slug_only,aws-amplify/docs,/lib/graphqlapi/offline/q/platform/js,/gen1/javascript/prev/build-a-backend/graphqlapi/offline,/,literal,other
3470ec3060f40a0b362f,slug_only,aws-amplify/docs,/lib/storage/download/q/platform/js,/javascript/build-a-backend/storage/download,/,literal,other
348e973c97f8de514bfe,slug_only,aws-amplify/docs,/start/getting-started/generate-model/q/integration/ios,/swift/start/getting-started/generate-model,/,literal,other
349c5ff3448ffcb4e67d,slug_only,hashicorp/terraform-website,/docs/providers/nsxt/guides/:path*,/providers/vmware/nsxt/latest/docs/guides/:path*,/providers/AviatrixSystems/aviatrix/latest/docs/guides/:path*,placeholder,wildcard_expansion_ambiguity
34ec270839a7944cf340,slug_only,hashicorp/terraform-website,/enterprise/release,/enterprise/releases,/.github/pull_request_template,literal,other
35171715be67cdaaa9c1,slug_only,aws-amplify/docs,/lib/geo/getting-started/q/platform/android,/android/build-a-backend/more-features/geo/set-up-geo,/,literal,other
35440376931aaad121c6,slug_only,aws-amplify/docs,/javascript/build-a-backend/troubleshooting/upgrade-amplify-packages,/gen1/javascript/build-a-backend/troubleshooting/upgrade-amplify-packages,/gen1/flutter/build-a-backend/troubleshooting/upgrade-amplify-packages,literal,other
35a1bd18728d862e0193,slug_only,hashicorp/terraform-website,/docs/providers/docker/d/:path*,/providers/kreuzwerker/docker/latest/docs/data-sources/:path*,/providers/AviatrixSystems/aviatrix/latest/docs/data-sources/:path*,placeholder,wildcard_expansion_ambiguity
35e88caa4ddf307d330e,slug_only,hashicorp/terraform-website,/docs/providers/aci/d/:path*,/providers/CiscoDevNet/aci/latest/docs/data-sources/:path*,/providers/AviatrixSystems/aviatrix/latest/docs/data-sources/:path*,placeholder,wildcard_expansion_ambiguity
35ff0a3e986dd144dd9d,slug_only,aws-amplify/docs,/lib/predictions/identify-text/q/platform/angular,/angular/build-a-backend/more-features/predictions/identify-text,/,literal,other
36306b9d4fd83c2f4a19,slug_only,aws-amplify/docs,/lib/graphqlapi/query-data/q/platform/flutter,/flutter/build-a-backend/graphqlapi/query-data,/flutter,literal,other
366efaed2c1b6bb2c7c6,slug_only,aws-amplify/docs,/lib-v1/storage/escapehatch/q/platform/react-native,/gen1/react-native/prev/build-a-backend/storage,/,literal,other
36fd3decf2d7fa5f13a9,slug_only,aws-amplify/docs,/guides/hosting/gridsome/q/platform/js,/javascript/deploy-and-host/frameworks/deploy-gridsome-site,/,literal,other
3708802c7cdcdfb803b5,slug_only,aws-amplify/docs,/lib/logging/hub-events,/swift/build-a-backend/utilities/hub,/android/build-a-backend/more-features/analytics/record-events,literal,other
3730a1d12091f8da9078,slug_only,aws-amplify/docs,/cli/restapi,/gen1/react/build-a-backend/restapi/configure-rest-api,/android/build-a-backend/restapi,literal,other
38c164f30aae0df29a96,slug_only,aws-amplify/docs,/sdk/api/rest/q/platform/ios,/swift/sdk/api/rest,/,literal,other
38ceab89d8fda2be9ad1,slug_only,hashicorp/terraform-website,/docs/providers/mso/d/:path*,/providers/CiscoDevNet/mso/latest/docs/data-sources/:path*,/providers/AviatrixSystems/aviatrix/latest/docs/data-sources/:path*,placeholder,wildcard_expansion_ambiguity
38d04ccf5c20f474a72f,slug_only,aws-amplify/docs,/console/adminui/extend-cli,/javascript/tools/console/adminui/extend-cli,/gen1/<platform>/tools/cli-legacy,literal,other
390ecc443369350f80b2,slug_only,hashicorp/terraform-website,/docs/providers/newrelic/r/:path*,/providers/newrelic/newrelic/latest/docs/resources/:path*,/providers/AviatrixSystems/aviatrix/latest/docs/data-sources/:path*,placeholder,wildcard_expansion_ambiguity
39cf9d1f71ce06a39a57,slug_only,fluxcd/website,/flagger/usage/gloo-progressive-delivery,/flagger/tutorials/gloo-progressive-delivery,/en/flagger/tutorials/gloo-progressive-delivery,literal,other
3ad78b60c572605f0981,slug_only,denoland/docs,/deploy/manual/*,/deploy/classic/*,/deploy/*,wildcard,wildcard_expansion_ambiguity
3ada48eef3b161fdc723,slug_only,fluxcd/website,/flagger/usage/nginx-progressive-delivery,/flagger/tutorials/nginx-progressive-delivery,/en/flagger/tutorials/nginx-progressive-delivery,literal,other
3ae533a60efd19252602,slug_only,aws-amplify/docs,/lib-v1/restapi/update/q/platform/react-native,/gen1/react-native/prev/build-a-backend/restapi/update-data,/,literal,other
3b2af4fe3fa93f199e1c,slug_only,aws-amplify/docs,/lib/graphqlapi/cancel-request/q/platform/react-native,/react-native/build-a-backend/graphqlapi/mutate-data,/,literal,other
3b51100f5fb1edc4f858,slug_only,aws-amplify/docs,/lib-v1/auth/switch-auth/q/platform/react-native,/gen1/react-native/prev/build-a-backend/auth/switch-auth,/,literal,other
3bce904aade12188c8c5,slug_only,aws-amplify/docs,/lib/auth/overview/q/platform/vue,/vue/build-a-backend/auth,/,literal,other
3bdbc1fcc7855e22f410,slug_only,hashicorp/terraform-website,/docs/providers/null/guides/:path*,/providers/hashicorp/null/latest/docs/guides/:path*,/providers/AviatrixSystems/aviatrix/latest/docs/guides/:path*,placeholder,wildcard_expansion_ambiguity
3ca384f4f6809119d4aa,slug_only,hashicorp/terraform-website,/docs/providers/mso/r/:path*,/providers/CiscoDevNet/mso/latest/docs/resources/:path*,/providers/AviatrixSystems/aviatrix/latest/docs/data-sources/:path*,placeholder,wildcard_expansion_ambiguity
3cab49bc0e59fdd15886,slug_only,hashicorp/terraform-website,/docs/providers/consul(/index.html),/providers/hashicorp/consul/latest/docs,/.github/pull_request_template,wildcard,wildcard_expansion_ambiguity
3cec18e7c0e85ca37e60,slug_only,withastro/docs,/:lang/basics/astro-syntax,/:lang/reference/astro-syntax,/:lang/basics/astro-syntax,placeholder,wildcard_expansion_ambiguity
3cfcf6b215b903a5b82c,slug_only,aws-amplify/docs,/lib-v1/push-notifications/setup-push-service/q/platform/react-native,/gen1/react-native/prev/build-a-backend/push-notifications/set-up-push-service,/,literal,other
3d0adff9fca9e7725f74,slug_only,aws-amplify/docs,/lib/predictions/interpret/q/platform/ios,/swift/build-a-backend/more-features/predictions/interpret-sentiment,/,literal,other
3d420b04aa767ac7b9b8,slug_only,aws-amplify/docs,/lib/datastore/getting-started/q/platform/react-native,/react-native/build-a-backend/more-features/datastore/set-up-datastore,/,literal,other
3d7569ef3f6cbfe5e573,slug_only,hashicorp/terraform-website,/docs/providers/ecl/r/:path*,/providers/nttcom/ecl/latest/docs/resources/:path*,/providers/AviatrixSystems/aviatrix/latest/docs/data-sources/:path*,placeholder,wildcard_expansion_ambiguity
3def6aaf606321a9b4fd,slug_only,aws-amplify/docs,/lib/datastore/real-time/q/platform/react-native,/react-native/build-a-backend/more-features/datastore/real-time,/,literal,other
3e0e6b51a3b7a0e5dd44,slug_only,hashicorp/terraform-website,/docs/providers/huaweicloud/d/:path*,/providers/huaweicloud/huaweicloud/latest/docs/data-sources/:path*,/providers/AviatrixSystems/aviatrix/latest/docs/data-sources/:path*,placeholder,wildcard_expansion_ambiguity
3e84e7bc69164ef8fbd4,slug_only,hashicorp/terraform-website,/docs/providers/akamai(/index.html),/providers/akamai/akamai/latest/docs,/.github/pull_request_template,wildcard,wildcard_expansion_ambiguity
3f25d4e65f63995421e4,slug_only,aws-amplify/docs,/cli/commands/build,/javascript/tools/cli/commands,/angular/build-a-backend,literal,many_to_one_merges
3f619c7746d09bfe7b7a,slug_only,aws-amplify/docs,/lib/datastore/data-access/q/platform/react-native,/react-native/build-a-backend/more-features/datastore/manipulate-data,/,literal,other
3fa6ef3def1138ff62b6,slug_only,aws-amplify/docs,/start/q/integration/react-native,/react-native/start/getting-started/introduction,/,literal,other
40512dedffd3031c014c,slug_only,aws-amplify/docs,/lib-v1/auth/switch-auth/q/platform/js,/gen1/javascript/prev/build-a-backend/auth/switch-auth,/,literal,other
4073f2cca47aa6d12c7e,slug_only,aws-amplify/docs,/guides/functions/cognito-trigger-lambda-dynamodb/q/platform/js,/javascript/build-a-backend/functions,/,literal,many_to_one_merges
40c8c7b830b52e83f90d,slug_only,hashicorp/terraform-website,/docs/providers/google/r/:path*,/providers/hashicorp/google/latest/docs/resources/:path*,/providers/AviatrixSystems/aviatrix/latest/docs/data-sources/:path*,placeholder,wildcard_expansion_ambiguity
410d32a398a8bfcdb9b7,slug_only,hashicorp/terraform-website,/docs/providers/template/guides/:path*,/providers/hashicorp/template/latest/docs/guides/:path*,/providers/AviatrixSystems/aviatrix/latest/docs/guides/:path*,placeholder,wildcard_expansion_ambiguity
4183658eaa243b73c89b,slug_only,aws-amplify/docs,/lib/restapi/getting-started,/react/build-a-backend/restapi/existing-resources,/android/sdk/auth/getting-started,literal,other
418fec2bb08f798b58ee,slug_only,aws-amplify/docs,/lib/push-notifications/enable-rich-notifications/q/platform/react-native,/react-native/build-a-backend/push-notifications/enable-rich-notifications,/,literal,other
4190fcb1aa1d091af6d4,slug_only,aws-amplify/docs,/lib-v1/auth/overview/q/platform/flutter,/gen1/flutter/prev/build-a-backend/auth/under-the-hood,/flutter,literal,other
41b7a1ab0aa210abff3a,slug_only,hashicorp/terraform-website,/upgrade-guides/0-8.html,/language/upgrade-guides/0-8,/docs/extend/writing-custom-providers.html,literal,other
41bc97c8361f8c214fcc,slug_only,aws-amplify/docs,/lib-v1/project-setup/prereq/q/platform/ios,/gen1/swift/prev/start/project-setup,/,literal,many_to_one_merges
41dacecb8a17b54922a4,slug_only,fluxcd/website,/flux/components/notification/alert,/flux/components/notification/alerts,/flux/components/helm,literal,other
420e8a6728219e8a72dc,slug_only,aws-amplify/docs,/lib/auth/overview/q/platform/android,/android/build-a-backend/auth/under-the-hood,/,literal,other
4244f5392d474d193abc,slug_only,aws-amplify/docs,/lib/graphqlapi/concepts/q/platform/flutter,/flutter/build-a-backend/graphqlapi/api-graphql-concepts,/flutter,literal,other
42a8a64fa8b51d735738,slug_only,denoland/docs,/examples/tutorials/deploy_otel,/examples/deploy_otel_tutorial,/examples/tutorials/deploy_otel,literal,other
42ad3a352db93b966717,slug_only,hashicorp/terraform-website,/docs/providers/skytap/d/:path*,/providers/skytap/skytap/latest/docs/data-sources/:path*,/providers/AviatrixSystems/aviatrix/latest/docs/data-sources/:path*,placeholder,wildcard_expansion_ambiguity
42f10281907ef9fa30fd,slug_only,aws-amplify/docs,/react-native/build-a-backend/auth/switch-auth,/gen1/react-native/build-a-backend/auth/switch-auth,/gen1/android/build-a-backend/auth/switch-auth,literal,other
43775d2faaf0e02186dc,slug_only,aws-amplify/docs,/lib-v1/auth/guest_access/q/platform/ios,/gen1/swift/prev/build-a-backend/auth/enable-guest-access,/,literal,other
437f71921babb9f7edf6,slug_only,aws-amplify/docs,/[platform]/prev/build-a-backend/more-features/predictions/data-usage-policy,/gen1/react/prev/build-a-backend/more-features/predictions/data-usage-policy,/android/build-a-backend/more-features/datastore/manipulate-data,wildcard,wildcard_expansion_ambiguity
439f078eb7d480fcc4da,slug_only,aws-amplify/docs,/guides/functions/connecting-a-rest-api/q/platform/android,/android/build-a-backend/functions,/,literal,many_to_one_merges
43b0a64e317099a6b86c,slug_only,fluxcd/website,/flagger/usage/osm-progressive-delivery,/flagger/tutorials/osm-progressive-delivery,/en/flagger/tutorials/osm-progressive-delivery,literal,other
43be4c6bb618929235f8,slug_only,aws-amplify/docs,/console/uibuilder/responsive,/javascript/build-ui/uibuilder/responsive,/,literal,other
43c30fb57dabe5640614,slug_only,aws-amplify/docs,/[platform]/build-a-backend/storage/query-transfers,/react/build-a-backend/storage/query-transfers,/gen1/android/build-a-backend/storage/query-transfers,wildcard,wildcard_expansion_ambiguity
43cc6958c638b608ae24,slug_only,aws-amplify/docs,/lib-v1/predictions/interpret/q/platform/android,/gen1/android/prev/build-a-backend/more-features/predictions/interpret-sentiment,/,literal,other
43cf19f3eb590a6abf53,slug_only,aws-amplify/docs,/sdk/auth/guest-access/q/platform/next,/nextjs,/,literal,no_lexical_overlap_after_ia_rewrite
441b3fc5b642b1846a56,slug_only,aws-amplify/docs,/lib-v1/graphqlapi/getting-started/q/platform/react-native,/gen1/react-native/prev/build-a-backend/graphqlapi/set-up-graphql-api,/,literal,other
44443d79ff3f33b083aa,slug_only,aws-amplify/docs,/start/q/integration/react,/react/start/getting-started/introduction,/,literal,other
44f32161f3bdf914df9f,slug_only,aws-amplify/docs,/cli/project/tags,/javascript/tools/cli/project/tags,/,literal,many_to_one_merges
4638dd463f4ec1cf3dd9,slug_only,aws-amplify/docs,/lib-v1/auth/device_features/q/platform/ios,/gen1/swift/prev/build-a-backend/auth/remember-device,/,literal,other
46876c0a337f6ec2dc37,slug_only,aws-amplify/docs,/lib/predictions/identify-entity/q/platform/react-native,/react-native/build-a-backend/more-features/predictions/identify-entity,/,literal,other
46e831c4161a05e29243,slug_only,aws-amplify/docs,/lib/logging/sending-logs/q/platform/ios,/swift/build-a-backend/more-features/logging/send-logs,/,literal,other
46f3d5a26fc59d58d70e,slug_only,withastro/docs,/en/guides/aliases,/en/guides/imports,/en/guides/actions,literal,other
4700a464b58f448c17f4,slug_only,aws-amplify/docs,/<platform>/sdk/push-notifications/<page>,/gen1/<platform>/sdk/push-notifications/<page>,/gen1/<platform>/build-a-backend/push-notifications/<page>,placeholder,wildcard_expansion_ambiguity
4717160e908a3a44b471,slug_only,hashicorp/terraform-website,/docs/providers/selectel/d/:path*,/providers/selectel/selectel/latest/docs/data-sources/:path*,/providers/AviatrixSystems/aviatrix/latest/docs/data-sources/:path*,placeholder,wildcard_expansion_ambiguity
47b9332058972ca0b75b,slug_only,aws-amplify/docs,/lib-v1/in-app-messaging/identify-user/q/platform/js,/gen1/javascript/prev/build-a-backend/more-features/in-app-messaging/identify-user,/,literal,other
47d6dfd3bd6ef2ec9c8a,slug_only,aws-amplify/docs,/guides/api-rest/gen-ai/q/platform/react-native,/react-native/build-a-backend/restapi/gen-ai,/,literal,other
480c8bf6543e153e4e9a,slug_only,aws-amplify/docs,/lib-v1/predictions/identify-text/q/platform/android,/gen1/android/prev/build-a-backend/more-features/predictions/identify-text,/,literal,other
482a27e48bf447d0b10e,slug_only,aws-amplify/docs,/cli/start/workflows,/javascript/tools/cli/start/key-workflows,/flutter/build-a-backend/graphqlapi/advanced-workflows,literal,many_to_one_merges
483f83e5a7eaa2a0a544,slug_only,hashicorp/terraform-website,/docs/providers/akamai/r/:path*,/providers/akamai/akamai/latest/docs/resources/:path*,/providers/AviatrixSystems/aviatrix/latest/docs/data-sources/:path*,placeholder,wildcard_expansion_ambiguity
485f7dbdfe609024a395,slug_only,aws-amplify/docs,/lib-v1/storage/remove/q/platform/flutter,/gen1/flutter/prev/build-a-backend/storage/remove,/flutter,literal,other
4878a72bdc57806e123f,slug_only,hashicorp/terraform-website,/docs/providers/azuread/r/:path*,/providers/hashicorp/azuread/latest/docs/resources/:path*,/providers/AviatrixSystems/aviatrix/latest/docs/data-sources/:path*,placeholder,wildcard_expansion_ambiguity
488ecd72a8e417600ab5,slug_only,fluxcd/website,/docs/components/image/controller,/flux/components/image,/CODE_OF_CONDUCT,literal,soft_404_or_thin_pages
4898fdcf2db7a2906f15,slug_only,aws-amplify/docs,/sdk/auth/getting-started/q/platform/ios,/swift/sdk/auth/getting-started,/,literal,other
48a54ec7e758560113c6,slug_only,aws-amplify/docs,/lib/auth/social/q/platform/react-native,/gen1/react-native/build-a-backend/auth/add-social-provider,/,literal,other
48ca4c8423573409dfb5,slug_only,aws-amplify/docs,/lib-v1/datastore/conflict/q/platform/ios,/gen1/swift/prev/build-a-backend/more-features/datastore/conflict-resolution,/,literal,other
48eb29c0cc9541c9a14c,slug_only,hashicorp/terraform-website,/cloud-docs/sentinel/enforce,/cloud-docs/policy-enforcement/policy-results,/.github/pull_request_template,literal,other
4955ce62a0b109dd35ee,slug_only,aws-amplify/docs,/cli/teams/commands,/javascript/tools/cli/teams/commands,/,literal,other
4992436ff4cf5e58d025,slug_only,hashicorp/terraform-website,/docs/providers/random/d/:path*,/providers/hashicorp/random/latest/docs/data-sources/:path*,/providers/AviatrixSystems/aviatrix/latest/docs/data-sources/:path*,placeholder,wildcard_expansion_ambiguity
49cd3f67695a2eac8cad,slug_only,hashicorp/terraform-website,/docs/providers/alicloud(/index.html),/providers/aliyun/alicloud/latest/docs,/.github/pull_request_template,wildcard,wildcard_expansion_ambiguity
4a2e702e55da85abdffe,slug_only,hashicorp/terraform-website,/docs/providers/vcd/r/:path*,/providers/vmware/vcd/latest/docs/resources/:path*,/providers/AviatrixSystems/aviatrix/latest/docs/data-sources/:path*,placeholder,wildcard_expansion_ambiguity
4a52b3bc2f43a6fc0678,slug_only,aws-amplify/docs,/lib/auth/escapehatch/q/platform/js,/javascript/build-a-backend/auth,/,literal,other
4a5e2d02954d5bd752d4,slug_only,withastro/docs,/:lang/guides/assets,/:lang/guides/images,/:lang/guides/astro-db,placeholder,wildcard_expansion_ambiguity
4a614b31a6d99cd7eed5,slug_only,aws-amplify/docs,/lib-v1/storage/existing-resources/q/platform/react-native,/gen1/react-native/prev/build-a-backend/storage/existing-resources,/,literal,other
4a862461b48d336e0ff4,slug_only,aws-amplify/docs,/console/authz/permissions,/javascript/tools/console/authz/permissions,/,literal,other
4b50b94b72a449d19359,slug_only,aws-amplify/docs,/lib-v1/restapi/getting-started/q/platform/react-native,/gen1/react-native/prev/build-a-backend/restapi/set-up-rest-api,/,literal,other
4b6be50115897adfb2af,slug_only,fluxcd/website,/flagger/usage/blue-green,/flagger/tutorials/kubernetes-blue-green,/en/flagger/tutorials/kubernetes-blue-green,literal,other
4b847696f8a2b45066d8,slug_only,aws-amplify/docs,/guides/api-rest/express-server/q/platform/android,/android/build-a-backend/restapi,/,literal,other
4b88fb7f25fbe940667f,slug_only,aws-amplify/docs,/console/formbuilder/data-binding,/javascript/build-ui/formbuilder/data-binding,/android/build-a-backend/more-features/datastore/manipulate-data,literal,other
4bd64330535af1e3b721,slug_only,denoland/docs,/runtime/reference/web_platform_apis,/api/web,/runtime/reference/jsx,literal,other
4c46d186a4bac9da7d36,slug_only,aws-amplify/docs,/lib/auth/customui/q/platform/js,/react/connected-components/authenticator,/,literal,no_lexical_overlap_after_ia_rewrite
4c959a6a66f6fa0b0ae6,slug_only,withastro/docs,/:lang/install/auto,/:lang/install-and-setup,/.github/PULL_REQUEST_TEMPLATE,placeholder,wildcard_expansion_ambiguity
4ce77b8b8674f614a32e,slug_only,aws-amplify/docs,/lib/auth/social_signin_web_ui/q/platform/android,/android/build-a-backend/auth/add-social-provider,/,literal,other
4d46c681b00c694f0d84,slug_only,aws-amplify/docs,/lib-v1/analytics/getting-started/q/platform/ios,/gen1/swift/prev/build-a-backend/more-features/analytics/set-up-analytics,/,literal,other
4d7127837a0a9e3744b3,slug_only,aws-amplify/docs,/lib-v1/restapi/fetch/q/platform/react-native,/gen1/react-native/prev/build-a-backend/restapi/fetch-data,/,literal,other
4d8b7213b1170f103664,slug_only,aws-amplify/docs,/react/deploy-and-host/custom-configuration,/gen1/react/deploy-and-host/custom-configuration,/gen1/angular/deploy-and-host/custom-configuration,literal,other
4d94dbc1fb7e1f8e0100,slug_only,aws-amplify/docs,/sdk/info/overview/q/platform/ios,/swift/sdk/info/overview,/,literal,other
4ddee714a2e2814fe503,slug_only,fluxcd/website,/flagger/usage/gatewayapi-progressive-delivery,/flagger/tutorials/gatewayapi-progressive-delivery,/en/flagger/tutorials/gatewayapi-progressive-delivery,literal,other
4e1962ea423100a03cda,slug_only,hashicorp/terraform-website,/docs/providers/do/d/:path*,/providers/digitalocean/digitalocean/latest/docs/data-sources/:path*,/providers/AviatrixSystems/aviatrix/latest/docs/data-sources/:path*,placeholder,wildcard_expansion_ambiguity
4e2cf528517a09f02094,slug_only,aws-amplify/docs,/lib-v1/datastore/datastore-events/q/platform/ios,/gen1/swift/prev/build-a-backend/more-features/datastore/datastore-events,/,literal,other
4e5dc84c36ba44fc8b94,slug_only,aws-amplify/docs,/cli/graphql-transformer/<*>,/javascript/tools/cli-legacy/auth-directive,/,placeholder,wildcard_expansion_ambiguity
4e6e6feea74a5efe0625,slug_only,aws-amplify/docs,/javascript/prev/start/project-setup/create-application,/gen1/javascript/prev/start/project-setup/create-application,/gen1/angular/prev/start/project-setup/create-application,literal,other
4ed183c690024272c016,slug_only,aws-amplify/docs,/lib/datastore/advanced-workflows/q/platform/ios,/swift/build-a-backend/more-features/datastore/customize-primary-keys,/,literal,other
4ed1a7f6282535a638ed,slug_only,aws-amplify/docs,/lib-v1/graphqlapi/mutate-data/q/platform/flutter,/gen1/flutter/prev/build-a-backend/graphqlapi/mutate-data,/flutter,literal,other
4ee514b497f32e6b2c70,slug_only,aws-amplify/docs,/<platform>/prev/tools/<category>/<page>,/gen1/<platform>/prev/tools/<category>/<page>,/gen1/<platform>/prev/build-a-backend/<category>/<page>,placeholder,wildcard_expansion_ambiguity
500357394ab0d4a4d391,slug_only,aws-amplify/docs,/lib/datastore/datastore-events/q/platform/ios,/swift/build-a-backend/more-features/datastore/datastore-events,/,literal,other
500b410f4d5667336902,slug_only,denoland/docs,/examples/tutorials/honeycomb,/examples/honeycomb_tutorial,/examples/tutorials/honeycomb,literal,other
5070e2e1c5ef4a412b83,slug_only,denoland/docs,/deploy/tutorials,/examples,/404,literal,many_to_one_merges
5109caa0a2a6f184209e,slug_only,aws-amplify/docs,/lib/storage/existing-resources/q/platform/ios,/swift/build-a-backend/storage/existing-resources,/,literal,other
5138ba44a50269f11c22,slug_only,aws-amplify/docs,/lib-v1/storage/overview/q/platform/android,/gen1/android/prev/build-a-backend/storage,/,literal,other
515bd6904f6237909108,slug_only,aws-amplify/docs,/lib/datastore/data-access/q/platform/android,/android/build-a-backend/more-features/datastore/manipulate-data,/,literal,other
517a1ba26c5387489d4d,slug_only,aws-amplify/docs,/lib/auth/user-attributes,/swift/build-a-backend/auth/managing-attributes,/android/build-a-backend/auth/managing-attributes,literal,many_to_one_merges
5184e1a7e084639228cc,slug_only,hashicorp/terraform-website,/docs/providers/vsphere/guides/:path*,/providers/hashicorp/vsphere/latest/docs/guides/:path*,/providers/AviatrixSystems/aviatrix/latest/docs/guides/:path*,placeholder,wildcard_expansion_ambiguity
519295c94761ba2f3d93,slug_only,aws-amplify/docs,/react/build-a-backend/server-side-rendering/nextjs,/gen1/react/build-a-backend/server-side-rendering/nextjs,/gen1/angular/build-a-backend/server-side-rendering/nextjs,literal,other
52009da7454f0400202b,slug_only,aws-amplify/docs,/cli/teams/multi-frontend,/javascript/tools/cli/teams/multi-frontend,/android/build-a-backend/auth/multi-step-sign-in,literal,other
52131d6f2d0f6dc719de,slug_only,aws-amplify/docs,/lib-v1/auth/access_credentials/q/platform/android,/gen1/android/prev/build-a-backend/auth/accessing-credentials,/,literal,other
521ec24b0832f6da851e,slug_only,aws-amplify/docs,/lib-v1/analytics/existing-resources,/gen1/react/prev/build-a-backend/more-features/analytics/existing-resources,/gen1/android/prev/build-a-backend/more-features/analytics/existing-resources,literal,other
527e495c1ba1f4ddb6bf,slug_only,aws-amplify/docs,/javascript/prev/start/project-setup/prerequisites,/gen1/javascript/prev/start/project-setup/prerequisites,/gen1/android/prev/start/project-setup/prerequisites,literal,other
52a551c0e1a723c43bcd,slug_only,aws-amplify/docs,/lib-v1/storage/getting-started/q/platform/flutter,/gen1/flutter/prev/build-a-backend/storage/set-up-storage,/flutter,literal,other
5346e8a72b409947eb35,slug_only,aws-amplify/docs,/lib-v1/predictions/identify-entity/q/platform/js,/gen1/javascript/prev/build-a-backend/more-features/predictions/identify-entity,/,literal,other
535abc8e08b61e40fede,slug_only,aws-amplify/docs,/lib-v1/storage/triggers/q/platform/react-native,/gen1/react-native/prev/build-a-backend/storage/lambda-triggers,/,literal,other
53f225dec988846fa90b,slug_only,aws-amplify/docs,/lib-v1/auth/access_credentials/q/platform/flutter,/gen1/flutter/prev/build-a-backend/auth/accessing-credentials,/flutter,literal,other
53fe5e95db130c40fbea,slug_only,hashicorp/terraform-website,/docs/providers/datadog(/index.html),/providers/DataDog/datadog/latest/docs,/.github/pull_request_template,wildcard,wildcard_expansion_ambiguity
54549888a29a4f4a3baa,slug_only,aws-amplify/docs,/lib/analytics/getting-started/q/platform/ios,/swift/build-a-backend/more-features/analytics/set-up-analytics,/,literal,other
546269cda1e717225a66,slug_only,hashicorp/terraform-website,/docs/providers/mso(/index.html),/providers/CiscoDevNet/mso/latest/docs,/.github/pull_request_template,wildcard,wildcard_expansion_ambiguity
54721773db7e1b547380,slug_only,hashicorp/terraform-website,/docs/providers/flexibleengine/r/:path*,/providers/FlexibleEngineCloud/flexibleengine/latest/docs/resources/:path*,/providers/AviatrixSystems/aviatrix/latest/docs/data-sources/:path*,placeholder,wildcard_expansion_ambiguity
5481822057b124c4be67,slug_only,aws-amplify/docs,/[platform]/build-a-backend/graphqlapi/connect-from-server-runtime,/react/build-a-backend/graphqlapi/connect-from-server-runtime,/angular/build-a-backend/server-side-rendering,wildcard,wildcard_expansion_ambiguity
549a5995a6cc4333f077,slug_only,hashicorp/terraform-website,/docs/providers/random/guides/:path*,/providers/hashicorp/random/latest/docs/guides/:path*,/providers/AviatrixSystems/aviatrix/latest/docs/guides/:path*,placeholder,wildcard_expansion_ambiguity
54b46e26e018ad8e59bf,slug_only,aws-amplify/docs,/lib-v1/graphqlapi/query-data/q/platform/flutter,/gen1/flutter/prev/build-a-backend/graphqlapi/query-data,/flutter,literal,many_to_one_merges
54d69da09f0c359bb73d,slug_only,hashicorp/terraform-website,/guides/index.html,/guides,/docs/extend/writing-custom-providers.html,literal,other
54df152429c90f991170,slug_only,withastro/docs,/:lang/recipes/studio,/:lang/guides/astro-db,/:lang/recipes,placeholder,wildcard_expansion_ambiguity
5545e3b0e8f5409f69c4,slug_only,aws-amplify/docs,/cli-legacy/graphql-transformer/dataaccess,/javascript/tools/cli-legacy/data-access-patterns,/,literal,other
55a9022d7b2135ee6632,slug_only,aws-amplify/docs,/console/storage/file-browser,/javascript/tools/console/storage/file-browser,/,literal,other
55b8ea2f072fd9d9c7bc,slug_only,aws-amplify/docs,/sdk/auth/federated-identities/q/platform/android,/android/sdk/auth/federated-identities,/,literal,other
55ebba82c1abe9553193,slug_only,aws-amplify/docs,/lib/storage/triggers/q/platform/ios,/swift/build-a-backend/storage/lambda-triggers,/,literal,other
55f6704e519648e77d55,slug_only,hashicorp/terraform-website,/docs/providers/ovh/guides/:path*,/providers/ovh/ovh/latest/docs/guides/:path*,/providers/AviatrixSystems/aviatrix/latest/docs/guides/:path*,placeholder,wildcard_expansion_ambiguity
55fb3e1e445168ccf864,slug_only,aws-amplify/docs,/lib/graphqlapi/existing-resources/q/platform/flutter,/flutter/build-a-backend/graphqlapi/existing-resources,/flutter,literal,other
5619bdd170c5604d74a2,slug_only,fluxcd/website,/flagger/usage/progressive-delivery,/flagger/tutorials/istio-progressive-delivery,/en/flagger/tutorials/apisix-progressive-delivery,literal,other
56407f98f58479273e65,slug_only,aws-amplify/docs,/lib-v1/pubsub/subunsub/q/platform/react-native,/gen1/react-native/prev/build-a-backend/more-features/pubsub/subscribe,/,literal,other
56aa6d7c6cfd8d6efe86,slug_only,aws-amplify/docs,/start/getting-started/hosting/q/integration/angular,/angular/start/getting-started/hosting,/,literal,other
56c6dfd06852dc787460,slug_only,aws-amplify/docs,/swift/build-a-backend/functions/connect-rest-api,/swift/build-a-backend/functions,/android/build-a-backend/restapi/set-up-rest-api,literal,many_to_one_merges
56cded35cf62d509f9d2,slug_only,withastro/docs,/:lang/guides/integrations-guide/image,/:lang/guides/images,/:lang/guides/astro-db,placeholder,wildcard_expansion_ambiguity
575aeed94d5e54b8c88b,slug_only,aws-amplify/docs,/guides/location-service/tracking-device-location/q/platform/ios,/swift/build-a-backend/more-features/geo/amazon-location-sdk,/,literal,other
576f13f91841edf388ac,slug_only,withastro/docs,/:lang/migrate,/:lang/guides/upgrade-to/v1,/:lang/guides/migrate-to-astro,placeholder,wildcard_expansion_ambiguity
57c6ce80e800210aef91,slug_only,aws-amplify/docs,/lib/auth/signOut/q/platform/ios,/swift/build-a-backend/auth/sign-out,/,literal,other
57f0ddc606d38497dad5,slug_only,aws-amplify/docs,/lib/auth/access_credentials/q/platform/android,/android/build-a-backend/auth/accessing-credentials,/,literal,other
58a22e60eab45d45a41e,slug_only,aws-amplify/docs,/sdk,/swift/sdk,/android/build-a-backend/auth/sdk,literal,many_to_one_merges
58cfcfd546c232de02cb,slug_only,aws-amplify/docs,/angular/prev/build-a-backend,/gen1/angular/prev/build-a-backend,/gen1/android/prev/build-a-backend,literal,other
5937f4ee75b2a493e384,slug_only,aws-amplify/docs,/sdk/auth/federated-identities/q/platform/ios,/swift/sdk/auth/federated-identities,/,literal,other
594fa437bdd039e6dfd4,slug_only,aws-amplify/docs,/lib/q/platform/react-native,/react-native/tools/libraries,/,literal,other
595b8959c367637aa64f,slug_only,aws-amplify/docs,/sdk/q/platform/android,/android/sdk,/,literal,other
595d9ee17953cad1092b,slug_only,aws-amplify/docs,/[platform]/build-a-backend/existing-resources/cli,/react/build-a-backend/existing-resources/cli,/gen1/<platform>/tools/cli-legacy,wildcard,wildcard_expansion_ambiguity
59d472f7a60c7e33a79f,slug_only,aws-amplify/docs,/console/formbuilder/overview,/javascript/build-ui/formbuilder,/,literal,other
5a0feb2ce61dcd9e4ae2,slug_only,aws-amplify/docs,/react/build-ui/formbuilder/overrides,/gen1/react/build-ui/formbuilder/overrides,/,literal,other
5b1426d712b41f5fb279,slug_only,fluxcd/website,/flux/use-cases/openshift,/flux/installation/configuration/openshift,/en/flux/installation/configuration/openshift,literal,other
5b1e0722fcb97695366d,slug_only,aws-amplify/docs,/start/getting-started/hosting/q/integration/react,/react/start/getting-started/hosting,/,literal,other
5b28bdd863ced204cfda,slug_only,aws-amplify/docs,/gen2/reference,/react/reference,/,literal,other
5b503a49fcccf1067a3d,slug_only,aws-amplify/docs,/<platform>/build-a-backend/auth/delete-user-account,/gen1/<platform>/build-a-backend/auth/delete-user-account,/android/build-a-backend/auth/delete-user-account,placeholder,wildcard_expansion_ambiguity
5b7602f8305d8e690c83,slug_only,aws-amplify/docs,/[platform]/tools/cli-legacy/config-params,/react/tools/cli-legacy/config-params,/,wildcard,wildcard_expansion_ambiguity
5bd8c270b3f702020aaf,slug_only,hashicorp/terraform-website,/language/v1.2.x/upgrade-guides/0-9,/language/v1.1.x/upgrade-guides/0-9,/language/upgrade-guides/0-9,literal,many_to_one_merges
5bea286cf1e801bc7b60,slug_only,aws-amplify/docs,/nextjs/prev/start/project-setup/create-application,/gen1/nextjs/prev/start/project-setup/create-application,/gen1/angular/prev/start/project-setup/create-application,literal,other
5cc85ea169131595d77b,slug_only,aws-amplify/docs,/cli/commands/interactions,/javascript/tools/cli/commands,/,literal,many_to_one_merges
5d3b8c302a2e636fa376,slug_only,aws-amplify/docs,/lib-v1/datastore/real-time/q/platform/javascript,/gen1/javascript/prev/build-a-backend/more-features/datastore/real-time,/,literal,other
5d708e6007f454a5ab04,slug_only,aws-amplify/docs,/lib-v1/storage/configureaccess/q/platform/js,/gen1/javascript/prev/build-a-backend/storage/configure-access,/,literal,other
5db06dfd38d2ca5f68bc,slug_only,aws-amplify/docs,/lib-v1/graphqlapi/authz/q/platform/js,/gen1/javascript/prev/build-a-backend/graphqlapi/customize-authz-modes,/,literal,other
5dd795e006b6d8b9c789,slug_only,aws-amplify/docs,/lib/graphqlapi/concepts/q/platform,/react/build-a-backend/graphqlapi/api-graphql-concepts,/,literal,many_to_one_merges
5df1652310b00fb9e1ac,slug_only,hashicorp/terraform-website,/docs/providers/statuscake/d/:path*,/providers/StatusCakeDev/statuscake/latest/docs/data-sources/:path*,/providers/AviatrixSystems/aviatrix/latest/docs/data-sources/:path*,placeholder,wildcard_expansion_ambiguity
5e67dcb6a926ed34cb4a,slug_only,aws-amplify/docs,/lib/graphqlapi/working-with-files/q/platform/js,/javascript/build-a-backend/graphqlapi/working-with-files,/,literal,many_to_one_merges
5e8a64476b664638f1ae,slug_only,denoland/docs,/examples/tutorials/file_server,/examples/file_server_tutorial,/examples/tutorials/file_server,literal,other
5ef9d3008cb4844ee5d9,slug_only,aws-amplify/docs,/lib/graphqlapi/cancel-request/q/platform/js,/javascript/build-a-backend/graphqlapi/mutate-data,/,literal,other
5f154d39ef4953ee4a98,slug_only,aws-amplify/docs,/swift/build-a-backend/auth/switch-auth,/gen1/swift/build-a-backend/auth/switch-auth,/gen1/android/build-a-backend/auth/switch-auth,literal,other
5f88e4b480c034f6c041,slug_only,aws-amplify/docs,/lib/storage/getting-started/q/platform/js,/javascript/build-a-backend/storage/set-up-storage,/,literal,other
60322e029b27f8fe0084,slug_only,aws-amplify/docs,/lib-v1/auth/auth-events/q/platform/js,/gen1/javascript/prev/build-a-backend/auth/auth-events,/,literal,other
605749445f4aa256a9d8,slug_only,aws-amplify/docs,/cli-legacy/graphql-transformer/function,/javascript/tools/cli-legacy/function-directive,/,literal,other
60aeaa135c7830a91903,slug_only,aws-amplify/docs,/android/build-a-backend/functions/cognito-trigger-lambda-dynamodb,/android/build-a-backend/functions,/android/build-a-backend/storage/lambda-triggers,literal,many_to_one_merges
60b6a17542c1dec2ee5d,slug_only,denoland/docs,/examples/tutorials/qwik,/examples/qwik_tutorial,/examples/tutorials/qwik,literal,other
60f609ff501ad2da6fe9,slug_only,hashicorp/terraform-website,/enterprise/before-installing,/enterprise/install/pre-install-checklist,/.github/pull_request_template,literal,many_to_one_merges
60fa86a2096d20ced040,slug_only,aws-amplify/docs,/[platform]/build-a-backend/push-notifications/set-up-push-service,/react/build-a-backend/push-notifications/set-up-push-service,/android/build-a-backend/push-notifications/set-up-push-service,wildcard,wildcard_expansion_ambiguity
616811fe059073820a64,slug_only,hashicorp/terraform-website,/docs/providers/azurerm(/index.html),/providers/hashicorp/azurerm/latest/docs,/.github/pull_request_template,wildcard,wildcard_expansion_ambiguity
61c9ddc83a506931f2fd,slug_only,aws-amplify/docs,/lib/analytics/getting-started,/javascript/build-a-backend/more-features/analytics,/android/sdk/auth/getting-started,literal,other
61eb77d9f615752e1b83,slug_only,hashicorp/terraform-website,/docs/providers/azurerm/d/:path*,/providers/hashicorp/azurerm/latest/docs/data-sources/:path*,/providers/AviatrixSystems/aviatrix/latest/docs/data-sources/:path*,placeholder,wildcard_expansion_ambiguity
61fc982a6bf992ab6f7d,slug_only,aws-amplify/docs,/lib/auth/signin_with_custom_flow/q/platform/ios,/swift/build-a-backend/auth/sign-in-custom-flow,/,literal,other
626e75f0be877cb02488,slug_only,aws-amplify/docs,/lib-v1/auth/escapehatch/q/platform/android,/gen1/android/prev/build-a-backend/auth/sdk,/,literal,other
62e99cf53c740102021c,slug_only,aws-amplify/docs,/api/swagger-ui,/,/android/build-a-backend/auth/sign-in-with-web-ui,literal,many_to_one_merges
62f38830a29eab7917c2,slug_only,hashicorp/terraform-website,/cloud,/products/terraform,/.github/pull_request_template,literal,no_lexical_overlap_after_ia_rewrite
63119045f77e84f9231d,slug_only,aws-amplify/docs,/cli/reference/ssm-parameter-store,/javascript/tools/cli/reference/ssm-parameter-store,/,literal,other
63ba30465aedf5461c88,slug_only,withastro/docs,/:lang/guides/aliases,/:lang/guides/imports,/:lang/guides/astro-db,placeholder,wildcard_expansion_ambiguity
640e3c5b6e7f8d838d22,slug_only,aws-amplify/docs,/ui-legacy/interactions/chatbot/<*>,/angular/getting-started/migration,/,placeholder,wildcard_expansion_ambiguity
6464017c73108eb35984,slug_only,aws-amplify/docs,/lib/logging/configure-user/q/platform/ios,/swift/build-a-backend/more-features/logging/configure-user,/,literal,other
6467007955cfb75ccae7,slug_only,aws-amplify/docs,/lib-v1/project-setup/use-existing-resources/q/platform/ios,/gen1/swift/prev/start/project-setup,/,literal,many_to_one_merges
646a28f7429531407cf1,slug_only,denoland/docs,/runtime/reference/deploying_and_embedding,/deploy/classic,/runtime/reference/jsx,literal,many_to_one_merges
647f2fc04e8281935973,slug_only,aws-amplify/docs,/guides/functions/dynamodb-from-js-lambda/q/platform/js,/javascript/build-a-backend/functions,/,literal,many_to_one_merges
64eb59b69b532039f4b5,slug_only,aws-amplify/docs,/[platform]/build-a-backend/restapi/test-api,/react/build-a-backend/restapi/test-api,/amplify-js/api,wildcard,wildcard_expansion_ambiguity
64ebf65044377c2cf96e,slug_only,aws-amplify/docs,/gen2/start/configure-account,/gen2/start/account-setup,/android/build-a-backend/more-features/logging/configure-user,literal,other
64f6fa4dbddb82101316,slug_only,aws-amplify/docs,/lib/in-app-messaging/getting-started/q/platform/js,/javascript/build-a-backend/more-features/in-app-messaging/set-up-in-app-messaging,/,literal,many_to_one_merges
6512ed6ddd370b71501e,slug_only,aws-amplify/docs,/lib-v1/auth/auth-events/q/platform/android,/gen1/android/prev/build-a-backend/auth/auth-events,/,literal,other
655617accef26be956ea,slug_only,aws-amplify/docs,/[platform]/build-a-backend/utilities,/react/build-a-backend/utilities,/gen1/<platform>/build-a-backend/utilities,wildcard,wildcard_expansion_ambiguity
656ea431465e90eef333,slug_only,aws-amplify/docs,/lib-v1/predictions/label-image/q/platform/ios,/gen1/swift/prev/build-a-backend/more-features/predictions/label-image,/,literal,other
657a28d753362c6806be,slug_only,withastro/docs,/:lang/guides/deploy/google-firebase,/:lang/guides/deploy/firebase,/:lang/guides/backend/firebase,placeholder,wildcard_expansion_ambiguity
65ad23d4826f43bcef08,slug_only,aws-amplify/docs,/lib/utilities/cache/q/platform/js,/javascript/build-a-backend/utilities/cache,/,literal,other
65f8dc1c08741d487c2b,slug_only,fluxcd/website,/docs/contributing/flux2,/flux/contributing/flux,/CODE_OF_CONDUCT,literal,soft_404_or_thin_pages
66a43ed058322ffc80fc,slug_only,aws-amplify/docs,/lib-v1/storage/existing-resources/q/platform/ios,/gen1/swift/prev/build-a-backend/storage/existing-resources,/,literal,other
685030df9863aeb44e27,slug_only,aws-amplify/docs,/lib-v1/datastore/real-time/q/platform/ios,/gen1/swift/prev/build-a-backend/more-features/datastore/real-time,/,literal,other
68c47ad7f5316cd9dff2,slug_only,aws-amplify/docs,/lib-v1/geo/maps/q/platform/ios,/gen1/swift/prev/build-a-backend/more-features/geo/maps,/,literal,other
68cdf791be963ca3b438,slug_only,aws-amplify/docs,/cli/graphql/authorization,/react/build-a-backend/graphqlapi/customize-authorization-rules,/,literal,other
68cff72c9c30dc975791,slug_only,withastro/docs,/:lang/community-resources/content,/:lang/recipes,/:lang/guides/content-collections,placeholder,wildcard_expansion_ambiguity
68d78988281c47a1b313,slug_only,hashicorp/terraform-website,/enterprise/user-management/saml,/enterprise/saml/configuration,/.github/pull_request_template,literal,other
68fd7918466b4f37af22,slug_only,aws-amplify/docs,/lib/logging/configure-user/q/platform/android,/android/build-a-backend/more-features/logging/configure-user,/,literal,other
6933790f866f51ccf011,slug_only,aws-amplify/docs,/[platform]/build-a-backend/more-features/predictions/sdk,/react/build-a-backend/more-features/predictions/sdk,/android/build-a-backend/auth/sdk,wildcard,wildcard_expansion_ambiguity
69472eb00ed292c8230e,slug_only,aws-amplify/docs,/lib-v1/geo/search/q/platform/ios,/gen1/swift/prev/build-a-backend/more-features/geo/location-search,/,literal,other
6986597e33c9d79b738a,slug_only,withastro/docs,/comparing-astro-vs-other-tools,/en/guides/migrate-to-astro,/:lang/basics/astro-components,literal,many_to_one_merges
6a0ce8e6a4021f61ffb9,slug_only,aws-amplify/docs,/guides/functions/dynamodb-from-js-lambda/q/platform/ios,/swift/build-a-backend/functions,/,literal,many_to_one_merges
6a56c3884d0de5d8fd03,slug_only,hashicorp/terraform-website,/docs/providers/panos(/index.html),/providers/PaloAltoNetworks/panos/latest/docs,/.github/pull_request_template,wildcard,wildcard_expansion_ambiguity
6af096ad2702aa1282ec,slug_only,aws-amplify/docs,/cli/graphql/offline-data-access-and-conflict-resolution,/javascript/build-a-backend/more-features/datastore/conflict-resolution,/android/build-a-backend/more-features/datastore/conflict-resolution,literal,other
6b104f19d6992c8a3c06,slug_only,aws-amplify/docs,/react/build-ui/formbuilder/call-to-action,/gen1/react/build-ui/formbuilder/call-to-action,/android/build-a-backend/more-features/datastore/sync-to-cloud,literal,other
6b2486fd409fcb699d22,slug_only,aws-amplify/docs,/lib/auth/auth-events/q/platform/flutter,/flutter/build-a-backend/auth/auth-events,/flutter,literal,other
6b49a2b95de39a7192d1,slug_only,aws-amplify/docs,/sdk/auth/device-features/q/platform/ios,/swift/sdk/auth/device-features,/,literal,other
6b5b9f8e28e6115111c5,slug_only,aws-amplify/docs,/lib/ssr/q/platform/angular,/angular/build-a-backend/server-side-rendering,/,literal,other
6c6fc45d67721e6d94bd,slug_only,aws-amplify/docs,/sdk/analytics/endpoints/q/platform/android,/android/sdk/analytics/endpoints,/,literal,other
6c79562c90a4ee6060ca,slug_only,aws-amplify/docs,/lib/graphqlapi/graphql-from-nodejs/q/platform/js,/javascript/build-a-backend/graphqlapi/connect-from-server-runtime,/,literal,many_to_one_merges
6c8da379050ac1f0513d,slug_only,aws-amplify/docs,/[platform]/build-a-backend/auth/managing-credentials,/react/build-a-backend/auth/managing-credentials,/gen1/<platform>/build-a-backend/auth/managing-credentials,wildcard,wildcard_expansion_ambiguity
6ccda3f9e9f794861b38,slug_only,aws-amplify/docs,/lib-v1/auth/access_credentials/q/platform/ios,/gen1/swift/prev/build-a-backend/auth/accessing-credentials,/,literal,other
6ce30a3021c6c932c0ff,slug_only,aws-amplify/docs,/cli/graphql/search-and-result-aggregations,/javascript/build-a-backend/graphqlapi/search-and-result-aggregations,/gen1/javascript/prev/build-a-backend/more-features/geo/location-search,literal,other
6d3f9847578481ad414d,slug_only,hashicorp/terraform-website,/docs/providers/tls(/index.html),/providers/hashicorp/tls/latest/docs,/.github/pull_request_template,wildcard,wildcard_expansion_ambiguity
6d7a9ce4400cf2848f38,slug_only,aws-amplify/docs,/lib-v1/pubsub/publish/q/platform/react-native,/gen1/react-native/prev/build-a-backend/more-features/pubsub/publish,/,literal,other
6d8b5ea240ac35f71465,slug_only,aws-amplify/docs,/lib-v1/auth/password_management/q/platform/react-native,/gen1/react-native/prev/build-a-backend/auth/manage-passwords,/,literal,other
6dddaa4c58653b0988aa,slug_only,hashicorp/terraform-website,/docs/providers/openstack(/index.html),/providers/terraform-provider-openstack/openstack/latest/docs,/.github/pull_request_template,wildcard,wildcard_expansion_ambiguity
6df2c3a4e81c444c97e9,slug_only,aws-amplify/docs,/lib-v1/in-app-messaging/clear-messages/q/platform/js,/gen1/javascript/prev/build-a-backend/more-features/in-app-messaging/clear-messages,/,literal,other
6edfb168ee9c2d341718,slug_only,aws-amplify/docs,/cli-legacy/graphql-transformer/examples,/javascript/tools/cli-legacy/examples,/,literal,other
6f7e0114d8a673c261a3,slug_only,aws-amplify/docs,/lib-v1/auth/password_management/q/platform/android,/gen1/android/prev/build-a-backend/auth/manage-passwords,/,literal,other
6f8a81a3e3ab0ab937a4,slug_only,aws-amplify/docs,/lib/project-setup/coroutines/q/platform/ios,/swift/start/project-setup,/,literal,other
6fb1dc2e90e624572430,slug_only,hashicorp/terraform-website,/docs/providers/nomad(/index.html),/providers/hashicorp/nomad/latest/docs,/.github/pull_request_template,wildcard,wildcard_expansion_ambiguity
6fbd71e6f55511614da8,slug_only,aws-amplify/docs,/sdk/push-notifications/getting-started,/gen1/swift/sdk/push-notifications/getting-started,/android/sdk/auth/getting-started,literal,other
6fda3b8f9a7f7ac82bd4,slug_only,aws-amplify/docs,/guides/api-rest/express-server/q/platform/ios,/swift/build-a-backend/restapi,/,literal,no_lexical_overlap_after_ia_rewrite
6fde3a82a7ecb1732082,slug_only,aws-amplify/docs,/lib/in-app-messaging/customize/q/platform/js,/react/connected-components/in-app-messaging,/,literal,other
6fe34ad1322305241dd4,slug_only,aws-amplify/docs,/lib-v1/in-app-messaging/identify-user/q/platform/react-native,/gen1/react-native/prev/build-a-backend/more-features/in-app-messaging/identify-user,/,literal,other
704317579a9b950910ea,slug_only,aws-amplify/docs,/<platform>/build-a-backend/restapi,/gen1/<platform>/build-a-backend/restapi,/android/build-a-backend/restapi,placeholder,wildcard_expansion_ambiguity
709c623569e0e7a521f8,slug_only,aws-amplify/docs,/start/getting-started/hosting/q/integration/js,/javascript/start/getting-started/hosting,/,literal,other
711b7ab4956e58d774ec,slug_only,aws-amplify/docs,/lib/analytics/identifyuser/q/platform/android,/android/build-a-backend/more-features/analytics/identify-user,/,literal,other
714ef80817512d2d6103,slug_only,hashicorp/terraform-website,/docs/providers/gitlab/d/:path*,/providers/gitlabhq/gitlab/latest/docs/data-sources/:path*,/providers/AviatrixSystems/aviatrix/latest/docs/data-sources/:path*,placeholder,wildcard_expansion_ambiguity
7161b43e343597241858,slug_only,aws-amplify/docs,/lib-v1/interactions/chatbot/q/platform/react-native,/gen1/react-native/prev/build-a-backend/more-features/interactions/chatbot,/,literal,other
716f60a3770d6ffa5199,slug_only,aws-amplify/docs,/lib-v1/restapi/existing-resources/q/platform/js,/javascript/build-a-backend/restapi/existing-resources,/,literal,other
71ccd93cb3e54a1881cc,slug_only,aws-amplify/docs,/lib/graphqlapi/mutate-data,/react/build-a-backend/graphqlapi/custom-business-logic,/gen1/flutter/prev/build-a-backend/graphqlapi/mutate-data,literal,other
71eb48dc0648d6af549c,slug_only,aws-amplify/docs,/lib/utilities/i18n/q/platform/js,/javascript/build-a-backend/utilities/i18n,/,literal,other
72478062ab6bfb88474b,slug_only,aws-amplify/docs,/cli/storage/overview,/javascript/build-a-backend/storage/configure-storage,/,literal,other
729fe0119d3251d16350,slug_only,aws-amplify/docs,/lib/graphqlapi/subscribe-data/q/platform/react-native,/react-native/build-a-backend/graphqlapi/subscribe-data,/,literal,other
7332722479d53a3ca7bc,slug_only,aws-amplify/docs,/start/getting-started/nextsteps/q/integration/angular,/angular/start/getting-started/nextsteps,/,literal,other
737de1862fc9d7de33b9,slug_only,aws-amplify/docs,/cli/usage/headless,/javascript/tools/cli/usage/headless,/,literal,other
73c907aa0506c2efb66f,slug_only,aws-amplify/docs,/lib/analytics/record/q,/react/build-a-backend/more-features/analytics/record-events,/,literal,many_to_one_merges
73f0f1967926100e50ba,slug_only,aws-amplify/docs,/lib/graphqlapi/getting-started/q/platform/react-native,/react-native/build-a-backend/graphqlapi/set-up-graphql-api,/,literal,other
742545f050e435305c21,slug_only,aws-amplify/docs,/lib-v1/predictions/interpret/q/platform/react-native,/gen1/react-native/prev/build-a-backend/more-features/predictions/interpret-sentiment,/,literal,other
742c8fa054b74e308de1,slug_only,aws-amplify/docs,/lib/datastore/conflict/q/platform/android,/android/build-a-backend/more-features/datastore/conflict-resolution,/,literal,other
7478c6002619ff14b9f3,slug_only,aws-amplify/docs,/lib-v1/analytics/escapehatch,/gen1/react/prev/build-a-backend/more-features/analytics,/,literal,other
74c6c663d0f22c08ff52,slug_only,aws-amplify/docs,/lib/auth/getting-started/q/platform/flutter,/flutter/build-a-backend/auth/set-up-auth,/flutter,literal,other
74fc9a190697d5adb1b9,slug_only,aws-amplify/docs,/lib/utilities/serviceworker/q/platform/js,/javascript/build-a-backend/utilities/service-worker,/,literal,other
751399004d86a67d0653,slug_only,aws-amplify/docs,/lib-v1/storage/getting-started/q/platform/js,/gen1/javascript/prev/build-a-backend/storage/set-up-storage,/,literal,other
7524d9af8f3cb4daabe9,slug_only,aws-amplify/docs,/start/getting-started/setup/q/integration/android,/android/start/getting-started/setup,/,literal,other
7569ca90848dc549264d,slug_only,aws-amplify/docs,/lib/push-notifications/setup-push-service/q/platform/android,/android/build-a-backend/push-notifications/set-up-push-service,/,literal,other
7584c3054408748e7bd2,slug_only,aws-amplify/docs,/lib/restapi/getting-started/q/platform/ios,/swift/build-a-backend/restapi/set-up-rest-api,/,literal,other
75978a96b5a53689174e,slug_only,aws-amplify/docs,/lib/restapi/existing-resources/q/platform/android,/android/build-a-backend/restapi/existing-resources,/,literal,other
75be646b8c78d59288c9,slug_only,aws-amplify/docs,/lib-v1/graphqlapi/subscribe-data/q/platform/android,/gen1/android/prev/build-a-backend/graphqlapi/subscribe-data,/,literal,other
764675e1411903d63501,slug_only,aws-amplify/docs,/lib/storage/upload/q/platform/js,/javascript/build-a-backend/storage/upload,/,literal,other
7657b753e9da5d3156f9,slug_only,aws-amplify/docs,/cli/function/layers,/javascript/build-a-backend/functions/layers,/gen1/<platform>/build-a-backend/functions/layers,literal,other
7688a217449dd33853a7,slug_only,aws-amplify/docs,/swift/build-a-backend/functions/appsync-operations-to-lambda-layer,/swift/build-a-backend/graphqlapi/client-code-generation,/android/build-a-backend/storage/lambda-triggers,literal,other
76bf4cf82706cc0571b4,slug_only,aws-amplify/docs,/console/tutorial/buildui,/javascript/tools/console/tutorial/buildui,/,literal,other
76f6c40ac7f5ed65b74c,slug_only,hashicorp/terraform-website,/docs/providers/gridscale/guides/:path*,/providers/gridscale/gridscale/latest/docs/guides/:path*,/providers/AviatrixSystems/aviatrix/latest/docs/guides/:path*,placeholder,wildcard_expansion_ambiguity
77562979ee74f8c4a933,slug_only,aws-amplify/docs,/nextjs/build-a-backend/storage/storage-v5-to-v6-migration-guide,/gen1/nextjs/build-a-backend/storage/storage-v5-to-v6-migration-guide,/gen1/javascript/build-a-backend/storage/storage-v5-to-v6-migration-guide,literal,other
77b6d508c4366f90466a,slug_only,aws-amplify/docs,/start/getting-started/auth/q/integration/react,/react/start/getting-started/auth,/,literal,other
77e30515e5450cffb320,slug_only,aws-amplify/docs,/cli/function/configure-options,/javascript/build-a-backend/functions/configure-options,/android/build-a-backend/more-features/logging/configure-user,literal,many_to_one_merges
7844515664b4c3f26476,slug_only,aws-amplify/docs,/react/start/quickstart/nextjs-pages-router,/react/start/quickstart,/gen1/angular/build-a-backend/server-side-rendering/nextjs,literal,many_to_one_merges
7854bc5040e4c66359bc,slug_only,aws-amplify/docs,/lib-v1/auth/signin/q/platform/android,/gen1/android/prev/build-a-backend/auth/enable-sign-in,/,literal,other
79373baff77661721aa1,slug_only,aws-amplify/docs,/lib-v1/project-setup/create-application/q/platform/js,/javascript/start/project-setup,/,literal,other
794f22bf43686014476b,slug_only,aws-amplify/docs,/lib-v1/datastore/data-access/q/platform/ios,/gen1/swift/prev/build-a-backend/more-features/datastore/manipulate-data,/,literal,other
79be2b84cb270fb1362f,slug_only,aws-amplify/docs,/lib/push-notifications/migrate-from-previous-version/q/platform/react-native,/gen1/react-native/prev/build-a-backend/push-notifications/migrate-from-previous-version,/,literal,other
79ed04a740907a2bd018,slug_only,hashicorp/terraform-website,/docs/providers/sumologic/d/:path*,/providers/SumoLogic/sumologic/latest/docs/data-sources/:path*,/providers/AviatrixSystems/aviatrix/latest/docs/data-sources/:path*,placeholder,wildcard_expansion_ambiguity
7a3d688cc5a00b1b3ccb,slug_only,withastro/docs,/en/guides/debugging,/en/guides/troubleshooting,/en/guides/actions,literal,other
7a4995c32685da27dc5d,slug_only,hashicorp/terraform-website,/docs/providers/checkpoint/guides/:path*,/providers/CheckPointSW/checkpoint/latest/docs/guides/:path*,/providers/AviatrixSystems/aviatrix/latest/docs/guides/:path*,placeholder,wildcard_expansion_ambiguity
7a7e143964f43d5cb203,slug_only,fluxcd/website,/flagger/usage/appmesh-progressive-delivery,/flagger/tutorials/appmesh-progressive-delivery,/en/flagger/tutorials/appmesh-progressive-delivery,literal,other
7abecc6afd89b98ee92d,slug_only,hashicorp/terraform-website,/docs/providers/circonus(/index.html),/providers/circonus-labs/circonus/latest/docs,/.github/pull_request_template,wildcard,wildcard_expansion_ambiguity
7b1b6ec746ee15e1ef9a,slug_only,aws-amplify/docs,/react/start/mobile-support,/react/start,/,literal,other
7b643106ecf4c3aa53f5,slug_only,aws-amplify/docs,/lib/auth/user-attributes/q/platform/android,/android/build-a-backend/auth/managing-attributes,/,literal,other
7bbce6549391f43f4356,slug_only,aws-amplify/docs,/console/data/data-model,/javascript/tools/console/data/data-model,/android/build-a-backend/more-features/datastore/manipulate-data,literal,other
7bd56e40775cbc94b9a2,slug_only,denoland/docs,/examples/tutorials/solidjs,/examples/solidjs_tutorial,/examples/tutorials/solidjs,literal,other
7d3901832aa1073ee6b0,slug_only,aws-amplify/docs,/sdk/analytics/endpoints/q/platform/ios,/swift/sdk/analytics/endpoints,/,literal,other
7daa4b31fbc893f99d95,slug_only,aws-amplify/docs,/lib/graphqlapi/advanced-workflows/q/platform/js,/gen1/javascript/prev/build-a-backend/graphqlapi/advanced-workflows,/,literal,other
7e41d7cfc0d7b8dd87bb,slug_only,hashicorp/terraform-website,/docs/providers/aws/guides/:path*,/providers/hashicorp/aws/latest/docs/guides/:path*,/providers/AviatrixSystems/aviatrix/latest/docs/guides/:path*,placeholder,wildcard_expansion_ambiguity
7ece0ab7a6e5710196d2,slug_only,aws-amplify/docs,/lib-v1/storage/upload/q/platform/ios,/gen1/swift/prev/build-a-backend/storage/upload,/,literal,other
7f8468aa2bda4bc6bbf7,slug_only,hashicorp/terraform-website,/docs/providers/grafana(/index.html),/providers/grafana/grafana/latest/docs,/.github/pull_request_template,wildcard,wildcard_expansion_ambiguity
7fda64f02322f3cf7c70,slug_only,aws-amplify/docs,/lib/auth/manageusers/q/platform/react-native,/react-native/build-a-backend/auth/manage-user-profile,/,literal,other
7fefe999234385f38c28,slug_only,aws-amplify/docs,/lib/auth/user-attributes/q/platform/ios,/swift/build-a-backend/auth/managing-attributes,/,literal,many_to_one_merges
8000e4ce3f790c27063c,slug_only,aws-amplify/docs,/lib-v1/datastore/real-time/q/platform/flutter,/gen1/flutter/prev/build-a-backend/more-features/datastore/real-time,/flutter,literal,other
806e86a6b4aceb993665,slug_only,hashicorp/terraform-website,/docs/providers/cloudamqp(/index.html),/providers/cloudamqp/cloudamqp/latest/docs,/.github/pull_request_template,wildcard,wildcard_expansion_ambiguity
8106251b07f7281bdef8,slug_only,hashicorp/terraform-website,/docs/providers/consul/guides/:path*,/providers/hashicorp/consul/latest/docs/guides/:path*,/providers/AviatrixSystems/aviatrix/latest/docs/guides/:path*,placeholder,wildcard_expansion_ambiguity
810b8f99576aafd825e8,slug_only,hashicorp/terraform-website,/docs/providers/tfe(/index.html),/providers/hashicorp/tfe/latest/docs,/.github/pull_request_template,wildcard,wildcard_expansion_ambiguity
81637076b3ef3e2625e3,slug_only,aws-amplify/docs,/lib-v1/datastore/setup-auth-rules/q/platform/flutter,/gen1/flutter/prev/build-a-backend/more-features/datastore/authz-rules-setup,/flutter,literal,other
81f655e60e48da2a73ef,slug_only,aws-amplify/docs,/gen2/build-a-backend/<category>/<page>,/react/build-a-backend/<category>/<page>,/gen1/<platform>/prev/build-a-backend/<category>/<page>,placeholder,wildcard_expansion_ambiguity
827199913842f3030fa9,slug_only,aws-amplify/docs,/lib-v1/auth/signin/q/platform/js,/gen1/javascript/prev/build-a-backend/auth/enable-sign-up,/,literal,other
8275845db66f7d97a8e0,slug_only,aws-amplify/docs,/lib/push-notifications/identify-user/q/platform/react-native,/react-native/build-a-backend/push-notifications/identify-user,/,literal,other
829ed9e7cf705d172efb,slug_only,aws-amplify/docs,/vue/build-a-backend/auth/admin-actions/sssieddgdpathxsx,/vue/build-a-backend/auth/admin-actions,/,literal,other
82b2df876732a2754591,slug_only,hashicorp/terraform-website,/docs/providers/nomad/r/:path*,/providers/hashicorp/nomad/latest/docs/resources/:path*,/providers/AviatrixSystems/aviatrix/latest/docs/data-sources/:path*,placeholder,wildcard_expansion_ambiguity
82b5f415f11e14d1f44f,slug_only,aws-amplify/docs,/lib/auth/guest_access/q/platform/ios,/swift/build-a-backend/auth/enable-guest-access,/,literal,other
82e5c9c1020d26bd2a11,slug_only,aws-amplify/docs,/lib-v1/graphqlapi/authz/q/platform/react-native,/gen1/react-native/prev/build-a-backend/graphqlapi/customize-authz-modes,/,literal,other
82ea60267a9090ed2427,slug_only,aws-amplify/docs,/lib-v1/auth/signin/q/platform/flutter,/gen1/flutter/prev/build-a-backend/auth/enable-sign-in,/flutter,literal,other
82f2d6c13f76115f3b28,slug_only,aws-amplify/docs,/react-native/build-a-backend/storage/copy,/gen1/react-native/build-a-backend/storage/copy,/,literal,other
833cc75de119829841fe,slug_only,aws-amplify/docs,/sdk/auth/drop-in-auth/q/platform/android,/android/sdk/auth/drop-in-auth,/,literal,other
8363012bf35f53ac3ab8,slug_only,aws-amplify/docs,/ai,/react/ai/set-up-ai,/android/build-a-backend/restapi/gen-ai,literal,other
837704e6ceb4c59c5307,slug_only,aws-amplify/docs,/sdk/storage/graphql-api/q/platform/ios,/swift/sdk/storage/graphql-api,/,literal,other
83bf510a9e7ab357a27d,slug_only,aws-amplify/docs,/start/getting-started/setup/q/integration/vue,/vue/start/getting-started/setup,/,literal,other
83c06978dea67de4d54b,slug_only,hashicorp/terraform-website,/docs/providers/fortios/guides/:path*,/providers/fortinetdev/fortios/latest/docs/guides/:path*,/providers/AviatrixSystems/aviatrix/latest/docs/guides/:path*,placeholder,wildcard_expansion_ambiguity
840cd60d1c692cc4e54a,slug_only,aws-amplify/docs,/lib/datastore/conflict/q/platform/angular,/angular/build-a-backend/more-features/datastore/conflict-resolution,/,literal,other
84a3c1d7ce452a0b8d64,slug_only,aws-amplify/docs,/lib/storage/list/q/platform/ios,/swift/build-a-backend/storage/list,/,literal,other
85095034a2ccada14153,slug_only,hashicorp/terraform-website,/docs/providers/github/r/:path*,/providers/integrations/github/latest/docs/resources/:path*,/providers/AviatrixSystems/aviatrix/latest/docs/data-sources/:path*,placeholder,wildcard_expansion_ambiguity
85d5d7e499a43055a754,slug_only,aws-amplify/docs,/lib-v1/storage/cancel-requests/q/platform/react-native,/gen1/react-native/prev/build-a-backend/storage/cancel-requests,/,literal,other
85efdca356688f4bcbf3,slug_only,hashicorp/terraform-website,/docs/providers/openstack/d/:path*,/providers/terraform-provider-openstack/openstack/latest/docs/data-sources/:path*,/providers/AviatrixSystems/aviatrix/latest/docs/data-sources/:path*,placeholder,wildcard_expansion_ambiguity
85f914a887c8352cdb7e,slug_only,withastro/docs,/,/en/getting-started,/:lang/tutorial/6-islands/4,literal,no_lexical_overlap_after_ia_rewrite
8603d8b2de67d48a9471,slug_only,aws-amplify/docs,/console/uibuilder/databinding,/javascript/build-ui/uibuilder/databinding,/,literal,other
86213a262726cd8e2420,slug_only,aws-amplify/docs,/sdk/auth/guest-access/q/platform/ios,/swift/sdk/auth/guest-access,/,literal,other
8643f6e5c1ebae6f9e2b,slug_only,hashicorp/terraform-website,/docs/providers/oktaasa/d/:path*,/providers/oktadeveloper/oktaasa/latest/docs/data-sources/:path*,/providers/AviatrixSystems/aviatrix/latest/docs/data-sources/:path*,placeholder,wildcard_expansion_ambiguity
86523265279c1a305c7f,slug_only,hashicorp/terraform-website,/docs/providers/oktaasa(/index.html),/providers/oktadeveloper/oktaasa/latest/docs,/.github/pull_request_template,wildcard,wildcard_expansion_ambiguity
8694cba8c5aa861dbaa1,slug_only,hashicorp/terraform-website,/docs/providers/aviatrix/r/:path*,/providers/AviatrixSystems/aviatrix/latest/docs/resources/:path*,/providers/AviatrixSystems/aviatrix/latest/docs/data-sources/:path*,placeholder,wildcard_expansion_ambiguity
86aa3dc537e69268acbb,slug_only,aws-amplify/docs,/lib/auth/getting-started/q/platform/react-native,/react-native/build-a-backend/auth/set-up-auth,/,literal,other
8703fba2c74ec1949d9b,slug_only,aws-amplify/docs,/lib-v1/push-notifications/testing/q/platform/react-native,/gen1/react-native/prev/build-a-backend/push-notifications/test-notifications,/,literal,other
87105fd7c57ce9b60372,slug_only,fluxcd/website,/flux/components/kustomize/kustomization,/flux/components/kustomize/kustomizations,/flux/components/helm,literal,other
8755f0cf1025c0ba2da6,slug_only,aws-amplify/docs,/lib-v1/in-app-messaging/resolve-conflicts/q/platform/js,/gen1/javascript/prev/build-a-backend/more-features/in-app-messaging/resolve-conflicts,/,literal,other
87b0751e470f280c63f0,slug_only,hashicorp/terraform-website,/docs/providers/incapsula/r/:path*,/providers/imperva/incapsula/latest/docs/resources/:path*,/providers/AviatrixSystems/aviatrix/latest/docs/data-sources/:path*,placeholder,wildcard_expansion_ambiguity
87d10fe9be65de0f18de,slug_only,hashicorp/terraform-website,/docs/providers/ado/d/:path*,/providers/microsoft/azuredevops/latest/docs/data-sources/:path*,/providers/AviatrixSystems/aviatrix/latest/docs/data-sources/:path*,placeholder,wildcard_expansion_ambiguity
87ee2fde4da514e6825e,slug_only,hashicorp/terraform-website,/docs/providers/powerdns/d/:path*,/providers/pan-net/powerdns/latest/docs/data-sources/:path*,/providers/AviatrixSystems/aviatrix/latest/docs/data-sources/:path*,placeholder,wildcard_expansion_ambiguity
8830fae0e11bce5a5d41,slug_only,aws-amplify/docs,/guides/api-rest/gen-ai/q/platform/android,/android/build-a-backend/restapi/gen-ai,/,literal,other
89335a046d6400fa3e21,slug_only,aws-amplify/docs,/lib/auth/escapehatch/q/platform/angular,/angular/build-a-backend/auth,/,literal,other
89c175da75ddb655d37d,slug_only,aws-amplify/docs,/lib/storage/configureaccess/q/platform/flutter,/flutter/build-a-backend/storage/configure-access,/flutter,literal,other
89eb33ec984cc7d9aad5,slug_only,aws-amplify/docs,/lib/graphqlapi/concepts/q,/react/build-a-backend/graphqlapi/api-graphql-concepts,/,literal,many_to_one_merges
8a63e9e0883c0eba671f,slug_only,aws-amplify/docs,/console/auth/import,/javascript/tools/console/auth/import,/gen1/<platform>/build-a-backend/storage/import,literal,other
8a7dc6f720348ddc5b18,slug_only,aws-amplify/docs,/lib/graphqlapi/subscribe-data/q/platform/flutter,/flutter/build-a-backend/graphqlapi/subscribe-data,/flutter,literal,other
8ab6efaa722abd77a844,slug_only,hashicorp/terraform-website,/docs/providers/vsphere/d/:path*,/providers/hashicorp/vsphere/latest/docs/data-sources/:path*,/providers/AviatrixSystems/aviatrix/latest/docs/data-sources/:path*,placeholder,wildcard_expansion_ambiguity
8b39d29c5ae4a45fc543,slug_only,aws-amplify/docs,/lib-v1/auth/social/q/platform/js,/gen1/javascript/prev/build-a-backend/auth/add-social-provider,/,literal,other
8b510a2885df6d083dbf,slug_only,hashicorp/terraform-website,/docs/providers/acme/d/:path*,/providers/vancluever/acme/latest/docs/data-sources/:path*,/providers/AviatrixSystems/aviatrix/latest/docs/data-sources/:path*,placeholder,wildcard_expansion_ambiguity
8c0612b719f51e627006,slug_only,hashicorp/terraform-website,/docs/providers/gridscale(/index.html),/providers/gridscale/gridscale/latest/docs,/.github/pull_request_template,wildcard,wildcard_expansion_ambiguity
8c39ffe16d7f520b9f46,slug_only,hashicorp/terraform-website,/docs/providers/baiducloud(/index.html),/providers/baidubce/baiducloud/latest/docs,/.github/pull_request_template,wildcard,wildcard_expansion_ambiguity
8c48a3e3d0beda87fb99,slug_only,aws-amplify/docs,/lib/storage/copy/q/platform/js,/javascript/build-a-backend/storage/copy,/,literal,other
8c4b0db9873a3a8044b8,slug_only,aws-amplify/docs,/[platform]/prev/build-a-backend/auth/delete-user-account,/gen1/react/prev/build-a-backend/auth/delete-user-account,/android/build-a-backend/auth/delete-user-account,wildcard,wildcard_expansion_ambiguity
8c52a0047abf2930fe80,slug_only,hashicorp/terraform-website,/docs/providers/vcd/d/:path*,/providers/vmware/vcd/latest/docs/data-sources/:path*,/providers/AviatrixSystems/aviatrix/latest/docs/data-sources/:path*,placeholder,wildcard_expansion_ambiguity
8c64252a30afe92a5704,slug_only,aws-amplify/docs,/lib/in-app-messaging/overview/q/platform/react-native,/react-native/build-a-backend/more-features/in-app-messaging,/,literal,other
8c81b28421e1589aede9,slug_only,aws-amplify/docs,/guides/api-graphql/image-and-file-uploads/q/platform/js,/javascript/build-a-backend/graphqlapi/working-with-files,/,literal,many_to_one_merges
8d2b6f4e7ba3af26ebfa,slug_only,aws-amplify/docs,/lib/geo/existing-resources/q/platform/android,/gen1/android/prev/build-a-backend/more-features/geo/existing-resources,/,literal,many_to_one_merges
8df25a1851ba93f8e355,slug_only,aws-amplify/docs,/[platform]/build-a-backend/more-features/predictions,/react/build-a-backend/more-features/predictions,/gen1/android/prev/build-a-backend/more-features/predictions/set-up-predictions,wildcard,wildcard_expansion_ambiguity
8e04516b3ed09f8e9fc7,slug_only,withastro/docs,/:lang/*,/:lang/404,/:lang/tutorial/6-islands/4,placeholder,wildcard_expansion_ambiguity
8fcaa7f0117d4881e256,slug_only,aws-amplify/docs,/lib/datastore/setup-auth-rules/q/platform/flutter,/flutter/build-a-backend/more-features/datastore/authz-rules-setup,/flutter,literal,other
8fdd1fa0e94049a90bce,slug_only,hashicorp/terraform-website,/docs/providers/null/d/:path*,/providers/hashicorp/null/latest/docs/data-sources/:path*,/providers/AviatrixSystems/aviatrix/latest/docs/data-sources/:path*,placeholder,wildcard_expansion_ambiguity
8ffaeb7409426b84086c,slug_only,aws-amplify/docs,/lib-v1/datastore/sync/q/platform/android,/gen1/android/prev/build-a-backend/more-features/datastore/sync-to-cloud,/,literal,other
902fa7f4994c503c7a98,slug_only,aws-amplify/docs,/react/prev,/gen1/react/prev,/gen1/angular/prev,literal,other
906ba2fce46d023bcf6b,slug_only,aws-amplify/docs,/lib-v1/auth/social/q/platform/flutter,/gen1/flutter/prev/build-a-backend/auth/add-social-provider,/flutter,literal,other
90702d744da119d49596,slug_only,fluxcd/website,/legacy/*,/flux/migration,/CODE_OF_CONDUCT,wildcard,wildcard_expansion_ambiguity
9072929269180e514697,slug_only,aws-amplify/docs,/sdk/storage/transfer-utility/q/platform/ios,/swift/sdk/storage/transfer-utility,/,literal,other
90c146e75eb56438b32e,slug_only,aws-amplify/docs,/react/start/configure,/react/start/account-setup,/android/build-a-backend/more-features/logging/configure-user,literal,other
90c8a86e8833ed041457,slug_only,hashicorp/terraform-website,/docs/providers/ksyun/r/:path*,/providers/kingsoftcloud/ksyun/latest/docs/resources/:path*,/providers/AviatrixSystems/aviatrix/latest/docs/data-sources/:path*,placeholder,wildcard_expansion_ambiguity
910cadb52aa5568ce15f,slug_only,aws-amplify/docs,/lib/geo/search/q/platform/js,/javascript/build-a-backend/more-features/geo/location-search,/,literal,other
9157ea108266afd4a215,slug_only,aws-amplify/docs,/lib-v1/auth/delete_user/q/platform/android,/gen1/android/prev/build-a-backend/auth/delete-user-account,/,literal,other
92a28c3480cbe56ba15b,slug_only,aws-amplify/docs,/lib/predictions/text-speech/q/platform/react-native,/react-native/build-a-backend/more-features/predictions/text-to-speech,/,literal,other
92a3fe2df49ee2bae5ab,slug_only,hashicorp/terraform-website,/docs/providers/baiducloud/guides/:path*,/providers/baidubce/baiducloud/latest/docs/guides/:path*,/providers/AviatrixSystems/aviatrix/latest/docs/guides/:path*,placeholder,wildcard_expansion_ambiguity
92cad3b867cb9d339e70,slug_only,aws-amplify/docs,/flutter/sdk/<*>,/flutter,/,placeholder,wildcard_expansion_ambiguity
92eda496ee7dced906aa,slug_only,hashicorp/terraform-website,/docs/providers/wavefront/r/:path*,/providers/vmware/wavefront/latest/docs/resources/:path*,/providers/AviatrixSystems/aviatrix/latest/docs/data-sources/:path*,placeholder,wildcard_expansion_ambiguity
93b1eeaae8a4c28f9203,slug_only,aws-amplify/docs,/lib-v1/auth/signin_web_ui/q/platform/ios,/gen1/swift/prev/build-a-backend/auth/sign-in-with-web-ui,/,literal,other
94246c48002d64726087,slug_only,aws-amplify/docs,/lib-v1/graphqlapi/getting-started/q/platform/android,/gen1/android/prev/build-a-backend/graphqlapi/set-up-graphql-api,/,literal,other
94279bb5ec4666551d21,slug_only,aws-amplify/docs,/lib-v1/datastore/setup-auth-rules/q/platform/next,/gen1/nextjs/prev/build-a-backend/more-features/datastore/authz-rules-setup,/,literal,other
942fc1f67607b9a4d026,slug_only,aws-amplify/docs,/react/build-a-backend/auth/switch-auth,/gen1/react/build-a-backend/auth/switch-auth,/gen1/android/build-a-backend/auth/switch-auth,literal,other
94e865153aa13f25a10b,slug_only,hashicorp/terraform-website,/docs/providers/azuredevops/d/:path*,/providers/microsoft/azuredevops/latest/docs/data-sources/:path*,/providers/AviatrixSystems/aviatrix/latest/docs/data-sources/:path*,placeholder,wildcard_expansion_ambiguity
94ea8cfd822841a7437c,slug_only,aws-amplify/docs,/[platform]/build-a-backend/troubleshooting/upgrade-amplify-packages,/react/build-a-backend/troubleshooting/upgrade-amplify-packages,/gen1/flutter/build-a-backend/troubleshooting/upgrade-amplify-packages,wildcard,wildcard_expansion_ambiguity
95926bf56d7f71d80ad6,slug_only,hashicorp/terraform-website,/docs/providers/sumologic(/index.html),/providers/SumoLogic/sumologic/latest/docs,/.github/pull_request_template,wildcard,wildcard_expansion_ambiguity
95ab4ac4c211bd91f575,slug_only,aws-amplify/docs,/lib/graphqlapi/connect/q/platform/js,/javascript/build-a-backend/graphqlapi/connect-api-to-existing-database,/,literal,other
95c0d724e5f068acea53,slug_only,aws-amplify/docs,/cli/reference/usage-data,/javascript/tools/cli/reference/usage-data,/android/build-a-backend/more-features/datastore/manipulate-data,literal,other
95fe207d6abb21bacf13,slug_only,aws-amplify/docs,/lib-v1/storage/escapehatch/q/platform/android,/gen1/android/prev/build-a-backend/storage/sdk,/,literal,other
960831ede1878038502c,slug_only,aws-amplify/docs,/lib/datastore/relational/q/platform/ios,/swift/build-a-backend/more-features/datastore/relational-models,/,literal,other
9618774adaa268c62921,slug_only,aws-amplify/docs,/lib/predictions/text-speech/q/platform/js,/javascript/build-a-backend/more-features/predictions/text-to-speech,/,literal,other
961a4f8d27aefbcbbbca,slug_only,aws-amplify/docs,/lib/datastore/datastore-events/q/platform/flutter,/flutter/build-a-backend/more-features/datastore/datastore-events,/flutter,literal,other
9643e96647e7eec5c788,slug_only,hashicorp/terraform-website,/docs/providers/rabbitmq/guides/:path*,/providers/cyrilgdn/rabbitmq/latest/docs/guides/:path*,/providers/AviatrixSystems/aviatrix/latest/docs/guides/:path*,placeholder,wildcard_expansion_ambiguity
96900f611863c75874c7,slug_only,aws-amplify/docs,/start/getting-started/integrate/q/integration/react-native,/gen1/react-native/build-a-backend/more-features/datastore/set-up-datastore,/,literal,other
969473f0de35830075e2,slug_only,aws-amplify/docs,/guides/hosting/nextjs/q/platform/js,/javascript/deploy-and-host/frameworks/deploy-nextjs-app,/,literal,other
96cb3060472e6b6aeaf4,slug_only,aws-amplify/docs,/lib/analytics/streaming/q/platform/react-native,/react-native/build-a-backend/more-features/analytics/streaming-data,/,literal,other
96f98ff1977cf0e587c7,slug_only,hashicorp/terraform-website,/docs/providers/linode(/index.html),/providers/linode/linode/latest/docs,/.github/pull_request_template,wildcard,wildcard_expansion_ambiguity
9700220f2dd9cf64e353,slug_only,fluxcd/website,/docs/components/notification/controller,/flux/components/notification,/CODE_OF_CONDUCT,literal,soft_404_or_thin_pages
972b368058252bc0382f,slug_only,hashicorp/terraform-website,/docs/providers/logicmonitor/guides/:path*,/providers/logicmonitor/logicmonitor/latest/docs/guides/:path*,/providers/AviatrixSystems/aviatrix/latest/docs/guides/:path*,placeholder,wildcard_expansion_ambiguity
982482d82f76f4bfc47d,slug_only,aws-amplify/docs,/lib-v1/graphqlapi/offline/q/platform/ios,/gen1/swift/prev/build-a-backend/graphqlapi/offline,/,literal,other
985179282d29224613b6,slug_only,aws-amplify/docs,/lib/analytics/record/q/platform/react-native,/react-native/build-a-backend/more-features/analytics/record-events,/,literal,other
991ee809837e188a823d,slug_only,aws-amplify/docs,/cli/commands/console,/javascript/tools/cli/commands,/gen1/<platform>/tools/console,literal,many_to_one_merges
99890ce62b515d956726,slug_only,hashicorp/terraform-website,/docs/providers/okta(/index.html),/providers/oktadeveloper/okta/latest/docs,/.github/pull_request_template,wildcard,wildcard_expansion_ambiguity
9999f22dc3bf688f14c3,slug_only,aws-amplify/docs,/[platform]/deploy-and-host/frameworks/deploy-gridsome-site,/react/deploy-and-host/frameworks/deploy-gridsome-site,/android/deploy-and-host,wildcard,wildcard_expansion_ambiguity
9a5b3c87ebe11ff021b7,slug_only,aws-amplify/docs,/gen2/start/<category>/<page>,/react/start/<category>/<page>,/gen1/<platform>/prev/build-a-backend/<category>/<page>,placeholder,wildcard_expansion_ambiguity
9a60039b04c969146bc7,slug_only,hashicorp/terraform-website,/docs/providers/vault/d/:path*,/providers/hashicorp/vault/latest/docs/data-sources/:path*,/providers/AviatrixSystems/aviatrix/latest/docs/data-sources/:path*,placeholder,wildcard_expansion_ambiguity
9acfe1ac207eed093ec2,slug_only,aws-amplify/docs,/guides/api-rest/gen-ai/q/platform/js,/javascript/build-a-backend/restapi/gen-ai,/,literal,other
9afcb31fe0d8123df4ad,slug_only,aws-amplify/docs,/react/prev/build-a-backend/troubleshooting/upgrade-amplify-packages/react/prev,/gen1/react/prev/build-a-backend/troubleshooting/upgrade-amplify-packages/react/prev,/gen1/angular/prev,literal,other
9b05590f6e0e5b4f1cf8,slug_only,aws-amplify/docs,/lib/push-notifications/register-device/q/platform/ios,/android/build-a-backend/push-notifications/register-device,/,literal,other
9bc2f3d31ff7506837e4,slug_only,aws-amplify/docs,/console/formbuilder/overrides,/javascript/build-ui/formbuilder/overrides,/,literal,other
9be623a5d37fe1dfed02,slug_only,aws-amplify/docs,/[platform]/tools/console/storage,/react/tools/console/storage,/gen1/android/prev/build-a-backend/storage,wildcard,wildcard_expansion_ambiguity
9bf2bbdabb39f94c0881,slug_only,aws-amplify/docs,/lib-v1/graphqlapi/offline/q/platform/flutter,/gen1/flutter/prev/build-a-backend/graphqlapi/offline,/flutter,literal,other
9c0deaf7408f0ce44d25,slug_only,fluxcd/website,/docs/contributing/docs/some-background,/fluxcd/website,/CODE_OF_CONDUCT,literal,soft_404_or_thin_pages
9d41dea203acef60a51c,slug_only,hashicorp/terraform-website,/docs/providers/tls/guides/:path*,/providers/hashicorp/tls/latest/docs/guides/:path*,/providers/AviatrixSystems/aviatrix/latest/docs/guides/:path*,placeholder,wildcard_expansion_ambiguity
9d5c1a96b78b4142e5f2,slug_only,aws-amplify/docs,/lib/restapi/fetch/q/platform/flutter,/flutter/build-a-backend/restapi/fetch-data,/flutter,literal,other
9dc6888c244668af8cea,slug_only,aws-amplify/docs,/react/build-a-backend/functions/dynamodb-from-lambda-nodejs,/react/build-a-backend/functions,/android/build-a-backend/storage/lambda-triggers,literal,other
9e0f79e27b215cc0a630,slug_only,withastro/docs,/core-concepts/collections,/en/guides/content-collections,/:lang/guides/content-collections,literal,other
9e12b4a650616fd60fc3,slug_only,aws-amplify/docs,/build-a-backend/add-aws-services/overriding-resources,/react/tools/cli/project/override-iam,/android/build-a-backend/restapi/existing-resources,literal,no_lexical_overlap_after_ia_rewrite
9e6794704480135b142c,slug_only,aws-amplify/docs,/lib-v1/auth/overview/q/platform/android,/gen1/android/prev/build-a-backend/auth/under-the-hood,/,literal,other
9e8b9cd1e0818665adb8,slug_only,aws-amplify/docs,/console/authz/authorization,/javascript/tools/console/authz,/,literal,other
9e9c78f8ac41257384ea,slug_only,aws-amplify/docs,/[platform]/build-a-backend/existing-resources,/react/build-a-backend/existing-resources,/gen1/<platform>/build-a-backend/existing-resources,wildcard,wildcard_expansion_ambiguity
9eb4d34cfb9c848db483,slug_only,withastro/docs,/en/getting-started/quick-start,/en/install-and-setup,/en/getting-started,literal,other
9ecf9b61c068cb6ee2d4,slug_only,aws-amplify/docs,/nextjs/build-a-backend/functions/appsync-operations-to-lambda-layer,/nextjs/build-a-backend/graphqlapi/client-code-generation,/android/build-a-backend/storage/lambda-triggers,literal,other
9ee03bb7184fe55d096c,slug_only,fluxcd/website,/flux/guides/notifications,/flux/monitoring/alerts,/CODE_OF_CONDUCT,literal,soft_404_or_thin_pages
9ee37a44a819fc1ba63a,slug_only,withastro/docs,/:lang/reference/experimental-flags/serialized-configuration,/:lang/reference/modules/astro-config,/:lang/reference/astro-syntax,placeholder,wildcard_expansion_ambiguity
9f2d723c0eb71095a389,slug_only,hashicorp/terraform-website,/docs/providers/azuredevops/r/:path*,/providers/microsoft/azuredevops/latest/docs/resources/:path*,/providers/AviatrixSystems/aviatrix/latest/docs/data-sources/:path*,placeholder,wildcard_expansion_ambiguity
9f3ce4e3a67827e8415c,slug_only,fluxcd/website,/flagger/how-it-works,/flagger/usage/how-it-works,/en/flagger/usage/how-it-works,literal,other
9f44041fa86b809dd018,slug_only,fluxcd/website,/docs/contributing/*,/contributing/:splat,/CODE_OF_CONDUCT,placeholder,wildcard_expansion_ambiguity
9f53af8564e9499d32fa,slug_only,hashicorp/terraform-website,/docs/providers/opennebula(/index.html),/providers/OpenNebula/opennebula/latest/docs,/.github/pull_request_template,wildcard,wildcard_expansion_ambiguity
9f6518f536e079caff65,slug_only,aws-amplify/docs,/flutter/sdk,/flutter/build-a-backend,/android/build-a-backend/auth/sdk,literal,other
9f82514274aac87ef3f6,slug_only,aws-amplify/docs,/swift/prev/start/project-setup/combine-framework,/gen1/swift/prev/start/project-setup/combine-framework,/,literal,other
9f9ff64a4c6abfbf92f2,slug_only,hashicorp/terraform-website,/docs/providers/opsgenie/guides/:path*,/providers/opsgenie/opsgenie/latest/docs/guides/:path*,/providers/AviatrixSystems/aviatrix/latest/docs/guides/:path*,placeholder,wildcard_expansion_ambiguity
9fa6fae2d12ca7fc2ec9,slug_only,aws-amplify/docs,/console/uibuilder/eventhandling,/javascript/build-ui/uibuilder/eventhandling,/,literal,other
9fd0302368183548c561,slug_only,aws-amplify/docs,/lib/auth/emailpassword/q/platform/react-native,/react-native/build-a-backend/auth/enable-sign-up,/,literal,other
a02b2ecf07d4474c37f2,slug_only,aws-amplify/docs,/lib/graphqlapi/relational/q/platform/android,/android/build-a-backend/graphqlapi/relational-models,/,literal,other
a06d4c619ced2bb013ac,slug_only,aws-amplify/docs,/lib/graphqlapi/getting-started/q/platform/flutter,/flutter/build-a-backend/graphqlapi,/flutter,literal,other
a0c8d8d760b398f277fc,slug_only,aws-amplify/docs,/lib/auth/device_features/q/platform/android,/android/build-a-backend/auth/remember-device,/,literal,other
a12de4cb559bd5c1e8a3,slug_only,hashicorp/terraform-website,/docs/providers/rabbitmq/r/:path*,/providers/cyrilgdn/rabbitmq/latest/docs/resources/:path*,/providers/AviatrixSystems/aviatrix/latest/docs/data-sources/:path*,placeholder,wildcard_expansion_ambiguity
a17cf1b7d748a0fe3cfb,slug_only,aws-amplify/docs,/lib-v1/restapi/existing-resources/q/platform/ios,/swift/build-a-backend/restapi/existing-resources,/,literal,many_to_one_merges
a189b1f94c9b5791a21b,slug_only,hashicorp/terraform-website,/docs/providers/rancher2/guides/:path*,/providers/rancher/rancher2/latest/docs/guides/:path*,/providers/AviatrixSystems/aviatrix/latest/docs/guides/:path*,placeholder,wildcard_expansion_ambiguity
a1dff2960131a779ea64,slug_only,withastro/docs,/:lang/basics/rendering-modes,/:lang/guides/on-demand-rendering,/:lang/basics/astro-components,placeholder,wildcard_expansion_ambiguity
a1ee7b207e80b7a7c99a,slug_only,fluxcd/website,/docs/components/kustomize/controller,/flux/components/kustomize,/CODE_OF_CONDUCT,literal,soft_404_or_thin_pages
a1eeb6400b06448fd327,slug_only,aws-amplify/docs,/console/uibuilder/textfieldtoarea,/javascript/build-ui/uibuilder,/,literal,many_to_one_merges
a1ef8e2a3a4e5f7714dc,slug_only,aws-amplify/docs,/start/getting-started/setup/q/integration/next,/nextjs/start/getting-started/setup,/,literal,other
a1f89454942bda1bc4f5,slug_only,hashicorp/terraform-website,/docs/providers/ecl(/index.html),/providers/nttcom/ecl/latest/docs,/.github/pull_request_template,wildcard,wildcard_expansion_ambiguity
a2010bd067c62eef59b0,slug_only,hashicorp/terraform-website,/docs/providers/wavefront/guides/:path*,/providers/vmware/wavefront/latest/docs/guides/:path*,/providers/AviatrixSystems/aviatrix/latest/docs/guides/:path*,placeholder,wildcard_expansion_ambiguity
a25859d4c329c4271640,slug_only,aws-amplify/docs,/lib-v1/graphqlapi/advanced-workflows/q/platform/android,/gen1/android/prev/build-a-backend/graphqlapi/advanced-workflows,/,literal,other
a26d442544fbc3730058,slug_only,aws-amplify/docs,/[platform]/build-a-backend/more-features/geo/location-search,/react/build-a-backend/more-features/geo/location-search,/gen1/javascript/prev/build-a-backend/more-features/geo/location-search,wildcard,wildcard_expansion_ambiguity
a288eb5b1bedd10f06ff,slug_only,hashicorp/terraform-website,/docs/providers/pagerduty/d/:path*,/providers/PagerDuty/pagerduty/latest/docs/data-sources/:path*,/providers/AviatrixSystems/aviatrix/latest/docs/data-sources/:path*,placeholder,wildcard_expansion_ambiguity
a28e41221c74a537d772,slug_only,aws-amplify/docs,/lib/graphqlapi/getting-started,/react/build-a-backend/graphqlapi,/android/sdk/auth/getting-started,literal,other
a2d4774d3c4bfc8e3fc4,slug_only,aws-amplify/docs,/lib-v1/graphqlapi/mutate-data/q/platform/ios,/gen1/swift/prev/build-a-backend/graphqlapi/mutate-data,/,literal,other
a2efabce244eb73d1dfa,slug_only,aws-amplify/docs,/guides/api-rest/go-api/q/platform/js,/javascript/build-a-backend/restapi,/,literal,many_to_one_merges
a304c4ae8d3502783844,slug_only,hashicorp/terraform-website,/docs/providers/rancher2/d/:path*,/providers/rancher/rancher2/latest/docs/data-sources/:path*,/providers/AviatrixSystems/aviatrix/latest/docs/data-sources/:path*,placeholder,wildcard_expansion_ambiguity
a31477b724b99dfa1da4,slug_only,aws-amplify/docs,/lib-v1/datastore/other-methods/q/platform/js,/gen1/javascript/prev/build-a-backend/more-features/datastore/additional-methods,/,literal,other
a35f4c45e73f514613f5,slug_only,hashicorp/terraform-website,/docs/providers/ns1(/index.html),/providers/ns1-terraform/ns1/latest/docs,/.github/pull_request_template,wildcard,wildcard_expansion_ambiguity
a3c11e8f9e6ea90c7957,slug_only,aws-amplify/docs,/lib/storage/getting-started/q/platform/ios,/swift/build-a-backend/storage/set-up-storage,/,literal,other
a3d9be9addc4d5cbc38b,slug_only,aws-amplify/docs,/javascript/deploy-and-host/custom-configuration,/gen1/javascript/deploy-and-host/custom-configuration,/gen1/angular/deploy-and-host/custom-configuration,literal,other
a4a4c54af1ced7362771,slug_only,aws-amplify/docs,/lib/storage/get-properties/q/platform/ios,/swift/build-a-backend/storage,/,literal,other
a4cbda73f9f8458c1e65,slug_only,aws-amplify/docs,/lib-v1/analytics/existing-resources/q/platform/android,/gen1/android/prev/build-a-backend/more-features/analytics/existing-resources,/,literal,other
a4f72db5c1535ed9b3b6,slug_only,aws-amplify/docs,/cli-legacy/graphql-transformer/codegen,/javascript/tools/cli-legacy/client-codegen,/,literal,other
a502d00511d5c8921f15,slug_only,hashicorp/terraform-website,/docs/providers/openstack/guides/:path*,/providers/terraform-provider-openstack/openstack/latest/docs/guides/:path*,/providers/AviatrixSystems/aviatrix/latest/docs/guides/:path*,placeholder,wildcard_expansion_ambiguity
a527d73b4bbe8378f134,slug_only,hashicorp/terraform-website,/docs/providers/ecl/guides/:path*,/providers/nttcom/ecl/latest/docs/guides/:path*,/providers/AviatrixSystems/aviatrix/latest/docs/guides/:path*,placeholder,wildcard_expansion_ambiguity
a554aa3f779fdcf548fd,slug_only,aws-amplify/docs,/lib-v1/in-app-messaging/resolve-conflicts/q/platform/react-native,/gen1/react-native/prev/build-a-backend/more-features/in-app-messaging/resolve-conflicts,/,literal,other
a5a3ffda8c2ced40e73c,slug_only,aws-amplify/docs,/lib/analytics/escapehatch/q/platform/react-native,/react-native/build-a-backend/more-features/analytics,/,literal,other
a601f61cc3444f1d6f58,slug_only,aws-amplify/docs,/[platform]/prev/start/project-setup/use-existing-resources,/gen1/react/prev/start/project-setup/use-existing-resources,/gen1/android/prev/start/project-setup/use-existing-resources,wildcard,wildcard_expansion_ambiguity
a603c642a37d7f3e2eb5,slug_only,aws-amplify/docs,/lib/analytics/escapehatch/q/platform/ios,/swift/build-a-backend/more-features/analytics/sdk,/,literal,other
a62cef4f3efeb83f09c9,slug_only,aws-amplify/docs,/lib/project-setup/escape-hatch/q/platform/flutter,/flutter/start/project-setup/escape-hatch,/flutter,literal,other
a6461308ea57c6e964e5,slug_only,aws-amplify/docs,/lib/auth/delete_user/q/platform/flutter,/flutter/build-a-backend/auth/delete-user-account,/flutter,literal,other
a6d7983e16e7b5e49554,slug_only,aws-amplify/docs,/android/build-a-backend/functions/dynamodb-from-lambda-python,/android/build-a-backend/functions,/android/build-a-backend/storage/lambda-triggers,literal,many_to_one_merges
a6f39cfae4937fa5e2f4,slug_only,aws-amplify/docs,/start/getting-started/installation/q/integration/android,/android/start/getting-started/installation,/,literal,other
a7506a23126c750a8abb,slug_only,aws-amplify/docs,/lib/auth/managing_credentials/q/platform/js,/javascript/build-a-backend/auth/manage-user-session,/,literal,many_to_one_merges
a75f42c138d9bf886979,slug_only,aws-amplify/docs,/lib/analytics/identifyuser/q/platform/flutter,/flutter/build-a-backend/more-features/analytics/identify-user,/flutter,literal,other
a76bca98c22418daf207,slug_only,aws-amplify/docs,/lib/storage/triggers,/react/build-a-backend/storage/lambda-triggers,/android/build-a-backend/storage/lambda-triggers,literal,other
a7b105770efe245252b7,slug_only,aws-amplify/docs,/cli-legacy/graphql-transformer/model,/javascript/tools/cli-legacy/model-directive,/android/start/getting-started/generate-model,literal,other
a7f70dfd8f03f0d75160,slug_only,hashicorp/terraform-website,/docs/providers/vultr/d/:path*,/providers/vultr/vultr/latest/docs/data-sources/:path*,/providers/AviatrixSystems/aviatrix/latest/docs/data-sources/:path*,placeholder,wildcard_expansion_ambiguity
a81448e86ca491029560,slug_only,fluxcd/website,/flux/use-cases/gcp-source-repository,/flux/installation/bootstrap/google-cloud-source,/en/flux/integrations/gcp,literal,soft_404_or_thin_pages
a823cbd9205438cae812,slug_only,hashicorp/terraform-website,/docs/providers/azurestack/guides/:path*,/providers/hashicorp/azurestack/latest/docs/guides/:path*,/providers/AviatrixSystems/aviatrix/latest/docs/guides/:path*,placeholder,wildcard_expansion_ambiguity
a830701ee66dd279afa1,slug_only,aws-amplify/docs,/react/prev/start/project-setup/create-application,/gen1/react/prev/start/project-setup/create-application,/gen1/angular/prev/start/project-setup/create-application,literal,other
a837001bec06cba767a2,slug_only,hashicorp/terraform-website,/docs/providers/turbot/guides/:path*,/providers/turbot/turbot/latest/docs/guides/:path*,/providers/AviatrixSystems/aviatrix/latest/docs/guides/:path*,placeholder,wildcard_expansion_ambiguity
a83ccd269f49d4a181bc,slug_only,aws-amplify/docs,/react-native/build-a-backend/troubleshooting/stack-cdktoolkit-already-exists,/react-native/build-a-backend/troubleshooting/cdktoolkit-stack,/angular/build-a-backend/troubleshooting/cdktoolkit-stack,literal,other
a8bbb723db49b7754688,slug_only,aws-amplify/docs,/lib-v1/q/platform/android,/gen1/android/prev/build-a-backend,/,literal,other
a8feb5850627faa65f47,slug_only,denoland/docs,/runtime/manual/advanced/embedding_deno,/deploy/classic,/api/deno,literal,many_to_one_merges
a91b94d60fbdbc5b6c09,slug_only,hashicorp/terraform-website,/docs/providers/fortios/d/:path*,/providers/fortinetdev/fortios/latest/docs/data-sources/:path*,/providers/AviatrixSystems/aviatrix/latest/docs/data-sources/:path*,placeholder,wildcard_expansion_ambiguity
a92c4c0752b8ac22638b,slug_only,hashicorp/terraform-website,/docs/providers/logicmonitor/d/:path*,/providers/logicmonitor/logicmonitor/latest/docs/data-sources/:path*,/providers/AviatrixSystems/aviatrix/latest/docs/data-sources/:path*,placeholder,wildcard_expansion_ambiguity
a97fa90ddbf93b600148,slug_only,aws-amplify/docs,/lib/datastore/getting-started/q/platform/flutter,/flutter/build-a-backend/more-features/datastore/set-up-datastore,/flutter,literal,other
aa0186af799f0498a9b2,slug_only,aws-amplify/docs,/start/getting-started/data-model/q/integration/react,/react/start/getting-started/data-model,/,literal,other
aa05219eddf068bbebed,slug_only,aws-amplify/docs,/lib-v1/storage/list/q/platform/flutter,/gen1/flutter/prev/build-a-backend/storage/list,/flutter,literal,other
aa1052cbb02683a82139,slug_only,hashicorp/terraform-website,/docs/providers/fastly/r/:path*,/providers/fastly/fastly/latest/docs/resources/:path*,/providers/AviatrixSystems/aviatrix/latest/docs/data-sources/:path*,placeholder,wildcard_expansion_ambiguity
aa39c30974653c1b403a,slug_only,aws-amplify/docs,/lib/storage/upload/q/platform/ios,/swift/build-a-backend/storage/upload,/,literal,other
aa6c9e76029ee05f71e5,slug_only,aws-amplify/docs,/lib-v1/utilities/i18n/q/platform/js,/gen1/javascript/prev/build-a-backend/utilities/i18n,/,literal,other
aa95f771b1e5881eb445,slug_only,aws-amplify/docs,/lib/storage/<*>,/react/build-a-backend/storage,/,placeholder,wildcard_expansion_ambiguity
aaa0210d8649d8b40af0,slug_only,aws-amplify/docs,/react/build-a-backend/server-side-rendering/nextjs-v5-to-v6-migration-guide,/gen1/react/build-a-backend/troubleshooting/migrate-from-javascript-v5-to-v6,/gen1/javascript/build-a-backend/storage/storage-v5-to-v6-migration-guide,literal,other
aac8d78609a7658a879f,slug_only,aws-amplify/docs,/lib/datastore/getting-started/q/platform/js,/javascript/build-a-backend/more-features/datastore/set-up-datastore,/,literal,other
aad960fd8842c7b17404,slug_only,aws-amplify/docs,/console/uibuilder/figmatocode,/javascript/build-ui/uibuilder,/,literal,many_to_one_merges
ab1b46f737ba32b87089,slug_only,hashicorp/terraform-website,/docs/providers/ciscoasa/r/:path*,/providers/hashicorp/ciscoasa/latest/docs/resources/:path*,/providers/AviatrixSystems/aviatrix/latest/docs/data-sources/:path*,placeholder,wildcard_expansion_ambiguity
ab6076641a20b3ebbe97,slug_only,aws-amplify/docs,/lib/logging/change-log-levels/q/platform/android,/android/build-a-backend/more-features/logging/change-log-levels,/,literal,other
ab8300b5cc2f6a5b4891,slug_only,fluxcd/website,/integrations,/ecosystem,/CODE_OF_CONDUCT,literal,soft_404_or_thin_pages
ab91e3820cddc2801475,slug_only,aws-amplify/docs,/[platform]/build-a-backend/more-features/in-app-messaging/in-app-messaging-migration-guide,/react/build-a-backend/more-features/in-app-messaging/in-app-messaging-migration-guide,/gen1/javascript/build-a-backend/storage/storage-v5-to-v6-migration-guide,wildcard,wildcard_expansion_ambiguity
abc51a9f69f6185a2dbc,slug_only,aws-amplify/docs,/lib-v1/graphqlapi/authz/q/platform/ios,/gen1/swift/prev/build-a-backend/graphqlapi/customize-authz-modes,/,literal,other
ac154ed22809cf39a05d,slug_only,aws-amplify/docs,/lib/troubleshooting/upgrading/q/platform/flutter,/gen1/flutter/build-a-backend/troubleshooting/upgrade-amplify-packages,/flutter,literal,other
ac1abc3ef724ffeff26b,slug_only,aws-amplify/docs,/lib/graphqlapi/graphql-from-nodejs/q/platform/react-native,/react-native/build-a-backend/graphqlapi/connect-from-server-runtime,/,literal,other
ac3e75e633ca4a530008,slug_only,aws-amplify/docs,/lib-v1/restapi/getting-started/q/platform/js,/gen1/javascript/prev/build-a-backend/restapi/set-up-rest-api,/,literal,other
ac7605b5edf0403c4146,slug_only,aws-amplify/docs,/vue/build-a-backend/troubleshooting/upgrade-amplify-packages,/gen1/vue/build-a-backend/troubleshooting/upgrade-amplify-packages,/gen1/flutter/build-a-backend/troubleshooting/upgrade-amplify-packages,literal,other
acba543f6a460024528f,slug_only,aws-amplify/docs,/lib/auth/delete_user/q/platform/android,/android/build-a-backend/auth/delete-user-account,/,literal,other
ad28d524b572012aa786,slug_only,aws-amplify/docs,/lib/datastore/datastore-events/q/platform/next,/nextjs/build-a-backend/more-features/datastore/datastore-events,/,literal,other
ad3608111ff2c07da785,slug_only,withastro/docs,/core-concepts/component-hydration,/en/concepts/islands,/.github/PULL_REQUEST_TEMPLATE,literal,many_to_one_merges
ad73ac76822aa0a38b9c,slug_only,aws-amplify/docs,/lib/predictions/identify-entity/q/platform/ios,/swift/build-a-backend/more-features/predictions/identify-entity,/,literal,other
adaa53146801f637223d,slug_only,aws-amplify/docs,/lib-v1/auth/device_features/q/platform/flutter,/gen1/flutter/prev/build-a-backend/auth/remember-device,/flutter,literal,other
adc5986633ba87781aea,slug_only,hashicorp/terraform-website,/docs/providers/checkpoint/d/:path*,/providers/CheckPointSW/checkpoint/latest/docs/data-sources/:path*,/providers/AviatrixSystems/aviatrix/latest/docs/data-sources/:path*,placeholder,wildcard_expansion_ambiguity
ae4336c917272595dd96,slug_only,aws-amplify/docs,/lib-v1/in-app-messaging/getting-started/q/platform/js,/gen1/javascript/prev/build-a-backend/more-features/in-app-messaging/set-up-in-app-messaging,/,literal,other
ae51b93570e2ac510eb0,slug_only,withastro/docs,/:lang/core-concepts/partial-hydration,/:lang/concepts/islands,/.github/PULL_REQUEST_TEMPLATE,placeholder,wildcard_expansion_ambiguity
ae6ab46bab455a08c4bc,slug_only,aws-amplify/docs,/start/q/integration/next,/nextjs/start/getting-started/introduction,/,literal,other
aefc63f2b3b5ab3ebd1f,slug_only,aws-amplify/docs,/lib-v1/storage/remove/q/platform/react-native,/gen1/react-native/prev/build-a-backend/storage/remove,/,literal,other
af14e4e85af4f2a0f8d7,slug_only,hashicorp/terraform-website,/docs/providers/do/r/:path*,/providers/digitalocean/digitalocean/latest/docs/resources/:path*,/providers/AviatrixSystems/aviatrix/latest/docs/data-sources/:path*,placeholder,wildcard_expansion_ambiguity
af643f5eaf2eac52624d,slug_only,aws-amplify/docs,/lib/push-notifications/interact-with-notifications/q/platform/flutter,/flutter/build-a-backend/push-notifications/interact-with-notifications,/flutter,literal,other
af8ae355ae923f8872c9,slug_only,aws-amplify/docs,/cli/auth/overview,/javascript/build-a-backend/auth/set-up-auth,/,literal,many_to_one_merges
af937e900cc327d1a44d,slug_only,aws-amplify/docs,/guides/hosting/gatsby/q/platform/react,/react/build-a-backend,/,literal,many_to_one_merges
afaa10800d2f37393ce9,slug_only,aws-amplify/docs,/lib-v1/geo/existing-resources/q/platform/js,/gen1/javascript/prev/build-a-backend/more-features/geo/existing-resources,/,literal,other
b00e5d55ba3f571d66db,slug_only,aws-amplify/docs,/react/build-a-backend/auth/password-management,/react/build-a-backend/auth/manage-users/manage-passwords,/,literal,other
b02855f4567cbf9a1f28,slug_only,aws-amplify/docs,/start/getting-started/installation/q/integration/js,/javascript/start/getting-started/installation,/,literal,many_to_one_merges
b091ad4e5a2e796e89d2,slug_only,aws-amplify/docs,/lib/datastore/relational/q/platform/react,/react/build-a-backend/more-features/datastore/relational-models,/,literal,other
b0c461d6ef95f5da1832,slug_only,fluxcd/website,/docs/components/helm/controller,/flux/components/helm,/CODE_OF_CONDUCT,literal,soft_404_or_thin_pages
b0e3254e51f914b2efd3,slug_only,aws-amplify/docs,/lib-v1/auth/signOut/q/platform/react-native,/gen1/react-native/prev/build-a-backend/auth/enable-sign-up,/,literal,other
b0e5a22da3f5f26f8108,slug_only,aws-amplify/docs,/lib-v1/geo/existing-resources/q/platform/android,/gen1/android/prev/build-a-backend/more-features/geo/existing-resources,/,literal,many_to_one_merges
b11cfee7b98264dc0aa5,slug_only,aws-amplify/docs,/gen1/vue/build-a-backend/storage/list-files,/gen1/vue/build-a-backend/storage/list,/android/build-a-backend/storage/list,literal,other
b1373bb9aa4040dd880d,slug_only,hashicorp/terraform-website,/docs/providers/dome9/r/:path*,/providers/dome9/dome9/latest/docs/resources/:path*,/providers/AviatrixSystems/aviatrix/latest/docs/data-sources/:path*,placeholder,wildcard_expansion_ambiguity
b17990f0cfd33b48b9b4,slug_only,aws-amplify/docs,/lib-v1/predictions/text-speech/q/platform/ios,/gen1/swift/prev/build-a-backend/more-features/predictions/text-to-speech,/,literal,other
b1b0cb111eb990c20817,slug_only,aws-amplify/docs,/cli/usage/uninnstall,/javascript/tools/cli/start/key-workflows,/,literal,many_to_one_merges
b29354635a1f7995fe20,slug_only,hashicorp/terraform-website,/docs/providers/kubernetes/r/:path*,/providers/hashicorp/kubernetes/latest/docs/resources/:path*,/providers/AviatrixSystems/aviatrix/latest/docs/data-sources/:path*,placeholder,wildcard_expansion_ambiguity
b2d651ecdfea9f562d2a,slug_only,aws-amplify/docs,/react/build-a-backend/auth/email-only-sign-up,/react/build-a-backend/auth/enable-sign-up,/<platform>/build-a-backend/auth/connect-your-frontend/sign-up,literal,other
b2fd6a265713853ef474,slug_only,aws-amplify/docs,/swagger/swagger-ui,/,/android/build-a-backend/auth/sign-in-with-web-ui,literal,many_to_one_merges
b3172fdd918e4eeda320,slug_only,aws-amplify/docs,/lib-v1/push-notifications/identify-user/q/platform/react-native,/gen1/react-native/prev/build-a-backend/push-notifications/identify-user,/,literal,other
b388539443e12f4a1b03,slug_only,aws-amplify/docs,/react/build-a-backend/storage/get-properties,/gen1/react/build-a-backend/storage/get-properties,/flutter/build-a-backend/storage/get-properties,literal,other
b3c0e48759ef6ac3b953,slug_only,hashicorp/terraform-website,/docs/providers/azurestack/d/:path*,/providers/hashicorp/azurestack/latest/docs/data-sources/:path*,/providers/AviatrixSystems/aviatrix/latest/docs/data-sources/:path*,placeholder,wildcard_expansion_ambiguity
b455d75be28ad3c97480,slug_only,denoland/docs,/examples/tutorials/bdd,/examples/bdd_tutorial,/examples/tutorials/bdd,literal,other
b4b9504d3e89011ce3df,slug_only,aws-amplify/docs,/swift/build-a-backend/functions/dynamodb-from-lambda-python,/swift/build-a-backend/functions,/android/build-a-backend/storage/lambda-triggers,literal,many_to_one_merges
b4db9895dcab6c9609e5,slug_only,aws-amplify/docs,/swift/connected-components/authenticator,/swift/build-ui,/,literal,other
b5198746f5fc350ee5e3,slug_only,aws-amplify/docs,/nextjs/build-a-backend/troubleshooting/upgrade-amplify-packages,/gen1/nextjs/build-a-backend/troubleshooting/upgrade-amplify-packages,/gen1/flutter/build-a-backend/troubleshooting/upgrade-amplify-packages,literal,other
b51b69fb3c0d763e3aed,slug_only,aws-amplify/docs,/sdk/pubsub/aws-iot-and-amplify/q/platform/ios,/swift/sdk/pubsub/aws-iot-and-amplify,/,literal,other
b51cdab096e7e63f3aa1,slug_only,hashicorp/terraform-website,/docs/providers/mso/guides/:path*,/providers/CiscoDevNet/mso/latest/docs/guides/:path*,/providers/AviatrixSystems/aviatrix/latest/docs/guides/:path*,placeholder,wildcard_expansion_ambiguity
b54b87e5e2e1ce283927,slug_only,aws-amplify/docs,/vue/build-a-backend/storage/storage-v5-to-v6-migration-guide,/gen1/vue/build-a-backend/storage/storage-v5-to-v6-migration-guide,/gen1/javascript/build-a-backend/storage/storage-v5-to-v6-migration-guide,literal,other
b5bdddd6f3d37986b6f0,slug_only,aws-amplify/docs,/lib/graphqlapi/advanced-workflows/q/platform/react-native,/gen1/react-native/prev/build-a-backend/graphqlapi/advanced-workflows,/,literal,other
b5e77bb58c27696732a5,slug_only,aws-amplify/docs,/start/getting-started/nextsteps/q/integration/flutter,/flutter/start/getting-started/nextsteps,/flutter,literal,other
b5f67a64c8a84d841def,slug_only,aws-amplify/docs,/lib/auth/mfa/q/platform/flutter,/flutter/build-a-backend/auth/manage-mfa,/flutter,literal,other
b64e4f4d6478e3011777,slug_only,aws-amplify/docs,/lib-v1/auth/manageusers/q/platform/react-native,/gen1/react-native/prev/build-a-backend/auth/manage-user-profile,/,literal,other
b687f7fdd607047dc933,slug_only,aws-amplify/docs,/cli/commands/add,/javascript/tools/cli/commands,/android/build-a-backend/auth/add-social-provider,literal,many_to_one_merges
b6971117b18da2301b1b,slug_only,fluxcd/website,/flagger/usage/skipper-progressive-delivery,/flagger/tutorials/skipper-progressive-delivery,/en/flagger/tutorials/skipper-progressive-delivery,literal,other
b6cb23b87efd204833fd,slug_only,hashicorp/terraform-website,/docs/providers/hcloud(/index.html),/providers/hetznercloud/hcloud/latest/docs,/.github/pull_request_template,wildcard,wildcard_expansion_ambiguity
b6cf7887fc380e0e480f,slug_only,hashicorp/terraform-website,/docs/providers/tfe/guides/:path*,/providers/hashicorp/tfe/latest/docs/guides/:path*,/providers/AviatrixSystems/aviatrix/latest/docs/guides/:path*,placeholder,wildcard_expansion_ambiguity
b6e38a69c46cc0ac5741,slug_only,withastro/docs,/:lang/community-resources/talks,/:lang/recipes,/.github/PULL_REQUEST_TEMPLATE,placeholder,wildcard_expansion_ambiguity
b6fdc695bbaafb119bdf,slug_only,aws-amplify/docs,/lib/analytics/getting-started,/react/build-a-backend/more-features/analytics,/android/sdk/auth/getting-started,literal,other
b749f7c3c94fc5a5e158,slug_only,withastro/docs,/:lang/reference/experimental-flags/svg,/:lang/guides/images,/:lang/reference/astro-syntax,placeholder,wildcard_expansion_ambiguity
b74a7fd6354c15a7ab62,slug_only,aws-amplify/docs,/lib/predictions/translate/q/platform/ios,/swift/build-a-backend/more-features/predictions/translate,/,literal,other
b7c2d68946a0e13b4ce3,slug_only,aws-amplify/docs,/gen2/build-a-backend,/react/build-a-backend,/angular/build-a-backend,literal,many_to_one_merges
b8cf1d3ceb5ea9acbcc8,slug_only,hashicorp/terraform-website,/docs/providers/ucloud(/index.html),/providers/ucloud/ucloud/latest/docs,/.github/pull_request_template,wildcard,wildcard_expansion_ambiguity
b8f5bc05789cf42c7543,slug_only,aws-amplify/docs,/lib/graphqlapi/offline/q/platform/ios,/swift/build-a-backend/graphqlapi/offline,/,literal,other
b92cda653459de348636,slug_only,aws-amplify/docs,/console/formbuilder/special-inputs,/javascript/build-ui/formbuilder/special-inputs,/,literal,other
b9c13cbb05c2c05b182b,slug_only,aws-amplify/docs,/lib/auth/manageusers/q/platform/js,/javascript/build-a-backend/auth/manage-user-profile,/,literal,other
b9d7703165128e38ea2f,slug_only,aws-amplify/docs,/lib/geo/escapehatch/q/platform/js,/javascript/build-a-backend/more-features/geo/amazon-location-sdk,/,literal,other
b9de188741dddca7ac23,slug_only,aws-amplify/docs,/guides/functions/integrating-dynamodb-with-lambda/q/platform/ios,/swift/build-a-backend/functions,/,literal,many_to_one_merges
ba5c07649980e01506f9,slug_only,hashicorp/terraform-website,/docs/providers/time/d/:path*,/providers/hashicorp/time/latest/docs/data-sources/:path*,/providers/AviatrixSystems/aviatrix/latest/docs/data-sources/:path*,placeholder,wildcard_expansion_ambiguity
ba72133a38068a71d8cb,slug_only,aws-amplify/docs,/[platform]/build-a-backend/push-notifications/register-device,/react/build-a-backend/push-notifications/register-device,/android/build-a-backend/push-notifications/register-device,wildcard,wildcard_expansion_ambiguity
bb10936ffc016722a261,slug_only,aws-amplify/docs,/lib-v1/storage/download/q/platform/flutter,/gen1/flutter/prev/build-a-backend/storage/download,/flutter,literal,other
bb614c60f3751d41f9f1,slug_only,aws-amplify/docs,/gen2/build-a-backend/<page>,/react/build-a-backend/<page>,/gen1/<platform>/prev/build-a-backend/<page>,placeholder,wildcard_expansion_ambiguity
bb9279d1c84840aaecf8,slug_only,denoland/docs,/examples/tutorials/mocking,/examples/mocking_tutorial,/examples/tutorials/mocking,literal,other
bbc577c9d6bb35993545,slug_only,denoland/docs,/examples/tutorials/mysql2,/examples/mysql2_tutorial,/examples/tutorials/mysql2,literal,other
bbd67c1db6e071ef0dfd,slug_only,aws-amplify/docs,/lib/datastore/how-it-works/q/platform/android,/android/build-a-backend/more-features/datastore,/,literal,other
bbd863c82a545f9d0335,slug_only,denoland/docs,/deploy/kv/tutorials,/examples/kv,/deploy/kv,literal,other
bbf0c1f1e096bdf5efce,slug_only,aws-amplify/docs,/javascript/build-a-backend/functions/dynamodb-from-lambda-python,/javascript/build-a-backend/functions,/android/build-a-backend/storage/lambda-triggers,literal,many_to_one_merges
bbf9781366127ca35754,slug_only,aws-amplify/docs,/lib-v1/auth/user-attributes/q/platform/ios,/gen1/swift/prev/build-a-backend/auth/managing-attributes,/,literal,other
bc1d25a18820032dc940,slug_only,aws-amplify/docs,/lib/utilities/hub/q/platform/ios,/swift/build-a-backend/utilities,/,literal,other
bc3052d2ed225919643f,slug_only,aws-amplify/docs,/android/build-a-backend/functions/appsync-operations-to-lambda-layer,/android/build-a-backend/graphqlapi/client-code-generation,/android/build-a-backend/storage/lambda-triggers,literal,other
bc5651a950a062054705,slug_only,aws-amplify/docs,/angular/build-a-backend/functions/dynamodb-from-lambda-nodejs,/angular/build-a-backend/functions,/angular/build-a-backend,literal,many_to_one_merges
bcd9bc23d43a163040d1,slug_only,hashicorp/terraform-website,/docs/providers/triton/guides/:path*,/providers/joyent/triton/latest/docs/guides/:path*,/providers/AviatrixSystems/aviatrix/latest/docs/guides/:path*,placeholder,wildcard_expansion_ambiguity
bd00e5f73aeb2139bc53,slug_only,aws-amplify/docs,/lib/auth/mfa/q/platform/react-native,/react-native/build-a-backend/auth/manage-mfa,/,literal,other
bd05640b9d2a856c196c,slug_only,hashicorp/terraform-website,/docs/providers/prismacloud(/index.html),/providers/PaloAltoNetworks/prismacloud/latest/docs,/.github/pull_request_template,wildcard,wildcard_expansion_ambiguity
bdae834a9db821c5b0d3,slug_only,aws-amplify/docs,/guides/api-graphql/query-with-sorting/q/platform/ios,/swift/build-a-backend/graphqlapi/best-practice/query-with-sorting,/,literal,other
bdcd528f5b67d8187f5a,slug_only,aws-amplify/docs,/lib/push-notifications/app-badge-count/q/platform/react-native,/react-native/build-a-backend/push-notifications/app-badge-count,/,literal,other
bddcf890b4f942dc5a75,slug_only,aws-amplify/docs,/lib/analytics/autotrack/q/platform/ios,/swift/build-a-backend/more-features/analytics/auto-track-sessions,/,literal,other
bdf1949d44e0f709caa8,slug_only,aws-amplify/docs,/react-native/build-a-backend/auth/concepts/user-attributes,/react-native/build-a-backend/auth/concepts,/android/build-a-backend/auth/managing-attributes,literal,other
be77d253f60b872da54e,slug_only,aws-amplify/docs,/start/getting-started/nextsteps/q/integration/android,/android/start/getting-started/nextsteps,/,literal,other
bf82f76a7cf7358a37bd,slug_only,aws-amplify/docs,/start/getting-started/installation/q/integration/ios,/swift/start/getting-started/installation,/,literal,other
bfb17ee5339e4ad268d1,slug_only,aws-amplify/docs,/guides/api-graphql/subscriptions-by-id/q/platform/react,/react/build-a-backend,/,literal,many_to_one_merges
bfe77680a4192125a03d,slug_only,aws-amplify/docs,/lib-v1/storage/transfer-acceleration/q/platform/js,/gen1/javascript/prev/build-a-backend/storage/transfer-acceleration,/,literal,other
c03e1a2972e94e3bdcfb,slug_only,denoland/docs,/examples/tutorials/llm,/examples/llm_tutorial,/examples/tutorials/llm,literal,other
c06e136e11dbf983fd42,slug_only,aws-amplify/docs,/angular/sdk/<*>,/angular/build-a-backend,/,placeholder,wildcard_expansion_ambiguity
c0cc17596fd14273f4e3,slug_only,aws-amplify/docs,/guides/hosting/password-protected-deployments/q/platform/react-native,/react-native/build-a-backend,/,literal,many_to_one_merges
c14041a1025be61d2128,slug_only,aws-amplify/docs,/angular/build-a-backend/functions/integrate-dynamodb-with-lambda,/angular/build-a-backend/functions,/angular/build-a-backend,literal,many_to_one_merges
c1654d6002089842727d,slug_only,aws-amplify/docs,/lib/logging/escapehatch/q/platform/ios,/swift/build-a-backend/more-features/logging/sdk,/,literal,other
c1719a0f061b3edff4c3,slug_only,aws-amplify/docs,/lib-v1/predictions/label-image/q/platform/react-native,/gen1/react-native/prev/build-a-backend/more-features/predictions/label-image,/,literal,other
c18ca8b31ef854c15187,slug_only,aws-amplify/docs,/console/formbuilder/customize,/javascript/build-ui/formbuilder/customize,/gen1/flutter/prev/build-a-backend/restapi/customize-authz,literal,other
c26678138f68a4af014a,slug_only,aws-amplify/docs,/lib/datastore/data-access/q/platform/flutter,/flutter/build-a-backend/more-features/datastore/manipulate-data,/flutter,literal,other
c2a82dd0d910e903511e,slug_only,aws-amplify/docs,/lib/auth/delete_user/q/platform/ios,/swift/build-a-backend/auth/delete-user-account,/,literal,other
c2d89a12bdbc237fb894,slug_only,aws-amplify/docs,/lib-v1/storage/triggers/q/platform/android,/gen1/android/prev/build-a-backend/storage/lambda-triggers,/,literal,other
c352c4e95afa12fe18f0,slug_only,aws-amplify/docs,/lib-v1/predictions/getting-started/q/platform/android,/gen1/android/prev/build-a-backend/more-features/predictions/set-up-predictions,/,literal,other
c3567396b82815ad41ce,slug_only,aws-amplify/docs,/lib-v1/push-notifications/app-badge-count/q/platform/react-native,/gen1/react-native/prev/build-a-backend/push-notifications/app-badge-count,/,literal,other
c3f3aea1dd6f0329a9f5,slug_only,aws-amplify/docs,/lib-v1/auth/overview/q/platform/vue,/gen1/vue/prev/build-a-backend/auth/under-the-hood,/,literal,other
c4ed333842fff8fddb4b,slug_only,aws-amplify/docs,/lib-v1/auth/getting-started,/gen1/react/prev/build-a-backend/auth,/android/sdk/auth/getting-started,literal,many_to_one_merges
c4f61d7e75c15cdf119d,slug_only,denoland/docs,/examples/tutorials/deno_doc,/examples/deno_doc_tutorial,/examples/tutorials/deno_doc,literal,other
c5051e5e87895cda0982,slug_only,aws-amplify/docs,/lib/restapi/existing-resources,/javascript/build-a-backend,/android/build-a-backend/restapi/existing-resources,literal,no_lexical_overlap_after_ia_rewrite
c51fe69c0ec147568215,slug_only,aws-amplify/docs,/lib/push-notifications/record-notifications/q/platform/android,/android/build-a-backend/push-notifications/record-notifications,/,literal,other
c524f68b069bbba0c38c,slug_only,fluxcd/website,/docs/components/source/controller,/flux/components/source,/CODE_OF_CONDUCT,literal,soft_404_or_thin_pages
c53998298709cb22a625,slug_only,aws-amplify/docs,/android/build-a-backend/functions/connect-rest-api,/android/build-a-backend/functions,/android/build-a-backend/restapi/set-up-rest-api,literal,many_to_one_merges
c563e41b08aca62984ab,slug_only,hashicorp/terraform-website,/docs/providers/rancher2(/index.html),/providers/rancher/rancher2/latest/docs,/.github/pull_request_template,wildcard,wildcard_expansion_ambiguity
c60c15cea30bcd60a210,slug_only,hashicorp/terraform-website,/docs/providers/opc/d/:path*,/providers/hashicorp/opc/latest/docs/data-sources/:path*,/providers/AviatrixSystems/aviatrix/latest/docs/data-sources/:path*,placeholder,wildcard_expansion_ambiguity
c64c709cac96126a7f28,slug_only,aws-amplify/docs,/lib-v1/datastore/data-access/q/platform/js,/gen1/javascript/prev/build-a-backend/more-features/datastore/manipulate-data,/,literal,other
c66f2cfc37a038b3c8f1,slug_only,aws-amplify/docs,/start/getting-started/data-model/q/integration/next,/nextjs/start/getting-started/data-model,/,literal,other
c6a82492831cb0954b22,slug_only,aws-amplify/docs,/lib-v1/analytics/autotrack/q/platform/flutter,/gen1/flutter/prev/build-a-backend/more-features/analytics/auto-track-sessions,/flutter,literal,other
c6de01f207c094512f27,slug_only,hashicorp/terraform-website,/terraform/plugin/which-sdk,/terraform/plugin/framework-benefits,/terraform/plugin/best-practices/interacting-with-providers,literal,other
c701fa87fbf940ab106a,slug_only,aws-amplify/docs,/lib/pubsub/publish/q/platform/js,/javascript/build-a-backend/more-features/pubsub/publish,/,literal,other
c73c396fefe2fb6a73ab,slug_only,aws-amplify/docs,/react/build-ui/forms,/react/build-ui/formbuilder,/,literal,other
c78a5d353fa7935ed4ac,slug_only,aws-amplify/docs,/lib/in-app-messaging/identify-user/q/platform/react-native,/react-native/build-a-backend/more-features/in-app-messaging/identify-user,/,literal,other
c7948e913a9277dfe482,slug_only,aws-amplify/docs,/lib-v1/graphqlapi/query-data/q/platform/react-native,/gen1/react-native/prev/build-a-backend/graphqlapi/query-data,/,literal,other
c7cd32ebd8df66955c36,slug_only,hashicorp/terraform-website,/docs/providers/ns1/r/:path*,/providers/ns1-terraform/ns1/latest/docs/resources/:path*,/providers/AviatrixSystems/aviatrix/latest/docs/data-sources/:path*,placeholder,wildcard_expansion_ambiguity
c7eef4db939ab7b257b2,slug_only,aws-amplify/docs,/sdk/auth/getting-started/q/platform/android,/android/sdk/auth/getting-started,/,literal,other
c881de4b102fa8f52235,slug_only,aws-amplify/docs,/sdk/pubsub/working-api/q/platform/android,/android/sdk/pubsub/working-api,/,literal,other
c90e50bdc9b30a4f9c6e,slug_only,fluxcd/website,/flagger/usage/contour-progressive-delivery,/flagger/tutorials/contour-progressive-delivery,/en/flagger/tutorials/contour-progressive-delivery,literal,other
c9109fb8e34f9db7bfa3,slug_only,aws-amplify/docs,/lib/storage/download/q/platform/react-native,/react-native/build-a-backend/storage/download,/,literal,other
c9367981dcae587d250d,slug_only,fluxcd/website,/flagger/usage/kuma-progressive-delivery,/flagger/tutorials/kuma-progressive-delivery,/en/flagger/tutorials/kuma-progressive-delivery,literal,other
c93d32e33c9c52506732,slug_only,aws-amplify/docs,/gen1/flutter/prev/build-a-backend/graphqlapi/connect-api-to-existing-database,/gen1/flutter/prev/build-a-backend/graphqlapi/existing-resources,/gen1/<platform>/build-a-backend/graphqlapi/connect-api-to-existing-database,literal,many_to_one_merges
c9a875ae7bf67fd85704,slug_only,aws-amplify/docs,/lib/auth/social/q/platform/ios,/gen1/swift/build-a-backend/auth/add-social-provider,/,literal,other
c9b74ecf8ed778b4ddc1,slug_only,hashicorp/terraform-website,/docs/providers/auth0/guides/:path*,/providers/alexkappa/auth0/latest/docs/guides/:path*,/providers/AviatrixSystems/aviatrix/latest/docs/guides/:path*,placeholder,wildcard_expansion_ambiguity
ca15fd00b5efe90c7ee1,slug_only,aws-amplify/docs,/start/getting-started/nextsteps/q/integration/vue,/vue/start/getting-started/nextsteps,/,literal,other
ca81eee904147abe8a97,slug_only,aws-amplify/docs,/[platform]/build-a-backend/push-notifications/push-notifications-migration-guide,/react/build-a-backend/push-notifications/push-notifications-migration-guide,/gen1/<platform>/build-a-backend/push-notifications,wildcard,wildcard_expansion_ambiguity
caeee2f8acef56ee222f,slug_only,aws-amplify/docs,/lib/auth/social/q/platform/flutter,/gen1/flutter/build-a-backend/auth/add-social-provider,/flutter,literal,other
caf7ff47ba5d4a6e9d0e,slug_only,aws-amplify/docs,/sdk/q/platform/ios,/swift/sdk,/,literal,many_to_one_merges
cb2a8b8eb9b6cf8d524c,slug_only,aws-amplify/docs,/guides/location-service/tracking-device-location/q/platform/android,/android/build-a-backend/more-features/geo/amazon-location-sdk,/,literal,other
cbc338037dc534ba2478,slug_only,aws-amplify/docs,/lib-v1/datastore/conflict/q/platform/react,/gen1/react/prev/build-a-backend/more-features/datastore/conflict-resolution,/,literal,other
cbfbf59e69b601627ff9,slug_only,aws-amplify/docs,/lib-v1/auth/existing-resources/q/platform/android,/gen1/android/prev/build-a-backend/auth/existing-resources,/,literal,other
cc3aa0c5118784e72f14,slug_only,aws-amplify/docs,/lib/datastore/other-methods/q/platform/flutter,/flutter/build-a-backend/more-features/datastore/additional-methods,/flutter,literal,other
cc87b3dd144a32dffdd9,slug_only,aws-amplify/docs,/lib/predictions/identify-entity/q/platform/js,/javascript/build-a-backend/more-features/predictions/identify-entity,/,literal,other
cc8cdb48f3e182027545,slug_only,aws-amplify/docs,/lib/restapi/fetch/q/platform/ios,/swift/build-a-backend/restapi/fetch-data,/,literal,other
cccb8d584e9a1988eba4,slug_only,aws-amplify/docs,/[platform]/build-a-backend/more-features/datastore/conflict-resolution,/react/build-a-backend/more-features/datastore/conflict-resolution,/android/build-a-backend/more-features/datastore/conflict-resolution,wildcard,wildcard_expansion_ambiguity
ccd4a6d79b71224f63c2,slug_only,aws-amplify/docs,/lib/storage/escapehatch/q/platform/vue,/vue/build-a-backend/storage,/,literal,other
cd7ef10e8273fbacbcdb,slug_only,withastro/docs,/:lang/reference/components-reference,/:lang/guides/syntax-highlighting,/:lang/reference/dev-toolbar-app-reference,placeholder,wildcard_expansion_ambiguity
ce1b763407b877941de0,slug_only,aws-amplify/docs,/[platform]/prev/build-a-backend/more-features/datastore/how-it-works,/gen1/react/prev/build-a-backend/more-features/datastore/how-it-works,/,wildcard,wildcard_expansion_ambiguity
cea1856d74f0067fe243,slug_only,aws-amplify/docs,/lib-v1/restapi/fetch/q/platform/android,/gen1/android/prev/build-a-backend/restapi/fetch-data,/,literal,other
cecb74e208db9e6773d0,slug_only,aws-amplify/docs,/cli/commands/notifications,/javascript/tools/cli/commands,/android/build-a-backend/push-notifications/record-notifications,literal,many_to_one_merges
cefafbb7c6764b4aa70b,slug_only,hashicorp/terraform-website,/docs/providers/cloudflare/d/:path*,/providers/cloudflare/cloudflare/latest/docs/data-sources/:path*,/providers/AviatrixSystems/aviatrix/latest/docs/data-sources/:path*,placeholder,wildcard_expansion_ambiguity
cf661b41515be95454c9,slug_only,aws-amplify/docs,/cli/auth/admin,/javascript/build-a-backend/auth/admin-actions,/,literal,other
cfbbdae0f2f7a48286a4,slug_only,aws-amplify/docs,/lib/storage/getting-started,/javascript/build-a-backend/storage,/android/sdk/auth/getting-started,literal,other
cfbc9bd0bb9c444b61bf,slug_only,hashicorp/terraform-website,/docs/providers/vcd/guides/:path*,/providers/vmware/vcd/latest/docs/guides/:path*,/providers/AviatrixSystems/aviatrix/latest/docs/guides/:path*,placeholder,wildcard_expansion_ambiguity
cfd0fb3747d186f8097b,slug_only,aws-amplify/docs,/lib-v1/auth/signOut,/gen1/react/prev/build-a-backend/auth/enable-sign-up,/,literal,other
cff14cd68940ac50810d,slug_only,aws-amplify/docs,/lib-v1/auth/mfa/q/platform/js,/gen1/javascript/prev/build-a-backend/auth/manage-mfa,/,literal,other
d0443243c489a2bd5637,slug_only,hashicorp/terraform-website,/docs/providers/docker(/index.html),/providers/kreuzwerker/docker/latest/docs,/.github/pull_request_template,wildcard,wildcard_expansion_ambiguity
d06115ac0c75837d1749,slug_only,aws-amplify/docs,/lib/auth/signin_with_custom_flow/q/platform/flutter,/flutter/build-a-backend/auth/sign-in-custom-flow,/flutter,literal,other
d07bba36a76c86531a30,slug_only,aws-amplify/docs,/lib/graphqlapi/concepts/q/platform/js,/gen1/javascript/prev/build-a-backend/graphqlapi/api-graphql-concepts,/,literal,other
d07f42090aed295a4cc7,slug_only,aws-amplify/docs,/[platform]/prev/build-a-backend/more-features/analytics/data-usage-policy,/gen1/react/prev/build-a-backend/more-features/analytics/data-usage-policy,/android/build-a-backend/more-features/datastore/manipulate-data,wildcard,wildcard_expansion_ambiguity
d0915a540e635839ec34,slug_only,aws-amplify/docs,/cli/function/env-vars,/javascript/build-a-backend/functions/environment-variables,/,literal,no_lexical_overlap_after_ia_rewrite
d188c210500ca8129824,slug_only,hashicorp/terraform-website,/language/upgrade-guides/0-9,/language/v1.1.x/upgrade-guides/0-9,/language/upgrade-guides/0-9,literal,many_to_one_merges
d1b8b8c8016e1752ea1a,slug_only,aws-amplify/docs,/lib/devpreview/getting-started/q/platform/ios,/swift/start/project-setup/upgrade-guide,/,literal,no_lexical_overlap_after_ia_rewrite
d1d0b6289f74c4672c8f,slug_only,aws-amplify/docs,/lib/auth/sms_flows/q/platform/ios,/swift/build-a-backend/auth/add-sms-flows,/,literal,other
d1e4955f1ff867314aa1,slug_only,aws-amplify/docs,/lib-v1/analytics/identifyuser/q/platform/ios,/gen1/swift/prev/build-a-backend/more-features/analytics/identify-user,/,literal,other
d2199dcc480a83f0b46a,slug_only,hashicorp/terraform-website,/docs/providers/profitbricks/guides/:path*,/providers/ionos-cloud/profitbricks/latest/docs/guides/:path*,/providers/AviatrixSystems/aviatrix/latest/docs/guides/:path*,placeholder,wildcard_expansion_ambiguity
d21d9b701e7f19676318,slug_only,hashicorp/terraform-website,/docs/providers/consul/d/:path*,/providers/hashicorp/consul/latest/docs/data-sources/:path*,/providers/AviatrixSystems/aviatrix/latest/docs/data-sources/:path*,placeholder,wildcard_expansion_ambiguity
d226e79590a4579fc5ff,slug_only,aws-amplify/docs,/lib-v1/restapi/update/q/platform/ios,/gen1/swift/prev/build-a-backend/restapi/update-data,/,literal,other
d2aa4bea3473b3cc656d,slug_only,aws-amplify/docs,/console/formbuilder/validations,/javascript/build-ui/formbuilder/validations,/,literal,other
d2bd07b0530f45703660,slug_only,aws-amplify/docs,/lib-v1/in-app-messaging/display-message/q/platform/js,/gen1/javascript/prev/build-a-backend/more-features/in-app-messaging/display-messages,/,literal,other
d2d129801b6367623527,slug_only,aws-amplify/docs,/cli/geo/maps,/javascript/build-a-backend/more-features/geo/configure-maps,/android/build-a-backend/more-features/geo/maps,literal,other
d2ecb729cf3c82312532,slug_only,aws-amplify/docs,/cli/usage/permissions-boundary,/javascript/tools/cli/project/permissions-boundary,/,literal,other
d3069513903a3a296085,slug_only,aws-amplify/docs,/guides,/react/build-a-backend,/,literal,many_to_one_merges
d341db7eec1c28b8f1c2,slug_only,aws-amplify/docs,/cli/geo/search,/javascript/build-a-backend/more-features/geo/configure-location-search,/gen1/javascript/prev/build-a-backend/more-features/geo/location-search,literal,other
d3b0db7ec1160c3636e7,slug_only,aws-amplify/docs,/lib/troubleshooting/upgrading/q/platform/js,/javascript/build-a-backend/troubleshooting/upgrade-amplify-packages,/,literal,other
d3c2f14ed27508417f6d,slug_only,aws-amplify/docs,/lib/storage/list/q/platform/android,/android/build-a-backend/storage/list,/,literal,other
d3ef8697b6d3ccafff29,slug_only,aws-amplify/docs,/cli/project/troubleshooting,/javascript/tools/cli/project/troubleshooting,/,literal,other
d3f5afdc94a2428c11f0,slug_only,aws-amplify/docs,/cli/commands/export,/javascript/tools/cli/commands,/,literal,many_to_one_merges
d3fa82e22d744c4b6487,slug_only,fluxcd/website,/flux/guides/monitoring,/flux/monitoring/metrics,/en/flagger/usage/monitoring,literal,other
d41c8ef9c08c5f63aa2b,slug_only,fluxcd/website,/docs/contributing/docs/hugo-shortcodes,/flux/contributing/docs/writing-docs,/CODE_OF_CONDUCT,literal,soft_404_or_thin_pages
d4603a3e60d50dca1f5f,slug_only,aws-amplify/docs,/guides/datastore/parallel-processing/q/platform/ios,/gen1/swift/prev/build-a-backend/more-features/datastore,/,literal,other
d48972aa2f702607ca88,slug_only,aws-amplify/docs,/cli/migration/cli-auth-signup-changes,/javascript/tools/cli/migration/cli-auth-signup-changes,/angular/build-a-backend/auth,literal,other
d57fd5228b65e9112633,slug_only,aws-amplify/docs,/cli/commands/import,/javascript/tools/cli/commands,/gen1/<platform>/build-a-backend/storage/import,literal,many_to_one_merges
d580302b005cdd7c10e7,slug_only,aws-amplify/docs,/lib-v1/utilities/cache/q/platform/react-native,/gen1/react-native/prev/build-a-backend/utilities/cache,/,literal,other
d5b2fd9caeaab9161bc8,slug_only,aws-amplify/docs,/[platform]/build-a-backend/more-features,/react/build-a-backend/more-features,/gen1/<platform>/build-a-backend/more-features,wildcard,wildcard_expansion_ambiguity
d5e70f4a13003de38550,slug_only,denoland/docs,/deploy/tutorials/vite,/examples/react_tutorial,/404,literal,soft_404_or_thin_pages
d6159b8c2a34f9f5f70c,slug_only,aws-amplify/docs,/lib/predictions/interpret/q/platform/react-native,/react-native/build-a-backend/more-features/predictions/interpret-sentiment,/,literal,other
d61813d88d8f569b5a9c,slug_only,aws-amplify/docs,/react/build-a-backend/data/connect-existing-data,/react/build-a-backend/data/connect-to-existing-data-sources,/gen1/<platform>/build-a-backend/graphqlapi/connect-api-to-existing-database,literal,other
d62aadeeb4417f96e0c3,slug_only,aws-amplify/docs,/lib-v1/analytics/enable-disable/q/platform/flutter,/gen1/flutter/prev/build-a-backend/more-features/analytics/enable-disable,/flutter,literal,other
d66ba715490e4ed92222,slug_only,aws-amplify/docs,/lib-v1/predictions/interpret/q/platform/js,/gen1/javascript/prev/build-a-backend/more-features/predictions/interpret-sentiment,/,literal,other
d69d724c4476a11872e3,slug_only,aws-amplify/docs,/[platform]/build-a-backend/more-features/analytics/app-uninstall,/react/build-a-backend/more-features/analytics/app-uninstall,/android/build-a-backend/auth/app-uninstall,wildcard,wildcard_expansion_ambiguity
d6f1d673eb7516ae7676,slug_only,aws-amplify/docs,/migrate-to-gen2,/react/start/migrate-to-gen2,/android/build-a-backend/more-features/datastore/sync-to-cloud,literal,other
d74288c9f9349a7f943d,slug_only,aws-amplify/docs,/lib/auth/getting-started,/react/build-a-backend/auth,/android/sdk/auth/getting-started,literal,other
d753997a344fcf366308,slug_only,hashicorp/terraform-website,/docs/providers/vault(/index.html),/providers/hashicorp/vault/latest/docs,/.github/pull_request_template,wildcard,wildcard_expansion_ambiguity
d7ec38d7ce71f6c3bda1,slug_only,aws-amplify/docs,/lib-v1/datastore/sync/q/platform/flutter,/gen1/flutter/prev/build-a-backend/more-features/datastore/sync-to-cloud,/flutter,literal,other
d839258d099e162d2c8c,slug_only,hashicorp/terraform-website,/docs/providers/cloudinit/r/:path*,/providers/hashicorp/cloudinit/latest/docs/resources/:path*,/providers/AviatrixSystems/aviatrix/latest/docs/data-sources/:path*,placeholder,wildcard_expansion_ambiguity
d86132328d8e3772de0c,slug_only,aws-amplify/docs,/lib/restapi/existing-resources/q/platform/ios,/swift/build-a-backend/restapi/existing-resources,/,literal,many_to_one_merges
d871f021116ecb03c0e5,slug_only,aws-amplify/docs,/cli/migration/list-nullability,/javascript/tools/cli/migration/list-nullability,/android/build-a-backend/storage/list,literal,other
d8d9d504b6573fe12512,slug_only,aws-amplify/docs,/lib-v1/utilities/i18n/q/platform/react-native,/gen1/react-native/prev/build-a-backend/utilities/i18n,/,literal,other
d8faf7a1c8af0f45af30,slug_only,hashicorp/terraform-website,/docs/providers/dome9/d/:path*,/providers/dome9/dome9/latest/docs/data-sources/:path*,/providers/AviatrixSystems/aviatrix/latest/docs/data-sources/:path*,placeholder,wildcard_expansion_ambiguity
d920d2370bd2d381c4b6,slug_only,aws-amplify/docs,/cli/custom/cloudformation,/javascript/tools/cli/custom/cloudformation,/,literal,other
d9229447bc7f801b193b,slug_only,aws-amplify/docs,/[platform]/deploy-and-host/deployment/pull-request-previews,/react/deploy-and-host/deployment/pull-request-previews,/,wildcard,wildcard_expansion_ambiguity
d930c23f9b7ba6f8bca3,slug_only,aws-amplify/docs,/[platform]/tools/console/authz,/react/tools/console/authz,/gen1/flutter/prev/build-a-backend/restapi/customize-authz,wildcard,wildcard_expansion_ambiguity
da1197539099e4dd49bf,slug_only,aws-amplify/docs,/[platform]/build-a-backend/more-features/in-app-messaging/resolve-conflicts,/react/build-a-backend/more-features/in-app-messaging/resolve-conflicts,/,wildcard,wildcard_expansion_ambiguity
da47b755e5ef7efb4cfd,slug_only,hashicorp/terraform-website,/docs/providers/template(/index.html),/providers/hashicorp/template/latest/docs,/.github/pull_request_template,wildcard,wildcard_expansion_ambiguity
da583d9dc04113a2b892,slug_only,aws-amplify/docs,/start/getting-started/installation/q/integration/react-native,/react-native/start/getting-started/installation,/,literal,other
dac5da0bc25f1ff29987,slug_only,aws-amplify/docs,/lib/info/app-uninstall/q/platform/android,/android/build-a-backend/auth/app-uninstall,/,literal,other
daedd247e5d1619e00d9,slug_only,aws-amplify/docs,/lib/analytics/autotrack/q/platform/flutter,/flutter/build-a-backend/more-features/analytics/auto-track-sessions,/flutter,literal,other
db09d381b903401f4781,slug_only,fluxcd/website,/flux/use-cases/azure,/flux/installation/bootstrap/azure-devops,/en/flux/integrations/azure,literal,soft_404_or_thin_pages
db3e7bf51639e010289a,slug_only,aws-amplify/docs,/[platform]/prev/build-a-backend/auth/data-usage-policy,/gen1/react/prev/build-a-backend/auth/data-usage-policy,/android/build-a-backend/more-features/datastore/manipulate-data,wildcard,wildcard_expansion_ambiguity
db480d6afdfd57c2fd67,slug_only,aws-amplify/docs,/gen2/deploy-and-host,/react/deploy-and-host,/android/deploy-and-host,literal,other
dbd4199122a3b442d3e1,slug_only,hashicorp/terraform-website,/guides,/intro,/guides,literal,no_lexical_overlap_after_ia_rewrite
dc68bf9ea22584befd2a,slug_only,aws-amplify/docs,/lib/auth/overview/q/platform/ios,/swift/build-a-backend/auth,/,literal,other
dd36469a4fcc8c84dbe6,slug_only,aws-amplify/docs,/guides/functions/graphql-from-lambda/q/platform/js,/javascript/build-a-backend/functions/graphql-from-lambda,/,literal,other
dd5065cb1376ac55e7b1,slug_only,aws-amplify/docs,/lib/datastore/schema-updates/q/platform/ios,/swift/build-a-backend/more-features/datastore/schema-updates,/,literal,other
dd5e50055d70789c1708,slug_only,aws-amplify/docs,/[platform]/build-a-backend/more-features/analytics/analytics-migration-guide,/react/build-a-backend/more-features/analytics/analytics-migration-guide,/angular/getting-started/migration,wildcard,wildcard_expansion_ambiguity
dda9c639886eb6b82c86,slug_only,aws-amplify/docs,/start/sample-apps/todo-app/q/integration/android,/android/start/sample-apps/to-do-app,/,literal,other
ddb590b82276f82400e2,slug_only,aws-amplify/docs,/lib-v1/utilities/hub/q/platform/react-native,/gen1/react-native/prev/build-a-backend/utilities/hub,/,literal,other
ddb595d05e7925cd57b4,slug_only,aws-amplify/docs,/[platform]/build-a-backend/auth/switch-auth,/react/build-a-backend/auth/switch-auth,/gen1/android/build-a-backend/auth/switch-auth,wildcard,wildcard_expansion_ambiguity
de9c0139c1a4130a00d3,slug_only,hashicorp/terraform-website,/docs/providers/scaleway/d/:path*,/providers/scaleway/scaleway/latest/docs/data-sources/:path*,/providers/AviatrixSystems/aviatrix/latest/docs/data-sources/:path*,placeholder,wildcard_expansion_ambiguity
deb158611eb8e9891271,slug_only,aws-amplify/docs,/lib-v1/geo/maps/q/platform/flutter,/gen1/flutter/prev/build-a-backend,/flutter,literal,other
df09f7da88037a684e26,slug_only,aws-amplify/docs,/lib/analytics/record/q/platform/react,/react/build-a-backend/more-features/analytics/record-events,/,literal,many_to_one_merges
df23c2ce44d1cd031bec,slug_only,hashicorp/terraform-website,/language/upgrade-guides/0-15,/language/v1.1.x/upgrade-guides/0-15,/language/upgrade-guides/0-15,literal,other
df40c30afe130e079965,slug_only,hashicorp/terraform-website,/docs/providers/signalfx/r/:path*,/providers/splunk-terraform/signalfx/latest/docs/resources/:path*,/providers/AviatrixSystems/aviatrix/latest/docs/data-sources/:path*,placeholder,wildcard_expansion_ambiguity
df6f9270361b6b006804,slug_only,aws-amplify/docs,/lib-v1/restapi/getting-started/q/platform/flutter,/gen1/flutter/prev/build-a-backend/restapi/set-up-rest-api,/flutter,literal,other
df76e6147c8cc8f1b881,slug_only,aws-amplify/docs,/lib-v1/predictions/transcribe/q/platform/react-native,/gen1/react-native/prev/build-a-backend/more-features/predictions/transcribe-audio,/,literal,other
dfd6b03880880d6a96f6,slug_only,aws-amplify/docs,/lib-v1/datastore/relational/q/platform/javascript,/gen1/javascript/prev/build-a-backend/more-features/datastore/relational-models,/,literal,other
e02b13747c13376df273,slug_only,aws-amplify/docs,/start/q/integration/vue,/vue/start/getting-started/introduction,/,literal,other
e03841ed41db9cf8f259,slug_only,aws-amplify/docs,/gen1/nextjs/prev/build-a-backend/graphqlapi/best-practice/query-with-sorting,/gen1/nextjs/build-a-backend/graphqlapi/best-practice/query-with-sorting,/flutter/build-a-backend/graphqlapi/query-data,literal,other
e0aa086f03fea61e8a98,slug_only,aws-amplify/docs,/lib/geo/existing-resources/q/platform/js,/javascript/build-a-backend/more-features/geo/existing-resources,/,literal,other
e0ddbdeed56c5152f291,slug_only,aws-amplify/docs,/gen1/gen2/deploy-and-host/fullstack-branching,/react/deploy-and-host/fullstack-branching,/,literal,other
e10c87ce210d6fc0cbc9,slug_only,aws-amplify/docs,/lib-v1/geo/existing-resources/q/platform/ios,/gen1/swift/prev/build-a-backend/more-features/geo/existing-resources,/,literal,other
e16eb9bf07085a7b6942,slug_only,aws-amplify/docs,/nextjs/build-a-backend/functions/integrate-dynamodb-with-lambda,/nextjs/build-a-backend/functions,/android/start/getting-started/integrate,literal,many_to_one_merges
e17ff128d2a241543a21,slug_only,hashicorp/terraform-website,/docs/providers/dme/guides/:path*,/providers/DNSMadeEasy/dme/latest/docs/guides/:path*,/providers/AviatrixSystems/aviatrix/latest/docs/guides/:path*,placeholder,wildcard_expansion_ambiguity
e22e459c043a8f3f2d46,slug_only,aws-amplify/docs,/vue/build-a-backend/functions/appsync-operations-to-lambda-layer,/vue/build-a-backend/graphqlapi/client-code-generation,/android/build-a-backend/storage/lambda-triggers,literal,other
e23f12b5f36c95c2b97e,slug_only,withastro/docs,/:lang/migration/0.21.0,/:lang/guides/upgrade-to/v1,/.github/PULL_REQUEST_TEMPLATE,placeholder,wildcard_expansion_ambiguity
e242eed672bb24ff4c80,slug_only,aws-amplify/docs,/lib/graphqlapi/optimistic-ui/q/platform/ios,/swift/build-a-backend/graphqlapi/optimistic-ui,/,literal,other
e3038b0651c99819f79b,slug_only,hashicorp/terraform-website,/docs/providers/constellix/guides/:path*,/providers/Constellix/constellix/latest/docs/guides/:path*,/providers/AviatrixSystems/aviatrix/latest/docs/guides/:path*,placeholder,wildcard_expansion_ambiguity
e34f83fe97058e5bdedf,slug_only,aws-amplify/docs,/lib/push-notifications/enable-rich-notifications/q/platform/flutter,/flutter/build-a-backend/push-notifications/enable-rich-notifications,/flutter,literal,other
e38ecdf9dbcb057cd5e2,slug_only,aws-amplify/docs,/lib/push-notifications/testing/q/platform/android,/android/build-a-backend/push-notifications/test-notifications,/,literal,other
e3c6c20a35d1f1d83cb4,slug_only,aws-amplify/docs,/lib-v1/restapi/delete/q/platform/flutter,/gen1/flutter/prev/build-a-backend/restapi/delete-data,/flutter,literal,other
e51cc00af60a0f4c1afb,slug_only,aws-amplify/docs,/[platform]/build-a-backend/server-side-rendering/nextjs,/react/build-a-backend/server-side-rendering/nextjs,/gen1/angular/build-a-backend/server-side-rendering/nextjs,wildcard,wildcard_expansion_ambiguity
e56efcd2c3fae6e76ad3,slug_only,aws-amplify/docs,/guides/functions/connecting-a-rest-api/q/platform/react-native,/react-native/build-a-backend,/,literal,many_to_one_merges
e582adda270f2e61730d,slug_only,aws-amplify/docs,/gen2/reference/<page>,/react/reference/<page>,/gen1/<platform>/build-a-backend/graphqlapi/<page>,placeholder,wildcard_expansion_ambiguity
e59de135a22be4854829,slug_only,aws-amplify/docs,/lib/datastore/schema-updates/q/platform/flutter,/flutter/build-a-backend/more-features/datastore/schema-updates,/flutter,literal,other
e5a99cc743319e9b6ec4,slug_only,aws-amplify/docs,/[platform]/sdk/analytics/endpoints,/react/sdk/analytics/endpoints,/android/sdk/analytics/endpoints,wildcard,wildcard_expansion_ambiguity
e5fba4c7959c9d579e8b,slug_only,aws-amplify/docs,/react/build-a-backend/functions/appsync-operations-to-lambda-layer,/react/build-a-backend/graphqlapi/client-code-generation,/android/build-a-backend/storage/lambda-triggers,literal,other
e662b1dc4386e8724ccd,slug_only,aws-amplify/docs,/cli/migration/override,/javascript/tools/cli/migration/override,/,literal,other
e6c5539a4bfb0acfa410,slug_only,aws-amplify/docs,/lib/analytics/enable-disable,/react/build-a-backend/more-features/analytics/enable-disable,/gen1/android/prev/build-a-backend/more-features/analytics/enable-disable,literal,other
e77846350d163aae2fda,slug_only,denoland/docs,/examples/tutorials/deno_deploy,/examples/deno_deploy_tutorial,/examples/tutorials/deno_deploy,literal,other
e7ba25c319b7baa8402f,slug_only,hashicorp/terraform-website,/terraform/plugin/sdkv2/best-practices/other-languages,/terraform/plugin/best-practices/provider-code,/terraform/plugin/best-practices/interacting-with-providers,literal,other
e7c6755dcfa14e75fb45,slug_only,aws-amplify/docs,/lib/ssr/ssr/q/platform/js,/gen1/javascript/prev/build-a-backend/server-side-rendering,/,literal,no_lexical_overlap_after_ia_rewrite
e84a90d671017ea9b940,slug_only,aws-amplify/docs,/lib/project-setup/async/q/platform/react,/react/start/project-setup,/,literal,other
e8a20968687ac0f2bb6c,slug_only,aws-amplify/docs,/lib-v1/analytics/autotrack/q/platform/android,/gen1/android/prev/build-a-backend/more-features/analytics/auto-track-sessions,/,literal,other
e8ae0e60122a86edc4b4,slug_only,withastro/docs,/lighthouse/*,/en/guides/migrate-to-astro,/:lang/tutorial/6-islands/4,wildcard,wildcard_expansion_ambiguity
e8faa1883a419a25ee65,slug_only,hashicorp/terraform-website,/docs/providers/archive/r/:path*,/providers/hashicorp/archive/latest/docs/resources/:path*,/providers/AviatrixSystems/aviatrix/latest/docs/data-sources/:path*,placeholder,wildcard_expansion_ambiguity
e8fe36952c9a55dff4eb,slug_only,hashicorp/terraform-website,/docs/providers/nsxt/d/:path*,/providers/vmware/nsxt/latest/docs/data-sources/:path*,/providers/AviatrixSystems/aviatrix/latest/docs/data-sources/:path*,placeholder,wildcard_expansion_ambiguity
e9390b4c14eebf02b830,slug_only,denoland/docs,/runtime/fundamentals/standard_library,/runtime/reference/std,/404,literal,soft_404_or_thin_pages
e957cb28bd72edcfc170,slug_only,aws-amplify/docs,/lib/project-setup/upgrade-guide/q/platform/flutter,/flutter/start/project-setup/upgrade-guide,/flutter,literal,other
e9a54c9b5c94db8778ba,slug_only,aws-amplify/docs,/lib/auth/auth-events/q/platform/js,/javascript/build-a-backend/auth/auth-events,/,literal,other
ea57f704b282f17123b3,slug_only,hashicorp/terraform-website,/docs/providers/turbot/r/:path*,/providers/turbot/turbot/latest/docs/resources/:path*,/providers/AviatrixSystems/aviatrix/latest/docs/data-sources/:path*,placeholder,wildcard_expansion_ambiguity
ea94962075ea62caf0d1,slug_only,aws-amplify/docs,/api/swagger/swagger-ui,/,/android/build-a-backend/auth/sign-in-with-web-ui,literal,many_to_one_merges
eb15d92ba212990f874d,slug_only,aws-amplify/docs,/<platform>/build-a-backend/auth/override-cognito,/<platform>/build-a-backend/auth/modify-resources-with-cdk,/<platform>/build-a-backend/auth/connect-your-frontend/manage-user-sessions,placeholder,wildcard_expansion_ambiguity
eb40aa3c7e902a0c6e5b,slug_only,aws-amplify/docs,/cli/usage/export-to-cdk,/javascript/tools/cli/usage/export-to-cdk,/android/build-a-backend/more-features/datastore/sync-to-cloud,literal,other
eba15af7aa552b81c441,slug_only,aws-amplify/docs,/vue/build-a-backend/storage/get-properties,/gen1/vue/build-a-backend/storage/get-properties,/flutter/build-a-backend/storage/get-properties,literal,other
ebb915aed832a1161de6,slug_only,aws-amplify/docs,/lib/geo/getting-started/q/platform/ios,/swift/build-a-backend/more-features/geo/set-up-geo,/,literal,other
ebf0a18652c27d603f81,slug_only,aws-amplify/docs,/cli/usage/plugin,/gen1/react/tools/cli/plugins,/gen1/javascript/prev/build-a-backend/more-features/analytics/create-custom-plugin,literal,other
ec27e639eb1d567a4b27,slug_only,aws-amplify/docs,/lib-v1/analytics/autotrack/q/platform/react-native,/gen1/react-native/prev/build-a-backend/more-features/analytics/auto-track-sessions,/,literal,other
ec302288598f56645aec,slug_only,aws-amplify/docs,/angular/build-a-backend/functions/dynamodb-from-lambda-python,/angular/build-a-backend/functions,/angular/build-a-backend,literal,many_to_one_merges
ec44e7824c1402e9f375,slug_only,aws-amplify/docs,/cli/commands/serve,/javascript/tools/cli/commands,/,literal,many_to_one_merges
ec540e6c4a3ec357a342,slug_only,aws-amplify/docs,/lib/auth/signOut/q/platform/flutter,/flutter/build-a-backend/auth/sign-out,/flutter,literal,other
ec75c78bdf5e2b8ef4a7,slug_only,denoland/docs,/examples/tutorials/drizzle,/examples/drizzle_tutorial,/examples/tutorials/drizzle,literal,other
ec786510a752823d7044,slug_only,aws-amplify/docs,/lib-v1/predictions/getting-started/q/platform/ios,/gen1/swift/prev/build-a-backend/more-features/predictions/set-up-predictions,/,literal,other
ecd1ef4a2b3862e2e685,slug_only,aws-amplify/docs,/lib-v1/auth/getting-started/q/platform/android,/gen1/android/prev/build-a-backend/auth/set-up-auth,/,literal,other
ed195da6e77b1482f890,slug_only,aws-amplify/docs,/lib-v1/datastore/real-time/q/platform/react-native,/gen1/react-native/prev/build-a-backend/more-features/datastore/real-time,/,literal,other
ed541e6c82c00f71f3de,slug_only,hashicorp/terraform-website,/docs/providers/grafana/r/:path*,/providers/grafana/grafana/latest/docs/resources/:path*,/providers/AviatrixSystems/aviatrix/latest/docs/data-sources/:path*,placeholder,wildcard_expansion_ambiguity
ed813d8eb7f9c4c79ab2,slug_only,aws-amplify/docs,/guides/api-rest/express-server/q/platform/js,/javascript/build-a-backend/restapi,/,literal,many_to_one_merges
ed99a3168f38e6ad838f,slug_only,aws-amplify/docs,/angular/build-a-backend/functions/graphql-server-lambda,/angular/build-a-backend/functions,/angular/build-a-backend/server-side-rendering,literal,many_to_one_merges
edc9af5986a9b0a40ee4,slug_only,aws-amplify/docs,/nextjs/start/connect-existing-aws-resources,/nextjs/start/connect-to-aws-resources,/angular/start/connect-to-aws-resources,literal,other
edcfba45a49375ea7309,slug_only,aws-amplify/docs,/lib/pubsub/getting-started/q/platform/js,/javascript/build-a-backend/more-features/pubsub/set-up-pubsub,/,literal,other
edea8077f1987e375220,slug_only,aws-amplify/docs,/lib/graphqlapi/advanced-workflows/q/platform/flutter,/flutter/build-a-backend/graphqlapi/advanced-workflows,/flutter,literal,other
ee598184f22f68d8e692,slug_only,aws-amplify/docs,/android/deploy-and-host/deployment,/android/deploy-and-host,/gen1/angular/deploy-and-host/deployment,literal,other
eea976ca0669871cac0b,slug_only,aws-amplify/docs,/lib/push-notifications/remote-media/q/platform/ios,/swift/build-a-backend/push-notifications/remote-media,/,literal,other
eeeb0e47a4185b7c97ed,slug_only,hashicorp/terraform-website,/docs/providers/google/d/:path*,/providers/hashicorp/google/latest/docs/data-sources/:path*,/providers/AviatrixSystems/aviatrix/latest/docs/data-sources/:path*,placeholder,wildcard_expansion_ambiguity
eef476d2eef100a4df7d,slug_only,withastro/docs,/en/quick-started,/en/installation,/ar/getting-started,literal,other
ef862d8102308edb8404,slug_only,withastro/docs,/:lang/tutorials/add-content-collections,/:lang/tutorial/6-islands/4,/:lang/guides/content-collections,placeholder,wildcard_expansion_ambiguity
f07c1b38889821439cc1,slug_only,aws-amplify/docs,/lib-v1/auth/overview/q/platform/js,/gen1/javascript/prev/build-a-backend/auth/under-the-hood,/,literal,other
f09d56e0314474725f5c,slug_only,hashicorp/terraform-website,/docs/providers/skytap(/index.html),/providers/skytap/skytap/latest/docs,/.github/pull_request_template,wildcard,wildcard_expansion_ambiguity
f0cfa9bfd8496f1304ce,slug_only,aws-amplify/docs,/lib-v1/analytics/storing/q/platform/js,/gen1/javascript/prev/build-a-backend/more-features/analytics/storing-data,/,literal,other
f0ec5a8a73f3981fd092,slug_only,aws-amplify/docs,/build-ui,/react/build-ui,/angular/build-a-backend,literal,other
f12e0922b388eb9b9d4f,slug_only,denoland/docs,/examples/tutorials/digital_ocean,/examples/digital_ocean_tutorial,/examples/tutorials/digital_ocean,literal,other
f145264614cd81de1ac5,slug_only,hashicorp/terraform-website,/docs/providers/flexibleengine(/index.html),/providers/FlexibleEngineCloud/flexibleengine/latest/docs,/.github/pull_request_template,wildcard,wildcard_expansion_ambiguity
f1eb36c03f03e59f27ed,slug_only,aws-amplify/docs,/flutter/prev/build-a-backend/graphqlapi/query-data,/gen1/flutter/prev/build-a-backend/graphqlapi/query-data,/flutter/build-a-backend/graphqlapi/query-data,literal,many_to_one_merges
f21467de95e9015f2d4c,slug_only,hashicorp/terraform-website,/docs/providers/cloudflare/r/:path*,/providers/cloudflare/cloudflare/latest/docs/resources/:path*,/providers/AviatrixSystems/aviatrix/latest/docs/data-sources/:path*,placeholder,wildcard_expansion_ambiguity
f22f3cc8575ae0599e5c,slug_only,aws-amplify/docs,/lib-v1/graphqlapi/query-data/q/platform/android,/gen1/android/prev/build-a-backend/graphqlapi/query-data,/,literal,other
f289824e8e6c4739ec62,slug_only,aws-amplify/docs,/cli-legacy/graphql-transformer/key,/javascript/tools/cli-legacy/key-directive,/,literal,other
f293ae481b64003662b1,slug_only,aws-amplify/docs,/nextjs/build-a-backend/functions/graphql-server-lambda,/nextjs/build-a-backend/functions,/android/sdk/api/graphql,literal,many_to_one_merges
f325d71adf40beff9d42,slug_only,aws-amplify/docs,/[platform]/build-a-backend/more-features/geo/maps,/react/build-a-backend/more-features/geo/maps,/android/build-a-backend/more-features/geo/maps,wildcard,wildcard_expansion_ambiguity
f34209457696e84afa29,slug_only,aws-amplify/docs,/lib/storage/cancel-requests/q/platform/js,/gen1/javascript/prev/build-a-backend/storage/cancel-requests,/,literal,other
f344068b548650d4306b,slug_only,aws-amplify/docs,/cli/geo/geofencing,/javascript/build-a-backend/more-features/geo/configure-geofencing,/,literal,other
f3502fc54ac866613e9f,slug_only,hashicorp/terraform-website,/docs/providers/brightbox/d/:path*,/providers/brightbox/brightbox/latest/docs/data-sources/:path*,/providers/AviatrixSystems/aviatrix/latest/docs/data-sources/:path*,placeholder,wildcard_expansion_ambiguity
f3953418a98b946a20d0,slug_only,aws-amplify/docs,/lib-v1/utilities/serviceworker/q/platform/js,/gen1/javascript/prev/build-a-backend/utilities/service-worker,/,literal,other
f3c9968c1f79ee706216,slug_only,aws-amplify/docs,/cli-legacy/graphql-transformer/http,/javascript/tools/cli-legacy/http-directive,/,literal,other
f3f33ab4f6af192c6276,slug_only,hashicorp/terraform-website,/docs/providers/venafi/r/:path*,/providers/Venafi/venafi/latest/docs/resources/:path*,/providers/AviatrixSystems/aviatrix/latest/docs/data-sources/:path*,placeholder,wildcard_expansion_ambiguity
f43ce66095d924e47e97,slug_only,aws-amplify/docs,/lib/in-app-messaging/prerequisites/q/platform/js,/javascript/build-a-backend/more-features/in-app-messaging/set-up-in-app-messaging,/,literal,many_to_one_merges
f4733c08623c9e2deb0a,slug_only,denoland/docs,/examples/tutorials/debugging_with_console,/examples/debugging_with_console_tutorial,/examples/tutorials/debugging_with_console,literal,other
f4c93dd1cf13a191b688,slug_only,aws-amplify/docs,/sdk/push-notifications/getting-started/q/platform/ios,/swift/sdk/push-notifications/getting-started,/,literal,other
f54afe520ebeb6740b3f,slug_only,hashicorp/terraform-website,/docs/providers/bigip(/index.html),/providers/F5Networks/bigip/latest/docs,/.github/pull_request_template,wildcard,wildcard_expansion_ambiguity
f5959ba7b39fe1f4be23,slug_only,aws-amplify/docs,/lib/auth/manage-session/q/platform/js,/javascript/build-a-backend/auth/manage-user-session,/,literal,many_to_one_merges
f5af94528d048c653944,slug_only,hashicorp/terraform-website,/docs/providers/dns/d/:path*,/providers/hashicorp/dns/latest/docs/data-sources/:path*,/providers/AviatrixSystems/aviatrix/latest/docs/data-sources/:path*,placeholder,wildcard_expansion_ambiguity
f5b8c81d78f585b93dcb,slug_only,aws-amplify/docs,/lib/restapi/update/q/platform/ios,/swift/build-a-backend/restapi/update-data,/,literal,other
f5d60dc54f9d464a1786,slug_only,aws-amplify/docs,/[platform]/build-a-backend/storage/data-usage-policy,/react/build-a-backend/storage/data-usage-policy,/android/build-a-backend/more-features/datastore/manipulate-data,wildcard,wildcard_expansion_ambiguity
f631a7d402333d7432fd,slug_only,aws-amplify/docs,/lib-v1/datastore/relational/q/platform/react-native,/gen1/react-native/prev/build-a-backend/more-features/datastore/relational-models,/,literal,other
f6a3ef131a096b0eede2,slug_only,aws-amplify/docs,/[platform]/build-a-backend/functions/secrets,/react/build-a-backend/functions/secrets,/,wildcard,wildcard_expansion_ambiguity
f6d118823d071996c002,slug_only,aws-amplify/docs,/lib/graphqlapi/upgrade-guide/q/platform/js,/javascript/build-a-backend/graphqlapi/upgrade-guide,/,literal,other
f73ad395b1183a26855d,slug_only,hashicorp/terraform-website,/docs/providers/huaweicloudstack/guides/:path*,/providers/huaweicloud/huaweicloudstack/latest/docs/guides/:path*,/providers/AviatrixSystems/aviatrix/latest/docs/guides/:path*,placeholder,wildcard_expansion_ambiguity
f7f7fdc11c5a53b364d7,slug_only,aws-amplify/docs,/lib-v1/push-notifications/interact-with-notifications/q/platform/react-native,/gen1/react-native/prev/build-a-backend/push-notifications/interact-with-notifications,/,literal,other
f8006fd2753a6b8a1b17,slug_only,aws-amplify/docs,/lib-v1/graphqlapi/existing-resources/q/platform/ios,/gen1/swift/prev/build-a-backend/graphqlapi/existing-resources,/,literal,other
f8bb5601963419428b3d,slug_only,hashicorp/terraform-website,/docs/providers/oci/guides/:path*,/providers/oracle/oci/latest/docs/guides/:path*,/providers/AviatrixSystems/aviatrix/latest/docs/guides/:path*,placeholder,wildcard_expansion_ambiguity
f8d9db9bd4ebee5f1db3,slug_only,hashicorp/terraform-website,/docs/providers/packet/d/:path*,/providers/packethost/packet/latest/docs/data-sources/:path*,/providers/AviatrixSystems/aviatrix/latest/docs/data-sources/:path*,placeholder,wildcard_expansion_ambiguity
f903a463f4b20134c49a,slug_only,aws-amplify/docs,/lib-v1/auth/escapehatch/q/platform/ionic,/gen1/react/prev/build-a-backend/auth,/,literal,many_to_one_merges
f926cc2f37ef11d76ae1,slug_only,withastro/docs,/en/core-concepts/component-hydration,/en/concepts/islands,/.github/PULL_REQUEST_TEMPLATE,literal,many_to_one_merges
f9564d26c6796b84d57b,slug_only,aws-amplify/docs,/start/getting-started/generate-model/q/integration/android,/android/start/getting-started/generate-model,/,literal,other
f99575a02bf537423ce8,slug_only,aws-amplify/docs,/start/getting-started/nextsteps/q/integration/js,/javascript/start/getting-started/nextsteps,/,literal,other
f99777adb90d1b664b3f,slug_only,hashicorp/terraform-website,/docs/providers/time/guides/:path*,/providers/hashicorp/time/latest/docs/guides/:path*,/providers/AviatrixSystems/aviatrix/latest/docs/guides/:path*,placeholder,wildcard_expansion_ambiguity
faa0159fd5bd646e0904,slug_only,aws-amplify/docs,/lib/analytics/autotrack/q/platform/js,/gen1/javascript/prev/build-a-backend/more-features/analytics/auto-track-sessions,/,literal,other
faf10d14621e00f67ce9,slug_only,aws-amplify/docs,/lib/auth/advanced/q/platform/react-native,/react-native/build-a-backend/auth/advanced-workflows,/,literal,other
faf8e42eca47b79c99d8,slug_only,aws-amplify/docs,/lib-v1/geo/getting-started/q/platform/js,/gen1/javascript/prev/build-a-backend/more-features/geo/set-up-geo,/,literal,other
fb1caeb3c3ec12febcdd,slug_only,aws-amplify/docs,/lib/interactions/chatbot/q/platform/ios,/swift/build-a-backend,/,literal,many_to_one_merges
fb2bf2b3a7057f002ae1,slug_only,aws-amplify/docs,/lib-v1/restapi/authz/q/platform/flutter,/gen1/flutter/prev/build-a-backend/restapi/customize-authz,/flutter,literal,other
fb54184fa62d0d454587,slug_only,aws-amplify/docs,/lib-v1/auth/signin_with_custom_flow/q/platform/ios,/gen1/swift/prev/build-a-backend/auth/sign-in-custom-flow,/,literal,other
fb7fd9de6b0a578b50cd,slug_only,aws-amplify/docs,/lib/analytics/record/q/platform/android,/android/build-a-backend/more-features/analytics/record-events,/,literal,other
fb8c331bd8b17e24d31a,slug_only,fluxcd/website,/flux/cheatsheets/bootstrap,/flux/installation/configuration,/en/flux/installation/configuration/bootstrap-customization,literal,other
fbc7483e004113050822,slug_only,aws-amplify/docs,/gen2/build-a-backend/data/<category>/<page>,/react/build-a-backend/data/<category>/<page>,/gen1/<platform>/prev/build-a-backend/<category>/<page>,placeholder,wildcard_expansion_ambiguity
fbf1cb499f68096c4fc6,slug_only,aws-amplify/docs,/lib-v1/project-setup/create-application/q/platform/flutter,/gen1/flutter/prev/start/project-setup,/flutter,literal,other
fc3ca6bf83d4ccfc9e2b,slug_only,aws-amplify/docs,/cli/commands/codegen,/javascript/tools/cli/commands,/,literal,many_to_one_merges
fc4e135cc07b5f02a62d,slug_only,aws-amplify/docs,/<*>,/404/index.html,/,placeholder,wildcard_expansion_ambiguity
fc746a53136157591072,slug_only,hashicorp/terraform-website,/docs/providers/grafana/d/:path*,/providers/grafana/grafana/latest/docs/data-sources/:path*,/providers/AviatrixSystems/aviatrix/latest/docs/data-sources/:path*,placeholder,wildcard_expansion_ambiguity
fc88319279eaea7fb49f,slug_only,hashicorp/terraform-website,/docs/providers/gridscale/d/:path*,/providers/gridscale/gridscale/latest/docs/data-sources/:path*,/providers/AviatrixSystems/aviatrix/latest/docs/data-sources/:path*,placeholder,wildcard_expansion_ambiguity
fc89bfcf75d9be0780b7,slug_only,aws-amplify/docs,/lib/analytics/identifyuser/q/platform/js,/javascript/build-a-backend/more-features/analytics/identify-user,/,literal,other
fcf46ebbe82e517067e0,slug_only,hashicorp/terraform-website,/docs/providers/dme/d/:path*,/providers/DNSMadeEasy/dme/latest/docs/data-sources/:path*,/providers/AviatrixSystems/aviatrix/latest/docs/data-sources/:path*,placeholder,wildcard_expansion_ambiguity
fd1975fa7752d6d6013a,slug_only,aws-amplify/docs,/lib-v1/storage/configureaccess/q/platform/ios,/gen1/swift/prev/build-a-backend/storage/configure-access,/,literal,other
fd75af1ef9cf06bfaa9f,slug_only,hashicorp/terraform-website,/upgrade-guides/0-9.html,/language/upgrade-guides/0-9,/docs/extend/writing-custom-providers.html,literal,other
fd7dc7fa22a81a4aba94,slug_only,aws-amplify/docs,/backend/swagger-ui,/,/android/build-a-backend/auth/sign-in-with-web-ui,literal,many_to_one_merges
fdca15e6babe1dc81a97,slug_only,aws-amplify/docs,/lib/geo/getting-started,/react/build-a-backend/more-features/geo,/android/sdk/auth/getting-started,literal,other
fe2461f7604a82d6370e,slug_only,hashicorp/terraform-website,/docs/providers/heroku(/index.html),/providers/heroku/heroku/latest/docs,/.github/pull_request_template,wildcard,wildcard_expansion_ambiguity
ff3807b2cec0edc5de9d,slug_only,hashicorp/terraform-website,/docs/providers/exoscale/r/:path*,/providers/exoscale/exoscale/latest/docs/resources/:path*,/providers/AviatrixSystems/aviatrix/latest/docs/data-sources/:path*,placeholder,wildcard_expansion_ambiguity
ff60cf6174c9294c1eef,slug_only,aws-amplify/docs,/cli/graphql/data-modeling,/javascript/build-a-backend/graphqlapi/data-modeling,/android/build-a-backend/more-features/datastore/manipulate-data,literal,other
ff783efabb9eb9483717,slug_only,aws-amplify/docs,/javascript/build-a-backend/functions/connect-rest-api,/javascript/build-a-backend/functions,/android/build-a-backend/restapi/set-up-rest-api,literal,many_to_one_merges
ff7e1c721142b018fab5,slug_only,aws-amplify/docs,/lib/predictions/escapehatch/q/platform/ios,/swift/build-a-backend/more-features/predictions/sdk,/,literal,other
ffde24bf0a4ee05bfc6f,slug_only,aws-amplify/docs,/nextjs/prev,/gen1/nextjs/prev,/gen1/angular/prev,literal,other
001cb53b16c607df87b6,content_based,aws-amplify/docs,/lib/logging/flush-logs/q/platform/android,/android/build-a-backend/more-features/logging/flush-logs,/android/start/getting-started/setup,literal,other
004d614e717e6cf84e19,content_based,aws-amplify/docs,/cli-legacy/graphql-transformer/storage,/javascript/tools/cli-legacy/storage,/gen1/android/prev/build-a-backend/storage,literal,other
00853681aa1108183968,content_based,denoland/docs,/examples/tutorials/module_metadata,/examples/module_metadata_tutorial,/examples/tutorials/module_metadata,literal,other
00d64736ed148f216535,content_based,aws-amplify/docs,/gen2/how-amplify-works,/react/how-amplify-works,,literal,no_prediction
00f03d49daca0d2692d4,content_based,aws-amplify/docs,/lib-v1/analytics/record/q/platform/ios,/gen1/swift/prev/build-a-backend/more-features/analytics/record-events,/gen1/javascript/prev/build-a-backend/more-features/analytics/record-events,literal,other
00fa09a9cedcc9fd0768,content_based,hashicorp/terraform-website,/docs/providers/ksyun(/index.html),/providers/kingsoftcloud/ksyun/latest/docs,/docs/extend/writing-custom-providers.html,wildcard,wildcard_expansion_ambiguity
010e6c850d34c5eb762f,content_based,aws-amplify/docs,/console/uibuilder/collections,/javascript/build-ui/uibuilder/collections,/gen1/<platform>/tools/console,literal,other
0197e48921d188ed9419,content_based,aws-amplify/docs,/lib/restapi/cancel/q/platform/react-native,/gen1/react-native/prev/build-a-backend/restapi/cancel-api-requests,,literal,no_prediction
01b23220ba48a564831e,content_based,withastro/docs,/:lang/guides/backend/appwriteio,/:lang/guides/backend/appwrite,,placeholder,no_prediction
01bae2941f127beacb85,content_based,aws-amplify/docs,/lib-v1/predictions/label-image/q/platform/js,/gen1/javascript/prev/build-a-backend/more-features/predictions/label-image,,literal,no_prediction
01e28b9ddf46396f5e2a,content_based,aws-amplify/docs,/gen1/react/build-a-backend/auth/connect-your-frontend/sign-up,/gen1/react/build-a-backend/auth/enable-sign-up,,literal,no_prediction
01f98ecac95ed598cbeb,content_based,aws-amplify/docs,/[platform]/build-a-backend/restapi/restapi-v5-to-v6-migration-guide,/react/build-a-backend/restapi/restapi-v5-to-v6-migration-guide,,wildcard,no_prediction
02889599579c92896fa8,content_based,aws-amplify/docs,/lib-v1/restapi/delete/q/platform/android,/gen1/android/prev/build-a-backend/restapi/delete-data,/android/build-a-backend/restapi/existing-resources,literal,other
0298ecd8cb6702312664,content_based,aws-amplify/docs,/lib/datastore/sync/q/platform/flutter,/flutter/build-a-backend/more-features/datastore/sync-to-cloud,/flutter,literal,other
02eaa3001fdc29386822,content_based,aws-amplify/docs,/lib/auth/guest_access/q/platform/flutter,/flutter/build-a-backend/auth/enable-guest-access,/flutter,literal,other
0300474bd4a6c40be5a8,content_based,aws-amplify/docs,/vue/build-a-backend/functions/dynamodb-from-lambda-nodejs,/vue/build-a-backend/functions,/gen1/android/prev/build-a-backend/storage/lambda-triggers,literal,other
037262bb7b7ca6a13092,content_based,aws-amplify/docs,/gen1/react/start/getting-started/setup/q/integration/flutter,/gen1/react/start/getting-started/setup,/android/start/getting-started/setup,literal,other
03f60c72b6a795b01279,content_based,aws-amplify/docs,/start/getting-started/hosting/q/integration/vue,/vue/start/getting-started/hosting,/angular/start/getting-started/hosting,literal,other
0439637d1accdf67cc97,content_based,fluxcd/website,/flagger/usage/traefik-progressive-delivery,/flagger/tutorials/traefik-progressive-delivery,,literal,no_prediction
04713758e4327137f272,content_based,aws-amplify/docs,/lib/restapi/delete/q/platform/ios,/swift/build-a-backend/restapi/delete-data,/android/build-a-backend/restapi/gen-ai,literal,other
04de8b1b5f816036a2bc,content_based,hashicorp/terraform-website,/docs/providers/vultr(/index.html),/providers/vultr/vultr/latest/docs,/docs/extend/writing-custom-providers.html,wildcard,wildcard_expansion_ambiguity
04e2a742e1a26cf006a4,content_based,denoland/docs,/examples/unix-cat,/examples/unix_cat,/examples/import_export,literal,other
054944f3f05fa5083bdc,content_based,aws-amplify/docs,/lib-v1/graphqlapi/advanced-workflows/q/platform/ios,/gen1/swift/prev/build-a-backend/graphqlapi/advanced-workflows,/flutter/build-a-backend/graphqlapi/existing-resources,literal,other
05ce0be692b0dad98a06,content_based,aws-amplify/docs,/api/apidocs,/amplify-js/api,,literal,no_prediction
0606b0094ec609100f24,content_based,aws-amplify/docs,/cli/usage/tags,/javascript/tools/cli/project/tags,/gen1/<platform>/tools/cli/<page>,literal,many_to_one_merges
066bb039d6ff9bb1988e,content_based,aws-amplify/docs,/lib-v1/datastore/getting-started/q/platform/js,/gen1/javascript/prev/build-a-backend/more-features/datastore,,literal,no_prediction
081586ce9f497e92dc59,content_based,aws-amplify/docs,/lib/auth/escapehatch/q/platform/android,/android/build-a-backend/auth/sdk,/android/build-a-backend/auth/set-up-auth,literal,other
081a3d765b551c35808f,content_based,aws-amplify/docs,/lib-v1/graphqlapi/query-data,/gen1/swift/prev/build-a-backend/graphqlapi/query-data,/flutter/build-a-backend/graphqlapi/query-data,literal,other
0829a3f8668fedf8090a,content_based,aws-amplify/docs,/guides/functions/graphql-server-in-lambda/q/platform/android,/android/build-a-backend/functions,/gen1/android/prev/build-a-backend/graphqlapi/set-up-graphql-api,literal,many_to_one_merges
08a051a090ee82111d67,content_based,fluxcd/website,/flux/cheatsheets/sharding,/flux/installation/configuration/sharding,/en/flux/cheatsheets/cel-healthchecks,literal,other
08d23ee78d112ab6d9f8,content_based,withastro/docs,/docs/*,/:splat,,placeholder,no_prediction
08da8f5882f669f3c296,content_based,aws-amplify/docs,/guides/functions/dynamodb-from-js-lambda/q/platform/react-native,/react-native/build-a-backend,/gen1/android/prev/build-a-backend/storage/lambda-triggers,literal,many_to_one_merges
08e474cbcbdd012f91d4,content_based,aws-amplify/docs,/lib-v1/geo/search/q/platform/js,/gen1/javascript/prev/build-a-backend/more-features/geo/location-search,,literal,no_prediction
08fb960e63f04143fd1d,content_based,denoland/docs,/examples/tutorials/hashbang,/examples/hashbang_tutorial,/examples/tutorials/hashbang,literal,other
092c7e53c7c26e840f97,content_based,aws-amplify/docs,/lib/project-setup/combine/q/platform/ios,/swift/start/project-setup/combine-framework,/gen1/android/prev/start/project-setup/prerequisites,literal,other
09391bc2e488f4aec6e7,content_based,aws-amplify/docs,/lib/datastore/real-time/q/platform/ios,/swift/build-a-backend/more-features/datastore/real-time,/flutter/build-a-backend/more-features/datastore/set-up-datastore,literal,other
0a2cfa024f8ad67a8b17,content_based,aws-amplify/docs,/lib-v1/predictions/sample/q/platform/js,/gen1/javascript/prev/build-a-backend/more-features/predictions/example-app,,literal,no_prediction
0a4e706aa1db9e37ac6e,content_based,aws-amplify/docs,/lib/storage/get-properties/q/platform/flutter,/flutter/build-a-backend/storage/get-properties,/flutter,literal,other
0a7ff03f0bc1e3f5c012,content_based,aws-amplify/docs,/lib-v1/graphqlapi/mutate-data/q/platform/react-native,/gen1/react-native/prev/build-a-backend/graphqlapi/mutate-data,/gen1/flutter/prev/build-a-backend/graphqlapi/mutate-data,literal,other
0ab6f43e3d320a1de7d2,content_based,aws-amplify/docs,/lib/storage/triggers/q/platform/android,/android/build-a-backend/storage/lambda-triggers,/android/start/getting-started/setup,literal,other
0ae4f25d2448c12aa790,content_based,aws-amplify/docs,/sdk/pubsub/working-api/q/platform/ios,/swift/sdk/pubsub/working-api,,literal,no_prediction
0b71df3d38e51b3702e6,content_based,aws-amplify/docs,/gen1/react/reference/cli-commands,/gen1/react/tools/cli/commands,,literal,no_prediction
0b75cf559825f49260a7,content_based,aws-amplify/docs,/lib/analytics/create-custom-plugin/q/platform/js,/gen1/javascript/prev/build-a-backend/more-features/analytics/create-custom-plugin,,literal,no_prediction
0b8e4a0955ef03d86450,content_based,aws-amplify/docs,/guides/hosting/local-deployments/q/platform/js,/javascript/deploy-and-host/deployment/deploy-static-site-locally,,literal,no_prediction
0b8fecf5013aa23d6fc4,content_based,aws-amplify/docs,/lib-v1/datastore/how-it-works,/gen1/react/prev/build-a-backend/more-features/datastore/how-it-works,/flutter/build-a-backend/more-features/datastore/datastore-events,literal,many_to_one_merges
0b9278049f7883b31b23,content_based,aws-amplify/docs,/lib/datastore/advanced-workflows/q/platform/react-native,/react-native/build-a-backend/more-features/datastore/customize-primary-keys,/gen1/javascript/prev/build-a-backend/more-features/datastore/relational-models,literal,other
0bd4077c5423a5c37d1a,content_based,aws-amplify/docs,/lib/push-notifications/getting-started/q/platform/android,/android/build-a-backend/push-notifications/set-up-push-notifications,/android/start/getting-started/setup,literal,other
0c463bff126b36f04656,content_based,aws-amplify/docs,/lib/datastore/how-it-works/q/platform/js,/javascript/build-a-backend/more-features/datastore/how-it-works,,literal,no_prediction
0c8f2815cc41fd66a8e4,content_based,aws-amplify/docs,/gen1/REACT/build-a-backend/graphqlapi/customize-authz-modes,/gen1/react/build-a-backend/graphqlapi/customize-authorization-rules,/gen1/javascript/prev/build-a-backend/graphqlapi/customize-authz-modes,literal,other
0cad0f54afbafb245b25,content_based,aws-amplify/docs,/lib/interactions/getting-started/q/platform/react-native,/react-native/build-a-backend/more-features/interactions/set-up-interactions,/android/start/getting-started/installation,literal,other
0cb3f453f294af042969,content_based,aws-amplify/docs,/lib/restapi/getting-started/q/platform/android,/android/build-a-backend/restapi/set-up-rest-api,/android/start/getting-started/setup,literal,other
0cc95a7d27cc58f6bc12,content_based,aws-amplify/docs,/<platform>/build-a-backend/auth/enable-sign-up,/<platform>/build-a-backend/auth/connect-your-frontend/sign-up,/gen1/javascript/prev/build-a-backend/auth/enable-sign-up,placeholder,wildcard_expansion_ambiguity
0d3fbfe86fedb110f062,content_based,hashicorp/terraform-website,/language/v1.2.x/upgrade-guides/1-0,/language/v1.1.x/upgrade-guides/1-0,/language/upgrade-guides/0-13,literal,many_to_one_merges
0d65c595712599d32031,content_based,aws-amplify/docs,/lib/storage/existing-resources/q/platform/js,/javascript/build-a-backend/storage/existing-resources,,literal,no_prediction
0db156ab735c14b01d5c,content_based,fluxcd/website,/flagger/usage/ab-testing,/flagger/tutorials/istio-ab-testing,,literal,no_prediction
0dc4371edf26705dce8b,content_based,aws-amplify/docs,/lib/push-notifications/identify-user/q/platform/flutter,/flutter/build-a-backend/push-notifications/identify-user,/flutter,literal,other
0dfbd2a8112553531237,content_based,hashicorp/terraform-website,/docs/providers/nutanix/d/:path*,/providers/nutanix/nutanix/latest/docs/data-sources/:path*,/providers/nutanix/nutanix/latest/docs/resources/:path*,placeholder,wildcard_expansion_ambiguity
0e0ee77212b9a4b28eee,content_based,aws-amplify/docs,/nextjs/build-a-backend/functions/dynamodb-from-lambda-nodejs,/nextjs/build-a-backend/functions,/gen1/android/prev/build-a-backend/storage/lambda-triggers,literal,many_to_one_merges
0e23c138bdabfb6b97b7,content_based,hashicorp/terraform-website,/docs/providers/cobbler/d/:path*,/providers/cobber/cobbler/latest/docs/data-sources/:path*,/providers/cobber/cobbler/latest/docs,placeholder,wildcard_expansion_ambiguity
0ec6580aa51a97815cc5,content_based,hashicorp/terraform-website,/language/settings/backends/swift,/language/v1.2.x/settings/backends/swift,,literal,no_prediction
0ed847f65329df3dc0e7,content_based,aws-amplify/docs,/lib/predictions/identify-text/q/platform/android,/android/build-a-backend/more-features/predictions/identify-text,/android/start/getting-started/installation,literal,other
0f4ee9ebd19f639e5811,content_based,aws-amplify/docs,/lib/graphqlapi/existing-resources/q/platform/react-native,/gen1/react-native/prev/build-a-backend/graphqlapi/existing-resources,/android/build-a-backend/restapi/existing-resources,literal,other
0f6a5f6b224914d11d59,content_based,aws-amplify/docs,/console/uibuilder/override,/javascript/build-ui/uibuilder/override,/gen1/javascript/build-ui/uibuilder,literal,other
0fd57ae51b347e550125,content_based,aws-amplify/docs,/guides/functions/connecting-a-rest-api/q/platform/ios,/swift/build-a-backend/functions,/android/start/getting-started/installation,literal,many_to_one_merges
100e227726994caea679,content_based,withastro/docs,/:lang/comparing-astro-vs-other-tools,/:lang/guides/migrate-to-astro,/:lang/reference/modules/astro-config,placeholder,wildcard_expansion_ambiguity
10a0c54301e199fa74d4,content_based,aws-amplify/docs,/[platform]/build-a-backend/restapi/override-api-gateway,/react/build-a-backend/restapi/override-api-gateway,/android/build-a-backend/restapi/existing-resources,wildcard,wildcard_expansion_ambiguity
10af0f22725240cb43de,content_based,aws-amplify/docs,/javascript/build-a-backend/troubleshooting/stack-cdktoolkit-already-exists,/javascript/build-a-backend/troubleshooting/cdktoolkit-stack,/gen1/javascript/prev/build-a-backend/more-features/datastore/additional-methods,literal,other
10ed6d90a0c561802930,content_based,denoland/docs,/runtime/tutorials/tcp_server,/examples/tcp_echo_server,/examples/tutorials/file_server,literal,other
10f7f017be91c9ae6f10,content_based,hashicorp/terraform-website,/docs/providers/turbot(/index.html),/providers/turbot/turbot/latest/docs,/docs/extend/writing-custom-providers.html,wildcard,wildcard_expansion_ambiguity
11568e4abd2859da8699,content_based,aws-amplify/docs,/sdk/auth/how-it-works/q/platform/react-native,/react-native,/android/sdk/auth/federated-identities,literal,other
11c3b0d4ce1923fb90f9,content_based,aws-amplify/docs,/lib/getting-started/integrate/q/platform/android,/android/start/getting-started/integrate,/android/start/getting-started/setup,literal,many_to_one_merges
11d4814862ab66f85137,content_based,aws-amplify/docs,/sdk/auth/working-with-api/q/platform/android,/android/sdk/auth/working-with-api,/android/sdk/auth/getting-started,literal,other
120f2ffef15f0db13c9a,content_based,aws-amplify/docs,/flutter/build-a-backend/troubleshooting/stack-cdktoolkit-already-exists,/flutter/build-a-backend/troubleshooting/cdktoolkit-stack,/flutter/build-a-backend/more-features/datastore/additional-methods,literal,other
121554be45b50212f6cd,content_based,fluxcd/website,/flux/components/notification/event,/flux/components/notification/events,/flux/components/notification,literal,other
121c6f6ab1c9ef7a5459,content_based,aws-amplify/docs,/lib/info/app-uninstall/q/platform/vue,/vue/tools/cli/commands,/android/build-a-backend/auth/app-uninstall,literal,other
12247d601d994d37d340,content_based,aws-amplify/docs,/[platform]/prev/build-a-backend/push-notifications/interact-with-notifications,/gen1/react/prev/build-a-backend/push-notifications/interact-with-notifications,/flutter/build-a-backend/push-notifications/interact-with-notifications,wildcard,wildcard_expansion_ambiguity
1233fb77e11f7ae10fdb,content_based,aws-amplify/docs,/start/getting-started/installation/q/integration/ionic,/javascript/start/getting-started/installation,/gen1/<platform>/start/getting-started,literal,many_to_one_merges
1241489af8c8a3208069,content_based,aws-amplify/docs,/lib-v1/project-setup/combine/q/platform/ios,/gen1/swift/prev/start/project-setup,/gen1/android/prev/start/project-setup/prerequisites,literal,many_to_one_merges
1298fdb2635a26713369,content_based,aws-amplify/docs,/lib-v1/storage/transfer-acceleration/q/platform/react-native,/gen1/react-native/prev/build-a-backend/storage/transfer-acceleration,/flutter/build-a-backend/storage/download,literal,other
12aa61b71c0eac02bd06,content_based,aws-amplify/docs,/cli/migration/aws-cdk-migration,/javascript/tools/cli/migration/aws-cdk-migration,/gen1/<platform>/tools/cli/<page>,literal,other
1303fabc4bc3ec87632f,content_based,aws-amplify/docs,/lib/auth/signin_with_custom_flow/q/platform/android,/android/build-a-backend/auth/sign-in-custom-flow,/android/build-a-backend/auth/set-up-auth,literal,other
141ba75db53e30751f3e,content_based,hashicorp/terraform-website,/cloud-docs/sentinel/import/tfplan,/cloud-docs/policy-enforcement/sentinel/import/tfplan,/cloud-docs/policy-enforcement/sentinel/import/tfstate-v2,literal,other
1426b16b526bce8e58c2,content_based,aws-amplify/docs,/javascript/prev/build-a-backend/restapi/update-data/javascript/prev/build-a-backend,/gen1/javascript/prev/build-a-backend/restapi/update-data/javascript/prev/build-a-backend,/gen1/javascript/prev/build-a-backend/more-features/datastore,literal,other
144d3c606a9138891075,content_based,aws-amplify/docs,/sdk/api/graphql/q/platform/android,/android/sdk/api/graphql,/gen1/android/prev/build-a-backend/graphqlapi/set-up-graphql-api,literal,other
14f860b5c6f83425bcb6,content_based,hashicorp/terraform-website,/docs/providers/cobbler(/index.html),/providers/cobber/cobbler/latest/docs,/docs/extend/writing-custom-providers.html,wildcard,wildcard_expansion_ambiguity
1550a07d896659bf3d80,content_based,denoland/docs,/examples/parsing-serializing-csv,/examples/parsing_serializing_csv,,literal,no_prediction
15b9928b054ce96ebf07,content_based,aws-amplify/docs,/[platform]/deploy-and-host/deployment/deploy-static-site-github,/react/deploy-and-host/deployment/deploy-static-site-github,/gen1/<platform>/deploy-and-host/deployment/<page>,wildcard,wildcard_expansion_ambiguity
15c4d59d62e97dfdfe50,content_based,aws-amplify/docs,/lib-v1/utilities/hub/q/platform/ios,/gen1/swift/prev/build-a-backend/utilities,/gen1/<platform>/tools/cli/<page>,literal,other
15ec0e975e5ed9071931,content_based,hashicorp/terraform-website,/docs/providers/fortios(/index.html),/providers/fortinetdev/fortios/latest/docs,/docs/extend/writing-custom-providers.html,wildcard,wildcard_expansion_ambiguity
1612069b21210be57f73,content_based,denoland/docs,/examples/import-export,/examples/import_export,/examples/importing_json,literal,other
169b4365048804bf775c,content_based,aws-amplify/docs,/lib-v1/datastore/advanced-workflows/q/platform/flutter,/gen1/flutter/prev/build-a-backend/more-features/datastore/customize-primary-keys,,literal,no_prediction
16a458be50b2c5d9c92b,content_based,withastro/docs,/:lang/docs/*,/:lang/:splat,,placeholder,no_prediction
16cae477060299632806,content_based,hashicorp/terraform-website,/language/upgrade-guides/1-0,/language/v1.1.x/upgrade-guides/1-0,/language/upgrade-guides/0-13,literal,many_to_one_merges
16d801e2f28374b726c2,content_based,fluxcd/website,/flagger/usage/linkerd-progressive-delivery,/flagger/tutorials/linkerd-progressive-delivery,,literal,no_prediction
16dd17779970f33d9a1d,content_based,aws-amplify/docs,/guides/api-graphql/graphql-pagination/q/platform/js,/javascript/build-a-backend/graphqlapi/query-data,,literal,no_prediction
171e3b4170b0792c8725,content_based,hashicorp/terraform-website,/docs/providers/azuread(/index.html),/providers/hashicorp/azuread/latest/docs,/docs/extend/writing-custom-providers.html,wildcard,wildcard_expansion_ambiguity
1763c12473d95e729458,content_based,denoland/docs,/examples/node-built-in,/examples/node_built_in,,literal,no_prediction
177fff7f0b0eccd03fd8,content_based,aws-amplify/docs,/lib-v1/datastore/advanced-workflows/q/platform/react-native,/gen1/react-native/prev/build-a-backend/more-features/datastore/customize-primary-keys,/gen1/javascript/prev/build-a-backend/more-features/datastore/relational-models,literal,other
17a5da92af3adedfad09,content_based,aws-amplify/docs,/gen2,/,,literal,no_prediction
17a90a8462bb14b96f67,content_based,aws-amplify/docs,/console/tutorial/code,/javascript/tools/console/tutorial/code,/gen1/<platform>/tools/cli-legacy,literal,other
17a9770ffa264708627f,content_based,aws-amplify/docs,/react/start/quickstart/nextjs-app-router-client-components,/react/start/quickstart,,literal,no_prediction
17b264ab5edc53e03ceb,content_based,denoland/docs,/deploy/classic/faunadb,/examples,/deploy/classic/firebase,literal,many_to_one_merges
17c94aa0fa73c6af4b6d,content_based,aws-amplify/docs,/[platform]/build-a-backend/auth/admin-actions,/react/build-a-backend/auth/admin-actions,,wildcard,no_prediction
17cf1130843e097c2f6e,content_based,aws-amplify/docs,/cli-legacy/graphql-transformer/directives,/javascript/tools/cli-legacy/directives,/gen1/<platform>/tools/cli/<page>,literal,other
1831c5496206afc40bbc,content_based,aws-amplify/docs,/lib/troubleshooting/strict-mode/q/platform/js,/gen1/javascript/prev/build-a-backend/troubleshooting/strict-mode,,literal,no_prediction
184659483710bebf1df7,content_based,denoland/docs,/examples/tutorials/mongoose,/examples/mongoose_tutorial,/examples/tutorials/mongoose,literal,other
18524e2bc0c4cb8bfbfa,content_based,aws-amplify/docs,/lib-v1/auth/signOut/q/platform/flutter,/gen1/flutter/prev/build-a-backend/auth/sign-out,,literal,no_prediction
187252af1abe3017743a,content_based,aws-amplify/docs,/gen1/nextjs/build-a-backend/graphqlapi/customize-authz-modes,/gen1/nextjs/build-a-backend/graphqlapi/customize-authorization-rules,/gen1/javascript/prev/build-a-backend/graphqlapi/customize-authz-modes,literal,other
18f525ef2cd4446fc8a8,content_based,aws-amplify/docs,/<platform>/build-a-backend/utilities,/gen1/<platform>/build-a-backend/utilities,/gen1/<platform>/build-a-backend/debugging,placeholder,wildcard_expansion_ambiguity
1963257f401489bd6e23,content_based,aws-amplify/docs,/lib-v1/auth/signin_next_steps/q/platform/next,/gen1/nextjs/prev/build-a-backend/auth/enable-sign-up,,literal,no_prediction
1a0602cdbcdd93a03114,content_based,aws-amplify/docs,/lib/geo/geofences/q/platform/js,/javascript/build-a-backend/more-features/geo/geofences,,literal,no_prediction
1a5c33d1bbfc3f78fa23,content_based,aws-amplify/docs,/sdk/storage/configure-access/q/platform/ios,/swift/sdk/storage/configure-access,/gen1/<platform>/build-a-backend/storage/import,literal,other
1a62b2b2c3e9400739a9,content_based,withastro/docs,/:lang/guides/client-side-routing,/:lang/guides/view-transitions,/en/guides/client-side-scripts,placeholder,wildcard_expansion_ambiguity
1a852e037cc504c6cb37,content_based,aws-amplify/docs,/lib/geo/maps/q/platform/ios,/swift/build-a-backend/more-features/geo/maps,/gen1/<platform>/tools/cli/<page>,literal,other
1a92e6c9dde6c0ecc226,content_based,aws-amplify/docs,/lib-v1/datastore/how-it-works/q/platform/react-native,/gen1/react-native/prev/build-a-backend/more-features/datastore/how-it-works,/flutter/build-a-backend/more-features/datastore/datastore-events,literal,other
1acd1f25a065f2593d1d,content_based,aws-amplify/docs,/<platform>/deploy-and-host/frameworks/<page>,/gen1/<platform>/deploy-and-host/frameworks/<page>,/android/deploy-and-host,placeholder,wildcard_expansion_ambiguity
1b131a61d526cb822dbd,content_based,aws-amplify/docs,/guides/api-rest/python-api/q/platform/js,/javascript/build-a-backend/restapi,,literal,no_prediction
1b524b1088dbd32d2dbd,content_based,aws-amplify/docs,/lib/datastore/how-it-works/q/platform/vue,/vue/build-a-backend/more-features/datastore/how-it-works,/flutter/build-a-backend/more-features/datastore/datastore-events,literal,other
1b5baed2b80e086ea7b9,content_based,aws-amplify/docs,/lib/troubleshooting/upgrading/q/platform/react-native,/react-native/build-a-backend/troubleshooting/upgrade-amplify-packages,/gen1/flutter/build-a-backend/troubleshooting/upgrade-amplify-packages,literal,other
1b66f70aba9fdb93e36d,content_based,hashicorp/terraform-website,/docs/providers/ncloud(/index.html),/providers/NaverCloudPlatform/ncloud/latest/docs,/docs/extend/writing-custom-providers.html,wildcard,wildcard_expansion_ambiguity
1be98512765ad1eaf7aa,content_based,aws-amplify/docs,/lib/auth/delete_user/q/platform/react-native,/react-native/build-a-backend/auth/delete-user-account,/gen1/android/prev/build-a-backend/auth/delete-user-account,literal,other
1bfe8c8d19e9f6787d88,content_based,aws-amplify/docs,/[platform]/prev/build-a-backend/utilities/service-worker,/gen1/react/prev/build-a-backend/utilities/service-worker,/gen1/android/prev/build-a-backend/auth/sdk,wildcard,wildcard_expansion_ambiguity
1c417516fde442b44da4,content_based,aws-amplify/docs,/lib-v1/analytics/escapehatch/q/platform/ios,/gen1/swift/prev/build-a-backend/more-features/analytics/sdk,/gen1/android/prev/build-a-backend/more-features/analytics/existing-resources,literal,other
1c4ec1f50f23d050c5da,content_based,aws-amplify/docs,/lib/auth/signin_web_ui/q/platform/android,/android/build-a-backend/auth/sign-in-with-web-ui,/android/build-a-backend/auth/set-up-auth,literal,other
1c992ab67ea6df44cd27,content_based,aws-amplify/docs,/lib/analytics/update-endpoint/q/platform/js,/gen1/javascript/prev/build-a-backend/more-features/analytics/update-endpoint,,literal,no_prediction
1c9ffa576fd17e20b3d5,content_based,aws-amplify/docs,/lib/push-notifications/receive-device-token/q/platform/flutter,/flutter/build-a-backend/push-notifications/receive-device-token,/flutter,literal,other
1cbeeb3dea16c2a32c9c,content_based,aws-amplify/docs,/lib-v1/q/platform/js,/javascript/tools/libraries,,literal,no_prediction
1dbe301bc7d90928b4cf,content_based,aws-amplify/docs,/react-native/build-a-backend/storage/storage-v5-to-v6-migration-guide,/gen1/react-native/build-a-backend/storage/storage-v5-to-v6-migration-guide,/gen1/android/prev/build-a-backend/storage,literal,other
1e53b829b9ccfdc70742,content_based,aws-amplify/docs,/lib-v1/predictions/sample/q/platform/react-native,/gen1/react-native/prev/build-a-backend/more-features/predictions/example-app,,literal,no_prediction
1e644c4d48eb54387411,content_based,aws-amplify/docs,/lib/datastore/sync/q/platform/js,/javascript/build-a-backend/more-features/datastore/sync-to-cloud,,literal,no_prediction
1e64e4d1429cc6a04bc1,content_based,aws-amplify/docs,/console,/javascript/tools/console,/gen1/<platform>/tools/console,literal,other
1e83b10e92df471c7895,content_based,denoland/docs,/api/deno/~/Deno.TlsConn.rid,/runtime/reference/migration_guide,/deploy/classic/api/compression,literal,no_lexical_overlap_after_ia_rewrite
1f0556cf232b6cb439bf,content_based,aws-amplify/docs,/lib-v1/graphqlapi/advanced-workflows/q/platform/flutter,/gen1/flutter/prev/build-a-backend/graphqlapi/advanced-workflows,,literal,no_prediction
1f63bbfab77f5cb6062d,content_based,aws-amplify/docs,/lib-v1/predictions/identify-entity/q/platform/react-native,/gen1/react-native/prev/build-a-backend/more-features/predictions/identify-entity,/android/build-a-backend/more-features/analytics/identify-user,literal,other
1fac3f0c62b5675b5ef3,content_based,aws-amplify/docs,/lib/auth/social/q/platform/android,/gen1/android/build-a-backend/auth/add-social-provider,/android/sdk/auth/getting-started,literal,other
2048475d5858b4b2e49c,content_based,aws-amplify/docs,/cli,/javascript/tools/cli,/gen1/<platform>/tools/cli/<page>,literal,other
20bd2987885c4daeba52,content_based,aws-amplify/docs,/lib/logging/hub-events/q/platform/ios,/swift/build-a-backend/more-features/logging/hub-events,/gen1/<platform>/tools/cli/<page>,literal,other
20c323414f73fbd11dce,content_based,aws-amplify/docs,/lib-v1/storage/existing-resources/q/platform/android,/gen1/android/prev/build-a-backend/storage/existing-resources,/android/build-a-backend/restapi/existing-resources,literal,other
211593e75810702b0ec4,content_based,aws-amplify/docs,/lib-v1/predictions/translate/q/platform/js,/gen1/javascript/prev/build-a-backend/more-features/predictions/translate,,literal,no_prediction
211c30914ae11408262e,content_based,aws-amplify/docs,/lib/storage/configureaccess/q/platform/ios,/swift/build-a-backend/storage/configure-access,/gen1/<platform>/build-a-backend/storage/import,literal,other
212777ab2d3fff7cb094,content_based,aws-amplify/docs,/cli/usage/monorepo,/javascript/tools/cli/project/monorepo,/gen1/<platform>/tools/cli/<page>,literal,other
216125626ed878e44ddd,content_based,aws-amplify/docs,/lib/graphqlapi/concepts/q/platform/android,/android/build-a-backend/graphqlapi/api-graphql-concepts,/android/build-a-backend/graphqlapi/client-code-generation,literal,other
2172f3d76994213a1952,content_based,aws-amplify/docs,/lib-v1/auth/access_credentials/q/platform/react-native,/gen1/react-native/prev/build-a-backend/auth,/android/build-a-backend/auth/set-up-auth,literal,other
21980dcf89e3d4087985,content_based,fluxcd/website,/flux/components/notification/provider,/flux/components/notification/providers,/flux/components/notification,literal,other
21fb6f191c2c3cae29de,content_based,aws-amplify/docs,/lib-v1/auth/signOut/q/platform/android,/gen1/android/prev/build-a-backend/auth/sign-out,/android/build-a-backend/auth/set-up-auth,literal,other
22d0b6df480a9f9fa556,content_based,aws-amplify/docs,/lib/datastore/schema-updates/q/platform/js,/javascript/build-a-backend/more-features/datastore/schema-updates,,literal,no_prediction
23069d5b2b40e3777d05,content_based,aws-amplify/docs,/[platform]/build-ui/uibuilder/override,/react/build-ui/uibuilder/override,/gen1/javascript/build-ui/uibuilder,wildcard,wildcard_expansion_ambiguity
236bfcd21846b39de11c,content_based,aws-amplify/docs,/lib-v1/auth/getting-started/q/platform/flutter,/gen1/flutter/prev/build-a-backend/auth/set-up-auth,,literal,no_prediction
23cfbc306b795f4618e1,content_based,aws-amplify/docs,/sdk/push-notifications/setup-push-service/q/platform/ios,/swift/sdk/push-notifications/setup-push-service,/android/build-a-backend/push-notifications/set-up-push-notifications,literal,other
241a250121ba3ffc7094,content_based,aws-amplify/docs,/lib/in-app-messaging/overview/q/platform/js,/javascript/build-a-backend/more-features/in-app-messaging,,literal,no_prediction
241b7a821fee5df29510,content_based,aws-amplify/docs,/start/getting-started/integrate/q/integration/android,/android/start/getting-started/integrate,/android/start/getting-started/generate-model,literal,many_to_one_merges
2443194e981891a24f74,content_based,aws-amplify/docs,/start/getting-started/integrate/q/integration/q/integration/react-native,/react-native/start/getting-started,/android/start/getting-started/integrate,literal,other
247ff9ba88244d06c03d,content_based,aws-amplify/docs,/sdk/analytics/kinesis/q/platform/android,/android/sdk/analytics/kinesis,/android/sdk/auth/getting-started,literal,other
24e2f3d16731a5460592,content_based,aws-amplify/docs,/<platform>/tools/cli-legacy,/gen1/<platform>/tools/cli-legacy,,placeholder,no_prediction
250f3c6b80c9819b44c2,content_based,hashicorp/terraform-website,/docs/providers/alicloud/d/:path*,/providers/aliyun/alicloud/latest/docs/data-sources/:path*,/providers/aliyun/alicloud/latest/docs/resources/:path*,placeholder,wildcard_expansion_ambiguity
2594863546eeab933416,content_based,aws-amplify/docs,/react/build-a-backend/troubleshooting/upgrade-amplify-packages,/gen1/react/build-a-backend/troubleshooting/upgrade-amplify-packages,/gen1/javascript/build-a-backend/troubleshooting/upgrade-amplify-packages,literal,other
25a94d00594a2c653d9e,content_based,aws-amplify/docs,/lib/auth/signin_next_steps/q/platform/android,/android/build-a-backend/auth/multi-step-sign-in,/android/build-a-backend/auth/set-up-auth,literal,other
26b230f45aab8a1c31ec,content_based,aws-amplify/docs,/lib/restapi/authz/q/platform/react-native,/react-native/build-a-backend/restapi/customize-authz,/android/sdk/auth/federated-identities,literal,other
26bb8c6289bce5fdb03e,content_based,aws-amplify/docs,/nextjs/deploy-and-host/deployment,/gen1/nextjs/deploy-and-host/deployment,/android/deploy-and-host,literal,other
28031408cb83593085dd,content_based,aws-amplify/docs,/lib-v1/push-notifications/enable-rich-notifications/q/platform/react-native,/gen1/react-native/prev/build-a-backend/push-notifications/enable-rich-notifications,,literal,no_prediction
281a55e64da5e524cd91,content_based,aws-amplify/docs,/api/swagger/ui/index,/,,literal,no_prediction
2848a1106ccf1595b918,content_based,aws-amplify/docs,/guides/api-graphql/lambda-resolvers/q/platform/ios,/swift/build-a-backend/graphqlapi/connect-from-server-runtime,/android/build-a-backend/graphqlapi/client-code-generation,literal,no_lexical_overlap_after_ia_rewrite
289da31e484d41b8fede,content_based,aws-amplify/docs,/lib/auth/manageusers/q/platform/js,/gen1/javascript/prev/build-a-backend/auth/manage-passwords,,literal,no_prediction
2900b26314adeeb7c849,content_based,aws-amplify/docs,/lib/storage/remove/q/platform/react-native,/react-native/build-a-backend/storage/remove,,literal,no_prediction
290aad54f93c815f1ed3,content_based,aws-amplify/docs,/lib/datastore/schema-updates/q/platform/next,/nextjs/build-a-backend/more-features/datastore/schema-updates,/flutter/build-a-backend/more-features/datastore/schema-updates,literal,other
295654d09e05f1b86e19,content_based,fluxcd/website,/docs/*,/flux/:splat,/en/flux/_index,placeholder,wildcard_expansion_ambiguity
29e8ddc8149fd4c17bfc,content_based,aws-amplify/docs,/lib-v1/analytics/record/q/platform/js,/gen1/javascript/prev/build-a-backend/more-features/analytics/record-events,,literal,no_prediction
2a4f746b71becd572cb2,content_based,aws-amplify/docs,/lib,/react/build-a-backend,,literal,no_prediction
2a75c3d78b5688296c2b,content_based,aws-amplify/docs,/vue/build-a-backend/troubleshooting/migrate-from-javascript-v5-to-v6,/gen1/vue/build-a-backend/troubleshooting/migrate-from-javascript-v5-to-v6,/flutter/build-a-backend/push-notifications/receive-device-token,literal,other
2a988cb0e68e0cd52108,content_based,aws-amplify/docs,/cli/usage/lambda-triggers,/javascript/tools/cli/usage/lambda-triggers,/gen1/android/prev/build-a-backend/storage/lambda-triggers,literal,other
2a9e802d9ac128eaa8a3,content_based,aws-amplify/docs,/lib/in-app-messaging/create-campaign/q/platform/js,/javascript/build-a-backend/more-features/in-app-messaging/create-campaign,,literal,no_prediction
2b0b184613d6df7774b7,content_based,hashicorp/terraform-website,/language/upgrade-guides/0-12,/language/v1.1.x/upgrade-guides/0-12,/language/upgrade-guides/0-13,literal,many_to_one_merges
2c25a1e71065a98ead03,content_based,aws-amplify/docs,/console/uibuilder/slots,/javascript/build-ui/uibuilder/slots,/gen1/javascript/build-ui/uibuilder,literal,other
2c4861cd6712ea61c340,content_based,aws-amplify/docs,/sdk/auth/drop-in-auth/q/platform/ios,/swift/sdk/auth/drop-in-auth,/android/sdk/auth/getting-started,literal,other
2c585996b4ec18023a37,content_based,aws-amplify/docs,/lib-v1/interactions/getting-started/q/platform/js,/gen1/javascript/prev/build-a-backend/more-features/interactions/set-up-interactions,,literal,no_prediction
2ca9f041407ff5738c5e,content_based,fluxcd/website,/flux/components/notification/receiver,/flux/components/notification/receivers,/flux/components/notification,literal,other
2cb6453f424be0509cbc,content_based,aws-amplify/docs,/cli/restapi/testing,/javascript/build-a-backend/restapi/test-api,/android/build-a-backend/restapi/set-up-rest-api,literal,other
2cfdfe8b5ce1bf1ca748,content_based,hashicorp/terraform-website,/docs/providers/icinga2(/index.html),/providers/Icinga/icinga2/latest/docs,/docs/extend/writing-custom-providers.html,wildcard,wildcard_expansion_ambiguity
2cffd71e68c215ed3895,content_based,aws-amplify/docs,/lib-v1/auth/device_features,/gen1/react/prev/build-a-backend/auth/remember-device,/gen1/flutter/prev/build-a-backend/auth/remember-device,literal,other
2d00fb156b9056b4f97e,content_based,aws-amplify/docs,/<platform>/build-a-backend/graphqlapi/connect-api-to-existing-database,/gen1/<platform>/build-a-backend/graphqlapi/connect-api-to-existing-database,/flutter/build-a-backend/graphqlapi/existing-resources,placeholder,wildcard_expansion_ambiguity
2d43cf3122717f64f386,content_based,aws-amplify/docs,/cli/migration/lambda-node-version-update,/javascript/build-a-backend/functions/configure-options,/gen1/<platform>/tools/cli/<page>,literal,many_to_one_merges
2da7ba2a83e4a334e8a3,content_based,aws-amplify/docs,/lib/datastore/sync/q/platform/android,/android/build-a-backend/more-features/datastore/sync-to-cloud,/android/build-a-backend/storage/upload,literal,other
2dbf0416368b06fc5a36,content_based,aws-amplify/docs,/guides/api-rest/gen-ai/q/platform/ios,/swift/build-a-backend,/android/start/getting-started/installation,literal,many_to_one_merges
2e81eef04bd5816e902e,content_based,aws-amplify/docs,/start/getting-started/nextsteps/q/integration/react,/react/start/getting-started/nextsteps,/flutter/start/getting-started/nextsteps,literal,other
2ec4a78a663d4f24bebd,content_based,aws-amplify/docs,/guides/api-graphql/subscriptions-by-id/q/platform/js,/javascript/build-a-backend/graphqlapi/subscribe-data,,literal,no_prediction
2f0e768a4e2bddf27f29,content_based,aws-amplify/docs,/lib/storage/upload/q/platform/android,/android/build-a-backend/storage/upload,/gen1/android/prev/build-a-backend/storage/existing-resources,literal,other
302512ff59a98d069acc,content_based,aws-amplify/docs,/lib/geo/maps/q/platform/android,/android/build-a-backend/more-features/geo/maps,/gen1/<platform>/tools/libraries,literal,other
302e4f4680c2be0cbf28,content_based,aws-amplify/docs,/lib/auth/start/q/platform/js,/javascript/build-a-backend/auth/set-up-auth,,literal,no_prediction
30dad2e72ed9c8ead4a0,content_based,aws-amplify/docs,/lib/utilities/logger,/javascript/build-a-backend/utilities/console-logger,/android/build-a-backend/restapi/existing-resources,literal,other
30e5b5e02a6bcd72fd30,content_based,aws-amplify/docs,/lib-v1/graphqlapi/existing-resources/q/platform/flutter,/gen1/flutter/prev/build-a-backend/graphqlapi/existing-resources,,literal,no_prediction
30fd9d1556f82d67d080,content_based,withastro/docs,/:lang/concepts/mpa-vs-spa,/:lang/concepts/why-astro,/de/concepts/islands,placeholder,wildcard_expansion_ambiguity
31549fba3a930ecb86b8,content_based,aws-amplify/docs,/lib/auth/signOut/q/platform/android,/android/build-a-backend/auth/sign-out,/android/build-a-backend/auth/set-up-auth,literal,other
31a46ca9798820c50593,content_based,aws-amplify/docs,/lib/storage/transfer-acceleration/q/platform/js,/javascript/build-a-backend/storage/transfer-acceleration,,literal,no_prediction
323edb621db9c984c73a,content_based,aws-amplify/docs,/lib-v1/troubleshooting/strict-mode/q/platform/react-native,/gen1/react-native/prev/build-a-backend/troubleshooting/strict-mode,,literal,no_prediction
32502c6562e8bafc183b,content_based,aws-amplify/docs,/nextjs/build-a-backend/functions/connect-rest-api,/nextjs/build-a-backend/functions,/android/build-a-backend/restapi/set-up-rest-api,literal,many_to_one_merges
328643c5b0201541091b,content_based,aws-amplify/docs,/lib/auth/signin_next_steps/q/platform/flutter,/flutter/build-a-backend/auth/multi-step-sign-in,/flutter,literal,other
32998804340605f555a8,content_based,aws-amplify/docs,/lib/storage/download/q/platform/flutter,/flutter/build-a-backend/storage/download,/flutter,literal,other
32a1c0cb5a6ee44ac627,content_based,aws-amplify/docs,/lib/auth/getting-started/q/platform/android,/android/build-a-backend/auth/set-up-auth,/android/start/getting-started/setup,literal,other
32bb71dab95174d93ff6,content_based,aws-amplify/docs,/cli/custom/cdk,/javascript/tools/cli/custom/cdk,/gen1/<platform>/tools/cli/<page>,literal,other
32e89d096eae3a3c786b,content_based,aws-amplify/docs,/<platform>/build-a-backend/auth/auth-events,/gen1/<platform>/build-a-backend/auth/auth-events,/gen1/<platform>/build-a-backend/auth/existing-resources,placeholder,wildcard_expansion_ambiguity
332083dbe31b500b76c1,content_based,aws-amplify/docs,/lib-v1/analytics/enable-disable/q/platform/android,/gen1/android/prev/build-a-backend/more-features/analytics/enable-disable,/gen1/android/build-a-backend/auth/add-social-provider,literal,other
33862c763419cec79b9d,content_based,aws-amplify/docs,/lib-v1/restapi/delete/q/platform/js,/gen1/javascript/prev/build-a-backend/restapi/delete-data,,literal,no_prediction
338e7cba0ef99ab5b77a,content_based,aws-amplify/docs,/guides/api-graphql/lambda-resolvers/q/platform/js,/javascript/build-a-backend/graphqlapi/connect-from-server-runtime,,literal,no_prediction
33dd742e67bd0b258982,content_based,hashicorp/terraform-website,/docs/providers/venafi(/index.html),/providers/Venafi/venafi/latest/docs,/docs/extend/writing-custom-providers.html,wildcard,wildcard_expansion_ambiguity
3438c96298846343cc04,content_based,aws-amplify/docs,/lib-v1/auth/device_features/q/platform/js,/gen1/javascript/prev/build-a-backend/auth/remember-device,,literal,no_prediction
3446eece8e9c9dcfd29f,content_based,aws-amplify/docs,/lib/graphqlapi/offline/q/platform/js,/gen1/javascript/prev/build-a-backend/graphqlapi/offline,,literal,no_prediction
3470ec3060f40a0b362f,content_based,aws-amplify/docs,/lib/storage/download/q/platform/js,/javascript/build-a-backend/storage/download,,literal,no_prediction
348e973c97f8de514bfe,content_based,aws-amplify/docs,/start/getting-started/generate-model/q/integration/ios,/swift/start/getting-started/generate-model,/android/start/getting-started/installation,literal,other
34ec270839a7944cf340,content_based,hashicorp/terraform-website,/enterprise/release,/enterprise/releases,/enterprise/install/pre-install-checklist,literal,other
35171715be67cdaaa9c1,content_based,aws-amplify/docs,/lib/geo/getting-started/q/platform/android,/android/build-a-backend/more-features/geo/set-up-geo,/android/start/getting-started/setup,literal,other
35440376931aaad121c6,content_based,aws-amplify/docs,/javascript/build-a-backend/troubleshooting/upgrade-amplify-packages,/gen1/javascript/build-a-backend/troubleshooting/upgrade-amplify-packages,/gen1/javascript/prev/build-a-backend/graphqlapi/api-graphql-concepts,literal,other
36306b9d4fd83c2f4a19,content_based,aws-amplify/docs,/lib/graphqlapi/query-data/q/platform/flutter,/flutter/build-a-backend/graphqlapi/query-data,/flutter,literal,other
366efaed2c1b6bb2c7c6,content_based,aws-amplify/docs,/lib-v1/storage/escapehatch/q/platform/react-native,/gen1/react-native/prev/build-a-backend/storage,,literal,no_prediction
36fd3decf2d7fa5f13a9,content_based,aws-amplify/docs,/guides/hosting/gridsome/q/platform/js,/javascript/deploy-and-host/frameworks/deploy-gridsome-site,,literal,no_prediction
3708802c7cdcdfb803b5,content_based,aws-amplify/docs,/lib/logging/hub-events,/swift/build-a-backend/utilities/hub,/android/build-a-backend/more-features/logging/change-log-levels,literal,other
3730a1d12091f8da9078,content_based,aws-amplify/docs,/cli/restapi,/gen1/react/build-a-backend/restapi/configure-rest-api,/gen1/<platform>/tools/cli/<page>,literal,other
38c164f30aae0df29a96,content_based,aws-amplify/docs,/sdk/api/rest/q/platform/ios,/swift/sdk/api/rest,,literal,no_prediction
38ceab89d8fda2be9ad1,content_based,hashicorp/terraform-website,/docs/providers/mso/d/:path*,/providers/CiscoDevNet/mso/latest/docs/data-sources/:path*,/providers/CiscoDevNet/mso/latest/docs/guides/:path*,placeholder,wildcard_expansion_ambiguity
38d04ccf5c20f474a72f,content_based,aws-amplify/docs,/console/adminui/extend-cli,/javascript/tools/console/adminui/extend-cli,/gen1/<platform>/tools/console,literal,other
39cf9d1f71ce06a39a57,content_based,fluxcd/website,/flagger/usage/gloo-progressive-delivery,/flagger/tutorials/gloo-progressive-delivery,,literal,no_prediction
39efcd87c095bbd4201d,content_based,denoland/docs,/examples/temporary-files,/examples/temporary_files,/examples/tutorials/redis,literal,other
3ada48eef3b161fdc723,content_based,fluxcd/website,/flagger/usage/nginx-progressive-delivery,/flagger/tutorials/nginx-progressive-delivery,,literal,no_prediction
3ae533a60efd19252602,content_based,aws-amplify/docs,/lib-v1/restapi/update/q/platform/react-native,/gen1/react-native/prev/build-a-backend/restapi/update-data,,literal,no_prediction
3b2af4fe3fa93f199e1c,content_based,aws-amplify/docs,/lib/graphqlapi/cancel-request/q/platform/react-native,/react-native/build-a-backend/graphqlapi/mutate-data,,literal,no_prediction
3b51100f5fb1edc4f858,content_based,aws-amplify/docs,/lib-v1/auth/switch-auth/q/platform/react-native,/gen1/react-native/prev/build-a-backend/auth/switch-auth,/flutter/build-a-backend/auth/manage-mfa,literal,other
3b6841d4cbf719221a9c,content_based,aws-amplify/docs,/<platform>/prev/build-a-backend/<page>,/gen1/<platform>/prev/build-a-backend/<page>,/gen1/<platform>/build-a-backend/graphqlapi/<page>,placeholder,wildcard_expansion_ambiguity
3bce904aade12188c8c5,content_based,aws-amplify/docs,/lib/auth/overview/q/platform/vue,/vue/build-a-backend/auth,/android/sdk/auth/federated-identities,literal,other
3cab49bc0e59fdd15886,content_based,hashicorp/terraform-website,/docs/providers/consul(/index.html),/providers/hashicorp/consul/latest/docs,/docs/extend/writing-custom-providers.html,wildcard,wildcard_expansion_ambiguity
3cb15b3f6c106fffac40,content_based,aws-amplify/docs,/javascript/build-a-backend/storage/storage-v5-to-v6-migration-guide,/gen1/javascript/build-a-backend/storage/storage-v5-to-v6-migration-guide,/gen1/android/prev/build-a-backend/storage,literal,other
3cec18e7c0e85ca37e60,content_based,withastro/docs,/:lang/basics/astro-syntax,/:lang/reference/astro-syntax,/:lang/basics/astro-syntax,placeholder,wildcard_expansion_ambiguity
3cfcf6b215b903a5b82c,content_based,aws-amplify/docs,/lib-v1/push-notifications/setup-push-service/q/platform/react-native,/gen1/react-native/prev/build-a-backend/push-notifications/set-up-push-service,,literal,no_prediction
3d0adff9fca9e7725f74,content_based,aws-amplify/docs,/lib/predictions/interpret/q/platform/ios,/swift/build-a-backend/more-features/predictions/interpret-sentiment,/gen1/flutter/prev/start/project-setup,literal,other
3d420b04aa767ac7b9b8,content_based,aws-amplify/docs,/lib/datastore/getting-started/q/platform/react-native,/react-native/build-a-backend/more-features/datastore/set-up-datastore,,literal,no_prediction
3def6aaf606321a9b4fd,content_based,aws-amplify/docs,/lib/datastore/real-time/q/platform/react-native,/react-native/build-a-backend/more-features/datastore/real-time,/flutter/build-a-backend/more-features/datastore/datastore-events,literal,other
3e0e6b51a3b7a0e5dd44,content_based,hashicorp/terraform-website,/docs/providers/huaweicloud/d/:path*,/providers/huaweicloud/huaweicloud/latest/docs/data-sources/:path*,/providers/huaweicloud/huaweicloudstack/latest/docs/guides/:path*,placeholder,wildcard_expansion_ambiguity
3e84e7bc69164ef8fbd4,content_based,hashicorp/terraform-website,/docs/providers/akamai(/index.html),/providers/akamai/akamai/latest/docs,/docs/extend/writing-custom-providers.html,wildcard,wildcard_expansion_ambiguity
3f25d4e65f63995421e4,content_based,aws-amplify/docs,/cli/commands/build,/javascript/tools/cli/commands,/gen1/android/prev/build-a-backend,literal,many_to_one_merges
3f619c7746d09bfe7b7a,content_based,aws-amplify/docs,/lib/datastore/data-access/q/platform/react-native,/react-native/build-a-backend/more-features/datastore/manipulate-data,,literal,no_prediction
3fa6ef3def1138ff62b6,content_based,aws-amplify/docs,/start/q/integration/react-native,/react-native/start/getting-started/introduction,,literal,no_prediction
40512dedffd3031c014c,content_based,aws-amplify/docs,/lib-v1/auth/switch-auth/q/platform/js,/gen1/javascript/prev/build-a-backend/auth/switch-auth,,literal,no_prediction
4073f2cca47aa6d12c7e,content_based,aws-amplify/docs,/guides/functions/cognito-trigger-lambda-dynamodb/q/platform/js,/javascript/build-a-backend/functions,,literal,no_prediction
412b70b8a9716dd164cc,content_based,withastro/docs,/:lang/reference/experimental-flags/sessions,/:lang/guides/sessions,/:lang/reference/publish-to-npm,placeholder,wildcard_expansion_ambiguity
4183658eaa243b73c89b,content_based,aws-amplify/docs,/lib/restapi/getting-started,/react/build-a-backend/restapi/existing-resources,/android/start/getting-started/installation,literal,other
418fec2bb08f798b58ee,content_based,aws-amplify/docs,/lib/push-notifications/enable-rich-notifications/q/platform/react-native,/react-native/build-a-backend/push-notifications/enable-rich-notifications,,literal,no_prediction
4190fcb1aa1d091af6d4,content_based,aws-amplify/docs,/lib-v1/auth/overview/q/platform/flutter,/gen1/flutter/prev/build-a-backend/auth/under-the-hood,,literal,no_prediction
41b7a1ab0aa210abff3a,content_based,hashicorp/terraform-website,/upgrade-guides/0-8.html,/language/upgrade-guides/0-8,/language/upgrade-guides/0-13,literal,other
41bc97c8361f8c214fcc,content_based,aws-amplify/docs,/lib-v1/project-setup/prereq/q/platform/ios,/gen1/swift/prev/start/project-setup,/gen1/android/prev/start/project-setup/prerequisites,literal,many_to_one_merges
41dacecb8a17b54922a4,content_based,fluxcd/website,/flux/components/notification/alert,/flux/components/notification/alerts,/flux/components/notification,literal,other
420e8a6728219e8a72dc,content_based,aws-amplify/docs,/lib/auth/overview/q/platform/android,/android/build-a-backend/auth/under-the-hood,/android/build-a-backend/auth/set-up-auth,literal,other
4244f5392d474d193abc,content_based,aws-amplify/docs,/lib/graphqlapi/concepts/q/platform/flutter,/flutter/build-a-backend/graphqlapi/api-graphql-concepts,/flutter,literal,other
42a8a64fa8b51d735738,content_based,denoland/docs,/examples/tutorials/deploy_otel,/examples/deploy_otel_tutorial,,literal,no_prediction
42ad3a352db93b966717,content_based,hashicorp/terraform-website,/docs/providers/skytap/d/:path*,/providers/skytap/skytap/latest/docs/data-sources/:path*,/providers/skytap/skytap/latest/docs,placeholder,wildcard_expansion_ambiguity
42f10281907ef9fa30fd,content_based,aws-amplify/docs,/react-native/build-a-backend/auth/switch-auth,/gen1/react-native/build-a-backend/auth/switch-auth,/gen1/javascript/prev/build-a-backend/auth/switch-auth,literal,other
43775d2faaf0e02186dc,content_based,aws-amplify/docs,/lib-v1/auth/guest_access/q/platform/ios,/gen1/swift/prev/build-a-backend/auth/enable-guest-access,/android/build-a-backend/auth/set-up-auth,literal,other
437f71921babb9f7edf6,content_based,aws-amplify/docs,/[platform]/prev/build-a-backend/more-features/predictions/data-usage-policy,/gen1/react/prev/build-a-backend/more-features/predictions/data-usage-policy,/flutter/build-a-backend/more-features/datastore/manipulate-data,wildcard,wildcard_expansion_ambiguity
439f078eb7d480fcc4da,content_based,aws-amplify/docs,/guides/functions/connecting-a-rest-api/q/platform/android,/android/build-a-backend/functions,/android/start/getting-started/installation,literal,many_to_one_merges
43b0a64e317099a6b86c,content_based,fluxcd/website,/flagger/usage/osm-progressive-delivery,/flagger/tutorials/osm-progressive-delivery,,literal,no_prediction
43be4c6bb618929235f8,content_based,aws-amplify/docs,/console/uibuilder/responsive,/javascript/build-ui/uibuilder/responsive,/gen1/javascript/build-ui/uibuilder,literal,other
43c30fb57dabe5640614,content_based,aws-amplify/docs,/[platform]/build-a-backend/storage/query-transfers,/react/build-a-backend/storage/query-transfers,/gen1/android/build-a-backend/storage/query-transfers,wildcard,wildcard_expansion_ambiguity
43cc6958c638b608ae24,content_based,aws-amplify/docs,/lib-v1/predictions/interpret/q/platform/android,/gen1/android/prev/build-a-backend/more-features/predictions/interpret-sentiment,/android/start/getting-started/installation,literal,other
43cf19f3eb590a6abf53,content_based,aws-amplify/docs,/sdk/auth/guest-access/q/platform/next,/nextjs,/android/sdk/auth/getting-started,literal,no_lexical_overlap_after_ia_rewrite
441b3fc5b642b1846a56,content_based,aws-amplify/docs,/lib-v1/graphqlapi/getting-started/q/platform/react-native,/gen1/react-native/prev/build-a-backend/graphqlapi/set-up-graphql-api,/android/start/getting-started/integrate,literal,other
44443d79ff3f33b083aa,content_based,aws-amplify/docs,/start/q/integration/react,/react/start/getting-started/introduction,/flutter/start/getting-started/nextsteps,literal,other
44f32161f3bdf914df9f,content_based,aws-amplify/docs,/cli/project/tags,/javascript/tools/cli/project/tags,/gen1/<platform>/start/project-setup/<page>,literal,many_to_one_merges
45f2516976ae8780b406,content_based,hashicorp/terraform-website,/cloud-docs/api-docs/admin/terraform-versions,/enterprise/api-docs/admin/terraform-versions,/enterprise/api-docs/admin/users,literal,other
4638dd463f4ec1cf3dd9,content_based,aws-amplify/docs,/lib-v1/auth/device_features/q/platform/ios,/gen1/swift/prev/build-a-backend/auth/remember-device,/gen1/javascript/prev/build-a-backend/more-features/geo/location-search,literal,other
46876c0a337f6ec2dc37,content_based,aws-amplify/docs,/lib/predictions/identify-entity/q/platform/react-native,/react-native/build-a-backend/more-features/predictions/identify-entity,/angular/build-a-backend/more-features/predictions/identify-text,literal,other
46e831c4161a05e29243,content_based,aws-amplify/docs,/lib/logging/sending-logs/q/platform/ios,/swift/build-a-backend/more-features/logging/send-logs,/android/start/getting-started/installation,literal,other
4700a464b58f448c17f4,content_based,aws-amplify/docs,/<platform>/sdk/push-notifications/<page>,/gen1/<platform>/sdk/push-notifications/<page>,/gen1/<platform>/build-a-backend/push-notifications/<page>,placeholder,wildcard_expansion_ambiguity
47b9332058972ca0b75b,content_based,aws-amplify/docs,/lib-v1/in-app-messaging/identify-user/q/platform/js,/gen1/javascript/prev/build-a-backend/more-features/in-app-messaging/identify-user,,literal,no_prediction
47d6dfd3bd6ef2ec9c8a,content_based,aws-amplify/docs,/guides/api-rest/gen-ai/q/platform/react-native,/react-native/build-a-backend/restapi/gen-ai,,literal,no_prediction
480c8bf6543e153e4e9a,content_based,aws-amplify/docs,/lib-v1/predictions/identify-text/q/platform/android,/gen1/android/prev/build-a-backend/more-features/predictions/identify-text,/android/start/getting-started/installation,literal,other
482a27e48bf447d0b10e,content_based,aws-amplify/docs,/cli/start/workflows,/javascript/tools/cli/start/key-workflows,/gen1/<platform>/tools/cli/<page>,literal,many_to_one_merges
485f7dbdfe609024a395,content_based,aws-amplify/docs,/lib-v1/storage/remove/q/platform/flutter,/gen1/flutter/prev/build-a-backend/storage/remove,,literal,no_prediction
4898fdcf2db7a2906f15,content_based,aws-amplify/docs,/sdk/auth/getting-started/q/platform/ios,/swift/sdk/auth/getting-started,/android/start/getting-started/installation,literal,other
48a54ec7e758560113c6,content_based,aws-amplify/docs,/lib/auth/social/q/platform/react-native,/gen1/react-native/build-a-backend/auth/add-social-provider,/android/build-a-backend/auth/add-social-provider,literal,other
48ca4c8423573409dfb5,content_based,aws-amplify/docs,/lib-v1/datastore/conflict/q/platform/ios,/gen1/swift/prev/build-a-backend/more-features/datastore/conflict-resolution,/flutter/build-a-backend/more-features/datastore/set-up-datastore,literal,other
48eb29c0cc9541c9a14c,content_based,hashicorp/terraform-website,/cloud-docs/sentinel/enforce,/cloud-docs/policy-enforcement/policy-results,/cloud-docs/policy-enforcement/sentinel,literal,other
4955ce62a0b109dd35ee,content_based,aws-amplify/docs,/cli/teams/commands,/javascript/tools/cli/teams/commands,/gen1/<platform>/tools/cli/<page>,literal,other
4992436ff4cf5e58d025,content_based,hashicorp/terraform-website,/docs/providers/random/d/:path*,/providers/hashicorp/random/latest/docs/data-sources/:path*,/providers/hashicorp/random/latest/docs/guides/:path*,placeholder,wildcard_expansion_ambiguity
49cd3f67695a2eac8cad,content_based,hashicorp/terraform-website,/docs/providers/alicloud(/index.html),/providers/aliyun/alicloud/latest/docs,/providers/linode/linode/latest/docs,wildcard,wildcard_expansion_ambiguity
4a52b3bc2f43a6fc0678,content_based,aws-amplify/docs,/lib/auth/escapehatch/q/platform/js,/javascript/build-a-backend/auth,,literal,no_prediction
4a5e2d02954d5bd752d4,content_based,withastro/docs,/:lang/guides/assets,/:lang/guides/images,/:lang/recipes/rss,placeholder,wildcard_expansion_ambiguity
4a614b31a6d99cd7eed5,content_based,aws-amplify/docs,/lib-v1/storage/existing-resources/q/platform/react-native,/gen1/react-native/prev/build-a-backend/storage/existing-resources,/android/build-a-backend/restapi/existing-resources,literal,other
4a862461b48d336e0ff4,content_based,aws-amplify/docs,/console/authz/permissions,/javascript/tools/console/authz/permissions,/flutter/build-a-backend/more-features/datastore/authz-rules-setup,literal,other
4b50b94b72a449d19359,content_based,aws-amplify/docs,/lib-v1/restapi/getting-started/q/platform/react-native,/gen1/react-native/prev/build-a-backend/restapi/set-up-rest-api,/android/start/getting-started/installation,literal,other
4b600e8bce118e6cc66d,content_based,withastro/docs,/:lang/core-concepts/astro-components,/:lang/basics/astro-components,/de/basics/astro-components,placeholder,wildcard_expansion_ambiguity
4b6be50115897adfb2af,content_based,fluxcd/website,/flagger/usage/blue-green,/flagger/tutorials/kubernetes-blue-green,,literal,no_prediction
4b847696f8a2b45066d8,content_based,aws-amplify/docs,/guides/api-rest/express-server/q/platform/android,/android/build-a-backend/restapi,/gen1/android/prev/start/project-setup/prerequisites,literal,other
4b88fb7f25fbe940667f,content_based,aws-amplify/docs,/console/formbuilder/data-binding,/javascript/build-ui/formbuilder/data-binding,/gen1/flutter/prev/build-a-backend/graphqlapi/mutate-data,literal,other
4bd64330535af1e3b721,content_based,denoland/docs,/runtime/reference/web_platform_apis,/api/web,/runtime/reference/migration_guide,literal,other
4c46d186a4bac9da7d36,content_based,aws-amplify/docs,/lib/auth/customui/q/platform/js,/react/connected-components/authenticator,,literal,no_prediction
4c939cfe27360958ec13,content_based,hashicorp/terraform-website,/intro/vs/index.html,/intro/vs,/intro,literal,other
4ce77b8b8674f614a32e,content_based,aws-amplify/docs,/lib/auth/social_signin_web_ui/q/platform/android,/android/build-a-backend/auth/add-social-provider,/android/sdk/auth/getting-started,literal,other
4d46c681b00c694f0d84,content_based,aws-amplify/docs,/lib-v1/analytics/getting-started/q/platform/ios,/gen1/swift/prev/build-a-backend/more-features/analytics/set-up-analytics,/android/start/getting-started/installation,literal,other
4d6bb4ec5cdee172d164,content_based,hashicorp/terraform-website,/language/v1.2.x/upgrade-guides/0-12,/language/v1.1.x/upgrade-guides/0-12,/language/upgrade-guides/0-13,literal,many_to_one_merges
4d7127837a0a9e3744b3,content_based,aws-amplify/docs,/lib-v1/restapi/fetch/q/platform/react-native,/gen1/react-native/prev/build-a-backend/restapi/fetch-data,/android/build-a-backend/restapi/existing-resources,literal,other
4d8b7213b1170f103664,content_based,aws-amplify/docs,/react/deploy-and-host/custom-configuration,/gen1/react/deploy-and-host/custom-configuration,/gen1/javascript/deploy-and-host/custom-configuration,literal,other
4d94dbc1fb7e1f8e0100,content_based,aws-amplify/docs,/sdk/info/overview/q/platform/ios,/swift/sdk/info/overview,,literal,no_prediction
4ddee714a2e2814fe503,content_based,fluxcd/website,/flagger/usage/gatewayapi-progressive-delivery,/flagger/tutorials/gatewayapi-progressive-delivery,,literal,no_prediction
4df02e5ca1bae48c3dc3,content_based,hashicorp/terraform-website,/terraform/plugin/sdkv2/best-practices/testing,/terraform/plugin/testing/testing-patterns,,literal,no_prediction
4e1962ea423100a03cda,content_based,hashicorp/terraform-website,/docs/providers/do/d/:path*,/providers/digitalocean/digitalocean/latest/docs/data-sources/:path*,/providers/ovh/ovh/latest/docs/guides/:path*,placeholder,wildcard_expansion_ambiguity
4e2cf528517a09f02094,content_based,aws-amplify/docs,/lib-v1/datastore/datastore-events/q/platform/ios,/gen1/swift/prev/build-a-backend/more-features/datastore/datastore-events,/flutter/build-a-backend/auth/auth-events,literal,other
4e5dc84c36ba44fc8b94,content_based,aws-amplify/docs,/cli/graphql-transformer/<*>,/javascript/tools/cli-legacy/auth-directive,/gen1/<platform>/tools/cli-legacy,placeholder,wildcard_expansion_ambiguity
4e6e6feea74a5efe0625,content_based,aws-amplify/docs,/javascript/prev/start/project-setup/create-application,/gen1/javascript/prev/start/project-setup/create-application,/gen1/angular/prev/start/project-setup/create-application,literal,other
4eb86f0daf510dbe1f10,content_based,denoland/docs,/examples/parsing-serializing-yaml,/examples/parsing_serializing_yaml,,literal,no_prediction
4ed183c690024272c016,content_based,aws-amplify/docs,/lib/datastore/advanced-workflows/q/platform/ios,/swift/build-a-backend/more-features/datastore/customize-primary-keys,/flutter/build-a-backend/graphqlapi/advanced-workflows,literal,other
4ed1a7f6282535a638ed,content_based,aws-amplify/docs,/lib-v1/graphqlapi/mutate-data/q/platform/flutter,/gen1/flutter/prev/build-a-backend/graphqlapi/mutate-data,,literal,no_prediction
4ee514b497f32e6b2c70,content_based,aws-amplify/docs,/<platform>/prev/tools/<category>/<page>,/gen1/<platform>/prev/tools/<category>/<page>,/gen1/<platform>/tools/cli-legacy,placeholder,wildcard_expansion_ambiguity
4f659f865c5a42f9515f,content_based,denoland/docs,/examples/aes-encryption,/examples/aes_encryption,,literal,no_prediction
500357394ab0d4a4d391,content_based,aws-amplify/docs,/lib/datastore/datastore-events/q/platform/ios,/swift/build-a-backend/more-features/datastore/datastore-events,/flutter/build-a-backend/more-features/datastore/set-up-datastore,literal,other
500b410f4d5667336902,content_based,denoland/docs,/examples/tutorials/honeycomb,/examples/honeycomb_tutorial,,literal,no_prediction
5070e2e1c5ef4a412b83,content_based,denoland/docs,/deploy/tutorials,/examples,,literal,no_prediction
5109caa0a2a6f184209e,content_based,aws-amplify/docs,/lib/storage/existing-resources/q/platform/ios,/swift/build-a-backend/storage/existing-resources,/android/build-a-backend/restapi/existing-resources,literal,other
5138ba44a50269f11c22,content_based,aws-amplify/docs,/lib-v1/storage/overview/q/platform/android,/gen1/android/prev/build-a-backend/storage,/gen1/android/prev/build-a-backend/storage/existing-resources,literal,other
515bd6904f6237909108,content_based,aws-amplify/docs,/lib/datastore/data-access/q/platform/android,/android/build-a-backend/more-features/datastore/manipulate-data,/gen1/android/prev/build-a-backend/restapi/fetch-data,literal,other
517a1ba26c5387489d4d,content_based,aws-amplify/docs,/lib/auth/user-attributes,/swift/build-a-backend/auth/managing-attributes,/android/build-a-backend/auth/managing-attributes,literal,many_to_one_merges
519295c94761ba2f3d93,content_based,aws-amplify/docs,/react/build-a-backend/server-side-rendering/nextjs,/gen1/react/build-a-backend/server-side-rendering/nextjs,/gen1/angular/build-a-backend/server-side-rendering/nextjs,literal,other
51df7672757ebc589235,content_based,aws-amplify/docs,/<platform>/start/getting-started/<page>,/gen1/<platform>/start/getting-started/<page>,/gen1/<platform>/prev/start/<page>,placeholder,wildcard_expansion_ambiguity
52009da7454f0400202b,content_based,aws-amplify/docs,/cli/teams/multi-frontend,/javascript/tools/cli/teams/multi-frontend,/gen1/<platform>/tools/cli/<page>,literal,other
52131d6f2d0f6dc719de,content_based,aws-amplify/docs,/lib-v1/auth/access_credentials/q/platform/android,/gen1/android/prev/build-a-backend/auth/accessing-credentials,/android/build-a-backend/auth/add-social-provider,literal,other
521ec24b0832f6da851e,content_based,aws-amplify/docs,/lib-v1/analytics/existing-resources,/gen1/react/prev/build-a-backend/more-features/analytics/existing-resources,/android/build-a-backend/restapi/existing-resources,literal,other
527e495c1ba1f4ddb6bf,content_based,aws-amplify/docs,/javascript/prev/start/project-setup/prerequisites,/gen1/javascript/prev/start/project-setup/prerequisites,/gen1/angular/prev/start/project-setup/create-application,literal,other
52a551c0e1a723c43bcd,content_based,aws-amplify/docs,/lib-v1/storage/getting-started/q/platform/flutter,/gen1/flutter/prev/build-a-backend/storage/set-up-storage,,literal,no_prediction
5346e8a72b409947eb35,content_based,aws-amplify/docs,/lib-v1/predictions/identify-entity/q/platform/js,/gen1/javascript/prev/build-a-backend/more-features/predictions/identify-entity,,literal,no_prediction
535abc8e08b61e40fede,content_based,aws-amplify/docs,/lib-v1/storage/triggers/q/platform/react-native,/gen1/react-native/prev/build-a-backend/storage/lambda-triggers,,literal,no_prediction
53f225dec988846fa90b,content_based,aws-amplify/docs,/lib-v1/auth/access_credentials/q/platform/flutter,/gen1/flutter/prev/build-a-backend/auth/accessing-credentials,,literal,no_prediction
53fe5e95db130c40fbea,content_based,hashicorp/terraform-website,/docs/providers/datadog(/index.html),/providers/DataDog/datadog/latest/docs,/docs/extend/writing-custom-providers.html,wildcard,wildcard_expansion_ambiguity
54549888a29a4f4a3baa,content_based,aws-amplify/docs,/lib/analytics/getting-started/q/platform/ios,/swift/build-a-backend/more-features/analytics/set-up-analytics,/android/start/getting-started/installation,literal,other
546269cda1e717225a66,content_based,hashicorp/terraform-website,/docs/providers/mso(/index.html),/providers/CiscoDevNet/mso/latest/docs,/docs/extend/writing-custom-providers.html,wildcard,wildcard_expansion_ambiguity
5481822057b124c4be67,content_based,aws-amplify/docs,/[platform]/build-a-backend/graphqlapi/connect-from-server-runtime,/react/build-a-backend/graphqlapi/connect-from-server-runtime,/flutter/build-a-backend/graphqlapi,wildcard,wildcard_expansion_ambiguity
54b46e26e018ad8e59bf,content_based,aws-amplify/docs,/lib-v1/graphqlapi/query-data/q/platform/flutter,/gen1/flutter/prev/build-a-backend/graphqlapi/query-data,,literal,no_prediction
54df152429c90f991170,content_based,withastro/docs,/:lang/recipes/studio,/:lang/guides/astro-db,,placeholder,no_prediction
5545e3b0e8f5409f69c4,content_based,aws-amplify/docs,/cli-legacy/graphql-transformer/dataaccess,/javascript/tools/cli-legacy/data-access-patterns,/gen1/<platform>/tools/cli-legacy,literal,other
55a9022d7b2135ee6632,content_based,aws-amplify/docs,/console/storage/file-browser,/javascript/tools/console/storage/file-browser,/android/build-a-backend/storage/upload,literal,other
55b8ea2f072fd9d9c7bc,content_based,aws-amplify/docs,/sdk/auth/federated-identities/q/platform/android,/android/sdk/auth/federated-identities,/android/sdk/auth/getting-started,literal,other
55d506c4654c02d7e48f,content_based,denoland/docs,/examples/spy-functions,/examples/spy_functions,,literal,no_prediction
55ebba82c1abe9553193,content_based,aws-amplify/docs,/lib/storage/triggers/q/platform/ios,/swift/build-a-backend/storage/lambda-triggers,/gen1/<platform>/build-a-backend/storage/import,literal,other
55fb3e1e445168ccf864,content_based,aws-amplify/docs,/lib/graphqlapi/existing-resources/q/platform/flutter,/flutter/build-a-backend/graphqlapi/existing-resources,/flutter,literal,other
5619bdd170c5604d74a2,content_based,fluxcd/website,/flagger/usage/progressive-delivery,/flagger/tutorials/istio-progressive-delivery,,literal,no_prediction
56407f98f58479273e65,content_based,aws-amplify/docs,/lib-v1/pubsub/subunsub/q/platform/react-native,/gen1/react-native/prev/build-a-backend/more-features/pubsub/subscribe,/gen1/<platform>/build-a-backend/auth/auth-events,literal,other
56c6dfd06852dc787460,content_based,aws-amplify/docs,/swift/build-a-backend/functions/connect-rest-api,/swift/build-a-backend/functions,/android/build-a-backend/restapi/set-up-rest-api,literal,many_to_one_merges
56cded35cf62d509f9d2,content_based,withastro/docs,/:lang/guides/integrations-guide/image,/:lang/guides/images,/en/guides/integrations-guide,placeholder,wildcard_expansion_ambiguity
575aeed94d5e54b8c88b,content_based,aws-amplify/docs,/guides/location-service/tracking-device-location/q/platform/ios,/swift/build-a-backend/more-features/geo/amazon-location-sdk,/gen1/<platform>/build-a-backend/functions/layers,literal,other
576f13f91841edf388ac,content_based,withastro/docs,/:lang/migrate,/:lang/guides/upgrade-to/v1,/:lang/guides/migrate-to-astro,placeholder,wildcard_expansion_ambiguity
57c6ce80e800210aef91,content_based,aws-amplify/docs,/lib/auth/signOut/q/platform/ios,/swift/build-a-backend/auth/sign-out,/flutter/build-a-backend/auth/set-up-auth,literal,other
57eafb5c459978df3173,content_based,withastro/docs,/:lang/core-concepts/collections,/:lang/guides/content-collections,/:lang/guides/routing,placeholder,wildcard_expansion_ambiguity
57f0ddc606d38497dad5,content_based,aws-amplify/docs,/lib/auth/access_credentials/q/platform/android,/android/build-a-backend/auth/accessing-credentials,/android/build-a-backend/auth/set-up-auth,literal,other
58a22e60eab45d45a41e,content_based,aws-amplify/docs,/sdk,/swift/sdk,/android/sdk,literal,many_to_one_merges
58cfcfd546c232de02cb,content_based,aws-amplify/docs,/angular/prev/build-a-backend,/gen1/angular/prev/build-a-backend,/angular/build-a-backend,literal,other
5937f4ee75b2a493e384,content_based,aws-amplify/docs,/sdk/auth/federated-identities/q/platform/ios,/swift/sdk/auth/federated-identities,,literal,no_prediction
594fa437bdd039e6dfd4,content_based,aws-amplify/docs,/lib/q/platform/react-native,/react-native/tools/libraries,,literal,no_prediction
595b8959c367637aa64f,content_based,aws-amplify/docs,/sdk/q/platform/android,/android/sdk,/android/sdk/api/graphql,literal,other
595d9ee17953cad1092b,content_based,aws-amplify/docs,/[platform]/build-a-backend/existing-resources/cli,/react/build-a-backend/existing-resources/cli,/gen1/<platform>/build-a-backend/existing-resources,wildcard,wildcard_expansion_ambiguity
595e809712140c64b8fd,content_based,hashicorp/terraform-website,/enterprise/install/cluster-gcp,/enterprise/install/automated/active-active,/enterprise/install/pre-install-checklist,literal,many_to_one_merges
59d472f7a60c7e33a79f,content_based,aws-amplify/docs,/console/formbuilder/overview,/javascript/build-ui/formbuilder,/gen1/<platform>/tools/console,literal,other
5a0feb2ce61dcd9e4ae2,content_based,aws-amplify/docs,/react/build-ui/formbuilder/overrides,/gen1/react/build-ui/formbuilder/overrides,/flutter/build-a-backend/storage/get-properties,literal,other
5b1e0722fcb97695366d,content_based,aws-amplify/docs,/start/getting-started/hosting/q/integration/react,/react/start/getting-started/hosting,/flutter/start/getting-started/nextsteps,literal,other
5b28bdd863ced204cfda,content_based,aws-amplify/docs,/gen2/reference,/react/reference,,literal,no_prediction
5b503a49fcccf1067a3d,content_based,aws-amplify/docs,/<platform>/build-a-backend/auth/delete-user-account,/gen1/<platform>/build-a-backend/auth/delete-user-account,/flutter/build-a-backend/auth/sign-out,placeholder,wildcard_expansion_ambiguity
5b721b41492a15ec312b,content_based,aws-amplify/docs,/<platform>/build-a-backend/auth/managing-credentials,/gen1/<platform>/build-a-backend/auth/managing-credentials,,placeholder,no_prediction
5b7602f8305d8e690c83,content_based,aws-amplify/docs,/[platform]/tools/cli-legacy/config-params,/react/tools/cli-legacy/config-params,/gen1/<platform>/tools/cli/<page>,wildcard,wildcard_expansion_ambiguity
5bd8c270b3f702020aaf,content_based,hashicorp/terraform-website,/language/v1.2.x/upgrade-guides/0-9,/language/v1.1.x/upgrade-guides/0-9,/language/upgrade-guides/0-13,literal,many_to_one_merges
5bea286cf1e801bc7b60,content_based,aws-amplify/docs,/nextjs/prev/start/project-setup/create-application,/gen1/nextjs/prev/start/project-setup/create-application,/gen1/angular/prev/start/project-setup/create-application,literal,other
5cc85ea169131595d77b,content_based,aws-amplify/docs,/cli/commands/interactions,/javascript/tools/cli/commands,/gen1/<platform>/tools/cli-legacy,literal,many_to_one_merges
5ce1a75e859f09dabb09,content_based,denoland/docs,/deploy/early-access/*,/deploy/*,,wildcard,no_prediction
5d3b8c302a2e636fa376,content_based,aws-amplify/docs,/lib-v1/datastore/real-time/q/platform/javascript,/gen1/javascript/prev/build-a-backend/more-features/datastore/real-time,/flutter/build-a-backend/more-features/datastore/datastore-events,literal,other
5d708e6007f454a5ab04,content_based,aws-amplify/docs,/lib-v1/storage/configureaccess/q/platform/js,/gen1/javascript/prev/build-a-backend/storage/configure-access,,literal,no_prediction
5db06dfd38d2ca5f68bc,content_based,aws-amplify/docs,/lib-v1/graphqlapi/authz/q/platform/js,/gen1/javascript/prev/build-a-backend/graphqlapi/customize-authz-modes,,literal,no_prediction
5dd795e006b6d8b9c789,content_based,aws-amplify/docs,/lib/graphqlapi/concepts/q/platform,/react/build-a-backend/graphqlapi/api-graphql-concepts,/android/build-a-backend/graphqlapi/client-code-generation,literal,many_to_one_merges
5e67dcb6a926ed34cb4a,content_based,aws-amplify/docs,/lib/graphqlapi/working-with-files/q/platform/js,/javascript/build-a-backend/graphqlapi/working-with-files,,literal,no_prediction
5e8a64476b664638f1ae,content_based,denoland/docs,/examples/tutorials/file_server,/examples/file_server_tutorial,/examples/tutorials/file_server,literal,other
5ef9d3008cb4844ee5d9,content_based,aws-amplify/docs,/lib/graphqlapi/cancel-request/q/platform/js,/javascript/build-a-backend/graphqlapi/mutate-data,,literal,no_prediction
5f154d39ef4953ee4a98,content_based,aws-amplify/docs,/swift/build-a-backend/auth/switch-auth,/gen1/swift/build-a-backend/auth/switch-auth,/gen1/javascript/prev/build-a-backend/auth/switch-auth,literal,other
5f88e4b480c034f6c041,content_based,aws-amplify/docs,/lib/storage/getting-started/q/platform/js,/javascript/build-a-backend/storage/set-up-storage,,literal,no_prediction
60322e029b27f8fe0084,content_based,aws-amplify/docs,/lib-v1/auth/auth-events/q/platform/js,/gen1/javascript/prev/build-a-backend/auth/auth-events,,literal,no_prediction
605749445f4aa256a9d8,content_based,aws-amplify/docs,/cli-legacy/graphql-transformer/function,/javascript/tools/cli-legacy/function-directive,/gen1/<platform>/tools/cli/<page>,literal,other
60aeaa135c7830a91903,content_based,aws-amplify/docs,/android/build-a-backend/functions/cognito-trigger-lambda-dynamodb,/android/build-a-backend/functions,/gen1/android/prev/build-a-backend/storage/lambda-triggers,literal,many_to_one_merges
60b6a17542c1dec2ee5d,content_based,denoland/docs,/examples/tutorials/qwik,/examples/qwik_tutorial,,literal,no_prediction
60fa86a2096d20ced040,content_based,aws-amplify/docs,/[platform]/build-a-backend/push-notifications/set-up-push-service,/react/build-a-backend/push-notifications/set-up-push-service,/android/build-a-backend/push-notifications/set-up-push-service,wildcard,wildcard_expansion_ambiguity
616811fe059073820a64,content_based,hashicorp/terraform-website,/docs/providers/azurerm(/index.html),/providers/hashicorp/azurerm/latest/docs,/docs/extend/writing-custom-providers.html,wildcard,wildcard_expansion_ambiguity
61c9ddc83a506931f2fd,content_based,aws-amplify/docs,/lib/analytics/getting-started,/javascript/build-a-backend/more-features/analytics,/android/start/getting-started/installation,literal,other
61eb77d9f615752e1b83,content_based,hashicorp/terraform-website,/docs/providers/azurerm/d/:path*,/providers/hashicorp/azurerm/latest/docs/data-sources/:path*,/providers/hashicorp/azurerm/latest/docs/resources/:path*,placeholder,wildcard_expansion_ambiguity
61fc982a6bf992ab6f7d,content_based,aws-amplify/docs,/lib/auth/signin_with_custom_flow/q/platform/ios,/swift/build-a-backend/auth/sign-in-custom-flow,/flutter/build-a-backend/auth/set-up-auth,literal,other
626e75f0be877cb02488,content_based,aws-amplify/docs,/lib-v1/auth/escapehatch/q/platform/android,/gen1/android/prev/build-a-backend/auth/sdk,/android/build-a-backend/auth/set-up-auth,literal,other
62e99cf53c740102021c,content_based,aws-amplify/docs,/api/swagger-ui,/,,literal,no_prediction
62f38830a29eab7917c2,content_based,hashicorp/terraform-website,/cloud,/products/terraform,/cloud-docs/users-teams-organizations/users,literal,no_lexical_overlap_after_ia_rewrite
63119045f77e84f9231d,content_based,aws-amplify/docs,/cli/reference/ssm-parameter-store,/javascript/tools/cli/reference/ssm-parameter-store,/gen1/<platform>/tools/cli/<page>,literal,other
640e3c5b6e7f8d838d22,content_based,aws-amplify/docs,/ui-legacy/interactions/chatbot/<*>,/angular/getting-started/migration,,placeholder,no_prediction
6464017c73108eb35984,content_based,aws-amplify/docs,/lib/logging/configure-user/q/platform/ios,/swift/build-a-backend/more-features/logging/configure-user,/gen1/<platform>/tools/console,literal,other
6467007955cfb75ccae7,content_based,aws-amplify/docs,/lib-v1/project-setup/use-existing-resources/q/platform/ios,/gen1/swift/prev/start/project-setup,/flutter/start/project-setup/upgrade-guide,literal,many_to_one_merges
646a28f7429531407cf1,content_based,denoland/docs,/runtime/reference/deploying_and_embedding,/deploy/classic,/deploy/reference/runtime,literal,many_to_one_merges
647f2fc04e8281935973,content_based,aws-amplify/docs,/guides/functions/dynamodb-from-js-lambda/q/platform/js,/javascript/build-a-backend/functions,,literal,no_prediction
64eb59b69b532039f4b5,content_based,aws-amplify/docs,/[platform]/build-a-backend/restapi/test-api,/react/build-a-backend/restapi/test-api,/android/build-a-backend/restapi/set-up-rest-api,wildcard,wildcard_expansion_ambiguity
64ebf65044377c2cf96e,content_based,aws-amplify/docs,/gen2/start/configure-account,/gen2/start/account-setup,,literal,no_prediction
64f6fa4dbddb82101316,content_based,aws-amplify/docs,/lib/in-app-messaging/getting-started/q/platform/js,/javascript/build-a-backend/more-features/in-app-messaging/set-up-in-app-messaging,,literal,no_prediction
6512ed6ddd370b71501e,content_based,aws-amplify/docs,/lib-v1/auth/auth-events/q/platform/android,/gen1/android/prev/build-a-backend/auth/auth-events,/android/build-a-backend/auth/add-social-provider,literal,other
655617accef26be956ea,content_based,aws-amplify/docs,/[platform]/build-a-backend/utilities,/react/build-a-backend/utilities,/gen1/<platform>/build-a-backend/debugging,wildcard,wildcard_expansion_ambiguity
656ea431465e90eef333,content_based,aws-amplify/docs,/lib-v1/predictions/label-image/q/platform/ios,/gen1/swift/prev/build-a-backend/more-features/predictions/label-image,/gen1/<platform>/build-a-backend/storage/import,literal,other
65ad23d4826f43bcef08,content_based,aws-amplify/docs,/lib/utilities/cache/q/platform/js,/javascript/build-a-backend/utilities/cache,,literal,no_prediction
65d4f595f36d54032b96,content_based,denoland/docs,/examples/dns-queries,/examples/dns_queries,,literal,no_prediction
66a43ed058322ffc80fc,content_based,aws-amplify/docs,/lib-v1/storage/existing-resources/q/platform/ios,/gen1/swift/prev/build-a-backend/storage/existing-resources,/android/build-a-backend/restapi/existing-resources,literal,other
685030df9863aeb44e27,content_based,aws-amplify/docs,/lib-v1/datastore/real-time/q/platform/ios,/gen1/swift/prev/build-a-backend/more-features/datastore/real-time,/flutter/build-a-backend/more-features/datastore/set-up-datastore,literal,other
68c47ad7f5316cd9dff2,content_based,aws-amplify/docs,/lib-v1/geo/maps/q/platform/ios,/gen1/swift/prev/build-a-backend/more-features/geo/maps,/gen1/<platform>/tools/cli/<page>,literal,other
68cdf791be963ca3b438,content_based,aws-amplify/docs,/cli/graphql/authorization,/react/build-a-backend/graphqlapi/customize-authorization-rules,/flutter/build-a-backend/graphqlapi/query-data,literal,other
68fd7918466b4f37af22,content_based,aws-amplify/docs,/lib/logging/configure-user/q/platform/android,/android/build-a-backend/more-features/logging/configure-user,/android/build-a-backend/more-features/logging/flush-logs,literal,other
6933790f866f51ccf011,content_based,aws-amplify/docs,/[platform]/build-a-backend/more-features/predictions/sdk,/react/build-a-backend/more-features/predictions/sdk,/android/build-a-backend/more-features/geo/maps,wildcard,wildcard_expansion_ambiguity
69472eb00ed292c8230e,content_based,aws-amplify/docs,/lib-v1/geo/search/q/platform/ios,/gen1/swift/prev/build-a-backend/more-features/geo/location-search,/gen1/<platform>/tools/cli/<page>,literal,other
6986597e33c9d79b738a,content_based,withastro/docs,/comparing-astro-vs-other-tools,/en/guides/migrate-to-astro,,literal,no_prediction
6a0ce8e6a4021f61ffb9,content_based,aws-amplify/docs,/guides/functions/dynamodb-from-js-lambda/q/platform/ios,/swift/build-a-backend/functions,/gen1/<platform>/build-a-backend/functions/layers,literal,many_to_one_merges
6a56c3884d0de5d8fd03,content_based,hashicorp/terraform-website,/docs/providers/panos(/index.html),/providers/PaloAltoNetworks/panos/latest/docs,/docs/extend/writing-custom-providers.html,wildcard,wildcard_expansion_ambiguity
6af096ad2702aa1282ec,content_based,aws-amplify/docs,/cli/graphql/offline-data-access-and-conflict-resolution,/javascript/build-a-backend/more-features/datastore/conflict-resolution,/gen1/javascript/prev/build-a-backend/graphqlapi/offline,literal,other
6b104f19d6992c8a3c06,content_based,aws-amplify/docs,/react/build-ui/formbuilder/call-to-action,/gen1/react/build-ui/formbuilder/call-to-action,/gen1/javascript/build-ui/uibuilder,literal,other
6b2486fd409fcb699d22,content_based,aws-amplify/docs,/lib/auth/auth-events/q/platform/flutter,/flutter/build-a-backend/auth/auth-events,/flutter,literal,other
6b49a2b95de39a7192d1,content_based,aws-amplify/docs,/sdk/auth/device-features/q/platform/ios,/swift/sdk/auth/device-features,/android/sdk/auth/getting-started,literal,other
6b5b9f8e28e6115111c5,content_based,aws-amplify/docs,/lib/ssr/q/platform/angular,/angular/build-a-backend/server-side-rendering,/gen1/<platform>/tools/libraries,literal,other
6bb17da18866f71c607c,content_based,hashicorp/terraform-website,/terraform/plugin/framework/paths,/terraform/plugin/framework/handling-data/paths,,literal,no_prediction
6bcb23193384a3bf1b02,content_based,fluxcd/website,/flux/use-cases/aws-codecommit,/flux/installation/bootstrap/aws-codecommit,/flux/installation,literal,other
6c10d86de0dd5b4fd2c3,content_based,aws-amplify/docs,/angular/start/connect-existing-aws-resources,/angular/start/connect-to-aws-resources,/gen1/android/prev/start/project-setup/use-existing-resources,literal,other
6c6fc45d67721e6d94bd,content_based,aws-amplify/docs,/sdk/analytics/endpoints/q/platform/android,/android/sdk/analytics/endpoints,/android/sdk/auth/getting-started,literal,other
6c79562c90a4ee6060ca,content_based,aws-amplify/docs,/lib/graphqlapi/graphql-from-nodejs/q/platform/js,/javascript/build-a-backend/graphqlapi/connect-from-server-runtime,,literal,no_prediction
6c8da379050ac1f0513d,content_based,aws-amplify/docs,/[platform]/build-a-backend/auth/managing-credentials,/react/build-a-backend/auth/managing-credentials,,wildcard,no_prediction
6ccda3f9e9f794861b38,content_based,aws-amplify/docs,/lib-v1/auth/access_credentials/q/platform/ios,/gen1/swift/prev/build-a-backend/auth/accessing-credentials,/android/build-a-backend/auth/set-up-auth,literal,other
6ce30a3021c6c932c0ff,content_based,aws-amplify/docs,/cli/graphql/search-and-result-aggregations,/javascript/build-a-backend/graphqlapi/search-and-result-aggregations,/gen1/javascript/prev/build-a-backend/more-features/geo/location-search,literal,other
6d1056e583b2e6ec22aa,content_based,withastro/docs,/:lang/core-concepts/astro-pages,/:lang/basics/astro-pages,/de/basics/astro-pages,placeholder,wildcard_expansion_ambiguity
6d3f9847578481ad414d,content_based,hashicorp/terraform-website,/docs/providers/tls(/index.html),/providers/hashicorp/tls/latest/docs,/docs/extend/writing-custom-providers.html,wildcard,wildcard_expansion_ambiguity
6d7a9ce4400cf2848f38,content_based,aws-amplify/docs,/lib-v1/pubsub/publish/q/platform/react-native,/gen1/react-native/prev/build-a-backend/more-features/pubsub/publish,/android/sdk/pubsub/working-api,literal,other
6d8026259577221ed27e,content_based,hashicorp/terraform-website,/cloud-docs/sentinel/import/tfstate,/cloud-docs/policy-enforcement/sentinel/import/tfstate,/cloud-docs/policy-enforcement/sentinel/import/tfstate-v2,literal,other
6d8b5ea240ac35f71465,content_based,aws-amplify/docs,/lib-v1/auth/password_management/q/platform/react-native,/gen1/react-native/prev/build-a-backend/auth/manage-passwords,/android/sdk/auth/working-with-api,literal,other
6dddaa4c58653b0988aa,content_based,hashicorp/terraform-website,/docs/providers/openstack(/index.html),/providers/terraform-provider-openstack/openstack/latest/docs,/providers/linode/linode/latest/docs,wildcard,wildcard_expansion_ambiguity
6df2c3a4e81c444c97e9,content_based,aws-amplify/docs,/lib-v1/in-app-messaging/clear-messages/q/platform/js,/gen1/javascript/prev/build-a-backend/more-features/in-app-messaging/clear-messages,,literal,no_prediction
6e67718d51700c5bc02e,content_based,withastro/docs,/:lang/core-concepts/project-structure,/:lang/basics/project-structure,/de/basics/project-structure,placeholder,wildcard_expansion_ambiguity
6edfb168ee9c2d341718,content_based,aws-amplify/docs,/cli-legacy/graphql-transformer/examples,/javascript/tools/cli-legacy/examples,/flutter/build-a-backend/graphqlapi/subscribe-data,literal,other
6f7e0114d8a673c261a3,content_based,aws-amplify/docs,/lib-v1/auth/password_management/q/platform/android,/gen1/android/prev/build-a-backend/auth/manage-passwords,/android/build-a-backend/auth/add-social-provider,literal,other
6f8a81a3e3ab0ab937a4,content_based,aws-amplify/docs,/lib/project-setup/coroutines/q/platform/ios,/swift/start/project-setup,/gen1/android/prev/start/project-setup/prerequisites,literal,other
6fb1dc2e90e624572430,content_based,hashicorp/terraform-website,/docs/providers/nomad(/index.html),/providers/hashicorp/nomad/latest/docs,/docs/extend/writing-custom-providers.html,wildcard,wildcard_expansion_ambiguity
6fbd71e6f55511614da8,content_based,aws-amplify/docs,/sdk/push-notifications/getting-started,/gen1/swift/sdk/push-notifications/getting-started,/android/start/getting-started/installation,literal,other
6fda3b8f9a7f7ac82bd4,content_based,aws-amplify/docs,/guides/api-rest/express-server/q/platform/ios,/swift/build-a-backend/restapi,/gen1/android/prev/start/project-setup/prerequisites,literal,no_lexical_overlap_after_ia_rewrite
6fde3a82a7ecb1732082,content_based,aws-amplify/docs,/lib/in-app-messaging/customize/q/platform/js,/react/connected-components/in-app-messaging,,literal,no_prediction
6fe34ad1322305241dd4,content_based,aws-amplify/docs,/lib-v1/in-app-messaging/identify-user/q/platform/react-native,/gen1/react-native/prev/build-a-backend/more-features/in-app-messaging/identify-user,/android/build-a-backend/more-features/analytics/identify-user,literal,other
704317579a9b950910ea,content_based,aws-amplify/docs,/<platform>/build-a-backend/restapi,/gen1/<platform>/build-a-backend/restapi,,placeholder,no_prediction
707b8c8399769a0de01b,content_based,hashicorp/terraform-website,/community.html,/community,,literal,no_prediction
709c623569e0e7a521f8,content_based,aws-amplify/docs,/start/getting-started/hosting/q/integration/js,/javascript/start/getting-started/hosting,,literal,no_prediction
711b7ab4956e58d774ec,content_based,aws-amplify/docs,/lib/analytics/identifyuser/q/platform/android,/android/build-a-backend/more-features/analytics/identify-user,/gen1/android/prev/build-a-backend/more-features/analytics/existing-resources,literal,other
71496745d83a966a09ea,content_based,hashicorp/terraform-website,/language/settings/backends/manta,/language/v1.2.x/settings/backends/manta,,literal,no_prediction
714ef80817512d2d6103,content_based,hashicorp/terraform-website,/docs/providers/gitlab/d/:path*,/providers/gitlabhq/gitlab/latest/docs/data-sources/:path*,/providers/gitlabhq/gitlab/latest/docs/guides/:path*,placeholder,wildcard_expansion_ambiguity
7161b43e343597241858,content_based,aws-amplify/docs,/lib-v1/interactions/chatbot/q/platform/react-native,/gen1/react-native/prev/build-a-backend/more-features/interactions/chatbot,,literal,no_prediction
716f60a3770d6ffa5199,content_based,aws-amplify/docs,/lib-v1/restapi/existing-resources/q/platform/js,/javascript/build-a-backend/restapi/existing-resources,,literal,no_prediction
71ccd93cb3e54a1881cc,content_based,aws-amplify/docs,/lib/graphqlapi/mutate-data,/react/build-a-backend/graphqlapi/custom-business-logic,/gen1/flutter/prev/build-a-backend/graphqlapi/mutate-data,literal,other
71eb48dc0648d6af549c,content_based,aws-amplify/docs,/lib/utilities/i18n/q/platform/js,/javascript/build-a-backend/utilities/i18n,,literal,no_prediction
72478062ab6bfb88474b,content_based,aws-amplify/docs,/cli/storage/overview,/javascript/build-a-backend/storage/configure-storage,/gen1/<platform>/build-a-backend/storage/configure-storage,literal,other
729fe0119d3251d16350,content_based,aws-amplify/docs,/lib/graphqlapi/subscribe-data/q/platform/react-native,/react-native/build-a-backend/graphqlapi/subscribe-data,/gen1/android/prev/build-a-backend/graphqlapi/subscribe-data,literal,other
7332722479d53a3ca7bc,content_based,aws-amplify/docs,/start/getting-started/nextsteps/q/integration/angular,/angular/start/getting-started/nextsteps,,literal,no_prediction
737de1862fc9d7de33b9,content_based,aws-amplify/docs,/cli/usage/headless,/javascript/tools/cli/usage/headless,/gen1/angular/prev,literal,other
73c907aa0506c2efb66f,content_based,aws-amplify/docs,/lib/analytics/record/q,/react/build-a-backend/more-features/analytics/record-events,/android/build-a-backend/more-features/analytics/record-events,literal,many_to_one_merges
73ece4084b1380b19280,content_based,aws-amplify/docs,/android/prev/start/project-setup/prerequisites,/gen1/android/prev/start/project-setup/prerequisites,/gen1/angular/prev/start/project-setup/create-application,literal,other
73f0f1967926100e50ba,content_based,aws-amplify/docs,/lib/graphqlapi/getting-started/q/platform/react-native,/react-native/build-a-backend/graphqlapi/set-up-graphql-api,/android/start/getting-started/integrate,literal,other
742545f050e435305c21,content_based,aws-amplify/docs,/lib-v1/predictions/interpret/q/platform/react-native,/gen1/react-native/prev/build-a-backend/more-features/predictions/interpret-sentiment,/gen1/android/prev/build-a-backend/more-features/predictions/interpret-sentiment,literal,other
742c8fa054b74e308de1,content_based,aws-amplify/docs,/lib/datastore/conflict/q/platform/android,/android/build-a-backend/more-features/datastore/conflict-resolution,/android/start/getting-started/installation,literal,other
7478c6002619ff14b9f3,content_based,aws-amplify/docs,/lib-v1/analytics/escapehatch,/gen1/react/prev/build-a-backend/more-features/analytics,,literal,no_prediction
74c6c663d0f22c08ff52,content_based,aws-amplify/docs,/lib/auth/getting-started/q/platform/flutter,/flutter/build-a-backend/auth/set-up-auth,/flutter,literal,other
74cced5f620ea0eeee0b,content_based,denoland/docs,/examples/watching-files,/examples/watching_files,/examples/importing_json,literal,other
74fc9a190697d5adb1b9,content_based,aws-amplify/docs,/lib/utilities/serviceworker/q/platform/js,/javascript/build-a-backend/utilities/service-worker,,literal,no_prediction
751399004d86a67d0653,content_based,aws-amplify/docs,/lib-v1/storage/getting-started/q/platform/js,/gen1/javascript/prev/build-a-backend/storage/set-up-storage,,literal,no_prediction
7569ca90848dc549264d,content_based,aws-amplify/docs,/lib/push-notifications/setup-push-service/q/platform/android,/android/build-a-backend/push-notifications/set-up-push-service,/android/build-a-backend/push-notifications/set-up-push-notifications,literal,other
7584c3054408748e7bd2,content_based,aws-amplify/docs,/lib/restapi/getting-started/q/platform/ios,/swift/build-a-backend/restapi/set-up-rest-api,/android/start/getting-started/installation,literal,other
75be646b8c78d59288c9,content_based,aws-amplify/docs,/lib-v1/graphqlapi/subscribe-data/q/platform/android,/gen1/android/prev/build-a-backend/graphqlapi/subscribe-data,/gen1/flutter/prev/build-a-backend/graphqlapi/mutate-data,literal,other
764675e1411903d63501,content_based,aws-amplify/docs,/lib/storage/upload/q/platform/js,/javascript/build-a-backend/storage/upload,,literal,no_prediction
7657b753e9da5d3156f9,content_based,aws-amplify/docs,/cli/function/layers,/javascript/build-a-backend/functions/layers,/gen1/<platform>/build-a-backend/functions/layers,literal,other
7688a217449dd33853a7,content_based,aws-amplify/docs,/swift/build-a-backend/functions/appsync-operations-to-lambda-layer,/swift/build-a-backend/graphqlapi/client-code-generation,/gen1/<platform>/build-a-backend/functions/layers,literal,other
76bf4cf82706cc0571b4,content_based,aws-amplify/docs,/console/tutorial/buildui,/javascript/tools/console/tutorial/buildui,/gen1/javascript/build-ui/uibuilder,literal,other
77562979ee74f8c4a933,content_based,aws-amplify/docs,/nextjs/build-a-backend/storage/storage-v5-to-v6-migration-guide,/gen1/nextjs/build-a-backend/storage/storage-v5-to-v6-migration-guide,/gen1/android/prev/build-a-backend/storage,literal,other
77b6d508c4366f90466a,content_based,aws-amplify/docs,/start/getting-started/auth/q/integration/react,/react/start/getting-started/auth,/flutter/start/getting-started/nextsteps,literal,other
77e30515e5450cffb320,content_based,aws-amplify/docs,/cli/function/configure-options,/javascript/build-a-backend/functions/configure-options,/gen1/<platform>/tools/cli/<page>,literal,many_to_one_merges
78441738cbea5c0be875,content_based,denoland/docs,/examples/piping-streams,/examples/piping_streams,,literal,no_prediction
7844515664b4c3f26476,content_based,aws-amplify/docs,/react/start/quickstart/nextjs-pages-router,/react/start/quickstart,/android/start/sample-apps/to-do-app,literal,many_to_one_merges
7854bc5040e4c66359bc,content_based,aws-amplify/docs,/lib-v1/auth/signin/q/platform/android,/gen1/android/prev/build-a-backend/auth/enable-sign-in,/android/build-a-backend/auth/set-up-auth,literal,other
7903c8621169d9252009,content_based,hashicorp/terraform-website,/language/v1.2.x/upgrade-guides/0-11,/language/v1.1.x/upgrade-guides/0-11,/language/upgrade-guides/0-13,literal,other
79373baff77661721aa1,content_based,aws-amplify/docs,/lib-v1/project-setup/create-application/q/platform/js,/javascript/start/project-setup,,literal,no_prediction
794f22bf43686014476b,content_based,aws-amplify/docs,/lib-v1/datastore/data-access/q/platform/ios,/gen1/swift/prev/build-a-backend/more-features/datastore/manipulate-data,/flutter/build-a-backend/more-features/datastore/set-up-datastore,literal,other
79be2b84cb270fb1362f,content_based,aws-amplify/docs,/lib/push-notifications/migrate-from-previous-version/q/platform/react-native,/gen1/react-native/prev/build-a-backend/push-notifications/migrate-from-previous-version,/android/build-a-backend/push-notifications/set-up-push-notifications,literal,other
79ed04a740907a2bd018,content_based,hashicorp/terraform-website,/docs/providers/sumologic/d/:path*,/providers/SumoLogic/sumologic/latest/docs/data-sources/:path*,/providers/SumoLogic/sumologic/latest/docs,placeholder,wildcard_expansion_ambiguity
7a3d688cc5a00b1b3ccb,content_based,withastro/docs,/en/guides/debugging,/en/guides/troubleshooting,,literal,no_prediction
7a7e143964f43d5cb203,content_based,fluxcd/website,/flagger/usage/appmesh-progressive-delivery,/flagger/tutorials/appmesh-progressive-delivery,,literal,no_prediction
7b1b6ec746ee15e1ef9a,content_based,aws-amplify/docs,/react/start/mobile-support,/react/start,/android/start/getting-started/integrate,literal,other
7b643106ecf4c3aa53f5,content_based,aws-amplify/docs,/lib/auth/user-attributes/q/platform/android,/android/build-a-backend/auth/managing-attributes,/android/build-a-backend/auth/set-up-auth,literal,other
7bbce6549391f43f4356,content_based,aws-amplify/docs,/console/data/data-model,/javascript/tools/console/data/data-model,/android/start/getting-started/generate-model,literal,other
7bd56e40775cbc94b9a2,content_based,denoland/docs,/examples/tutorials/solidjs,/examples/solidjs_tutorial,,literal,no_prediction
7c1c5cca809d333d51ba,content_based,aws-amplify/docs,/<platform>/build-a-backend/existing-resources,/gen1/<platform>/build-a-backend/existing-resources,/gen1/<platform>/build-a-backend/auth/existing-resources,placeholder,wildcard_expansion_ambiguity
7d3901832aa1073ee6b0,content_based,aws-amplify/docs,/sdk/analytics/endpoints/q/platform/ios,/swift/sdk/analytics/endpoints,/android/sdk/auth/getting-started,literal,other
7d53d837f1b5437ea3c3,content_based,aws-amplify/docs,/api/swagger,/,,literal,no_prediction
7daa4b31fbc893f99d95,content_based,aws-amplify/docs,/lib/graphqlapi/advanced-workflows/q/platform/js,/gen1/javascript/prev/build-a-backend/graphqlapi/advanced-workflows,,literal,no_prediction
7ece0ab7a6e5710196d2,content_based,aws-amplify/docs,/lib-v1/storage/upload/q/platform/ios,/gen1/swift/prev/build-a-backend/storage/upload,/gen1/<platform>/build-a-backend/storage/import,literal,other
7f10b59489d8528e0cc6,content_based,denoland/docs,/examples/deno-version,/examples/deno_version,,literal,no_prediction
7f5870fdbd910053bfac,content_based,aws-amplify/docs,/angular/deploy-and-host/deployment,/gen1/angular/deploy-and-host/deployment,/android/deploy-and-host,literal,other
7f8468aa2bda4bc6bbf7,content_based,hashicorp/terraform-website,/docs/providers/grafana(/index.html),/providers/grafana/grafana/latest/docs,/docs/extend/writing-custom-providers.html,wildcard,wildcard_expansion_ambiguity
7fda64f02322f3cf7c70,content_based,aws-amplify/docs,/lib/auth/manageusers/q/platform/react-native,/react-native/build-a-backend/auth/manage-user-profile,/flutter/build-a-backend/auth/manage-mfa,literal,other
7fefe999234385f38c28,content_based,aws-amplify/docs,/lib/auth/user-attributes/q/platform/ios,/swift/build-a-backend/auth/managing-attributes,/flutter/build-a-backend/auth/set-up-auth,literal,many_to_one_merges
8000e4ce3f790c27063c,content_based,aws-amplify/docs,/lib-v1/datastore/real-time/q/platform/flutter,/gen1/flutter/prev/build-a-backend/more-features/datastore/real-time,,literal,no_prediction
810b8f99576aafd825e8,content_based,hashicorp/terraform-website,/docs/providers/tfe(/index.html),/providers/hashicorp/tfe/latest/docs,/docs/extend/writing-custom-providers.html,wildcard,wildcard_expansion_ambiguity
81637076b3ef3e2625e3,content_based,aws-amplify/docs,/lib-v1/datastore/setup-auth-rules/q/platform/flutter,/gen1/flutter/prev/build-a-backend/more-features/datastore/authz-rules-setup,,literal,no_prediction
81f655e60e48da2a73ef,content_based,aws-amplify/docs,/gen2/build-a-backend/<category>/<page>,/react/build-a-backend/<category>/<page>,,placeholder,no_prediction
827199913842f3030fa9,content_based,aws-amplify/docs,/lib-v1/auth/signin/q/platform/js,/gen1/javascript/prev/build-a-backend/auth/enable-sign-up,,literal,no_prediction
8275845db66f7d97a8e0,content_based,aws-amplify/docs,/lib/push-notifications/identify-user/q/platform/react-native,/react-native/build-a-backend/push-notifications/identify-user,,literal,no_prediction
829ed9e7cf705d172efb,content_based,aws-amplify/docs,/vue/build-a-backend/auth/admin-actions/sssieddgdpathxsx,/vue/build-a-backend/auth/admin-actions,,literal,no_prediction
82b5f415f11e14d1f44f,content_based,aws-amplify/docs,/lib/auth/guest_access/q/platform/ios,/swift/build-a-backend/auth/enable-guest-access,/flutter/build-a-backend/auth/set-up-auth,literal,other
82e5c9c1020d26bd2a11,content_based,aws-amplify/docs,/lib-v1/graphqlapi/authz/q/platform/react-native,/gen1/react-native/prev/build-a-backend/graphqlapi/customize-authz-modes,/flutter/build-a-backend/graphqlapi/query-data,literal,other
82ea60267a9090ed2427,content_based,aws-amplify/docs,/lib-v1/auth/signin/q/platform/flutter,/gen1/flutter/prev/build-a-backend/auth/enable-sign-in,,literal,no_prediction
82f2d6c13f76115f3b28,content_based,aws-amplify/docs,/react-native/build-a-backend/storage/copy,/gen1/react-native/build-a-backend/storage/copy,/flutter/build-a-backend/storage/configure-access,literal,other
833cc75de119829841fe,content_based,aws-amplify/docs,/sdk/auth/drop-in-auth/q/platform/android,/android/sdk/auth/drop-in-auth,/android/sdk/auth/getting-started,literal,other
8363012bf35f53ac3ab8,content_based,aws-amplify/docs,/ai,/react/ai/set-up-ai,,literal,no_prediction
837704e6ceb4c59c5307,content_based,aws-amplify/docs,/sdk/storage/graphql-api/q/platform/ios,/swift/sdk/storage/graphql-api,,literal,no_prediction
83bf510a9e7ab357a27d,content_based,aws-amplify/docs,/start/getting-started/setup/q/integration/vue,/vue/start/getting-started/setup,/android/start/getting-started/installation,literal,other
840cd60d1c692cc4e54a,content_based,aws-amplify/docs,/lib/datastore/conflict/q/platform/angular,/angular/build-a-backend/more-features/datastore/conflict-resolution,/flutter/build-a-backend/more-features/datastore/datastore-events,literal,other
84a3c1d7ce452a0b8d64,content_based,aws-amplify/docs,/lib/storage/list/q/platform/ios,/swift/build-a-backend/storage/list,/gen1/<platform>/build-a-backend/storage/import,literal,other
85d5d7e499a43055a754,content_based,aws-amplify/docs,/lib-v1/storage/cancel-requests/q/platform/react-native,/gen1/react-native/prev/build-a-backend/storage/cancel-requests,,literal,no_prediction
85efdca356688f4bcbf3,content_based,hashicorp/terraform-website,/docs/providers/openstack/d/:path*,/providers/terraform-provider-openstack/openstack/latest/docs/data-sources/:path*,/providers/terraform-provider-openstack/openstack/latest/docs/guides/:path*,placeholder,wildcard_expansion_ambiguity
85f914a887c8352cdb7e,content_based,withastro/docs,/,/en/getting-started,,literal,no_prediction
8603d8b2de67d48a9471,content_based,aws-amplify/docs,/console/uibuilder/databinding,/javascript/build-ui/uibuilder/databinding,/gen1/javascript/build-ui/uibuilder,literal,other
86213a262726cd8e2420,content_based,aws-amplify/docs,/sdk/auth/guest-access/q/platform/ios,/swift/sdk/auth/guest-access,,literal,no_prediction
86523265279c1a305c7f,content_based,hashicorp/terraform-website,/docs/providers/oktaasa(/index.html),/providers/oktadeveloper/oktaasa/latest/docs,/docs/extend/writing-custom-providers.html,wildcard,wildcard_expansion_ambiguity
86aa3dc537e69268acbb,content_based,aws-amplify/docs,/lib/auth/getting-started/q/platform/react-native,/react-native/build-a-backend/auth/set-up-auth,,literal,no_prediction
8703fba2c74ec1949d9b,content_based,aws-amplify/docs,/lib-v1/push-notifications/testing/q/platform/react-native,/gen1/react-native/prev/build-a-backend/push-notifications/test-notifications,,literal,no_prediction
87105fd7c57ce9b60372,content_based,fluxcd/website,/flux/components/kustomize/kustomization,/flux/components/kustomize/kustomizations,/flux/components/kustomize,literal,other
8755f0cf1025c0ba2da6,content_based,aws-amplify/docs,/lib-v1/in-app-messaging/resolve-conflicts/q/platform/js,/gen1/javascript/prev/build-a-backend/more-features/in-app-messaging/resolve-conflicts,,literal,no_prediction
87d10fe9be65de0f18de,content_based,hashicorp/terraform-website,/docs/providers/ado/d/:path*,/providers/microsoft/azuredevops/latest/docs/data-sources/:path*,/providers/ovh/ovh/latest/docs/guides/:path*,placeholder,wildcard_expansion_ambiguity
87ee2fde4da514e6825e,content_based,hashicorp/terraform-website,/docs/providers/powerdns/d/:path*,/providers/pan-net/powerdns/latest/docs/data-sources/:path*,/providers/pan-net/powerdns/latest/docs/guides/:path*,placeholder,wildcard_expansion_ambiguity
8830fae0e11bce5a5d41,content_based,aws-amplify/docs,/guides/api-rest/gen-ai/q/platform/android,/android/build-a-backend/restapi/gen-ai,/android/start/getting-started/setup,literal,other
89335a046d6400fa3e21,content_based,aws-amplify/docs,/lib/auth/escapehatch/q/platform/angular,/angular/build-a-backend/auth,/flutter/build-a-backend/auth/set-up-auth,literal,other
893f740cb505a5c5bad3,content_based,denoland/docs,/examples/tls-connector,/examples/tls_connector,,literal,no_prediction
89c175da75ddb655d37d,content_based,aws-amplify/docs,/lib/storage/configureaccess/q/platform/flutter,/flutter/build-a-backend/storage/configure-access,/flutter,literal,other
89eb33ec984cc7d9aad5,content_based,aws-amplify/docs,/lib/graphqlapi/concepts/q,/react/build-a-backend/graphqlapi/api-graphql-concepts,/flutter/build-a-backend/graphqlapi/query-data,literal,many_to_one_merges
8a1e0760d672b24bcbf6,content_based,hashicorp/terraform-website,/language/resources/provisioners/salt-masterless,/language/v1.1.x/resources/provisioners/salt-masterless,,literal,no_prediction
8a63e9e0883c0eba671f,content_based,aws-amplify/docs,/console/auth/import,/javascript/tools/console/auth/import,/android/build-a-backend/auth/add-social-provider,literal,other
8a7dc6f720348ddc5b18,content_based,aws-amplify/docs,/lib/graphqlapi/subscribe-data/q/platform/flutter,/flutter/build-a-backend/graphqlapi/subscribe-data,/flutter,literal,other
8ab6efaa722abd77a844,content_based,hashicorp/terraform-website,/docs/providers/vsphere/d/:path*,/providers/hashicorp/vsphere/latest/docs/data-sources/:path*,/providers/hashicorp/vsphere/latest/docs/guides/:path*,placeholder,wildcard_expansion_ambiguity
8b39d29c5ae4a45fc543,content_based,aws-amplify/docs,/lib-v1/auth/social/q/platform/js,/gen1/javascript/prev/build-a-backend/auth/add-social-provider,,literal,no_prediction
8b510a2885df6d083dbf,content_based,hashicorp/terraform-website,/docs/providers/acme/d/:path*,/providers/vancluever/acme/latest/docs/data-sources/:path*,/providers/vancluever/acme/latest/docs/resources/:path*,placeholder,wildcard_expansion_ambiguity
8c39ffe16d7f520b9f46,content_based,hashicorp/terraform-website,/docs/providers/baiducloud(/index.html),/providers/baidubce/baiducloud/latest/docs,/providers/ucloud/ucloud/latest/docs,wildcard,wildcard_expansion_ambiguity
8c48a3e3d0beda87fb99,content_based,aws-amplify/docs,/lib/storage/copy/q/platform/js,/javascript/build-a-backend/storage/copy,,literal,no_prediction
8c4b0db9873a3a8044b8,content_based,aws-amplify/docs,/[platform]/prev/build-a-backend/auth/delete-user-account,/gen1/react/prev/build-a-backend/auth/delete-user-account,/gen1/flutter/prev/build-a-backend/auth/sign-out,wildcard,wildcard_expansion_ambiguity
8c52a0047abf2930fe80,content_based,hashicorp/terraform-website,/docs/providers/vcd/d/:path*,/providers/vmware/vcd/latest/docs/data-sources/:path*,/providers/vmware/vcd/latest/docs/guides/:path*,placeholder,wildcard_expansion_ambiguity
8c64252a30afe92a5704,content_based,aws-amplify/docs,/lib/in-app-messaging/overview/q/platform/react-native,/react-native/build-a-backend/more-features/in-app-messaging,/gen1/javascript/prev/build-a-backend/more-features/in-app-messaging/display-messages,literal,other
8c81b28421e1589aede9,content_based,aws-amplify/docs,/guides/api-graphql/image-and-file-uploads/q/platform/js,/javascript/build-a-backend/graphqlapi/working-with-files,,literal,no_prediction
8d2b6f4e7ba3af26ebfa,content_based,aws-amplify/docs,/lib/geo/existing-resources/q/platform/android,/gen1/android/prev/build-a-backend/more-features/geo/existing-resources,/android/build-a-backend/restapi/existing-resources,literal,many_to_one_merges
8df25a1851ba93f8e355,content_based,aws-amplify/docs,/[platform]/build-a-backend/more-features/predictions,/react/build-a-backend/more-features/predictions,/gen1/android/prev/build-a-backend/more-features/predictions/set-up-predictions,wildcard,wildcard_expansion_ambiguity
8e04516b3ed09f8e9fc7,content_based,withastro/docs,/:lang/*,/:lang/404,,placeholder,no_prediction
8fcaa7f0117d4881e256,content_based,aws-amplify/docs,/lib/datastore/setup-auth-rules/q/platform/flutter,/flutter/build-a-backend/more-features/datastore/authz-rules-setup,/flutter,literal,other
8fdd1fa0e94049a90bce,content_based,hashicorp/terraform-website,/docs/providers/null/d/:path*,/providers/hashicorp/null/latest/docs/data-sources/:path*,/providers/hashicorp/null/latest/docs/guides/:path*,placeholder,wildcard_expansion_ambiguity
8ffaeb7409426b84086c,content_based,aws-amplify/docs,/lib-v1/datastore/sync/q/platform/android,/gen1/android/prev/build-a-backend/more-features/datastore/sync-to-cloud,/android/build-a-backend/storage/upload,literal,other
902fa7f4994c503c7a98,content_based,aws-amplify/docs,/react/prev,/gen1/react/prev,/gen1/javascript/prev,literal,other
906ba2fce46d023bcf6b,content_based,aws-amplify/docs,/lib-v1/auth/social/q/platform/flutter,/gen1/flutter/prev/build-a-backend/auth/add-social-provider,,literal,no_prediction
90702d744da119d49596,content_based,fluxcd/website,/legacy/*,/flux/migration,,wildcard,no_prediction
9072929269180e514697,content_based,aws-amplify/docs,/sdk/storage/transfer-utility/q/platform/ios,/swift/sdk/storage/transfer-utility,/gen1/<platform>/build-a-backend/storage/configure-storage,literal,other
90c146e75eb56438b32e,content_based,aws-amplify/docs,/react/start/configure,/react/start/account-setup,/android/start/getting-started/integrate,literal,other
910cadb52aa5568ce15f,content_based,aws-amplify/docs,/lib/geo/search/q/platform/js,/javascript/build-a-backend/more-features/geo/location-search,,literal,no_prediction
9157ea108266afd4a215,content_based,aws-amplify/docs,/lib-v1/auth/delete_user/q/platform/android,/gen1/android/prev/build-a-backend/auth/delete-user-account,/android/build-a-backend/auth/set-up-auth,literal,other
92a28c3480cbe56ba15b,content_based,aws-amplify/docs,/lib/predictions/text-speech/q/platform/react-native,/react-native/build-a-backend/more-features/predictions/text-to-speech,/gen1/flutter/prev/start/project-setup,literal,other
92cad3b867cb9d339e70,content_based,aws-amplify/docs,/flutter/sdk/<*>,/flutter,/android/sdk,placeholder,wildcard_expansion_ambiguity
93b1eeaae8a4c28f9203,content_based,aws-amplify/docs,/lib-v1/auth/signin_web_ui/q/platform/ios,/gen1/swift/prev/build-a-backend/auth/sign-in-with-web-ui,/android/build-a-backend/auth/set-up-auth,literal,other
94246c48002d64726087,content_based,aws-amplify/docs,/lib-v1/graphqlapi/getting-started/q/platform/android,/gen1/android/prev/build-a-backend/graphqlapi/set-up-graphql-api,/android/start/getting-started/setup,literal,other
94279bb5ec4666551d21,content_based,aws-amplify/docs,/lib-v1/datastore/setup-auth-rules/q/platform/next,/gen1/nextjs/prev/build-a-backend/more-features/datastore/authz-rules-setup,/flutter/build-a-backend/more-features/datastore/authz-rules-setup,literal,other
942fc1f67607b9a4d026,content_based,aws-amplify/docs,/react/build-a-backend/auth/switch-auth,/gen1/react/build-a-backend/auth/switch-auth,/gen1/javascript/prev/build-a-backend/auth/switch-auth,literal,other
94e865153aa13f25a10b,content_based,hashicorp/terraform-website,/docs/providers/azuredevops/d/:path*,/providers/microsoft/azuredevops/latest/docs/data-sources/:path*,/providers/microsoft/azuredevops/latest/docs/resources/:path*,placeholder,wildcard_expansion_ambiguity
94ea8cfd822841a7437c,content_based,aws-amplify/docs,/[platform]/build-a-backend/troubleshooting/upgrade-amplify-packages,/react/build-a-backend/troubleshooting/upgrade-amplify-packages,/gen1/flutter/build-a-backend/troubleshooting/upgrade-amplify-packages,wildcard,wildcard_expansion_ambiguity
958e5bcc3386de4368c6,content_based,hashicorp/terraform-website,/security.html,/security,,literal,no_prediction
95ab4ac4c211bd91f575,content_based,aws-amplify/docs,/lib/graphqlapi/connect/q/platform/js,/javascript/build-a-backend/graphqlapi/connect-api-to-existing-database,,literal,no_prediction
95c0d724e5f068acea53,content_based,aws-amplify/docs,/cli/reference/usage-data,/javascript/tools/cli/reference/usage-data,/gen1/flutter/prev/build-a-backend/restapi/delete-data,literal,other
95fe207d6abb21bacf13,content_based,aws-amplify/docs,/lib-v1/storage/escapehatch/q/platform/android,/gen1/android/prev/build-a-backend/storage/sdk,/gen1/android/prev/build-a-backend/storage/existing-resources,literal,other
960831ede1878038502c,content_based,aws-amplify/docs,/lib/datastore/relational/q/platform/ios,/swift/build-a-backend/more-features/datastore/relational-models,/flutter/build-a-backend/more-features/datastore/set-up-datastore,literal,other
9618774adaa268c62921,content_based,aws-amplify/docs,/lib/predictions/text-speech/q/platform/js,/javascript/build-a-backend/more-features/predictions/text-to-speech,,literal,no_prediction
961a4f8d27aefbcbbbca,content_based,aws-amplify/docs,/lib/datastore/datastore-events/q/platform/flutter,/flutter/build-a-backend/more-features/datastore/datastore-events,/flutter,literal,other
962f6ef700beeb8dd663,content_based,denoland/docs,/examples/parsing-serializing-json,/examples/parsing_serializing_json,,literal,no_prediction
96847b7eeb3705372eec,content_based,aws-amplify/docs,/<platform>/tools/cli/<page>,/gen1/<platform>/tools/cli/<page>,/gen1/<platform>/tools/cli-legacy,placeholder,wildcard_expansion_ambiguity
96900f611863c75874c7,content_based,aws-amplify/docs,/start/getting-started/integrate/q/integration/react-native,/gen1/react-native/build-a-backend/more-features/datastore/set-up-datastore,/android/start/getting-started/integrate,literal,other
969473f0de35830075e2,content_based,aws-amplify/docs,/guides/hosting/nextjs/q/platform/js,/javascript/deploy-and-host/frameworks/deploy-nextjs-app,,literal,no_prediction
96cb3060472e6b6aeaf4,content_based,aws-amplify/docs,/lib/analytics/streaming/q/platform/react-native,/react-native/build-a-backend/more-features/analytics/streaming-data,/android/sdk/analytics/kinesis,literal,other
96f98ff1977cf0e587c7,content_based,hashicorp/terraform-website,/docs/providers/linode(/index.html),/providers/linode/linode/latest/docs,/docs/extend/writing-custom-providers.html,wildcard,wildcard_expansion_ambiguity
97fed8de4d97219459dd,content_based,aws-amplify/docs,/ui-legacy/<*>,/,,placeholder,no_prediction
982482d82f76f4bfc47d,content_based,aws-amplify/docs,/lib-v1/graphqlapi/offline/q/platform/ios,/gen1/swift/prev/build-a-backend/graphqlapi/offline,/flutter/build-a-backend/graphqlapi/existing-resources,literal,other
985179282d29224613b6,content_based,aws-amplify/docs,/lib/analytics/record/q/platform/react-native,/react-native/build-a-backend/more-features/analytics/record-events,/android/build-a-backend/more-features/analytics/record-events,literal,other
991ee809837e188a823d,content_based,aws-amplify/docs,/cli/commands/console,/javascript/tools/cli/commands,/gen1/<platform>/tools/console,literal,many_to_one_merges
99890ce62b515d956726,content_based,hashicorp/terraform-website,/docs/providers/okta(/index.html),/providers/oktadeveloper/okta/latest/docs,/docs/extend/writing-custom-providers.html,wildcard,wildcard_expansion_ambiguity
9999f22dc3bf688f14c3,content_based,aws-amplify/docs,/[platform]/deploy-and-host/frameworks/deploy-gridsome-site,/react/deploy-and-host/frameworks/deploy-gridsome-site,,wildcard,no_prediction
9a368818daba026cee6a,content_based,hashicorp/terraform-website,/cloud-docs/api-docs/admin/settings,/enterprise/api-docs/admin/settings,/enterprise/api-docs/admin/runs,literal,other
9a5b3c87ebe11ff021b7,content_based,aws-amplify/docs,/gen2/start/<category>/<page>,/react/start/<category>/<page>,,placeholder,no_prediction
9acfe1ac207eed093ec2,content_based,aws-amplify/docs,/guides/api-rest/gen-ai/q/platform/js,/javascript/build-a-backend/restapi/gen-ai,,literal,no_prediction
9afcb31fe0d8123df4ad,content_based,aws-amplify/docs,/react/prev/build-a-backend/troubleshooting/upgrade-amplify-packages/react/prev,/gen1/react/prev/build-a-backend/troubleshooting/upgrade-amplify-packages/react/prev,/gen1/javascript/prev/build-a-backend/more-features/datastore,literal,other
9b05590f6e0e5b4f1cf8,content_based,aws-amplify/docs,/lib/push-notifications/register-device/q/platform/ios,/android/build-a-backend/push-notifications/register-device,/android/build-a-backend/push-notifications/set-up-push-notifications,literal,other
9b67d8c095d8d0a7c0b9,content_based,aws-amplify/docs,/<platform>/deploy-and-host/deployment/<page>,/gen1/<platform>/deploy-and-host/deployment/<page>,/android/deploy-and-host,placeholder,wildcard_expansion_ambiguity
9bc2f3d31ff7506837e4,content_based,aws-amplify/docs,/console/formbuilder/overrides,/javascript/build-ui/formbuilder/overrides,/flutter/build-a-backend/storage/get-properties,literal,other
9be623a5d37fe1dfed02,content_based,aws-amplify/docs,/[platform]/tools/console/storage,/react/tools/console/storage,/gen1/<platform>/tools/cli-legacy,wildcard,wildcard_expansion_ambiguity
9bf2bbdabb39f94c0881,content_based,aws-amplify/docs,/lib-v1/graphqlapi/offline/q/platform/flutter,/gen1/flutter/prev/build-a-backend/graphqlapi/offline,,literal,no_prediction
9c0deaf7408f0ce44d25,content_based,fluxcd/website,/docs/contributing/docs/some-background,/fluxcd/website,,literal,no_prediction
9d0e2b64d16122723b0f,content_based,denoland/docs,/examples/walking-directories,/examples/walking_directories,,literal,no_prediction
9d5c1a96b78b4142e5f2,content_based,aws-amplify/docs,/lib/restapi/fetch/q/platform/flutter,/flutter/build-a-backend/restapi/fetch-data,/flutter,literal,other
9dc6888c244668af8cea,content_based,aws-amplify/docs,/react/build-a-backend/functions/dynamodb-from-lambda-nodejs,/react/build-a-backend/functions,/gen1/android/prev/build-a-backend/storage/lambda-triggers,literal,other
9e0f79e27b215cc0a630,content_based,withastro/docs,/core-concepts/collections,/en/guides/content-collections,/de/concepts/why-astro,literal,other
9e12b4a650616fd60fc3,content_based,aws-amplify/docs,/build-a-backend/add-aws-services/overriding-resources,/react/tools/cli/project/override-iam,,literal,no_prediction
9e6794704480135b142c,content_based,aws-amplify/docs,/lib-v1/auth/overview/q/platform/android,/gen1/android/prev/build-a-backend/auth/under-the-hood,/android/build-a-backend/auth/set-up-auth,literal,other
9e8b9cd1e0818665adb8,content_based,aws-amplify/docs,/console/authz/authorization,/javascript/tools/console/authz,/flutter/build-a-backend/more-features/datastore/authz-rules-setup,literal,other
9e9c78f8ac41257384ea,content_based,aws-amplify/docs,/[platform]/build-a-backend/existing-resources,/react/build-a-backend/existing-resources,/gen1/<platform>/build-a-backend/auth/existing-resources,wildcard,wildcard_expansion_ambiguity
9eb4d34cfb9c848db483,content_based,withastro/docs,/en/getting-started/quick-start,/en/install-and-setup,/de/getting-started,literal,other
9ecf9b61c068cb6ee2d4,content_based,aws-amplify/docs,/nextjs/build-a-backend/functions/appsync-operations-to-lambda-layer,/nextjs/build-a-backend/graphqlapi/client-code-generation,/gen1/<platform>/build-a-backend/functions/layers,literal,other
9ee03bb7184fe55d096c,content_based,fluxcd/website,/flux/guides/notifications,/flux/monitoring/alerts,/flux/components/notification/alerts,literal,other
9ee37a44a819fc1ba63a,content_based,withastro/docs,/:lang/reference/experimental-flags/serialized-configuration,/:lang/reference/modules/astro-config,/:lang/guides/routing,placeholder,wildcard_expansion_ambiguity
9f3ce4e3a67827e8415c,content_based,fluxcd/website,/flagger/how-it-works,/flagger/usage/how-it-works,,literal,no_prediction
9f44041fa86b809dd018,content_based,fluxcd/website,/docs/contributing/*,/contributing/:splat,/flux/contributing/flux,placeholder,wildcard_expansion_ambiguity
9f6518f536e079caff65,content_based,aws-amplify/docs,/flutter/sdk,/flutter/build-a-backend,/android/sdk,literal,other
9f82514274aac87ef3f6,content_based,aws-amplify/docs,/swift/prev/start/project-setup/combine-framework,/gen1/swift/prev/start/project-setup/combine-framework,,literal,no_prediction
9fa6fae2d12ca7fc2ec9,content_based,aws-amplify/docs,/console/uibuilder/eventhandling,/javascript/build-ui/uibuilder/eventhandling,/gen1/<platform>/tools/console,literal,other
9fd0302368183548c561,content_based,aws-amplify/docs,/lib/auth/emailpassword/q/platform/react-native,/react-native/build-a-backend/auth/enable-sign-up,/flutter/build-a-backend/auth/manage-mfa,literal,other
a02b2ecf07d4474c37f2,content_based,aws-amplify/docs,/lib/graphqlapi/relational/q/platform/android,/android/build-a-backend/graphqlapi/relational-models,/android/build-a-backend/graphqlapi/client-code-generation,literal,other
a06d4c619ced2bb013ac,content_based,aws-amplify/docs,/lib/graphqlapi/getting-started/q/platform/flutter,/flutter/build-a-backend/graphqlapi,/flutter,literal,other
a0c8d8d760b398f277fc,content_based,aws-amplify/docs,/lib/auth/device_features/q/platform/android,/android/build-a-backend/auth/remember-device,/android/sdk/auth/getting-started,literal,other
a17cf1b7d748a0fe3cfb,content_based,aws-amplify/docs,/lib-v1/restapi/existing-resources/q/platform/ios,/swift/build-a-backend/restapi/existing-resources,/android/build-a-backend/restapi/existing-resources,literal,many_to_one_merges
a1eeb6400b06448fd327,content_based,aws-amplify/docs,/console/uibuilder/textfieldtoarea,/javascript/build-ui/uibuilder,/gen1/javascript/build-ui/uibuilder,literal,many_to_one_merges
a1ef8e2a3a4e5f7714dc,content_based,aws-amplify/docs,/start/getting-started/setup/q/integration/next,/nextjs/start/getting-started/setup,/android/start/getting-started/installation,literal,other
a1f89454942bda1bc4f5,content_based,hashicorp/terraform-website,/docs/providers/ecl(/index.html),/providers/nttcom/ecl/latest/docs,/docs/extend/writing-custom-providers.html,wildcard,wildcard_expansion_ambiguity
a25859d4c329c4271640,content_based,aws-amplify/docs,/lib-v1/graphqlapi/advanced-workflows/q/platform/android,/gen1/android/prev/build-a-backend/graphqlapi/advanced-workflows,/android/build-a-backend/graphqlapi/client-code-generation,literal,other
a26d442544fbc3730058,content_based,aws-amplify/docs,/[platform]/build-a-backend/more-features/geo/location-search,/react/build-a-backend/more-features/geo/location-search,/gen1/javascript/prev/build-a-backend/more-features/geo/location-search,wildcard,wildcard_expansion_ambiguity
a288eb5b1bedd10f06ff,content_based,hashicorp/terraform-website,/docs/providers/pagerduty/d/:path*,/providers/PagerDuty/pagerduty/latest/docs/data-sources/:path*,/providers/PagerDuty/pagerduty/latest/docs/guides/:path*,placeholder,wildcard_expansion_ambiguity
a28e41221c74a537d772,content_based,aws-amplify/docs,/lib/graphqlapi/getting-started,/react/build-a-backend/graphqlapi,/android/start/getting-started/installation,literal,other
a2d4774d3c4bfc8e3fc4,content_based,aws-amplify/docs,/lib-v1/graphqlapi/mutate-data/q/platform/ios,/gen1/swift/prev/build-a-backend/graphqlapi/mutate-data,/gen1/flutter/prev/build-a-backend/graphqlapi/mutate-data,literal,other
a2efabce244eb73d1dfa,content_based,aws-amplify/docs,/guides/api-rest/go-api/q/platform/js,/javascript/build-a-backend/restapi,,literal,no_prediction
a304c4ae8d3502783844,content_based,hashicorp/terraform-website,/docs/providers/rancher2/d/:path*,/providers/rancher/rancher2/latest/docs/data-sources/:path*,/providers/rancher/rancher2/latest/docs/guides/:path*,placeholder,wildcard_expansion_ambiguity
a31477b724b99dfa1da4,content_based,aws-amplify/docs,/lib-v1/datastore/other-methods/q/platform/js,/gen1/javascript/prev/build-a-backend/more-features/datastore/additional-methods,,literal,no_prediction
a35f4c45e73f514613f5,content_based,hashicorp/terraform-website,/docs/providers/ns1(/index.html),/providers/ns1-terraform/ns1/latest/docs,/docs/extend/writing-custom-providers.html,wildcard,wildcard_expansion_ambiguity
a38c040bdb570482b480,content_based,denoland/docs,/examples/hex-base64-encoding,/examples/hex_base64_encoding,,literal,no_prediction
a3c11e8f9e6ea90c7957,content_based,aws-amplify/docs,/lib/storage/getting-started/q/platform/ios,/swift/build-a-backend/storage/set-up-storage,/android/start/getting-started/installation,literal,other
a44d5a43d5390ee75ce4,content_based,denoland/docs,/examples/hmac-generate-verify,/examples/hmac_generate_verify,,literal,no_prediction
a4a4c54af1ced7362771,content_based,aws-amplify/docs,/lib/storage/get-properties/q/platform/ios,/swift/build-a-backend/storage,/gen1/<platform>/build-a-backend/storage/import,literal,other
a4cbda73f9f8458c1e65,content_based,aws-amplify/docs,/lib-v1/analytics/existing-resources/q/platform/android,/gen1/android/prev/build-a-backend/more-features/analytics/existing-resources,/android/build-a-backend/restapi/existing-resources,literal,other
a4f72db5c1535ed9b3b6,content_based,aws-amplify/docs,/cli-legacy/graphql-transformer/codegen,/javascript/tools/cli-legacy/client-codegen,,literal,no_prediction
a502d00511d5c8921f15,content_based,hashicorp/terraform-website,/docs/providers/openstack/guides/:path*,/providers/terraform-provider-openstack/openstack/latest/docs/guides/:path*,/providers/ovh/ovh/latest/docs/guides/:path*,placeholder,wildcard_expansion_ambiguity
a554aa3f779fdcf548fd,content_based,aws-amplify/docs,/lib-v1/in-app-messaging/resolve-conflicts/q/platform/react-native,/gen1/react-native/prev/build-a-backend/more-features/in-app-messaging/resolve-conflicts,/gen1/javascript/prev/build-a-backend/more-features/in-app-messaging/display-messages,literal,other
a5a3ffda8c2ced40e73c,content_based,aws-amplify/docs,/lib/analytics/escapehatch/q/platform/react-native,/react-native/build-a-backend/more-features/analytics,,literal,no_prediction
a601f61cc3444f1d6f58,content_based,aws-amplify/docs,/[platform]/prev/start/project-setup/use-existing-resources,/gen1/react/prev/start/project-setup/use-existing-resources,/gen1/android/prev/start/project-setup/use-existing-resources,wildcard,wildcard_expansion_ambiguity
a603c642a37d7f3e2eb5,content_based,aws-amplify/docs,/lib/analytics/escapehatch/q/platform/ios,/swift/build-a-backend/more-features/analytics/sdk,/flutter/build-a-backend/more-features/analytics/identify-user,literal,other
a62cef4f3efeb83f09c9,content_based,aws-amplify/docs,/lib/project-setup/escape-hatch/q/platform/flutter,/flutter/start/project-setup/escape-hatch,/flutter,literal,other
a6461308ea57c6e964e5,content_based,aws-amplify/docs,/lib/auth/delete_user/q/platform/flutter,/flutter/build-a-backend/auth/delete-user-account,/flutter,literal,other
a6d7983e16e7b5e49554,content_based,aws-amplify/docs,/android/build-a-backend/functions/dynamodb-from-lambda-python,/android/build-a-backend/functions,/gen1/android/prev/build-a-backend/storage/lambda-triggers,literal,many_to_one_merges
a6f39cfae4937fa5e2f4,content_based,aws-amplify/docs,/start/getting-started/installation/q/integration/android,/android/start/getting-started/installation,,literal,no_prediction
a73f656ee75098f04c3d,content_based,denoland/docs,/examples/byte-manipulation,/examples/byte_manipulation,,literal,no_prediction
a7506a23126c750a8abb,content_based,aws-amplify/docs,/lib/auth/managing_credentials/q/platform/js,/javascript/build-a-backend/auth/manage-user-session,,literal,no_prediction
a75f42c138d9bf886979,content_based,aws-amplify/docs,/lib/analytics/identifyuser/q/platform/flutter,/flutter/build-a-backend/more-features/analytics/identify-user,/flutter,literal,other
a76bca98c22418daf207,content_based,aws-amplify/docs,/lib/storage/triggers,/react/build-a-backend/storage/lambda-triggers,/gen1/<platform>/build-a-backend/storage/import,literal,other
a7b105770efe245252b7,content_based,aws-amplify/docs,/cli-legacy/graphql-transformer/model,/javascript/tools/cli-legacy/model-directive,/android/build-a-backend/graphqlapi/relational-models,literal,other
a7f70dfd8f03f0d75160,content_based,hashicorp/terraform-website,/docs/providers/vultr/d/:path*,/providers/vultr/vultr/latest/docs/data-sources/:path*,/providers/vultr/vultr/latest/docs,placeholder,wildcard_expansion_ambiguity
a830701ee66dd279afa1,content_based,aws-amplify/docs,/react/prev/start/project-setup/create-application,/gen1/react/prev/start/project-setup/create-application,/gen1/angular/prev/start/project-setup/create-application,literal,other
a83ccd269f49d4a181bc,content_based,aws-amplify/docs,/react-native/build-a-backend/troubleshooting/stack-cdktoolkit-already-exists,/react-native/build-a-backend/troubleshooting/cdktoolkit-stack,/flutter/build-a-backend/more-features/datastore/additional-methods,literal,other
a8bbb723db49b7754688,content_based,aws-amplify/docs,/lib-v1/q/platform/android,/gen1/android/prev/build-a-backend,/gen1/<platform>/tools/libraries,literal,other
a8c7978dba0857ae7265,content_based,aws-amplify/docs,/<platform>/build-a-backend/storage/configure-storage,/gen1/<platform>/build-a-backend/storage/configure-storage,/flutter/build-a-backend/storage/configure-access,placeholder,wildcard_expansion_ambiguity
a8e5e87f727e44ec0db1,content_based,denoland/docs,/examples/writing-tests,/examples/writing_tests,/examples/tutorials/testing,literal,other
a8feb5850627faa65f47,content_based,denoland/docs,/runtime/manual/advanced/embedding_deno,/deploy/classic,/examples/videos/what_is_deno,literal,many_to_one_merges
a91b94d60fbdbc5b6c09,content_based,hashicorp/terraform-website,/docs/providers/fortios/d/:path*,/providers/fortinetdev/fortios/latest/docs/data-sources/:path*,/providers/fortinetdev/fortios/latest/docs/guides/:path*,placeholder,wildcard_expansion_ambiguity
a92c4c0752b8ac22638b,content_based,hashicorp/terraform-website,/docs/providers/logicmonitor/d/:path*,/providers/logicmonitor/logicmonitor/latest/docs/data-sources/:path*,/providers/logicmonitor/logicmonitor/latest/docs/guides/:path*,placeholder,wildcard_expansion_ambiguity
a97fa90ddbf93b600148,content_based,aws-amplify/docs,/lib/datastore/getting-started/q/platform/flutter,/flutter/build-a-backend/more-features/datastore/set-up-datastore,/flutter,literal,other
a9a7958e8db5972c990b,content_based,denoland/docs,/examples/importing-json,/examples/importing_json,,literal,no_prediction
aa0186af799f0498a9b2,content_based,aws-amplify/docs,/start/getting-started/data-model/q/integration/react,/react/start/getting-started/data-model,/flutter/start/getting-started/nextsteps,literal,other
aa05219eddf068bbebed,content_based,aws-amplify/docs,/lib-v1/storage/list/q/platform/flutter,/gen1/flutter/prev/build-a-backend/storage/list,,literal,no_prediction
aa39c30974653c1b403a,content_based,aws-amplify/docs,/lib/storage/upload/q/platform/ios,/swift/build-a-backend/storage/upload,/gen1/<platform>/build-a-backend/storage/import,literal,other
aa6c9e76029ee05f71e5,content_based,aws-amplify/docs,/lib-v1/utilities/i18n/q/platform/js,/gen1/javascript/prev/build-a-backend/utilities/i18n,,literal,no_prediction
aa95f771b1e5881eb445,content_based,aws-amplify/docs,/lib/storage/<*>,/react/build-a-backend/storage,/flutter/build-a-backend/storage/configure-access,placeholder,wildcard_expansion_ambiguity
aaa0210d8649d8b40af0,content_based,aws-amplify/docs,/react/build-a-backend/server-side-rendering/nextjs-v5-to-v6-migration-guide,/gen1/react/build-a-backend/troubleshooting/migrate-from-javascript-v5-to-v6,/android/build-a-backend/more-features/datastore,literal,other
aac8d78609a7658a879f,content_based,aws-amplify/docs,/lib/datastore/getting-started/q/platform/js,/javascript/build-a-backend/more-features/datastore/set-up-datastore,,literal,no_prediction
aad960fd8842c7b17404,content_based,aws-amplify/docs,/console/uibuilder/figmatocode,/javascript/build-ui/uibuilder,/gen1/javascript/build-ui/uibuilder,literal,many_to_one_merges
ab6076641a20b3ebbe97,content_based,aws-amplify/docs,/lib/logging/change-log-levels/q/platform/android,/android/build-a-backend/more-features/logging/change-log-levels,/android/start/getting-started/setup,literal,other
ab8300b5cc2f6a5b4891,content_based,fluxcd/website,/integrations,/ecosystem,,literal,no_prediction
ab91e3820cddc2801475,content_based,aws-amplify/docs,/[platform]/build-a-backend/more-features/in-app-messaging/in-app-messaging-migration-guide,/react/build-a-backend/more-features/in-app-messaging/in-app-messaging-migration-guide,/gen1/javascript/prev/build-a-backend/more-features/in-app-messaging/display-messages,wildcard,wildcard_expansion_ambiguity
abc51a9f69f6185a2dbc,content_based,aws-amplify/docs,/lib-v1/graphqlapi/authz/q/platform/ios,/gen1/swift/prev/build-a-backend/graphqlapi/customize-authz-modes,/flutter/build-a-backend/graphqlapi/existing-resources,literal,other
abcbd79c8845cc9f5ca5,content_based,aws-amplify/docs,/android/build-a-backend/auth/switch-auth,/gen1/android/build-a-backend/auth/switch-auth,/gen1/javascript/prev/build-a-backend/auth/switch-auth,literal,other
ac154ed22809cf39a05d,content_based,aws-amplify/docs,/lib/troubleshooting/upgrading/q/platform/flutter,/gen1/flutter/build-a-backend/troubleshooting/upgrade-amplify-packages,/flutter,literal,other
ac1abc3ef724ffeff26b,content_based,aws-amplify/docs,/lib/graphqlapi/graphql-from-nodejs/q/platform/react-native,/react-native/build-a-backend/graphqlapi/connect-from-server-runtime,/gen1/<platform>/build-a-backend/graphqlapi/connect-api-to-existing-database,literal,other
ac3e75e633ca4a530008,content_based,aws-amplify/docs,/lib-v1/restapi/getting-started/q/platform/js,/gen1/javascript/prev/build-a-backend/restapi/set-up-rest-api,,literal,no_prediction
ac7605b5edf0403c4146,content_based,aws-amplify/docs,/vue/build-a-backend/troubleshooting/upgrade-amplify-packages,/gen1/vue/build-a-backend/troubleshooting/upgrade-amplify-packages,/flutter/build-a-backend/graphqlapi/existing-resources,literal,other
acba543f6a460024528f,content_based,aws-amplify/docs,/lib/auth/delete_user/q/platform/android,/android/build-a-backend/auth/delete-user-account,/android/build-a-backend/auth/set-up-auth,literal,other
ad28d524b572012aa786,content_based,aws-amplify/docs,/lib/datastore/datastore-events/q/platform/next,/nextjs/build-a-backend/more-features/datastore/datastore-events,,literal,no_prediction
ad3608111ff2c07da785,content_based,withastro/docs,/core-concepts/component-hydration,/en/concepts/islands,/de/concepts/why-astro,literal,many_to_one_merges
ad73ac76822aa0a38b9c,content_based,aws-amplify/docs,/lib/predictions/identify-entity/q/platform/ios,/swift/build-a-backend/more-features/predictions/identify-entity,/gen1/android/prev/build-a-backend/more-features/predictions/set-up-predictions,literal,other
adaa53146801f637223d,content_based,aws-amplify/docs,/lib-v1/auth/device_features/q/platform/flutter,/gen1/flutter/prev/build-a-backend/auth/remember-device,,literal,no_prediction
adc5986633ba87781aea,content_based,hashicorp/terraform-website,/docs/providers/checkpoint/d/:path*,/providers/CheckPointSW/checkpoint/latest/docs/data-sources/:path*,/providers/CheckPointSW/checkpoint/latest/docs/guides/:path*,placeholder,wildcard_expansion_ambiguity
ae4336c917272595dd96,content_based,aws-amplify/docs,/lib-v1/in-app-messaging/getting-started/q/platform/js,/gen1/javascript/prev/build-a-backend/more-features/in-app-messaging/set-up-in-app-messaging,,literal,no_prediction
ae51b93570e2ac510eb0,content_based,withastro/docs,/:lang/core-concepts/partial-hydration,/:lang/concepts/islands,/de/concepts/islands,placeholder,wildcard_expansion_ambiguity
ae6ab46bab455a08c4bc,content_based,aws-amplify/docs,/start/q/integration/next,/nextjs/start/getting-started/introduction,/android/start/getting-started/installation,literal,other
aefc63f2b3b5ab3ebd1f,content_based,aws-amplify/docs,/lib-v1/storage/remove/q/platform/react-native,/gen1/react-native/prev/build-a-backend/storage/remove,,literal,no_prediction
af14e4e85af4f2a0f8d7,content_based,hashicorp/terraform-website,/docs/providers/do/r/:path*,/providers/digitalocean/digitalocean/latest/docs/resources/:path*,/providers/ovh/ovh/latest/docs/guides/:path*,placeholder,wildcard_expansion_ambiguity
af643f5eaf2eac52624d,content_based,aws-amplify/docs,/lib/push-notifications/interact-with-notifications/q/platform/flutter,/flutter/build-a-backend/push-notifications/interact-with-notifications,/flutter,literal,other
af8ae355ae923f8872c9,content_based,aws-amplify/docs,/cli/auth/overview,/javascript/build-a-backend/auth/set-up-auth,/android/sdk/auth/federated-identities,literal,many_to_one_merges
af937e900cc327d1a44d,content_based,aws-amplify/docs,/guides/hosting/gatsby/q/platform/react,/react/build-a-backend,/gen1/<platform>/tools/console,literal,many_to_one_merges
afaa10800d2f37393ce9,content_based,aws-amplify/docs,/lib-v1/geo/existing-resources/q/platform/js,/gen1/javascript/prev/build-a-backend/more-features/geo/existing-resources,,literal,no_prediction
b00e5d55ba3f571d66db,content_based,aws-amplify/docs,/react/build-a-backend/auth/password-management,/react/build-a-backend/auth/manage-users/manage-passwords,,literal,no_prediction
b02855f4567cbf9a1f28,content_based,aws-amplify/docs,/start/getting-started/installation/q/integration/js,/javascript/start/getting-started/installation,,literal,no_prediction
b091ad4e5a2e796e89d2,content_based,aws-amplify/docs,/lib/datastore/relational/q/platform/react,/react/build-a-backend/more-features/datastore/relational-models,/android/build-a-backend/graphqlapi/relational-models,literal,other
b0bcee33e4c6cfd022ef,content_based,withastro/docs,/reference/renderer-reference,/en/reference/integrations-reference,/:lang/reference/astro-syntax,literal,many_to_one_merges
b0c461d6ef95f5da1832,content_based,fluxcd/website,/docs/components/helm/controller,/flux/components/helm,/en/flux/components/helm/_index,literal,other
b0e3254e51f914b2efd3,content_based,aws-amplify/docs,/lib-v1/auth/signOut/q/platform/react-native,/gen1/react-native/prev/build-a-backend/auth/enable-sign-up,/android/sdk/auth/federated-identities,literal,other
b0e5a22da3f5f26f8108,content_based,aws-amplify/docs,/lib-v1/geo/existing-resources/q/platform/android,/gen1/android/prev/build-a-backend/more-features/geo/existing-resources,/android/build-a-backend/restapi/existing-resources,literal,many_to_one_merges
b11cfee7b98264dc0aa5,content_based,aws-amplify/docs,/gen1/vue/build-a-backend/storage/list-files,/gen1/vue/build-a-backend/storage/list,/android/build-a-backend/storage/list,literal,other
b17990f0cfd33b48b9b4,content_based,aws-amplify/docs,/lib-v1/predictions/text-speech/q/platform/ios,/gen1/swift/prev/build-a-backend/more-features/predictions/text-to-speech,/gen1/<platform>/tools/console,literal,other
b1b0cb111eb990c20817,content_based,aws-amplify/docs,/cli/usage/uninnstall,/javascript/tools/cli/start/key-workflows,/gen1/<platform>/tools/cli/<page>,literal,many_to_one_merges
b26e5cdb8aac64ac561f,content_based,hashicorp/terraform-website,/intro/vs/boto.html,/intro/vs/boto,/docs/extend/writing-custom-providers.html,literal,other
b2d651ecdfea9f562d2a,content_based,aws-amplify/docs,/react/build-a-backend/auth/email-only-sign-up,/react/build-a-backend/auth/enable-sign-up,/android/build-a-backend/auth/sign-out,literal,other
b2fd6a265713853ef474,content_based,aws-amplify/docs,/swagger/swagger-ui,/,,literal,no_prediction
b3172fdd918e4eeda320,content_based,aws-amplify/docs,/lib-v1/push-notifications/identify-user/q/platform/react-native,/gen1/react-native/prev/build-a-backend/push-notifications/identify-user,,literal,no_prediction
b388539443e12f4a1b03,content_based,aws-amplify/docs,/react/build-a-backend/storage/get-properties,/gen1/react/build-a-backend/storage/get-properties,/flutter/build-a-backend/storage/get-properties,literal,other
b3c0e48759ef6ac3b953,content_based,hashicorp/terraform-website,/docs/providers/azurestack/d/:path*,/providers/hashicorp/azurestack/latest/docs/data-sources/:path*,/providers/hashicorp/azurestack/latest/docs/guides/:path*,placeholder,wildcard_expansion_ambiguity
b455d75be28ad3c97480,content_based,denoland/docs,/examples/tutorials/bdd,/examples/bdd_tutorial,,literal,no_prediction
b4b9504d3e89011ce3df,content_based,aws-amplify/docs,/swift/build-a-backend/functions/dynamodb-from-lambda-python,/swift/build-a-backend/functions,/gen1/android/prev/build-a-backend/storage/lambda-triggers,literal,many_to_one_merges
b4db9895dcab6c9609e5,content_based,aws-amplify/docs,/swift/connected-components/authenticator,/swift/build-ui,,literal,no_prediction
b5198746f5fc350ee5e3,content_based,aws-amplify/docs,/nextjs/build-a-backend/troubleshooting/upgrade-amplify-packages,/gen1/nextjs/build-a-backend/troubleshooting/upgrade-amplify-packages,/gen1/flutter/build-a-backend/troubleshooting/upgrade-amplify-packages,literal,other
b51b69fb3c0d763e3aed,content_based,aws-amplify/docs,/sdk/pubsub/aws-iot-and-amplify/q/platform/ios,/swift/sdk/pubsub/aws-iot-and-amplify,/gen1/flutter/build-a-backend/troubleshooting/upgrade-amplify-packages,literal,other
b54b87e5e2e1ce283927,content_based,aws-amplify/docs,/vue/build-a-backend/storage/storage-v5-to-v6-migration-guide,/gen1/vue/build-a-backend/storage/storage-v5-to-v6-migration-guide,/gen1/<platform>/build-a-backend/storage/configure-storage,literal,other
b5bdddd6f3d37986b6f0,content_based,aws-amplify/docs,/lib/graphqlapi/advanced-workflows/q/platform/react-native,/gen1/react-native/prev/build-a-backend/graphqlapi/advanced-workflows,/flutter/build-a-backend/graphqlapi/query-data,literal,other
b5e77bb58c27696732a5,content_based,aws-amplify/docs,/start/getting-started/nextsteps/q/integration/flutter,/flutter/start/getting-started/nextsteps,/android/start/getting-started/setup,literal,other
b5f67a64c8a84d841def,content_based,aws-amplify/docs,/lib/auth/mfa/q/platform/flutter,/flutter/build-a-backend/auth/manage-mfa,/flutter,literal,other
b64e4f4d6478e3011777,content_based,aws-amplify/docs,/lib-v1/auth/manageusers/q/platform/react-native,/gen1/react-native/prev/build-a-backend/auth/manage-user-profile,/flutter/build-a-backend/auth/manage-mfa,literal,other
b677469dc30a3f4aafcb,content_based,aws-amplify/docs,/ui/<*>,/,,placeholder,no_prediction
b687f7fdd607047dc933,content_based,aws-amplify/docs,/cli/commands/add,/javascript/tools/cli/commands,,literal,no_prediction
b6971117b18da2301b1b,content_based,fluxcd/website,/flagger/usage/skipper-progressive-delivery,/flagger/tutorials/skipper-progressive-delivery,,literal,no_prediction
b6cb23b87efd204833fd,content_based,hashicorp/terraform-website,/docs/providers/hcloud(/index.html),/providers/hetznercloud/hcloud/latest/docs,/providers/linode/linode/latest/docs,wildcard,wildcard_expansion_ambiguity
b6e38a69c46cc0ac5741,content_based,withastro/docs,/:lang/community-resources/talks,/:lang/recipes,/:lang/guides/framework-components,placeholder,wildcard_expansion_ambiguity
b6fdc695bbaafb119bdf,content_based,aws-amplify/docs,/lib/analytics/getting-started,/react/build-a-backend/more-features/analytics,/android/start/getting-started/installation,literal,other
b749f7c3c94fc5a5e158,content_based,withastro/docs,/:lang/reference/experimental-flags/svg,/:lang/guides/images,,placeholder,no_prediction
b74a7fd6354c15a7ab62,content_based,aws-amplify/docs,/lib/predictions/translate/q/platform/ios,/swift/build-a-backend/more-features/predictions/translate,/android/start/getting-started/installation,literal,other
b7c2d68946a0e13b4ce3,content_based,aws-amplify/docs,/gen2/build-a-backend,/react/build-a-backend,,literal,no_prediction
b8f5bc05789cf42c7543,content_based,aws-amplify/docs,/lib/graphqlapi/offline/q/platform/ios,/swift/build-a-backend/graphqlapi/offline,/android/build-a-backend/graphqlapi/client-code-generation,literal,other
b92cda653459de348636,content_based,aws-amplify/docs,/console/formbuilder/special-inputs,/javascript/build-ui/formbuilder/special-inputs,/gen1/<platform>/tools/console,literal,other
b9c13cbb05c2c05b182b,content_based,aws-amplify/docs,/lib/auth/manageusers/q/platform/js,/javascript/build-a-backend/auth/manage-user-profile,,literal,no_prediction
b9d7703165128e38ea2f,content_based,aws-amplify/docs,/lib/geo/escapehatch/q/platform/js,/javascript/build-a-backend/more-features/geo/amazon-location-sdk,,literal,no_prediction
b9de188741dddca7ac23,content_based,aws-amplify/docs,/guides/functions/integrating-dynamodb-with-lambda/q/platform/ios,/swift/build-a-backend/functions,/android/build-a-backend/auth/sign-in-with-web-ui,literal,many_to_one_merges
ba5c07649980e01506f9,content_based,hashicorp/terraform-website,/docs/providers/time/d/:path*,/providers/hashicorp/time/latest/docs/data-sources/:path*,/providers/hashicorp/time/latest/docs/guides/:path*,placeholder,wildcard_expansion_ambiguity
ba72133a38068a71d8cb,content_based,aws-amplify/docs,/[platform]/build-a-backend/push-notifications/register-device,/react/build-a-backend/push-notifications/register-device,/android/build-a-backend/push-notifications/register-device,wildcard,wildcard_expansion_ambiguity
bb10936ffc016722a261,content_based,aws-amplify/docs,/lib-v1/storage/download/q/platform/flutter,/gen1/flutter/prev/build-a-backend/storage/download,,literal,no_prediction
bb614c60f3751d41f9f1,content_based,aws-amplify/docs,/gen2/build-a-backend/<page>,/react/build-a-backend/<page>,,placeholder,no_prediction
bb9279d1c84840aaecf8,content_based,denoland/docs,/examples/tutorials/mocking,/examples/mocking_tutorial,,literal,no_prediction
bbc577c9d6bb35993545,content_based,denoland/docs,/examples/tutorials/mysql2,/examples/mysql2_tutorial,/examples/tutorials/mysql2,literal,other
bbd67c1db6e071ef0dfd,content_based,aws-amplify/docs,/lib/datastore/how-it-works/q/platform/android,/android/build-a-backend/more-features/datastore,/android/build-a-backend/storage/upload,literal,other
bbd863c82a545f9d0335,content_based,denoland/docs,/deploy/kv/tutorials,/examples/kv,/deploy/kv,literal,other
bbf0c1f1e096bdf5efce,content_based,aws-amplify/docs,/javascript/build-a-backend/functions/dynamodb-from-lambda-python,/javascript/build-a-backend/functions,/gen1/<platform>/build-a-backend/functions/layers,literal,many_to_one_merges
bbf9781366127ca35754,content_based,aws-amplify/docs,/lib-v1/auth/user-attributes/q/platform/ios,/gen1/swift/prev/build-a-backend/auth/managing-attributes,/android/build-a-backend/auth/set-up-auth,literal,other
bc0dbe6f804c22c1a0e6,content_based,hashicorp/terraform-website,/docs/providers/aviatrix/d/:path*,/providers/AviatrixSystems/aviatrix/latest/docs/data-sources/:path*,/providers/AviatrixSystems/aviatrix/latest/docs/guides/:path*,placeholder,wildcard_expansion_ambiguity
bc1d25a18820032dc940,content_based,aws-amplify/docs,/lib/utilities/hub/q/platform/ios,/swift/build-a-backend/utilities,/gen1/<platform>/tools/cli/<page>,literal,other
bc3052d2ed225919643f,content_based,aws-amplify/docs,/android/build-a-backend/functions/appsync-operations-to-lambda-layer,/android/build-a-backend/graphqlapi/client-code-generation,/gen1/android/prev/build-a-backend/storage/lambda-triggers,literal,other
bc5651a950a062054705,content_based,aws-amplify/docs,/angular/build-a-backend/functions/dynamodb-from-lambda-nodejs,/angular/build-a-backend/functions,/android/build-a-backend/storage/lambda-triggers,literal,many_to_one_merges
bd00e5f73aeb2139bc53,content_based,aws-amplify/docs,/lib/auth/mfa/q/platform/react-native,/react-native/build-a-backend/auth/manage-mfa,/flutter/build-a-backend/auth/manage-mfa,literal,other
bd05640b9d2a856c196c,content_based,hashicorp/terraform-website,/docs/providers/prismacloud(/index.html),/providers/PaloAltoNetworks/prismacloud/latest/docs,/providers/linode/linode/latest/docs,wildcard,wildcard_expansion_ambiguity
bdae834a9db821c5b0d3,content_based,aws-amplify/docs,/guides/api-graphql/query-with-sorting/q/platform/ios,/swift/build-a-backend/graphqlapi/best-practice/query-with-sorting,/gen1/android/prev/build-a-backend/graphqlapi/set-up-graphql-api,literal,other
bdcd528f5b67d8187f5a,content_based,aws-amplify/docs,/lib/push-notifications/app-badge-count/q/platform/react-native,/react-native/build-a-backend/push-notifications/app-badge-count,,literal,no_prediction
bddcf890b4f942dc5a75,content_based,aws-amplify/docs,/lib/analytics/autotrack/q/platform/ios,/swift/build-a-backend/more-features/analytics/auto-track-sessions,/flutter/build-a-backend/more-features/analytics/identify-user,literal,other
bdf1949d44e0f709caa8,content_based,aws-amplify/docs,/react-native/build-a-backend/auth/concepts/user-attributes,/react-native/build-a-backend/auth/concepts,,literal,no_prediction
be77d253f60b872da54e,content_based,aws-amplify/docs,/start/getting-started/nextsteps/q/integration/android,/android/start/getting-started/nextsteps,,literal,no_prediction
bf698d987a353232e9dd,content_based,aws-amplify/docs,/<platform>/build-a-backend/auth/manage-user-session,/<platform>/build-a-backend/auth/connect-your-frontend/manage-user-sessions,,placeholder,no_prediction
bf82f76a7cf7358a37bd,content_based,aws-amplify/docs,/start/getting-started/installation/q/integration/ios,/swift/start/getting-started/installation,/android/start/getting-started/installation,literal,other
bfb17ee5339e4ad268d1,content_based,aws-amplify/docs,/guides/api-graphql/subscriptions-by-id/q/platform/react,/react/build-a-backend,/android/sdk/api/graphql,literal,many_to_one_merges
bfe77680a4192125a03d,content_based,aws-amplify/docs,/lib-v1/storage/transfer-acceleration/q/platform/js,/gen1/javascript/prev/build-a-backend/storage/transfer-acceleration,,literal,no_prediction
c03e1a2972e94e3bdcfb,content_based,denoland/docs,/examples/tutorials/llm,/examples/llm_tutorial,,literal,no_prediction
c06e136e11dbf983fd42,content_based,aws-amplify/docs,/angular/sdk/<*>,/angular/build-a-backend,/android/sdk,placeholder,wildcard_expansion_ambiguity
c0cc17596fd14273f4e3,content_based,aws-amplify/docs,/guides/hosting/password-protected-deployments/q/platform/react-native,/react-native/build-a-backend,,literal,no_prediction
c14041a1025be61d2128,content_based,aws-amplify/docs,/angular/build-a-backend/functions/integrate-dynamodb-with-lambda,/angular/build-a-backend/functions,/android/build-a-backend/storage/lambda-triggers,literal,many_to_one_merges
c1654d6002089842727d,content_based,aws-amplify/docs,/lib/logging/escapehatch/q/platform/ios,/swift/build-a-backend/more-features/logging/sdk,/gen1/<platform>/tools/cli/<page>,literal,other
c1719a0f061b3edff4c3,content_based,aws-amplify/docs,/lib-v1/predictions/label-image/q/platform/react-native,/gen1/react-native/prev/build-a-backend/more-features/predictions/label-image,/gen1/android/prev/build-a-backend/more-features/predictions/identify-text,literal,other
c18ca8b31ef854c15187,content_based,aws-amplify/docs,/console/formbuilder/customize,/javascript/build-ui/formbuilder/customize,/gen1/<platform>/tools/console,literal,other
c26678138f68a4af014a,content_based,aws-amplify/docs,/lib/datastore/data-access/q/platform/flutter,/flutter/build-a-backend/more-features/datastore/manipulate-data,/flutter,literal,other
c2a82dd0d910e903511e,content_based,aws-amplify/docs,/lib/auth/delete_user/q/platform/ios,/swift/build-a-backend/auth/delete-user-account,/flutter/build-a-backend/auth/set-up-auth,literal,other
c2d89a12bdbc237fb894,content_based,aws-amplify/docs,/lib-v1/storage/triggers/q/platform/android,/gen1/android/prev/build-a-backend/storage/lambda-triggers,/android/start/getting-started/setup,literal,other
c352c4e95afa12fe18f0,content_based,aws-amplify/docs,/lib-v1/predictions/getting-started/q/platform/android,/gen1/android/prev/build-a-backend/more-features/predictions/set-up-predictions,/android/start/getting-started/setup,literal,other
c3567396b82815ad41ce,content_based,aws-amplify/docs,/lib-v1/push-notifications/app-badge-count/q/platform/react-native,/gen1/react-native/prev/build-a-backend/push-notifications/app-badge-count,,literal,no_prediction
c3f3aea1dd6f0329a9f5,content_based,aws-amplify/docs,/lib-v1/auth/overview/q/platform/vue,/gen1/vue/prev/build-a-backend/auth/under-the-hood,/android/sdk/auth/federated-identities,literal,other
c4ed333842fff8fddb4b,content_based,aws-amplify/docs,/lib-v1/auth/getting-started,/gen1/react/prev/build-a-backend/auth,/android/start/getting-started/installation,literal,many_to_one_merges
c4f61d7e75c15cdf119d,content_based,denoland/docs,/examples/tutorials/deno_doc,/examples/deno_doc_tutorial,,literal,no_prediction
c5051e5e87895cda0982,content_based,aws-amplify/docs,/lib/restapi/existing-resources,/javascript/build-a-backend,/android/build-a-backend/restapi/existing-resources,literal,no_lexical_overlap_after_ia_rewrite
c51fe69c0ec147568215,content_based,aws-amplify/docs,/lib/push-notifications/record-notifications/q/platform/android,/android/build-a-backend/push-notifications/record-notifications,/android/build-a-backend/push-notifications/set-up-push-notifications,literal,other
c53998298709cb22a625,content_based,aws-amplify/docs,/android/build-a-backend/functions/connect-rest-api,/android/build-a-backend/functions,/android/build-a-backend/restapi/set-up-rest-api,literal,many_to_one_merges
c563e41b08aca62984ab,content_based,hashicorp/terraform-website,/docs/providers/rancher2(/index.html),/providers/rancher/rancher2/latest/docs,/docs/extend/writing-custom-providers.html,wildcard,wildcard_expansion_ambiguity
c64c709cac96126a7f28,content_based,aws-amplify/docs,/lib-v1/datastore/data-access/q/platform/js,/gen1/javascript/prev/build-a-backend/more-features/datastore/manipulate-data,,literal,no_prediction
c66f2cfc37a038b3c8f1,content_based,aws-amplify/docs,/start/getting-started/data-model/q/integration/next,/nextjs/start/getting-started/data-model,/android/start/getting-started/integrate,literal,other
c6a82492831cb0954b22,content_based,aws-amplify/docs,/lib-v1/analytics/autotrack/q/platform/flutter,/gen1/flutter/prev/build-a-backend/more-features/analytics/auto-track-sessions,,literal,no_prediction
c6de01f207c094512f27,content_based,hashicorp/terraform-website,/terraform/plugin/which-sdk,/terraform/plugin/framework-benefits,,literal,no_prediction
c701fa87fbf940ab106a,content_based,aws-amplify/docs,/lib/pubsub/publish/q/platform/js,/javascript/build-a-backend/more-features/pubsub/publish,,literal,no_prediction
c73c396fefe2fb6a73ab,content_based,aws-amplify/docs,/react/build-ui/forms,/react/build-ui/formbuilder,/gen1/javascript/build-ui/uibuilder,literal,other
c78a5d353fa7935ed4ac,content_based,aws-amplify/docs,/lib/in-app-messaging/identify-user/q/platform/react-native,/react-native/build-a-backend/more-features/in-app-messaging/identify-user,/android/build-a-backend/more-features/analytics/identify-user,literal,other
c7948e913a9277dfe482,content_based,aws-amplify/docs,/lib-v1/graphqlapi/query-data/q/platform/react-native,/gen1/react-native/prev/build-a-backend/graphqlapi/query-data,/flutter/build-a-backend/graphqlapi/query-data,literal,other
c7eef4db939ab7b257b2,content_based,aws-amplify/docs,/sdk/auth/getting-started/q/platform/android,/android/sdk/auth/getting-started,/android/start/getting-started/setup,literal,other
c881de4b102fa8f52235,content_based,aws-amplify/docs,/sdk/pubsub/working-api/q/platform/android,/android/sdk/pubsub/working-api,/android/sdk/auth/getting-started,literal,other
c8f3263e4976f0c94261,content_based,denoland/docs,/examples/color-logging,/examples/color_logging,,literal,no_prediction
c90e50bdc9b30a4f9c6e,content_based,fluxcd/website,/flagger/usage/contour-progressive-delivery,/flagger/tutorials/contour-progressive-delivery,,literal,no_prediction
c9109fb8e34f9db7bfa3,content_based,aws-amplify/docs,/lib/storage/download/q/platform/react-native,/react-native/build-a-backend/storage/download,,literal,no_prediction
c9367981dcae587d250d,content_based,fluxcd/website,/flagger/usage/kuma-progressive-delivery,/flagger/tutorials/kuma-progressive-delivery,,literal,no_prediction
c9a875ae7bf67fd85704,content_based,aws-amplify/docs,/lib/auth/social/q/platform/ios,/gen1/swift/build-a-backend/auth/add-social-provider,/flutter/build-a-backend/auth/set-up-auth,literal,other
ca15fd00b5efe90c7ee1,content_based,aws-amplify/docs,/start/getting-started/nextsteps/q/integration/vue,/vue/start/getting-started/nextsteps,,literal,no_prediction
ca81eee904147abe8a97,content_based,aws-amplify/docs,/[platform]/build-a-backend/push-notifications/push-notifications-migration-guide,/react/build-a-backend/push-notifications/push-notifications-migration-guide,/android/build-a-backend/push-notifications/record-notifications,wildcard,wildcard_expansion_ambiguity
caeee2f8acef56ee222f,content_based,aws-amplify/docs,/lib/auth/social/q/platform/flutter,/gen1/flutter/build-a-backend/auth/add-social-provider,/flutter,literal,other
caf7ff47ba5d4a6e9d0e,content_based,aws-amplify/docs,/sdk/q/platform/ios,/swift/sdk,,literal,no_prediction
cb2a8b8eb9b6cf8d524c,content_based,aws-amplify/docs,/guides/location-service/tracking-device-location/q/platform/android,/android/build-a-backend/more-features/geo/amazon-location-sdk,/android/start/getting-started/installation,literal,other
cbc338037dc534ba2478,content_based,aws-amplify/docs,/lib-v1/datastore/conflict/q/platform/react,/gen1/react/prev/build-a-backend/more-features/datastore/conflict-resolution,/flutter/build-a-backend/more-features/datastore/sync-to-cloud,literal,other
cbfbf59e69b601627ff9,content_based,aws-amplify/docs,/lib-v1/auth/existing-resources/q/platform/android,/gen1/android/prev/build-a-backend/auth/existing-resources,/android/build-a-backend/restapi/existing-resources,literal,other
cc3aa0c5118784e72f14,content_based,aws-amplify/docs,/lib/datastore/other-methods/q/platform/flutter,/flutter/build-a-backend/more-features/datastore/additional-methods,/flutter,literal,other
cc87b3dd144a32dffdd9,content_based,aws-amplify/docs,/lib/predictions/identify-entity/q/platform/js,/javascript/build-a-backend/more-features/predictions/identify-entity,,literal,no_prediction
cc8cdb48f3e182027545,content_based,aws-amplify/docs,/lib/restapi/fetch/q/platform/ios,/swift/build-a-backend/restapi/fetch-data,/android/build-a-backend/restapi/gen-ai,literal,other
cccb8d584e9a1988eba4,content_based,aws-amplify/docs,/[platform]/build-a-backend/more-features/datastore/conflict-resolution,/react/build-a-backend/more-features/datastore/conflict-resolution,/angular/build-a-backend/more-features/datastore/conflict-resolution,wildcard,wildcard_expansion_ambiguity
ccd4a6d79b71224f63c2,content_based,aws-amplify/docs,/lib/storage/escapehatch/q/platform/vue,/vue/build-a-backend/storage,/gen1/android/prev/build-a-backend/storage/sdk,literal,other
cd5c9c139b05a5469251,content_based,fluxcd/website,/flagger/usage/crossover-progressive-delivery,/flagger/tutorials/crossover-progressive-delivery,,literal,no_prediction
cd7ef10e8273fbacbcdb,content_based,withastro/docs,/:lang/reference/components-reference,/:lang/guides/syntax-highlighting,/:lang/guides/framework-components,placeholder,wildcard_expansion_ambiguity
ce1b763407b877941de0,content_based,aws-amplify/docs,/[platform]/prev/build-a-backend/more-features/datastore/how-it-works,/gen1/react/prev/build-a-backend/more-features/datastore/how-it-works,/gen1/flutter/prev/build-a-backend/more-features/datastore/real-time,wildcard,wildcard_expansion_ambiguity
ce8731bc92626cc0f2f6,content_based,withastro/docs,/:lang/core-concepts/astro-syntax,/:lang/basics/astro-syntax,/:lang/reference/astro-syntax,placeholder,wildcard_expansion_ambiguity
cea1856d74f0067fe243,content_based,aws-amplify/docs,/lib-v1/restapi/fetch/q/platform/android,/gen1/android/prev/build-a-backend/restapi/fetch-data,/android/build-a-backend/restapi/existing-resources,literal,other
cecb74e208db9e6773d0,content_based,aws-amplify/docs,/cli/commands/notifications,/javascript/tools/cli/commands,,literal,no_prediction
cee0a9c74d60bc66cfbc,content_based,hashicorp/terraform-website,/cloud-docs/workspaces/settings/health-assessments,/cloud-docs/workspaces/health,/cloud-docs/run/remote-operations,literal,other
cefafbb7c6764b4aa70b,content_based,hashicorp/terraform-website,/docs/providers/cloudflare/d/:path*,/providers/cloudflare/cloudflare/latest/docs/data-sources/:path*,/providers/cloudflare/cloudflare/latest/docs/guides/:path*,placeholder,wildcard_expansion_ambiguity
cf375020f2c1eacb5499,content_based,hashicorp/terraform-website,/terraform/plugin/framework/writing-state,/terraform/plugin/framework/handling-data/writing-state,,literal,no_prediction
cf661b41515be95454c9,content_based,aws-amplify/docs,/cli/auth/admin,/javascript/build-a-backend/auth/admin-actions,/flutter/build-a-backend/auth/set-up-auth,literal,other
cfbbdae0f2f7a48286a4,content_based,aws-amplify/docs,/lib/storage/getting-started,/javascript/build-a-backend/storage,/android/start/getting-started/installation,literal,other
cfd0fb3747d186f8097b,content_based,aws-amplify/docs,/lib-v1/auth/signOut,/gen1/react/prev/build-a-backend/auth/enable-sign-up,/android/sdk/auth/federated-identities,literal,other
cff14cd68940ac50810d,content_based,aws-amplify/docs,/lib-v1/auth/mfa/q/platform/js,/gen1/javascript/prev/build-a-backend/auth/manage-mfa,,literal,no_prediction
d0443243c489a2bd5637,content_based,hashicorp/terraform-website,/docs/providers/docker(/index.html),/providers/kreuzwerker/docker/latest/docs,/docs/extend/writing-custom-providers.html,wildcard,wildcard_expansion_ambiguity
d06115ac0c75837d1749,content_based,aws-amplify/docs,/lib/auth/signin_with_custom_flow/q/platform/flutter,/flutter/build-a-backend/auth/sign-in-custom-flow,/flutter,literal,other
d07bba36a76c86531a30,content_based,aws-amplify/docs,/lib/graphqlapi/concepts/q/platform/js,/gen1/javascript/prev/build-a-backend/graphqlapi/api-graphql-concepts,,literal,no_prediction
d07f42090aed295a4cc7,content_based,aws-amplify/docs,/[platform]/prev/build-a-backend/more-features/analytics/data-usage-policy,/gen1/react/prev/build-a-backend/more-features/analytics/data-usage-policy,/gen1/android/prev/build-a-backend/more-features/analytics/existing-resources,wildcard,wildcard_expansion_ambiguity
d0915a540e635839ec34,content_based,aws-amplify/docs,/cli/function/env-vars,/javascript/build-a-backend/functions/environment-variables,/gen1/<platform>/tools/cli/<page>,literal,no_lexical_overlap_after_ia_rewrite
d188c210500ca8129824,content_based,hashicorp/terraform-website,/language/upgrade-guides/0-9,/language/v1.1.x/upgrade-guides/0-9,/language/upgrade-guides/0-13,literal,many_to_one_merges
d1b8b8c8016e1752ea1a,content_based,aws-amplify/docs,/lib/devpreview/getting-started/q/platform/ios,/swift/start/project-setup/upgrade-guide,/android/start/getting-started/installation,literal,no_lexical_overlap_after_ia_rewrite
d1d0b6289f74c4672c8f,content_based,aws-amplify/docs,/lib/auth/sms_flows/q/platform/ios,/swift/build-a-backend/auth/add-sms-flows,/flutter/build-a-backend/auth/set-up-auth,literal,other
d1e4955f1ff867314aa1,content_based,aws-amplify/docs,/lib-v1/analytics/identifyuser/q/platform/ios,/gen1/swift/prev/build-a-backend/more-features/analytics/identify-user,/gen1/android/prev/build-a-backend/more-features/analytics/existing-resources,literal,other
d21d9b701e7f19676318,content_based,hashicorp/terraform-website,/docs/providers/consul/d/:path*,/providers/hashicorp/consul/latest/docs/data-sources/:path*,/providers/hashicorp/consul/latest/docs/guides/:path*,placeholder,wildcard_expansion_ambiguity
d226e79590a4579fc5ff,content_based,aws-amplify/docs,/lib-v1/restapi/update/q/platform/ios,/gen1/swift/prev/build-a-backend/restapi/update-data,/android/build-a-backend/restapi/gen-ai,literal,other
d2aa4bea3473b3cc656d,content_based,aws-amplify/docs,/console/formbuilder/validations,/javascript/build-ui/formbuilder/validations,/gen1/<platform>/tools/console,literal,other
d2bd07b0530f45703660,content_based,aws-amplify/docs,/lib-v1/in-app-messaging/display-message/q/platform/js,/gen1/javascript/prev/build-a-backend/more-features/in-app-messaging/display-messages,,literal,no_prediction
d2d129801b6367623527,content_based,aws-amplify/docs,/cli/geo/maps,/javascript/build-a-backend/more-features/geo/configure-maps,/android/build-a-backend/more-features/geo/set-up-geo,literal,other
d2ecb729cf3c82312532,content_based,aws-amplify/docs,/cli/usage/permissions-boundary,/javascript/tools/cli/project/permissions-boundary,/gen1/<platform>/tools/cli/<page>,literal,other
d3069513903a3a296085,content_based,aws-amplify/docs,/guides,/react/build-a-backend,/angular/start/getting-started/hosting,literal,many_to_one_merges
d341db7eec1c28b8f1c2,content_based,aws-amplify/docs,/cli/geo/search,/javascript/build-a-backend/more-features/geo/configure-location-search,/gen1/javascript/prev/build-a-backend/more-features/geo/location-search,literal,other
d3b0db7ec1160c3636e7,content_based,aws-amplify/docs,/lib/troubleshooting/upgrading/q/platform/js,/javascript/build-a-backend/troubleshooting/upgrade-amplify-packages,,literal,no_prediction
d3c2f14ed27508417f6d,content_based,aws-amplify/docs,/lib/storage/list/q/platform/android,/android/build-a-backend/storage/list,/gen1/android/prev/build-a-backend/storage/existing-resources,literal,other
d3ef8697b6d3ccafff29,content_based,aws-amplify/docs,/cli/project/troubleshooting,/javascript/tools/cli/project/troubleshooting,/gen1/<platform>/tools/cli/<page>,literal,other
d3f5afdc94a2428c11f0,content_based,aws-amplify/docs,/cli/commands/export,/javascript/tools/cli/commands,,literal,no_prediction
d41c8ef9c08c5f63aa2b,content_based,fluxcd/website,/docs/contributing/docs/hugo-shortcodes,/flux/contributing/docs/writing-docs,,literal,no_prediction
d4603a3e60d50dca1f5f,content_based,aws-amplify/docs,/guides/datastore/parallel-processing/q/platform/ios,/gen1/swift/prev/build-a-backend/more-features/datastore,/flutter/build-a-backend/more-features/datastore/set-up-datastore,literal,other
d48972aa2f702607ca88,content_based,aws-amplify/docs,/cli/migration/cli-auth-signup-changes,/javascript/tools/cli/migration/cli-auth-signup-changes,/android/build-a-backend/auth/set-up-auth,literal,other
d57fd5228b65e9112633,content_based,aws-amplify/docs,/cli/commands/import,/javascript/tools/cli/commands,/gen1/<platform>/build-a-backend/storage/import,literal,many_to_one_merges
d580302b005cdd7c10e7,content_based,aws-amplify/docs,/lib-v1/utilities/cache/q/platform/react-native,/gen1/react-native/prev/build-a-backend/utilities/cache,/flutter/build-a-backend/auth/set-up-auth,literal,other
d5b2fd9caeaab9161bc8,content_based,aws-amplify/docs,/[platform]/build-a-backend/more-features,/react/build-a-backend/more-features,/gen1/<platform>/build-a-backend/more-features,wildcard,wildcard_expansion_ambiguity
d5e70f4a13003de38550,content_based,denoland/docs,/deploy/tutorials/vite,/examples/react_tutorial,/examples/tutorials/react,literal,no_lexical_overlap_after_ia_rewrite
d6159b8c2a34f9f5f70c,content_based,aws-amplify/docs,/lib/predictions/interpret/q/platform/react-native,/react-native/build-a-backend/more-features/predictions/interpret-sentiment,/gen1/android/prev/build-a-backend/more-features/predictions/interpret-sentiment,literal,other
d61813d88d8f569b5a9c,content_based,aws-amplify/docs,/react/build-a-backend/data/connect-existing-data,/react/build-a-backend/data/connect-to-existing-data-sources,,literal,no_prediction
d62aadeeb4417f96e0c3,content_based,aws-amplify/docs,/lib-v1/analytics/enable-disable/q/platform/flutter,/gen1/flutter/prev/build-a-backend/more-features/analytics/enable-disable,,literal,no_prediction
d66ba715490e4ed92222,content_based,aws-amplify/docs,/lib-v1/predictions/interpret/q/platform/js,/gen1/javascript/prev/build-a-backend/more-features/predictions/interpret-sentiment,,literal,no_prediction
d68dbdee60b6fbaee602,content_based,fluxcd/website,/flux/installation/configuration/boostrap-customization,/flux/installation/configuration/bootstrap-customization,/flux/installation/configuration,literal,other
d69d724c4476a11872e3,content_based,aws-amplify/docs,/[platform]/build-a-backend/more-features/analytics/app-uninstall,/react/build-a-backend/more-features/analytics/app-uninstall,/android/build-a-backend/more-features/datastore,wildcard,wildcard_expansion_ambiguity
d6f1d673eb7516ae7676,content_based,aws-amplify/docs,/migrate-to-gen2,/react/start/migrate-to-gen2,,literal,no_prediction
d74288c9f9349a7f943d,content_based,aws-amplify/docs,/lib/auth/getting-started,/react/build-a-backend/auth,/android/start/getting-started/installation,literal,other
d753997a344fcf366308,content_based,hashicorp/terraform-website,/docs/providers/vault(/index.html),/providers/hashicorp/vault/latest/docs,/docs/extend/writing-custom-providers.html,wildcard,wildcard_expansion_ambiguity
d7ec38d7ce71f6c3bda1,content_based,aws-amplify/docs,/lib-v1/datastore/sync/q/platform/flutter,/gen1/flutter/prev/build-a-backend/more-features/datastore/sync-to-cloud,,literal,no_prediction
d86132328d8e3772de0c,content_based,aws-amplify/docs,/lib/restapi/existing-resources/q/platform/ios,/swift/build-a-backend/restapi/existing-resources,/android/build-a-backend/restapi/existing-resources,literal,many_to_one_merges
d871f021116ecb03c0e5,content_based,aws-amplify/docs,/cli/migration/list-nullability,/javascript/tools/cli/migration/list-nullability,/angular/getting-started/migration,literal,other
d8d9d504b6573fe12512,content_based,aws-amplify/docs,/lib-v1/utilities/i18n/q/platform/react-native,/gen1/react-native/prev/build-a-backend/utilities/i18n,/gen1/<platform>/tools/console,literal,other
d8faf7a1c8af0f45af30,content_based,hashicorp/terraform-website,/docs/providers/dome9/d/:path*,/providers/dome9/dome9/latest/docs/data-sources/:path*,/providers/dome9/dome9/latest/docs/resources/:path*,placeholder,wildcard_expansion_ambiguity
d913808dd167c706e7c6,content_based,withastro/docs,/:lang/deploy/:service,/:lang/guides/deploy/:service,/en/guides/deploy/vercel,placeholder,wildcard_expansion_ambiguity
d920d2370bd2d381c4b6,content_based,aws-amplify/docs,/cli/custom/cloudformation,/javascript/tools/cli/custom/cloudformation,/gen1/<platform>/tools/cli/<page>,literal,other
d9229447bc7f801b193b,content_based,aws-amplify/docs,/[platform]/deploy-and-host/deployment/pull-request-previews,/react/deploy-and-host/deployment/pull-request-previews,,wildcard,no_prediction
d930c23f9b7ba6f8bca3,content_based,aws-amplify/docs,/[platform]/tools/console/authz,/react/tools/console/authz,/gen1/<platform>/tools/console,wildcard,wildcard_expansion_ambiguity
da1197539099e4dd49bf,content_based,aws-amplify/docs,/[platform]/build-a-backend/more-features/in-app-messaging/resolve-conflicts,/react/build-a-backend/more-features/in-app-messaging/resolve-conflicts,/angular/build-a-backend/more-features/datastore/conflict-resolution,wildcard,wildcard_expansion_ambiguity
da583d9dc04113a2b892,content_based,aws-amplify/docs,/start/getting-started/installation/q/integration/react-native,/react-native/start/getting-started/installation,/gen1/<platform>/start/getting-started/<page>,literal,other
dac5da0bc25f1ff29987,content_based,aws-amplify/docs,/lib/info/app-uninstall/q/platform/android,/android/build-a-backend/auth/app-uninstall,/android/start/getting-started/installation,literal,other
daedd247e5d1619e00d9,content_based,aws-amplify/docs,/lib/analytics/autotrack/q/platform/flutter,/flutter/build-a-backend/more-features/analytics/auto-track-sessions,/flutter,literal,other
db3e7bf51639e010289a,content_based,aws-amplify/docs,/[platform]/prev/build-a-backend/auth/data-usage-policy,/gen1/react/prev/build-a-backend/auth/data-usage-policy,/gen1/android/prev/build-a-backend/auth/sdk,wildcard,wildcard_expansion_ambiguity
db480d6afdfd57c2fd67,content_based,aws-amplify/docs,/gen2/deploy-and-host,/react/deploy-and-host,,literal,no_prediction
dbd4199122a3b442d3e1,content_based,hashicorp/terraform-website,/guides,/intro,,literal,no_prediction
dc68bf9ea22584befd2a,content_based,aws-amplify/docs,/lib/auth/overview/q/platform/ios,/swift/build-a-backend/auth,/flutter/build-a-backend/auth/set-up-auth,literal,other
dcf5363341013bf708a0,content_based,withastro/docs,/en/reference/renderer-reference,/en/reference/integrations-reference,/:lang/reference/astro-syntax,literal,many_to_one_merges
dd36469a4fcc8c84dbe6,content_based,aws-amplify/docs,/guides/functions/graphql-from-lambda/q/platform/js,/javascript/build-a-backend/functions/graphql-from-lambda,,literal,no_prediction
dd5065cb1376ac55e7b1,content_based,aws-amplify/docs,/lib/datastore/schema-updates/q/platform/ios,/swift/build-a-backend/more-features/datastore/schema-updates,/flutter/build-a-backend/more-features/datastore/set-up-datastore,literal,other
dd5e50055d70789c1708,content_based,aws-amplify/docs,/[platform]/build-a-backend/more-features/analytics/analytics-migration-guide,/react/build-a-backend/more-features/analytics/analytics-migration-guide,/gen1/<platform>/build-a-backend/more-features,wildcard,wildcard_expansion_ambiguity
dda9c639886eb6b82c86,content_based,aws-amplify/docs,/start/sample-apps/todo-app/q/integration/android,/android/start/sample-apps/to-do-app,/android/start/getting-started/generate-model,literal,other
ddb590b82276f82400e2,content_based,aws-amplify/docs,/lib-v1/utilities/hub/q/platform/react-native,/gen1/react-native/prev/build-a-backend/utilities/hub,/gen1/flutter/prev/start/project-setup,literal,other
ddb595d05e7925cd57b4,content_based,aws-amplify/docs,/[platform]/build-a-backend/auth/switch-auth,/react/build-a-backend/auth/switch-auth,/gen1/javascript/prev/build-a-backend/auth/switch-auth,wildcard,wildcard_expansion_ambiguity
de9c0139c1a4130a00d3,content_based,hashicorp/terraform-website,/docs/providers/scaleway/d/:path*,/providers/scaleway/scaleway/latest/docs/data-sources/:path*,/providers/scaleway/scaleway/latest/docs/guides/:path*,placeholder,wildcard_expansion_ambiguity
deb158611eb8e9891271,content_based,aws-amplify/docs,/lib-v1/geo/maps/q/platform/flutter,/gen1/flutter/prev/build-a-backend,,literal,no_prediction
df09f7da88037a684e26,content_based,aws-amplify/docs,/lib/analytics/record/q/platform/react,/react/build-a-backend/more-features/analytics/record-events,/android/start/getting-started/integrate,literal,many_to_one_merges
df23c2ce44d1cd031bec,content_based,hashicorp/terraform-website,/language/upgrade-guides/0-15,/language/v1.1.x/upgrade-guides/0-15,/language/upgrade-guides/0-13,literal,other
df6f9270361b6b006804,content_based,aws-amplify/docs,/lib-v1/restapi/getting-started/q/platform/flutter,/gen1/flutter/prev/build-a-backend/restapi/set-up-rest-api,,literal,no_prediction
df76e6147c8cc8f1b881,content_based,aws-amplify/docs,/lib-v1/predictions/transcribe/q/platform/react-native,/gen1/react-native/prev/build-a-backend/more-features/predictions/transcribe-audio,/gen1/flutter/prev/start/project-setup,literal,other
dfd6b03880880d6a96f6,content_based,aws-amplify/docs,/lib-v1/datastore/relational/q/platform/javascript,/gen1/javascript/prev/build-a-backend/more-features/datastore/relational-models,,literal,no_prediction
e02b13747c13376df273,content_based,aws-amplify/docs,/start/q/integration/vue,/vue/start/getting-started/introduction,/flutter/start/getting-started/nextsteps,literal,other
e03841ed41db9cf8f259,content_based,aws-amplify/docs,/gen1/nextjs/prev/build-a-backend/graphqlapi/best-practice/query-with-sorting,/gen1/nextjs/build-a-backend/graphqlapi/best-practice/query-with-sorting,/gen1/android/prev/build-a-backend/graphqlapi/query-data,literal,other
e0aa086f03fea61e8a98,content_based,aws-amplify/docs,/lib/geo/existing-resources/q/platform/js,/javascript/build-a-backend/more-features/geo/existing-resources,,literal,no_prediction
e0ddbdeed56c5152f291,content_based,aws-amplify/docs,/gen1/gen2/deploy-and-host/fullstack-branching,/react/deploy-and-host/fullstack-branching,,literal,no_prediction
e10c87ce210d6fc0cbc9,content_based,aws-amplify/docs,/lib-v1/geo/existing-resources/q/platform/ios,/gen1/swift/prev/build-a-backend/more-features/geo/existing-resources,/android/build-a-backend/restapi/existing-resources,literal,other
e16eb9bf07085a7b6942,content_based,aws-amplify/docs,/nextjs/build-a-backend/functions/integrate-dynamodb-with-lambda,/nextjs/build-a-backend/functions,/gen1/android/prev/build-a-backend/storage/lambda-triggers,literal,many_to_one_merges
e22e459c043a8f3f2d46,content_based,aws-amplify/docs,/vue/build-a-backend/functions/appsync-operations-to-lambda-layer,/vue/build-a-backend/graphqlapi/client-code-generation,/gen1/<platform>/build-a-backend/functions/layers,literal,other
e242eed672bb24ff4c80,content_based,aws-amplify/docs,/lib/graphqlapi/optimistic-ui/q/platform/ios,/swift/build-a-backend/graphqlapi/optimistic-ui,/android/build-a-backend/graphqlapi/client-code-generation,literal,other
e34f83fe97058e5bdedf,content_based,aws-amplify/docs,/lib/push-notifications/enable-rich-notifications/q/platform/flutter,/flutter/build-a-backend/push-notifications/enable-rich-notifications,/flutter,literal,other
e38ecdf9dbcb057cd5e2,content_based,aws-amplify/docs,/lib/push-notifications/testing/q/platform/android,/android/build-a-backend/push-notifications/test-notifications,/android/build-a-backend/push-notifications/set-up-push-notifications,literal,other
e3c6c20a35d1f1d83cb4,content_based,aws-amplify/docs,/lib-v1/restapi/delete/q/platform/flutter,/gen1/flutter/prev/build-a-backend/restapi/delete-data,,literal,no_prediction
e51cc00af60a0f4c1afb,content_based,aws-amplify/docs,/[platform]/build-a-backend/server-side-rendering/nextjs,/react/build-a-backend/server-side-rendering/nextjs,/gen1/angular/build-a-backend/server-side-rendering/nextjs,wildcard,wildcard_expansion_ambiguity
e56efcd2c3fae6e76ad3,content_based,aws-amplify/docs,/guides/functions/connecting-a-rest-api/q/platform/react-native,/react-native/build-a-backend,/android/build-a-backend/restapi/set-up-rest-api,literal,many_to_one_merges
e582adda270f2e61730d,content_based,aws-amplify/docs,/gen2/reference/<page>,/react/reference/<page>,,placeholder,no_prediction
e59de135a22be4854829,content_based,aws-amplify/docs,/lib/datastore/schema-updates/q/platform/flutter,/flutter/build-a-backend/more-features/datastore/schema-updates,/flutter,literal,other
e5a99cc743319e9b6ec4,content_based,aws-amplify/docs,/[platform]/sdk/analytics/endpoints,/react/sdk/analytics/endpoints,/gen1/javascript/prev/build-a-backend/more-features/analytics/update-endpoint,wildcard,wildcard_expansion_ambiguity
e5c53336fb0ed107cb0e,content_based,hashicorp/terraform-website,/language/v1.2.x/upgrade-guides/0-10,/language/v1.1.x/upgrade-guides/0-10,/language/upgrade-guides/0-13,literal,other
e5fba4c7959c9d579e8b,content_based,aws-amplify/docs,/react/build-a-backend/functions/appsync-operations-to-lambda-layer,/react/build-a-backend/graphqlapi/client-code-generation,/gen1/<platform>/build-a-backend/functions/layers,literal,other
e662b1dc4386e8724ccd,content_based,aws-amplify/docs,/cli/migration/override,/javascript/tools/cli/migration/override,/flutter/start/project-setup/upgrade-guide,literal,other
e6c5539a4bfb0acfa410,content_based,aws-amplify/docs,/lib/analytics/enable-disable,/react/build-a-backend/more-features/analytics/enable-disable,/gen1/flutter/prev/build-a-backend/more-features/analytics/enable-disable,literal,other
e77846350d163aae2fda,content_based,denoland/docs,/examples/tutorials/deno_deploy,/examples/deno_deploy_tutorial,,literal,no_prediction
e799bbda373d093b813b,content_based,hashicorp/terraform-website,/language/settings/backends/etcdv3,/language/v1.2.x/settings/backends/etcdv3,,literal,no_prediction
e7ba25c319b7baa8402f,content_based,hashicorp/terraform-website,/terraform/plugin/sdkv2/best-practices/other-languages,/terraform/plugin/best-practices/provider-code,,literal,no_prediction
e7c6755dcfa14e75fb45,content_based,aws-amplify/docs,/lib/ssr/ssr/q/platform/js,/gen1/javascript/prev/build-a-backend/server-side-rendering,,literal,no_prediction
e84a90d671017ea9b940,content_based,aws-amplify/docs,/lib/project-setup/async/q/platform/react,/react/start/project-setup,/android/start/getting-started/setup,literal,other
e858b1a44a8afc837b4f,content_based,withastro/docs,/:lang/core-concepts/layouts,/:lang/basics/layouts,/de/basics/layouts,placeholder,wildcard_expansion_ambiguity
e8a20968687ac0f2bb6c,content_based,aws-amplify/docs,/lib-v1/analytics/autotrack/q/platform/android,/gen1/android/prev/build-a-backend/more-features/analytics/auto-track-sessions,/gen1/android/build-a-backend/auth/add-social-provider,literal,other
e8ae0e60122a86edc4b4,content_based,withastro/docs,/lighthouse/*,/en/guides/migrate-to-astro,,wildcard,no_prediction
e8fe36952c9a55dff4eb,content_based,hashicorp/terraform-website,/docs/providers/nsxt/d/:path*,/providers/vmware/nsxt/latest/docs/data-sources/:path*,/providers/vmware/nsxt/latest/docs/guides/:path*,placeholder,wildcard_expansion_ambiguity
e9390b4c14eebf02b830,content_based,denoland/docs,/runtime/fundamentals/standard_library,/runtime/reference/std,/deploy/classic/api/runtime-node,literal,other
e957cb28bd72edcfc170,content_based,aws-amplify/docs,/lib/project-setup/upgrade-guide/q/platform/flutter,/flutter/start/project-setup/upgrade-guide,/flutter,literal,other
e9a54c9b5c94db8778ba,content_based,aws-amplify/docs,/lib/auth/auth-events/q/platform/js,/javascript/build-a-backend/auth/auth-events,,literal,no_prediction
ea57f704b282f17123b3,content_based,hashicorp/terraform-website,/docs/providers/turbot/r/:path*,/providers/turbot/turbot/latest/docs/resources/:path*,/providers/turbot/turbot/latest/docs/guides/:path*,placeholder,wildcard_expansion_ambiguity
ea94962075ea62caf0d1,content_based,aws-amplify/docs,/api/swagger/swagger-ui,/,,literal,no_prediction
eb15d92ba212990f874d,content_based,aws-amplify/docs,/<platform>/build-a-backend/auth/override-cognito,/<platform>/build-a-backend/auth/modify-resources-with-cdk,,placeholder,no_prediction
eb40aa3c7e902a0c6e5b,content_based,aws-amplify/docs,/cli/usage/export-to-cdk,/javascript/tools/cli/usage/export-to-cdk,/gen1/<platform>/tools/cli/<page>,literal,other
eba15af7aa552b81c441,content_based,aws-amplify/docs,/vue/build-a-backend/storage/get-properties,/gen1/vue/build-a-backend/storage/get-properties,/flutter/build-a-backend/storage/get-properties,literal,other
ebb915aed832a1161de6,content_based,aws-amplify/docs,/lib/geo/getting-started/q/platform/ios,/swift/build-a-backend/more-features/geo/set-up-geo,/android/start/getting-started/installation,literal,other
ebf0a18652c27d603f81,content_based,aws-amplify/docs,/cli/usage/plugin,/gen1/react/tools/cli/plugins,/gen1/<platform>/tools/cli-legacy,literal,other
ec27e639eb1d567a4b27,content_based,aws-amplify/docs,/lib-v1/analytics/autotrack/q/platform/react-native,/gen1/react-native/prev/build-a-backend/more-features/analytics/auto-track-sessions,,literal,no_prediction
ec302288598f56645aec,content_based,aws-amplify/docs,/angular/build-a-backend/functions/dynamodb-from-lambda-python,/angular/build-a-backend/functions,/gen1/<platform>/build-a-backend/functions/layers,literal,many_to_one_merges
ec44e7824c1402e9f375,content_based,aws-amplify/docs,/cli/commands/serve,/javascript/tools/cli/commands,,literal,no_prediction
ec540e6c4a3ec357a342,content_based,aws-amplify/docs,/lib/auth/signOut/q/platform/flutter,/flutter/build-a-backend/auth/sign-out,/flutter,literal,other
ec75c78bdf5e2b8ef4a7,content_based,denoland/docs,/examples/tutorials/drizzle,/examples/drizzle_tutorial,,literal,no_prediction
ec786510a752823d7044,content_based,aws-amplify/docs,/lib-v1/predictions/getting-started/q/platform/ios,/gen1/swift/prev/build-a-backend/more-features/predictions/set-up-predictions,/android/start/getting-started/installation,literal,other
ecd1ef4a2b3862e2e685,content_based,aws-amplify/docs,/lib-v1/auth/getting-started/q/platform/android,/gen1/android/prev/build-a-backend/auth/set-up-auth,/android/start/getting-started/setup,literal,other
ecd32a77841d118dbdb3,content_based,hashicorp/terraform-website,/terraform/plugin/framework/accessing-values,/terraform/plugin/framework/handling-data/accessing-values,,literal,no_prediction
ed195da6e77b1482f890,content_based,aws-amplify/docs,/lib-v1/datastore/real-time/q/platform/react-native,/gen1/react-native/prev/build-a-backend/more-features/datastore/real-time,/flutter/build-a-backend/more-features/datastore/datastore-events,literal,other
ed813d8eb7f9c4c79ab2,content_based,aws-amplify/docs,/guides/api-rest/express-server/q/platform/js,/javascript/build-a-backend/restapi,,literal,no_prediction
ed99a3168f38e6ad838f,content_based,aws-amplify/docs,/angular/build-a-backend/functions/graphql-server-lambda,/angular/build-a-backend/functions,/gen1/angular/build-a-backend/server-side-rendering/nextjs,literal,many_to_one_merges
edc9af5986a9b0a40ee4,content_based,aws-amplify/docs,/nextjs/start/connect-existing-aws-resources,/nextjs/start/connect-to-aws-resources,/gen1/android/prev/start/project-setup/use-existing-resources,literal,other
edcfba45a49375ea7309,content_based,aws-amplify/docs,/lib/pubsub/getting-started/q/platform/js,/javascript/build-a-backend/more-features/pubsub/set-up-pubsub,,literal,no_prediction
edea8077f1987e375220,content_based,aws-amplify/docs,/lib/graphqlapi/advanced-workflows/q/platform/flutter,/flutter/build-a-backend/graphqlapi/advanced-workflows,/flutter,literal,other
eea976ca0669871cac0b,content_based,aws-amplify/docs,/lib/push-notifications/remote-media/q/platform/ios,/swift/build-a-backend/push-notifications/remote-media,/android/build-a-backend/push-notifications/set-up-push-notifications,literal,other
eeeb0e47a4185b7c97ed,content_based,hashicorp/terraform-website,/docs/providers/google/d/:path*,/providers/hashicorp/google/latest/docs/data-sources/:path*,/providers/hashicorp/google/latest/docs/resources/:path*,placeholder,wildcard_expansion_ambiguity
eef476d2eef100a4df7d,content_based,withastro/docs,/en/quick-started,/en/installation,/en/getting-started,literal,other
f07c1b38889821439cc1,content_based,aws-amplify/docs,/lib-v1/auth/overview/q/platform/js,/gen1/javascript/prev/build-a-backend/auth/under-the-hood,,literal,no_prediction
f09d56e0314474725f5c,content_based,hashicorp/terraform-website,/docs/providers/skytap(/index.html),/providers/skytap/skytap/latest/docs,/docs/extend/writing-custom-providers.html,wildcard,wildcard_expansion_ambiguity
f0cfa9bfd8496f1304ce,content_based,aws-amplify/docs,/lib-v1/analytics/storing/q/platform/js,/gen1/javascript/prev/build-a-backend/more-features/analytics/storing-data,,literal,no_prediction
f0ec5a8a73f3981fd092,content_based,aws-amplify/docs,/build-ui,/react/build-ui,,literal,no_prediction
f12e0922b388eb9b9d4f,content_based,denoland/docs,/examples/tutorials/digital_ocean,/examples/digital_ocean_tutorial,/examples/tutorials/digital_ocean,literal,other
f145264614cd81de1ac5,content_based,hashicorp/terraform-website,/docs/providers/flexibleengine(/index.html),/providers/FlexibleEngineCloud/flexibleengine/latest/docs,/providers/linode/linode/latest/docs,wildcard,wildcard_expansion_ambiguity
f1eb36c03f03e59f27ed,content_based,aws-amplify/docs,/flutter/prev/build-a-backend/graphqlapi/query-data,/gen1/flutter/prev/build-a-backend/graphqlapi/query-data,/gen1/flutter/prev/build-a-backend/graphqlapi/advanced-workflows,literal,many_to_one_merges
f21467de95e9015f2d4c,content_based,hashicorp/terraform-website,/docs/providers/cloudflare/r/:path*,/providers/cloudflare/cloudflare/latest/docs/resources/:path*,/providers/cloudflare/cloudflare/latest/docs/guides/:path*,placeholder,wildcard_expansion_ambiguity
f22f3cc8575ae0599e5c,content_based,aws-amplify/docs,/lib-v1/graphqlapi/query-data/q/platform/android,/gen1/android/prev/build-a-backend/graphqlapi/query-data,/gen1/flutter/prev/build-a-backend/graphqlapi/mutate-data,literal,other
f289824e8e6c4739ec62,content_based,aws-amplify/docs,/cli-legacy/graphql-transformer/key,/javascript/tools/cli-legacy/key-directive,/flutter/build-a-backend/graphqlapi/query-data,literal,other
f293ae481b64003662b1,content_based,aws-amplify/docs,/nextjs/build-a-backend/functions/graphql-server-lambda,/nextjs/build-a-backend/functions,/gen1/angular/build-a-backend/server-side-rendering/nextjs,literal,many_to_one_merges
f325d71adf40beff9d42,content_based,aws-amplify/docs,/[platform]/build-a-backend/more-features/geo/maps,/react/build-a-backend/more-features/geo/maps,/android/build-a-backend/more-features/geo/maps,wildcard,wildcard_expansion_ambiguity
f34209457696e84afa29,content_based,aws-amplify/docs,/lib/storage/cancel-requests/q/platform/js,/gen1/javascript/prev/build-a-backend/storage/cancel-requests,,literal,no_prediction
f344068b548650d4306b,content_based,aws-amplify/docs,/cli/geo/geofencing,/javascript/build-a-backend/more-features/geo/configure-geofencing,/gen1/<platform>/build-a-backend/storage/configure-storage,literal,other
f3953418a98b946a20d0,content_based,aws-amplify/docs,/lib-v1/utilities/serviceworker/q/platform/js,/gen1/javascript/prev/build-a-backend/utilities/service-worker,,literal,no_prediction
f3a6c8007879df4b3be7,content_based,hashicorp/terraform-website,/configuration/modules,/language/modules,,literal,no_prediction
f3c9968c1f79ee706216,content_based,aws-amplify/docs,/cli-legacy/graphql-transformer/http,/javascript/tools/cli-legacy/http-directive,/gen1/<platform>/tools/cli/<page>,literal,other
f43ce66095d924e47e97,content_based,aws-amplify/docs,/lib/in-app-messaging/prerequisites/q/platform/js,/javascript/build-a-backend/more-features/in-app-messaging/set-up-in-app-messaging,,literal,no_prediction
f4733c08623c9e2deb0a,content_based,denoland/docs,/examples/tutorials/debugging_with_console,/examples/debugging_with_console_tutorial,/examples/tutorials/mongoose,literal,other
f4c93dd1cf13a191b688,content_based,aws-amplify/docs,/sdk/push-notifications/getting-started/q/platform/ios,/swift/sdk/push-notifications/getting-started,/android/start/getting-started/installation,literal,other
f4c9f8fd784c9b33c364,content_based,hashicorp/terraform-website,/terraform/plugin/sdkv2/best-practices/depending-on-providers,/terraform/plugin/best-practices/interacting-with-providers,,literal,no_prediction
f54afe520ebeb6740b3f,content_based,hashicorp/terraform-website,/docs/providers/bigip(/index.html),/providers/F5Networks/bigip/latest/docs,/docs/extend/writing-custom-providers.html,wildcard,wildcard_expansion_ambiguity
f5959ba7b39fe1f4be23,content_based,aws-amplify/docs,/lib/auth/manage-session/q/platform/js,/javascript/build-a-backend/auth/manage-user-session,,literal,no_prediction
f5b8c81d78f585b93dcb,content_based,aws-amplify/docs,/lib/restapi/update/q/platform/ios,/swift/build-a-backend/restapi/update-data,/android/build-a-backend/restapi/gen-ai,literal,other
f5d60dc54f9d464a1786,content_based,aws-amplify/docs,/[platform]/build-a-backend/storage/data-usage-policy,/react/build-a-backend/storage/data-usage-policy,/gen1/flutter/prev/build-a-backend/storage/set-up-storage,wildcard,wildcard_expansion_ambiguity
f631a7d402333d7432fd,content_based,aws-amplify/docs,/lib-v1/datastore/relational/q/platform/react-native,/gen1/react-native/prev/build-a-backend/more-features/datastore/relational-models,/android/build-a-backend/graphqlapi/relational-models,literal,other
f6a3ef131a096b0eede2,content_based,aws-amplify/docs,/[platform]/build-a-backend/functions/secrets,/react/build-a-backend/functions/secrets,/gen1/<platform>/build-a-backend/functions/layers,wildcard,wildcard_expansion_ambiguity
f6d118823d071996c002,content_based,aws-amplify/docs,/lib/graphqlapi/upgrade-guide/q/platform/js,/javascript/build-a-backend/graphqlapi/upgrade-guide,,literal,no_prediction
f7f7fdc11c5a53b364d7,content_based,aws-amplify/docs,/lib-v1/push-notifications/interact-with-notifications/q/platform/react-native,/gen1/react-native/prev/build-a-backend/push-notifications/interact-with-notifications,,literal,no_prediction
f8006fd2753a6b8a1b17,content_based,aws-amplify/docs,/lib-v1/graphqlapi/existing-resources/q/platform/ios,/gen1/swift/prev/build-a-backend/graphqlapi/existing-resources,/android/build-a-backend/restapi/existing-resources,literal,other
f810647d22c71e0ae468,content_based,denoland/docs,/examples/writing-files,/examples/writing_files,/examples/importing_json,literal,other
f903a463f4b20134c49a,content_based,aws-amplify/docs,/lib-v1/auth/escapehatch/q/platform/ionic,/gen1/react/prev/build-a-backend/auth,/android/build-a-backend/auth/managing-attributes,literal,many_to_one_merges
f926cc2f37ef11d76ae1,content_based,withastro/docs,/en/core-concepts/component-hydration,/en/concepts/islands,/de/concepts/why-astro,literal,many_to_one_merges
f97a7293acb92180f976,content_based,hashicorp/terraform-website,/upgrade-guides/0-14.html,/language/upgrade-guides/0-14,/language/upgrade-guides/0-13,literal,other
f99575a02bf537423ce8,content_based,aws-amplify/docs,/start/getting-started/nextsteps/q/integration/js,/javascript/start/getting-started/nextsteps,,literal,no_prediction
faa0159fd5bd646e0904,content_based,aws-amplify/docs,/lib/analytics/autotrack/q/platform/js,/gen1/javascript/prev/build-a-backend/more-features/analytics/auto-track-sessions,,literal,no_prediction
faf10d14621e00f67ce9,content_based,aws-amplify/docs,/lib/auth/advanced/q/platform/react-native,/react-native/build-a-backend/auth/advanced-workflows,/flutter/build-a-backend/auth/manage-mfa,literal,other
faf8e42eca47b79c99d8,content_based,aws-amplify/docs,/lib-v1/geo/getting-started/q/platform/js,/gen1/javascript/prev/build-a-backend/more-features/geo/set-up-geo,,literal,no_prediction
fb1caeb3c3ec12febcdd,content_based,aws-amplify/docs,/lib/interactions/chatbot/q/platform/ios,/swift/build-a-backend,/android/start/getting-started/installation,literal,many_to_one_merges
fb2bf2b3a7057f002ae1,content_based,aws-amplify/docs,/lib-v1/restapi/authz/q/platform/flutter,/gen1/flutter/prev/build-a-backend/restapi/customize-authz,,literal,no_prediction
fb54184fa62d0d454587,content_based,aws-amplify/docs,/lib-v1/auth/signin_with_custom_flow/q/platform/ios,/gen1/swift/prev/build-a-backend/auth/sign-in-custom-flow,/android/build-a-backend/auth/set-up-auth,literal,other
fb7fd9de6b0a578b50cd,content_based,aws-amplify/docs,/lib/analytics/record/q/platform/android,/android/build-a-backend/more-features/analytics/record-events,/gen1/javascript/prev/build-a-backend/more-features/analytics/record-events,literal,other
fb8b21f2cca18f3ec55b,content_based,denoland/docs,/examples/openai-chat-completion,/examples/openai_chat_completion,,literal,no_prediction
fb8c331bd8b17e24d31a,content_based,fluxcd/website,/flux/cheatsheets/bootstrap,/flux/installation/configuration,,literal,no_prediction
fbb44eeb88b40b79ed8a,content_based,aws-amplify/docs,/angular/build-a-backend/troubleshooting/stack-cdktoolkit-already-exists,/angular/build-a-backend/troubleshooting/cdktoolkit-stack,/angular/build-a-backend/more-features/datastore/conflict-resolution,literal,other
fbc7483e004113050822,content_based,aws-amplify/docs,/gen2/build-a-backend/data/<category>/<page>,/react/build-a-backend/data/<category>/<page>,,placeholder,no_prediction
fbf1cb499f68096c4fc6,content_based,aws-amplify/docs,/lib-v1/project-setup/create-application/q/platform/flutter,/gen1/flutter/prev/start/project-setup,,literal,no_prediction
fc3ca6bf83d4ccfc9e2b,content_based,aws-amplify/docs,/cli/commands/codegen,/javascript/tools/cli/commands,,literal,no_prediction
fc4e135cc07b5f02a62d,content_based,aws-amplify/docs,/<*>,/404/index.html,,placeholder,no_prediction
fc746a53136157591072,content_based,hashicorp/terraform-website,/docs/providers/grafana/d/:path*,/providers/grafana/grafana/latest/docs/data-sources/:path*,/providers/grafana/grafana/latest/docs/resources/:path*,placeholder,wildcard_expansion_ambiguity
fc74ce5c6fcc10277c27,content_based,denoland/docs,/examples/udp-listener,/examples/udp_listener,,literal,no_prediction
fc88319279eaea7fb49f,content_based,hashicorp/terraform-website,/docs/providers/gridscale/d/:path*,/providers/gridscale/gridscale/latest/docs/data-sources/:path*,/providers/gridscale/gridscale/latest/docs/guides/:path*,placeholder,wildcard_expansion_ambiguity
fc89bfcf75d9be0780b7,content_based,aws-amplify/docs,/lib/analytics/identifyuser/q/platform/js,/javascript/build-a-backend/more-features/analytics/identify-user,,literal,no_prediction
fcf46ebbe82e517067e0,content_based,hashicorp/terraform-website,/docs/providers/dme/d/:path*,/providers/DNSMadeEasy/dme/latest/docs/data-sources/:path*,/providers/DNSMadeEasy/dme/latest/docs/guides/:path*,placeholder,wildcard_expansion_ambiguity
fd1975fa7752d6d6013a,content_based,aws-amplify/docs,/lib-v1/storage/configureaccess/q/platform/ios,/gen1/swift/prev/build-a-backend/storage/configure-access,/gen1/<platform>/build-a-backend/storage/configure-storage,literal,other
fd75af1ef9cf06bfaa9f,content_based,hashicorp/terraform-website,/upgrade-guides/0-9.html,/language/upgrade-guides/0-9,/language/upgrade-guides/0-13,literal,other
fd7dc7fa22a81a4aba94,content_based,aws-amplify/docs,/backend/swagger-ui,/,,literal,no_prediction
fda18708340fe495781e,content_based,hashicorp/terraform-website,/upgrade-guides/0-15.html,/language/upgrade-guides/0-15,/language/upgrade-guides/0-13,literal,other
fdca15e6babe1dc81a97,content_based,aws-amplify/docs,/lib/geo/getting-started,/react/build-a-backend/more-features/geo,/android/start/getting-started/installation,literal,other
fe2461f7604a82d6370e,content_based,hashicorp/terraform-website,/docs/providers/heroku(/index.html),/providers/heroku/heroku/latest/docs,/docs/extend/writing-custom-providers.html,wildcard,wildcard_expansion_ambiguity
ff49e24b66963d4039ca,content_based,fluxcd/website,/blog/2025/06/time-based-deployments,/blog/2025/07/time-based-deployments,/en/blog/2021-01-06-january-update,literal,other
ff60cf6174c9294c1eef,content_based,aws-amplify/docs,/cli/graphql/data-modeling,/javascript/build-a-backend/graphqlapi/data-modeling,/android/build-a-backend/graphqlapi/relational-models,literal,other
ff783efabb9eb9483717,content_based,aws-amplify/docs,/javascript/build-a-backend/functions/connect-rest-api,/javascript/build-a-backend/functions,/android/build-a-backend/restapi/set-up-rest-api,literal,many_to_one_merges
ff7e1c721142b018fab5,content_based,aws-amplify/docs,/lib/predictions/escapehatch/q/platform/ios,/swift/build-a-backend/more-features/predictions/sdk,/gen1/angular/prev/start/project-setup/create-application,literal,other
ffcb95a14923a697c2c7,content_based,aws-amplify/docs,/<platform>/prev/build-a-backend/<category>/<page>,/gen1/<platform>/prev/build-a-backend/<category>/<page>,/gen1/<platform>/build-a-backend/graphqlapi/<page>,placeholder,wildcard_expansion_ambiguity
ffde24bf0a4ee05bfc6f,content_based,aws-amplify/docs,/nextjs/prev,/gen1/nextjs/prev,/gen1/javascript/prev,literal,other
