pair_id,method,rank,candidate_url_path,score,is_correct,runtime_ms
001cb53b16c607df87b6,string_similarity,1,/android/build-a-backend/more-features/logging/flush-logs,0.37141414,true,0.078
001cb53b16c607df87b6,string_similarity,2,/android/build-a-backend/more-features/logging/change-log-levels,0.20976733,false,0.078
001cb53b16c607df87b6,string_similarity,3,/android/build-a-backend/more-features/logging/configure-user,0.20703883,false,0.078
004d614e717e6cf84e19,string_similarity,1,/gen1/<platform>/tools/cli-legacy,0.34305556,false,0.036
004d614e717e6cf84e19,string_similarity,2,/gen1/<platform>/tools/cli/<page>,0.32251462,false,0.036
004d614e717e6cf84e19,string_similarity,3,/gen1/<platform>/build-a-backend/storage/configure-storage,0.30683224,false,0.036
00853681aa1108183968,string_similarity,1,/examples/tutorials/module_metadata,0.86551724,false,0.034
00853681aa1108183968,string_similarity,2,/examples/module_metadata_tutorial,0.57537231,true,0.034
00853681aa1108183968,string_similarity,3,/examples/tutorials/volumes,0.50039171,false,0.034
00d64736ed148f216535,string_similarity,1,/amplify-js/api,0.28552632,false,0.033
00d64736ed148f216535,string_similarity,2,/404/index.html,0.25526316,false,0.033
00d64736ed148f216535,string_similarity,3,/angular/start/getting-started/nextsteps,0.25158730,false,0.033
00f03d49daca0d2692d4,string_similarity,1,/android/sdk/analytics/endpoints,0.27317542,false,0.033
00f03d49daca0d2692d4,string_similarity,2,/android/build-a-backend/more-features/analytics/record-events,0.26158998,false,0.033
00f03d49daca0d2692d4,string_similarity,3,/android/sdk/analytics/kinesis,0.25619690,false,0.033
00fa09a9cedcc9fd0768,string_similarity,1,/providers/linode/linode/latest/docs,0.34428571,false,0.033
00fa09a9cedcc9fd0768,string_similarity,2,/providers/aliyun/alicloud/latest/docs,0.33361111,false,0.033
00fa09a9cedcc9fd0768,string_similarity,3,/providers/skytap/skytap/latest/docs,0.33285714,false,0.033
010e6c850d34c5eb762f,string_similarity,1,/gen1/javascript/build-ui/uibuilder,0.30181080,false,0.033
010e6c850d34c5eb762f,string_similarity,2,/gen1/<platform>/tools/console,0.28692308,false,0.033
010e6c850d34c5eb762f,string_similarity,3,/android/build-a-backend/functions,0.27386364,false,0.033
0197e48921d188ed9419,string_similarity,1,/angular/start/getting-started/nextsteps,0.29457831,false,0.032
0197e48921d188ed9419,string_similarity,2,/404/index.html,0.24655172,false,0.032
0197e48921d188ed9419,string_similarity,3,/gen1/<platform>/build-a-backend/restapi,0.21849398,false,0.032
01b23220ba48a564831e,string_similarity,1,/:lang/guides/backend/appwrite,0.65709677,true,0.032
01b23220ba48a564831e,string_similarity,2,/:lang/guides/backend/firebase,0.57967742,false,0.032
01b23220ba48a564831e,string_similarity,3,/en/guides/backend/appwrite,0.50254237,false,0.032
01bae2941f127beacb85,string_similarity,1,/angular/start/getting-started/nextsteps,0.28176471,false,0.028
01bae2941f127beacb85,string_similarity,2,/404/index.html,0.24333333,false,0.028
01bae2941f127beacb85,string_similarity,3,/angular/build-a-backend/more-features/predictions/identify-text,0.19361075,false,0.028
01e28b9ddf46396f5e2a,string_similarity,1,/<platform>/build-a-backend/auth/connect-your-frontend/sign-up,0.67565982,false,0.031
01e28b9ddf46396f5e2a,string_similarity,2,/<platform>/build-a-backend/auth/connect-your-frontend/manage-user-sessions,0.48482795,false,0.031
01e28b9ddf46396f5e2a,string_similarity,3,/gen1/javascript/prev/build-a-backend/auth/enable-sign-up,0.48332256,false,0.031
01f98ecac95ed598cbeb,string_similarity,1,/gen1/javascript/build-a-backend/storage/storage-v5-to-v6-migration-guide,0.55753546,false,0.030
01f98ecac95ed598cbeb,string_similarity,2,/gen1/<platform>/build-a-backend/restapi,0.36717172,false,0.030
01f98ecac95ed598cbeb,string_similarity,3,/android/build-a-backend/restapi/existing-resources,0.36123950,false,0.030
02889599579c92896fa8,string_similarity,1,/gen1/android/prev/build-a-backend/restapi/delete-data,0.31227614,true,0.031
02889599579c92896fa8,string_similarity,2,/android/build-a-backend/restapi/existing-resources,0.26527174,false,0.031
02889599579c92896fa8,string_similarity,3,/gen1/flutter/prev/build-a-backend/restapi/delete-data,0.26454887,false,0.031
0293d463a0d4b9ea0219,string_similarity,1,/providers/huaweicloud/huaweicloudstack/latest/docs/resources/:path*,0.53136304,true,0.033
0293d463a0d4b9ea0219,string_similarity,2,/providers/huaweicloud/huaweicloudstack/latest/docs/guides/:path*,0.53129380,false,0.033
0293d463a0d4b9ea0219,string_similarity,3,/providers/cloudflare/cloudflare/latest/docs/resources/:path*,0.44599440,false,0.033
0298ecd8cb6702312664,string_similarity,1,/flutter,0.37913043,false,0.031
0298ecd8cb6702312664,string_similarity,2,/flutter/build-a-backend/more-features/datastore/sync-to-cloud,0.31127273,true,0.031
0298ecd8cb6702312664,string_similarity,3,/gen1/flutter/prev/build-a-backend/more-features/datastore/sync-to-cloud,0.27566434,false,0.031
02eaa3001fdc29386822,string_similarity,1,/flutter/build-a-backend/auth/enable-guest-access,0.39135417,true,0.033
02eaa3001fdc29386822,string_similarity,2,/flutter,0.35561224,false,0.033
02eaa3001fdc29386822,string_similarity,3,/flutter/build-a-backend/auth/set-up-auth,0.26752613,false,0.033
02ed5c29b5cc187afe9e,string_similarity,1,/providers/cloudflare/cloudflare/latest/docs/guides/:path*,0.67071429,true,0.028
02ed5c29b5cc187afe9e,string_similarity,2,/providers/ovh/ovh/latest/docs/guides/:path*,0.54333333,false,0.028
02ed5c29b5cc187afe9e,string_similarity,3,/providers/fastly/fastly/latest/docs/guides/:path*,0.53380952,false,0.028
0300474bd4a6c40be5a8,string_similarity,1,/angular/build-a-backend/functions,0.46166008,false,0.029
0300474bd4a6c40be5a8,string_similarity,2,/android/build-a-backend/functions,0.45296443,false,0.029
0300474bd4a6c40be5a8,string_similarity,3,/gen1/<platform>/build-a-backend/functions/layers,0.41767053,false,0.029
0314596dc31f9992764f,string_similarity,1,/providers/hetznercloud/hcloud/latest/docs/resources/:path*,0.49825397,true,0.028
0314596dc31f9992764f,string_similarity,2,/providers/hetznercloud/hcloud/latest/docs,0.46513699,false,0.028
0314596dc31f9992764f,string_similarity,3,/providers/ovh/ovh/latest/docs/guides/:path*,0.44819048,false,0.028
035378592a6dd15192f8,string_similarity,1,/providers/vancluever/acme/latest/docs/resources/:path*,0.49571429,true,0.030
035378592a6dd15192f8,string_similarity,2,/providers/vancluever/acme/latest/docs/data-sources/:path*,0.45568966,false,0.030
035378592a6dd15192f8,string_similarity,3,/providers/ovh/ovh/latest/docs/guides/:path*,0.43299413,false,0.030
037262bb7b7ca6a13092,string_similarity,1,/android/start/getting-started/setup,0.48067010,false,0.032
037262bb7b7ca6a13092,string_similarity,2,/flutter/start/getting-started/nextsteps,0.45491955,false,0.032
037262bb7b7ca6a13092,string_similarity,3,/gen1/<platform>/start/getting-started,0.44242424,false,0.032
03f60c72b6a795b01279,string_similarity,1,/angular/start/getting-started/hosting,0.62906977,false,0.026
03f60c72b6a795b01279,string_similarity,2,/android/start/getting-started/integrate,0.47417522,false,0.026
03f60c72b6a795b01279,string_similarity,3,/android/start/getting-started/installation,0.45036838,false,0.026
04165d74cedea7285298,string_similarity,1,/providers/StatusCakeDev/statuscake/latest/docs,0.34575581,true,0.027
04165d74cedea7285298,string_similarity,2,/providers/skytap/skytap/latest/docs,0.34123810,false,0.027
04165d74cedea7285298,string_similarity,3,/providers/gridscale/gridscale/latest/docs,0.33610229,false,0.027
0439637d1accdf67cc97,string_similarity,1,/flagger/tutorials/traefik-progressive-delivery,0.65555556,true,0.030
0439637d1accdf67cc97,string_similarity,2,/en/flagger/tutorials/traefik-progressive-delivery,0.60122888,false,0.030
0439637d1accdf67cc97,string_similarity,3,/flagger/tutorials/kuma-progressive-delivery,0.51469622,false,0.030
04713758e4327137f272,string_similarity,1,/gen1/flutter/prev/build-a-backend/restapi/delete-data,0.28129870,false,0.029
04713758e4327137f272,string_similarity,2,/gen1/android/prev/build-a-backend/restapi/delete-data,0.27220779,false,0.029
04713758e4327137f272,string_similarity,3,/flutter/build-a-backend/restapi/fetch-data,0.22995671,false,0.029
0473600a4f88dc268f62,string_similarity,1,/cloud-docs/policy-enforcement/sentinel/import/tfplan,0.52714286,false,0.028
0473600a4f88dc268f62,string_similarity,2,/cloud-docs/policy-enforcement/sentinel/import/tfstate,0.52380952,false,0.028
0473600a4f88dc268f62,string_similarity,3,/cloud-docs/policy-enforcement/sentinel,0.51186869,true,0.028
04ca74ad1f6332b0cecf,string_similarity,1,/providers/AviatrixSystems/aviatrix/latest/docs/guides/:path*,0.59809524,true,0.030
04ca74ad1f6332b0cecf,string_similarity,2,/providers/ovh/ovh/latest/docs/guides/:path*,0.54031359,false,0.030
04ca74ad1f6332b0cecf,string_similarity,3,/providers/fastly/fastly/latest/docs/guides/:path*,0.52168831,false,0.030
04de8b1b5f816036a2bc,string_similarity,1,/providers/vultr/vultr/latest/docs,0.36210084,true,0.031
04de8b1b5f816036a2bc,string_similarity,2,/providers/linode/linode/latest/docs,0.34428571,false,0.031
04de8b1b5f816036a2bc,string_similarity,3,/providers/turbot/turbot/latest/docs,0.33285714,false,0.031
04e2a742e1a26cf006a4,string_similarity,1,/examples/unix_cat,0.84846743,true,0.029
04e2a742e1a26cf006a4,string_similarity,2,/examples,0.44666667,false,0.029
04e2a742e1a26cf006a4,string_similarity,3,/examples/kv,0.42007576,false,0.029
05283c511ee27b79b39b,string_similarity,1,/providers/cloudscale-ch/cloudscale/latest/docs/resources/:path*,0.50956710,true,0.027
05283c511ee27b79b39b,string_similarity,2,/providers/exoscale/exoscale/latest/docs/resources/:path*,0.44633540,false,0.027
05283c511ee27b79b39b,string_similarity,3,/providers/cloudflare/cloudflare/latest/docs/resources/:path*,0.44452381,false,0.027
054944f3f05fa5083bdc,string_similarity,1,/flutter/build-a-backend/graphqlapi/advanced-workflows,0.39160377,false,0.034
054944f3f05fa5083bdc,string_similarity,2,/gen1/android/prev/build-a-backend/graphqlapi/advanced-workflows,0.34698276,false,0.034
054944f3f05fa5083bdc,string_similarity,3,/gen1/flutter/prev/build-a-backend/graphqlapi/advanced-workflows,0.34698276,false,0.034
05ce0be692b0dad98a06,string_similarity,1,/amplify-js/api,0.34953704,true,0.034
05ce0be692b0dad98a06,string_similarity,2,/404/index.html,0.26851852,false,0.034
05ce0be692b0dad98a06,string_similarity,3,/angular/start/getting-started/nextsteps,0.25769231,false,0.034
0606b0094ec609100f24,string_similarity,1,/gen1/<platform>/tools/cli/<page>,0.25386905,false,0.032
0606b0094ec609100f24,string_similarity,2,/android/build-a-backend/storage/list,0.24423077,false,0.032
0606b0094ec609100f24,string_similarity,3,/android/build-a-backend/storage/upload,0.22640902,false,0.032
066bb039d6ff9bb1988e,string_similarity,1,/angular/start/getting-started/nextsteps,0.46988506,false,0.036
066bb039d6ff9bb1988e,string_similarity,2,/angular/getting-started/migration,0.33703704,false,0.036
066bb039d6ff9bb1988e,string_similarity,3,/android/start/getting-started/installation,0.33000000,false,0.036
0777eeeaff625da13101,string_similarity,1,/providers/tencentcloudstack/tencentcloud/latest/docs,0.36079787,true,0.028
0777eeeaff625da13101,string_similarity,2,/providers/linode/linode/latest/docs,0.34636364,false,0.028
0777eeeaff625da13101,string_similarity,3,/providers/ucloud/ucloud/latest/docs,0.34636364,false,0.028
07beaaf21d2dbefb93b0,string_similarity,1,/runtime/reference/jsx,0.37190476,true,0.034
07beaaf21d2dbefb93b0,string_similarity,2,/runtime/reference/std,0.28625000,false,0.034
07beaaf21d2dbefb93b0,string_similarity,3,/runtime/contributing,0.23853604,false,0.034
081586ce9f497e92dc59,string_similarity,1,/android/sdk/auth/federated-identities,0.26634615,false,0.035
081586ce9f497e92dc59,string_similarity,2,/android/sdk/auth/getting-started,0.26592466,false,0.035
081586ce9f497e92dc59,string_similarity,3,/android/build-a-backend/auth/set-up-auth,0.25752315,false,0.035
081a3d765b551c35808f,string_similarity,1,/flutter/build-a-backend/graphqlapi/query-data,0.45036905,false,0.055
081a3d765b551c35808f,string_similarity,2,/gen1/android/prev/build-a-backend/graphqlapi/query-data,0.38387255,false,0.055
081a3d765b551c35808f,string_similarity,3,/gen1/flutter/prev/build-a-backend/graphqlapi/query-data,0.38387255,false,0.055
0829a3f8668fedf8090a,string_similarity,1,/gen1/android/prev/build-a-backend/graphqlapi/set-up-graphql-api,0.23147353,false,0.038
0829a3f8668fedf8090a,string_similarity,2,/android/build-a-backend/graphqlapi/api-graphql-concepts,0.22874903,false,0.038
0829a3f8668fedf8090a,string_similarity,3,/android/sdk/auth/drop-in-auth,0.22702298,false,0.038
08a051a090ee82111d67,string_similarity,1,/en/flux/cheatsheets/_index,0.48188679,false,0.034
08a051a090ee82111d67,string_similarity,2,/en/flux/cheatsheets/troubleshooting,0.47677419,false,0.034
08a051a090ee82111d67,string_similarity,3,/en/flux/cheatsheets/oci-artifacts,0.43000000,false,0.034
08d23ee78d112ab6d9f8,string_similarity,1,/:splat,0.26428571,true,0.036
08d23ee78d112ab6d9f8,string_similarity,2,/:lang/404,0.24411765,false,0.036
08d23ee78d112ab6d9f8,string_similarity,3,/:lang/:splat,0.23000000,false,0.036
08da8f5882f669f3c296,string_similarity,1,/gen1/android/prev/build-a-backend/storage/lambda-triggers,0.25271850,false,0.033
08da8f5882f669f3c296,string_similarity,2,/gen1/flutter/prev/build-a-backend/more-features/datastore/real-time,0.24391267,false,0.033
08da8f5882f669f3c296,string_similarity,3,/android/build-a-backend/storage/lambda-triggers,0.24081542,false,0.033
08e474cbcbdd012f91d4,string_similarity,1,/angular/start/getting-started/nextsteps,0.27222222,false,0.037
08e474cbcbdd012f91d4,string_similarity,2,/404/index.html,0.25212766,false,0.037
08e474cbcbdd012f91d4,string_similarity,3,/gen1/javascript/prev/build-a-backend/more-features/geo/location-search,0.18855756,true,0.037
08fb960e63f04143fd1d,string_similarity,1,/examples/tutorials/hashbang,0.87419355,false,0.032
08fb960e63f04143fd1d,string_similarity,2,/examples/tutorials/stubbing,0.57668067,false,0.032
08fb960e63f04143fd1d,string_similarity,3,/examples/tutorials/fresh,0.57582547,false,0.032
092c7e53c7c26e840f97,string_similarity,1,/flutter/start/project-setup/escape-hatch,0.30370158,false,0.027
092c7e53c7c26e840f97,string_similarity,2,/gen1/angular/prev/start/project-setup/create-application,0.29783163,false,0.027
092c7e53c7c26e840f97,string_similarity,3,/flutter/start/project-setup/upgrade-guide,0.29186199,false,0.027
09391bc2e488f4aec6e7,string_similarity,1,/gen1/flutter/prev/build-a-backend/more-features/datastore/real-time,0.28733946,false,0.068
09391bc2e488f4aec6e7,string_similarity,2,/gen1/javascript/prev/build-a-backend/more-features/datastore/real-time,0.27517294,false,0.068
09391bc2e488f4aec6e7,string_similarity,3,/flutter/build-a-backend/more-features/datastore/set-up-datastore,0.21748252,false,0.068
09f78315996b8e973a2d,string_similarity,1,/providers/mongodb/mongodbatlas/latest/docs/resources/:path*,0.53106038,true,0.060
09f78315996b8e973a2d,string_similarity,2,/providers/DataDog/datadog/latest/docs/resources/:path*,0.44633540,false,0.060
09f78315996b8e973a2d,string_similarity,3,/providers/ovh/ovh/latest/docs/guides/:path*,0.43989418,false,0.060
0a2cfa024f8ad67a8b17,string_similarity,1,/angular/start/getting-started/nextsteps,0.29000000,false,0.039
0a2cfa024f8ad67a8b17,string_similarity,2,/404/index.html,0.25181818,false,0.039
0a2cfa024f8ad67a8b17,string_similarity,3,/angular/build-a-backend/more-features/predictions/identify-text,0.19615385,false,0.039
0a4e706aa1db9e37ac6e,string_similarity,1,/flutter/build-a-backend/storage/get-properties,0.46194556,true,0.034
0a4e706aa1db9e37ac6e,string_similarity,2,/flutter,0.34351852,false,0.034
0a4e706aa1db9e37ac6e,string_similarity,3,/gen1/flutter/prev/build-a-backend/storage/set-up-storage,0.26139103,false,0.034
0a7ff03f0bc1e3f5c012,string_similarity,1,/gen1/flutter/prev/build-a-backend/graphqlapi/mutate-data,0.30726428,false,0.037
0a7ff03f0bc1e3f5c012,string_similarity,2,/flutter/build-a-backend/graphqlapi/query-data,0.26354545,false,0.037
0a7ff03f0bc1e3f5c012,string_similarity,3,/flutter/build-a-backend/graphqlapi/subscribe-data,0.25633484,false,0.037
0ab6f43e3d320a1de7d2,string_similarity,1,/android/build-a-backend/storage/lambda-triggers,0.35056818,true,0.036
0ab6f43e3d320a1de7d2,string_similarity,2,/gen1/android/prev/build-a-backend/storage/lambda-triggers,0.29826531,false,0.036
0ab6f43e3d320a1de7d2,string_similarity,3,/android/build-a-backend/storage/upload,0.28465190,false,0.036
0ae4f25d2448c12aa790,string_similarity,1,/android/sdk/pubsub/working-api,0.52380952,false,0.036
0ae4f25d2448c12aa790,string_similarity,2,/android/sdk/auth/working-with-api,0.35000000,false,0.036
0ae4f25d2448c12aa790,string_similarity,3,/angular/start/getting-started/nextsteps,0.27307692,false,0.036
0b71df3d38e51b3702e6,string_similarity,1,/gen1/<platform>/tools/cli-legacy,0.30354478,false,0.063
0b71df3d38e51b3702e6,string_similarity,2,/gen1/<platform>/tools/cli/<page>,0.29160448,false,0.063
0b71df3d38e51b3702e6,string_similarity,3,/angular/start/getting-started/nextsteps,0.27972973,false,0.063
0b75cf559825f49260a7,string_similarity,1,/gen1/javascript/prev/build-a-backend/more-features/analytics/create-custom-plugin,0.33620502,true,0.038
0b75cf559825f49260a7,string_similarity,2,/angular/start/getting-started/nextsteps,0.28483146,false,0.038
0b75cf559825f49260a7,string_similarity,3,/404/index.html,0.23750000,false,0.038
0b8e4a0955ef03d86450,string_similarity,1,/angular/start/getting-started/nextsteps,0.29712644,false,0.036
0b8e4a0955ef03d86450,string_similarity,2,/404/index.html,0.25322581,false,0.036
0b8e4a0955ef03d86450,string_similarity,3,/gen1/angular/deploy-and-host/deployment,0.19310345,false,0.036
0b8fecf5013aa23d6fc4,string_similarity,1,/flutter/build-a-backend/more-features/datastore/set-up-datastore,0.22178644,false,0.045
0b8fecf5013aa23d6fc4,string_similarity,2,/flutter/build-a-backend/more-features/datastore/sync-to-cloud,0.21891304,false,0.045
0b8fecf5013aa23d6fc4,string_similarity,3,/angular/build-a-backend/more-features/datastore/conflict-resolution,0.21849294,false,0.045
0b9278049f7883b31b23,string_similarity,1,/flutter/build-a-backend/graphqlapi/advanced-workflows,0.26920557,false,0.037
0b9278049f7883b31b23,string_similarity,2,/gen1/javascript/prev/build-a-backend/graphqlapi/advanced-workflows,0.24342432,false,0.037
0b9278049f7883b31b23,string_similarity,3,/gen1/android/prev/build-a-backend/graphqlapi/advanced-workflows,0.24113160,false,0.037
0bd4077c5423a5c37d1a,string_similarity,1,/android/start/getting-started/installation,0.38411474,false,0.038
0bd4077c5423a5c37d1a,string_similarity,2,/android/start/getting-started/setup,0.38094778,false,0.038
0bd4077c5423a5c37d1a,string_similarity,3,/android/start/getting-started/integrate,0.37495362,false,0.038
0c463bff126b36f04656,string_similarity,1,/angular/start/getting-started/nextsteps,0.28827160,false,0.040
0c463bff126b36f04656,string_similarity,2,/404/index.html,0.25000000,false,0.040
0c463bff126b36f04656,string_similarity,3,/angular/build-a-backend/more-features/datastore/conflict-resolution,0.20828965,false,0.040
0c8f2815cc41fd66a8e4,string_similarity,1,/gen1/javascript/prev/build-a-backend/graphqlapi/customize-authz-modes,0.80346154,false,0.039
0c8f2815cc41fd66a8e4,string_similarity,2,/gen1/flutter/prev/build-a-backend/restapi/customize-authz,0.60321374,false,0.039
0c8f2815cc41fd66a8e4,string_similarity,3,/gen1/android/prev/build-a-backend/graphqlapi/subscribe-data,0.51463768,false,0.039
0cad0f54afbafb245b25,string_similarity,1,/android/start/getting-started/integrate,0.32975136,false,0.039
0cad0f54afbafb245b25,string_similarity,2,/flutter/start/getting-started/nextsteps,0.32926117,false,0.039
0cad0f54afbafb245b25,string_similarity,3,/angular/getting-started/migration,0.31978022,false,0.039
0cb3f453f294af042969,string_similarity,1,/android/start/getting-started/installation,0.42205065,false,0.075
0cb3f453f294af042969,string_similarity,2,/android/start/getting-started/setup,0.41825712,false,0.075
0cb3f453f294af042969,string_similarity,3,/android/start/getting-started/integrate,0.41237591,false,0.075
0cc95a7d27cc58f6bc12,string_similarity,1,/gen1/javascript/prev/build-a-backend/auth/enable-sign-up,0.72769231,false,0.041
0cc95a7d27cc58f6bc12,string_similarity,2,/<platform>/build-a-backend/auth/connect-your-frontend/sign-up,0.67845347,true,0.041
0cc95a7d27cc58f6bc12,string_similarity,3,/gen1/android/prev/build-a-backend/auth/enable-sign-in,0.58379642,false,0.041
0d3fbfe86fedb110f062,string_similarity,1,/language/v1.1.x/upgrade-guides/1-0,0.84374384,true,0.038
0d3fbfe86fedb110f062,string_similarity,2,/language/v1.1.x/upgrade-guides/0-9,0.82071429,false,0.038
0d3fbfe86fedb110f062,string_similarity,3,/language/v1.1.x/upgrade-guides/0-10,0.73683099,false,0.038
0d65c595712599d32031,string_similarity,1,/gen1/android/prev/build-a-backend/storage/existing-resources,0.34914237,false,0.037
0d65c595712599d32031,string_similarity,2,/angular/start/getting-started/nextsteps,0.32882353,false,0.037
0d65c595712599d32031,string_similarity,3,/android/build-a-backend/restapi/existing-resources,0.30666667,false,0.037
0db156ab735c14b01d5c,string_similarity,1,/flagger/tutorials/istio-ab-testing,0.51833333,true,0.037
0db156ab735c14b01d5c,string_similarity,2,/en/flagger/usage/alerting,0.47941176,false,0.037
0db156ab735c14b01d5c,string_similarity,3,/en/flagger/tutorials/istio-ab-testing,0.47222222,false,0.037
0dc4371edf26705dce8b,string_similarity,1,/flutter/build-a-backend/push-notifications/identify-user,0.52162432,true,0.036
0dc4371edf26705dce8b,string_similarity,2,/flutter/build-a-backend/push-notifications/interact-with-notifications,0.34190050,false,0.036
0dc4371edf26705dce8b,string_similarity,3,/flutter/build-a-backend/push-notifications/enable-rich-notifications,0.32752727,false,0.036
0dfbd2a8112553531237,string_similarity,1,/providers/nutanix/nutanix/latest/docs/resources/:path*,0.55827586,false,0.035
0dfbd2a8112553531237,string_similarity,2,/providers/nutanix/nutanix/latest/docs/data-sources/:path*,0.50714286,true,0.035
0dfbd2a8112553531237,string_similarity,3,/providers/Venafi/venafi/latest/docs/resources/:path*,0.42873950,false,0.035
0e0ee77212b9a4b28eee,string_similarity,1,/android/build-a-backend/functions,0.45397129,false,0.035
0e0ee77212b9a4b28eee,string_similarity,2,/angular/build-a-backend/functions,0.45397129,false,0.035
0e0ee77212b9a4b28eee,string_similarity,3,/gen1/<platform>/build-a-backend/functions/layers,0.41821429,false,0.035
0e103d0501ab1bfdd80e,string_similarity,1,/gen1/<platform>/build-a-backend/push-notifications,0.82104811,true,0.037
0e103d0501ab1bfdd80e,string_similarity,2,/gen1/<platform>/build-a-backend/push-notifications/<page>,0.74194139,false,0.037
0e103d0501ab1bfdd80e,string_similarity,3,/android/build-a-backend/push-notifications/test-notifications,0.58862434,false,0.037
0e23c138bdabfb6b97b7,string_similarity,1,/providers/cobber/cobbler/latest/docs,0.47847826,false,0.037
0e23c138bdabfb6b97b7,string_similarity,2,/providers/cobber/cobbler/latest/docs/data-sources/:path*,0.47769663,true,0.037
0e23c138bdabfb6b97b7,string_similarity,3,/providers/ovh/ovh/latest/docs/guides/:path*,0.44496241,false,0.037
0ec6580aa51a97815cc5,string_similarity,1,/language/v1.2.x/settings/backends/swift,0.72164384,true,0.032
0ec6580aa51a97815cc5,string_similarity,2,/language/v1.2.x/settings/backends/manta,0.54280822,false,0.032
0ec6580aa51a97815cc5,string_similarity,3,/language/v1.2.x/settings/backends/etcdv3,0.53851351,false,0.032
0ed847f65329df3dc0e7,string_similarity,1,/android/build-a-backend/more-features/predictions/identify-text,0.38999723,true,0.042
0ed847f65329df3dc0e7,string_similarity,2,/gen1/android/prev/build-a-backend/more-features/predictions/identify-text,0.34330539,false,0.042
0ed847f65329df3dc0e7,string_similarity,3,/angular/build-a-backend/more-features/predictions/identify-text,0.33980415,false,0.042
0f4ee9ebd19f639e5811,string_similarity,1,/flutter/build-a-backend/graphqlapi/existing-resources,0.40785714,false,0.040
0f4ee9ebd19f639e5811,string_similarity,2,/gen1/flutter/prev/build-a-backend/graphqlapi/existing-resources,0.36545082,false,0.040
0f4ee9ebd19f639e5811,string_similarity,3,/android/build-a-backend/restapi/existing-resources,0.30998332,false,0.040
0f6a5f6b224914d11d59,string_similarity,1,/gen1/javascript/build-ui/uibuilder,0.34243088,false,0.040
0f6a5f6b224914d11d59,string_similarity,2,/gen1/<platform>/tools/console,0.25603070,false,0.040
0f6a5f6b224914d11d59,string_similarity,3,/angular/build-a-backend/server-side-rendering,0.24630137,false,0.040
0fb4c822dc3d7cd699ff,string_similarity,1,/providers/scaleway/scaleway/latest/docs/resources/:path*,0.55888889,true,0.040
0fb4c822dc3d7cd699ff,string_similarity,2,/providers/scaleway/scaleway/latest/docs/guides/:path*,0.55827586,false,0.040
0fb4c822dc3d7cd699ff,string_similarity,3,/providers/scaleway/scaleway/latest/docs/data-sources/:path*,0.50800307,false,0.040
0fd57ae51b347e550125,string_similarity,1,/android/build-a-backend/restapi/set-up-rest-api,0.24717195,false,0.070
0fd57ae51b347e550125,string_similarity,2,/gen1/flutter/prev/build-a-backend/restapi/set-up-rest-api,0.24466387,false,0.070
0fd57ae51b347e550125,string_similarity,3,/gen1/<platform>/build-a-backend/functions/layers,0.21346394,false,0.070
100e227726994caea679,string_similarity,1,/:lang/basics/astro-pages,0.39614055,false,0.041
100e227726994caea679,string_similarity,2,/:lang/basics/astro-syntax,0.34712302,false,0.041
100e227726994caea679,string_similarity,3,/:lang/basics/astro-components,0.34453809,false,0.041
10a0c54301e199fa74d4,string_similarity,1,/android/build-a-backend/restapi/set-up-rest-api,0.51468531,false,0.043
10a0c54301e199fa74d4,string_similarity,2,/gen1/<platform>/build-a-backend/restapi,0.49642857,false,0.043
10a0c54301e199fa74d4,string_similarity,3,/flutter/build-a-backend/restapi/fetch-data,0.48800834,false,0.043
10af0f22725240cb43de,string_similarity,1,/angular/build-a-backend/troubleshooting/cdktoolkit-stack,0.62121212,false,0.044
10af0f22725240cb43de,string_similarity,2,/flutter/build-a-backend/troubleshooting/cdktoolkit-stack,0.60909091,false,0.044
10af0f22725240cb43de,string_similarity,3,/gen1/javascript/build-a-backend/troubleshooting/upgrade-amplify-packages,0.53911807,false,0.044
10b410c084cc7c99a44f,string_similarity,1,/providers/fastly/fastly/latest/docs/guides/:path*,0.67337209,true,0.041
10b410c084cc7c99a44f,string_similarity,2,/providers/ovh/ovh/latest/docs/guides/:path*,0.54714286,false,0.041
10b410c084cc7c99a44f,string_similarity,3,/providers/turbot/turbot/latest/docs/guides/:path*,0.52760797,false,0.041
10ed6d90a0c561802930,string_similarity,1,/examples/tutorials/file_server,0.45000000,false,0.038
10ed6d90a0c561802930,string_similarity,2,/examples/tcp_echo_server,0.40703704,true,0.038
10ed6d90a0c561802930,string_similarity,3,/examples/tutorials/svelte,0.33678886,false,0.038
10f7f017be91c9ae6f10,string_similarity,1,/providers/turbot/turbot/latest/docs,0.36392354,true,0.039
10f7f017be91c9ae6f10,string_similarity,2,/providers/linode/linode/latest/docs,0.34138833,false,0.039
10f7f017be91c9ae6f10,string_similarity,3,/providers/vultr/vultr/latest/docs,0.33567288,false,0.039
11568e4abd2859da8699,string_similarity,1,/android/sdk/auth/federated-identities,0.27134199,false,0.044
11568e4abd2859da8699,string_similarity,2,/android/sdk/auth/getting-started,0.26279361,false,0.044
11568e4abd2859da8699,string_similarity,3,/android/sdk/auth/working-with-api,0.25983871,false,0.044
11c3b0d4ce1923fb90f9,string_similarity,1,/android/start/getting-started/integrate,0.51337370,true,0.041
11c3b0d4ce1923fb90f9,string_similarity,2,/android/start/getting-started/installation,0.41664003,false,0.041
11c3b0d4ce1923fb90f9,string_similarity,3,/android/start/getting-started/setup,0.39399064,false,0.041
11d4814862ab66f85137,string_similarity,1,/android/sdk/auth/working-with-api,0.65417784,true,0.041
11d4814862ab66f85137,string_similarity,2,/android/sdk/pubsub/working-api,0.41447368,false,0.041
11d4814862ab66f85137,string_similarity,3,/android/sdk/auth/getting-started,0.33461538,false,0.041
120f2ffef15f0db13c9a,string_similarity,1,/flutter/build-a-backend/troubleshooting/cdktoolkit-stack,0.74056554,true,0.037
120f2ffef15f0db13c9a,string_similarity,2,/angular/build-a-backend/troubleshooting/cdktoolkit-stack,0.62205779,false,0.037
120f2ffef15f0db13c9a,string_similarity,3,/gen1/flutter/build-a-backend/troubleshooting/upgrade-amplify-packages,0.53432172,false,0.037
121554be45b50212f6cd,string_similarity,1,/flux/components/notification,0.85000000,false,0.037
121554be45b50212f6cd,string_similarity,2,/flux/components/notification/receivers,0.77675676,false,0.037
121554be45b50212f6cd,string_similarity,3,/flux/components/notification/providers,0.76594595,false,0.037
121c6f6ab1c9ef7a5459,string_similarity,1,/android/build-a-backend/auth/app-uninstall,0.29088962,false,0.038
121c6f6ab1c9ef7a5459,string_similarity,2,/android/start/sample-apps/to-do-app,0.18686407,false,0.038
121c6f6ab1c9ef7a5459,string_similarity,3,/android/start/getting-started/generate-model,0.16957831,false,0.038
12247d601d994d37d340,string_similarity,1,/flutter/build-a-backend/push-notifications/interact-with-notifications,0.80733333,false,0.039
12247d601d994d37d340,string_similarity,2,/android/build-a-backend/push-notifications/test-notifications,0.57273050,false,0.039
12247d601d994d37d340,string_similarity,3,/android/build-a-backend/push-notifications/record-notifications,0.56626374,false,0.039
1233fb77e11f7ae10fdb,string_similarity,1,/android/start/getting-started/installation,0.67706767,false,0.039
1233fb77e11f7ae10fdb,string_similarity,2,/gen1/<platform>/start/getting-started,0.43299731,false,0.039
1233fb77e11f7ae10fdb,string_similarity,3,/android/start/getting-started/integrate,0.42980263,false,0.039
1241489af8c8a3208069,string_similarity,1,/gen1/angular/prev/start/project-setup/create-application,0.29392136,false,0.040
1241489af8c8a3208069,string_similarity,2,/flutter/start/project-setup/escape-hatch,0.28828877,false,0.040
1241489af8c8a3208069,string_similarity,3,/flutter/start/project-setup/upgrade-guide,0.27695560,false,0.040
1298fdb2635a26713369,string_similarity,1,/flutter/build-a-backend/storage/get-properties,0.20640188,false,0.039
1298fdb2635a26713369,string_similarity,2,/flutter/build-a-backend/storage/configure-access,0.19902715,false,0.039
1298fdb2635a26713369,string_similarity,3,/gen1/javascript/build-a-backend/storage/storage-v5-to-v6-migration-guide,0.19648815,false,0.039
12aa61b71c0eac02bd06,string_similarity,1,/angular/getting-started/migration,0.35064935,false,0.036
12aa61b71c0eac02bd06,string_similarity,2,/gen1/javascript/build-a-backend/storage/storage-v5-to-v6-migration-guide,0.25807692,false,0.036
12aa61b71c0eac02bd06,string_similarity,3,/gen1/<platform>/tools/cli-legacy,0.25685201,false,0.036
12c61619ffcded51490d,string_similarity,1,/gen1/android/prev/build-a-backend/more-features/datastore/additional-methods,0.25390889,true,0.037
12c61619ffcded51490d,string_similarity,2,/android/build-a-backend/more-features/datastore/manipulate-data,0.24181849,false,0.037
12c61619ffcded51490d,string_similarity,3,/android/build-a-backend/more-features/datastore,0.24160772,false,0.037
1303fabc4bc3ec87632f,string_similarity,1,/android/build-a-backend/auth/sign-in-custom-flow,0.34801980,true,0.044
1303fabc4bc3ec87632f,string_similarity,2,/flutter/build-a-backend/auth/sign-in-custom-flow,0.30978675,false,0.044
1303fabc4bc3ec87632f,string_similarity,3,/android/sdk/auth/working-with-api,0.27673690,false,0.044
13e41a598db59574325d,string_similarity,1,/:lang/guides/deploy/aws-via-flightcontrol,0.80789474,true,0.058
13e41a598db59574325d,string_similarity,2,/en/guides/deploy/aws-via-flightcontrol,0.67162427,false,0.058
13e41a598db59574325d,string_similarity,3,/:lang/guides/deploy/firebase,0.64535014,false,0.058
141ba75db53e30751f3e,string_similarity,1,/cloud-docs/policy-enforcement/sentinel/import/tfplan,0.63407225,true,0.039
141ba75db53e30751f3e,string_similarity,2,/cloud-docs/policy-enforcement/sentinel/import/tfstate,0.50681818,false,0.039
141ba75db53e30751f3e,string_similarity,3,/cloud-docs/policy-enforcement/sentinel/import/tfstate-v2,0.48804471,false,0.039
1426b16b526bce8e58c2,string_similarity,1,/gen1/android/prev/build-a-backend/restapi/delete-data,0.51620553,false,0.041
1426b16b526bce8e58c2,string_similarity,2,/gen1/flutter/prev/build-a-backend/restapi/delete-data,0.50461133,false,0.041
1426b16b526bce8e58c2,string_similarity,3,/gen1/android/prev/build-a-backend/restapi/fetch-data,0.50422882,false,0.041
144d3c606a9138891075,string_similarity,1,/android/sdk/api/graphql,0.58123487,true,0.038
144d3c606a9138891075,string_similarity,2,/android/sdk/pubsub/working-api,0.32619048,false,0.038
144d3c606a9138891075,string_similarity,3,/android/sdk,0.31617021,false,0.038
14f860b5c6f83425bcb6,string_similarity,1,/providers/cobber/cobbler/latest/docs,0.35263699,true,0.039
14f860b5c6f83425bcb6,string_similarity,2,/providers/linode/linode/latest/docs,0.34968254,false,0.039
14f860b5c6f83425bcb6,string_similarity,3,/providers/gridscale/gridscale/latest/docs,0.33344322,false,0.039
1550a07d896659bf3d80,string_similarity,1,/examples/parsing_serializing_csv,0.82575758,true,0.032
1550a07d896659bf3d80,string_similarity,2,/examples/parsing_serializing_json,0.61626866,false,0.032
1550a07d896659bf3d80,string_similarity,3,/examples/parsing_serializing_yaml,0.60432836,false,0.032
15b9928b054ce96ebf07,string_similarity,1,/gen1/<platform>/deploy-and-host/deployment/<page>,0.50570175,false,0.037
15b9928b054ce96ebf07,string_similarity,2,/gen1/angular/deploy-and-host/deployment,0.47982517,false,0.037
15b9928b054ce96ebf07,string_similarity,3,/gen1/<platform>/deploy-and-host/frameworks/<page>,0.40134712,false,0.037
15c4d59d62e97dfdfe50,string_similarity,1,/gen1/<platform>/build-a-backend/utilities,0.18858974,false,0.042
15c4d59d62e97dfdfe50,string_similarity,2,/flutter/build-a-backend/graphqlapi/existing-resources,0.16986111,false,0.042
15c4d59d62e97dfdfe50,string_similarity,3,/gen1/<platform>/tools/console,0.16969697,false,0.042
15ec0e975e5ed9071931,string_similarity,1,/providers/linode/linode/latest/docs,0.34968254,false,0.043
15ec0e975e5ed9071931,string_similarity,2,/providers/fortinetdev/fortios/latest/docs,0.33788462,true,0.043
15ec0e975e5ed9071931,string_similarity,3,/providers/gridscale/gridscale/latest/docs,0.33344322,false,0.043
1612069b21210be57f73,string_similarity,1,/examples/import_export,0.84868012,true,0.041
1612069b21210be57f73,string_similarity,2,/examples/importing_json,0.39436170,false,0.041
1612069b21210be57f73,string_similarity,3,/examples,0.38382353,false,0.041
169b4365048804bf775c,string_similarity,1,/flutter/build-a-backend/graphqlapi/advanced-workflows,0.32582569,false,0.039
169b4365048804bf775c,string_similarity,2,/gen1/flutter/prev/build-a-backend/graphqlapi/advanced-workflows,0.29401261,false,0.039
169b4365048804bf775c,string_similarity,3,/angular/start/getting-started/nextsteps,0.28473684,false,0.039
16a458be50b2c5d9c92b,string_similarity,1,/:lang/:splat,0.54615385,true,0.033
16a458be50b2c5d9c92b,string_similarity,2,/:lang/404,0.54347826,false,0.033
16a458be50b2c5d9c92b,string_similarity,3,/:lang/recipes,0.41666667,false,0.033
16cae477060299632806,string_similarity,1,/language/upgrade-guides/0-8,0.82642857,false,0.036
16cae477060299632806,string_similarity,2,/language/upgrade-guides/0-9,0.82642857,false,0.036
16cae477060299632806,string_similarity,3,/language/upgrade-guides/0-13,0.70741228,false,0.036
16d56cdebfecec8d551d,string_similarity,1,/gen1/<platform>/prev/start/<page>,0.79884220,true,0.038
16d56cdebfecec8d551d,string_similarity,2,/gen1/<platform>/start/getting-started/<page>,0.54060489,false,0.038
16d56cdebfecec8d551d,string_similarity,3,/gen1/<platform>/prev/build-a-backend/<page>,0.53349641,false,0.038
16d801e2f28374b726c2,string_similarity,1,/flagger/tutorials/linkerd-progressive-delivery,0.65555556,true,0.038
16d801e2f28374b726c2,string_similarity,2,/en/flagger/tutorials/linkerd-progressive-delivery,0.60122888,false,0.038
16d801e2f28374b726c2,string_similarity,3,/flagger/tutorials/skipper-progressive-delivery,0.51285714,false,0.038
16dd17779970f33d9a1d,string_similarity,1,/android/build-a-backend/graphqlapi/api-graphql-concepts,0.28181818,false,0.034
16dd17779970f33d9a1d,string_similarity,2,/flutter/build-a-backend/graphqlapi/api-graphql-concepts,0.28181818,false,0.034
16dd17779970f33d9a1d,string_similarity,3,/android/sdk/api/graphql,0.28092105,false,0.034
171e3b4170b0792c8725,string_similarity,1,/providers/hashicorp/azuread/latest/docs,0.34355263,true,0.039
171e3b4170b0792c8725,string_similarity,2,/providers/linode/linode/latest/docs,0.33857143,false,0.039
171e3b4170b0792c8725,string_similarity,3,/providers/Venafi/venafi/latest/docs,0.32746032,false,0.039
1763c12473d95e729458,string_similarity,1,/examples/node_built_in,0.81521739,true,0.040
1763c12473d95e729458,string_similarity,2,/examples/videos/all-in-one_tooling,0.34698276,false,0.040
1763c12473d95e729458,string_similarity,3,/examples/deno_version,0.34166667,false,0.040
176a11d03793b140e568,string_similarity,1,/providers/hashicorp/azurestack/latest/docs/resources/:path*,0.51977444,true,0.037
176a11d03793b140e568,string_similarity,2,/providers/hashicorp/azurestack/latest/docs/guides/:path*,0.51931677,false,0.037
176a11d03793b140e568,string_similarity,3,/providers/hashicorp/azurestack/latest/docs/data-sources/:path*,0.47989796,false,0.037
177fff7f0b0eccd03fd8,string_similarity,1,/flutter/build-a-backend/graphqlapi/advanced-workflows,0.25745614,false,0.043
177fff7f0b0eccd03fd8,string_similarity,2,/gen1/javascript/prev/build-a-backend/graphqlapi/advanced-workflows,0.24066367,false,0.043
177fff7f0b0eccd03fd8,string_similarity,3,/gen1/android/prev/build-a-backend/graphqlapi/advanced-workflows,0.23847926,false,0.043
17a5da92af3adedfad09,string_similarity,1,/404/index.html,0.23000000,false,0.037
17a5da92af3adedfad09,string_similarity,2,/angular/start/getting-started/nextsteps,0.22111111,false,0.037
17a5da92af3adedfad09,string_similarity,3,/gen1/angular/prev,0.13913043,false,0.037
17a90a8462bb14b96f67,string_similarity,1,/gen1/<platform>/tools/console,0.29978632,false,0.039
17a90a8462bb14b96f67,string_similarity,2,/android/build-a-backend/graphqlapi/client-code-generation,0.25111111,false,0.039
17a90a8462bb14b96f67,string_similarity,3,/android/build-a-backend/restapi,0.22996633,false,0.039
17a9770ffa264708627f,string_similarity,1,/angular/start/getting-started/nextsteps,0.38952020,false,0.042
17a9770ffa264708627f,string_similarity,2,/android/start/getting-started/nextsteps,0.23952020,false,0.042
17a9770ffa264708627f,string_similarity,3,/flutter/start/getting-started/nextsteps,0.23952020,false,0.042
17b153f9cb24de7b20c5,string_similarity,1,/providers/circonus-labs/circonus/latest/docs/resources/:path*,0.50293233,true,0.040
17b153f9cb24de7b20c5,string_similarity,2,/providers/circonus-labs/circonus/latest/docs,0.48115385,false,0.040
17b153f9cb24de7b20c5,string_similarity,3,/providers/turbot/turbot/latest/docs/resources/:path*,0.42611296,false,0.040
17b264ab5edc53e03ceb,string_similarity,1,/deploy/classic/*,0.62937500,false,0.040
17b264ab5edc53e03ceb,string_similarity,2,/deploy/classic,0.62516447,false,0.040
17b264ab5edc53e03ceb,string_similarity,3,/deploy/classic/dynamodb,0.58478037,false,0.040
17c94aa0fa73c6af4b6d,string_similarity,1,/angular/build-a-backend/auth,0.45952381,false,0.043
17c94aa0fa73c6af4b6d,string_similarity,2,/gen1/<platform>/build-a-backend/auth/auth-events,0.44473684,false,0.043
17c94aa0fa73c6af4b6d,string_similarity,3,/flutter/build-a-backend/auth/auth-events,0.44461207,false,0.043
17cf1130843e097c2f6e,string_similarity,1,/gen1/<platform>/tools/cli-legacy,0.33001515,false,0.039
17cf1130843e097c2f6e,string_similarity,2,/gen1/<platform>/tools/cli/<page>,0.28504762,false,0.039
17cf1130843e097c2f6e,string_similarity,3,/flutter/build-a-backend/graphqlapi/api-graphql-concepts,0.27833766,false,0.039
1831c5496206afc40bbc,string_similarity,1,/angular/build-a-backend/troubleshooting/cdktoolkit-stack,0.25061783,false,0.040
1831c5496206afc40bbc,string_similarity,2,/flutter/build-a-backend/troubleshooting/cdktoolkit-stack,0.25061783,false,0.040
1831c5496206afc40bbc,string_similarity,3,/gen1/flutter/build-a-backend/troubleshooting/upgrade-amplify-packages,0.22771883,false,0.040
184659483710bebf1df7,string_similarity,1,/examples/tutorials/mongoose,0.89772727,false,0.039
184659483710bebf1df7,string_similarity,2,/examples/tutorials/next,0.59807692,false,0.039
184659483710bebf1df7,string_similarity,3,/examples/tutorials/mysql2,0.59005636,false,0.039
18524e2bc0c4cb8bfbfa,string_similarity,1,/angular/start/getting-started/nextsteps,0.30189873,false,0.037
18524e2bc0c4cb8bfbfa,string_similarity,2,/flutter/build-a-backend/auth/sign-out,0.26662338,false,0.037
18524e2bc0c4cb8bfbfa,string_similarity,3,/flutter/build-a-backend/auth/sign-in-custom-flow,0.25681818,false,0.037
187252af1abe3017743a,string_similarity,1,/gen1/javascript/prev/build-a-backend/graphqlapi/customize-authz-modes,0.81309160,false,0.040
187252af1abe3017743a,string_similarity,2,/gen1/flutter/prev/build-a-backend/restapi/customize-authz,0.60748663,false,0.040
187252af1abe3017743a,string_similarity,3,/gen1/android/prev/build-a-backend/graphqlapi/subscribe-data,0.52560187,false,0.040
18f525ef2cd4446fc8a8,string_similarity,1,/gen1/<platform>/build-a-backend/utilities,0.80286536,true,0.047
18f525ef2cd4446fc8a8,string_similarity,2,/gen1/<platform>/build-a-backend/restapi,0.60190570,false,0.047
18f525ef2cd4446fc8a8,string_similarity,3,/gen1/<platform>/build-a-backend/debugging,0.58435302,false,0.047
1963257f401489bd6e23,string_similarity,1,/angular/start/getting-started/nextsteps,0.31744186,false,0.035
1963257f401489bd6e23,string_similarity,2,/404/index.html,0.25491803,false,0.035
1963257f401489bd6e23,string_similarity,3,/android/sdk/auth/getting-started,0.20293441,false,0.035
19dc50098b7fad797193,string_similarity,1,/providers/PagerDuty/pagerduty/latest/docs/guides/:path*,0.67131579,true,0.043
19dc50098b7fad797193,string_similarity,2,/providers/ovh/ovh/latest/docs/guides/:path*,0.53702238,false,0.043
19dc50098b7fad797193,string_similarity,3,/providers/gridscale/gridscale/latest/docs/guides/:path*,0.51977444,false,0.043
1a0602cdbcdd93a03114,string_similarity,1,/angular/start/getting-started/nextsteps,0.28333333,false,0.043
1a0602cdbcdd93a03114,string_similarity,2,/404/index.html,0.25212766,false,0.043
1a0602cdbcdd93a03114,string_similarity,3,/gen1/<platform>/tools/console,0.19354839,false,0.043
1a5c33d1bbfc3f78fa23,string_similarity,1,/flutter/build-a-backend/storage/configure-access,0.39514593,false,0.060
1a5c33d1bbfc3f78fa23,string_similarity,2,/gen1/<platform>/build-a-backend/storage/configure-storage,0.30677871,false,0.060
1a5c33d1bbfc3f78fa23,string_similarity,3,/gen1/android/prev/build-a-backend/storage/sdk,0.25038961,false,0.060
1a62b2b2c3e9400739a9,string_similarity,1,/en/guides/client-side-scripts,0.64761905,false,0.038
1a62b2b2c3e9400739a9,string_similarity,2,/:lang/guides/routing,0.60530466,false,0.038
1a62b2b2c3e9400739a9,string_similarity,3,/:lang/guides/endpoints,0.45844156,false,0.038
1a745c697a5d832e634e,string_similarity,1,/gen1/javascript/prev/build-a-backend/more-features/datastore/sync-to-cloud,0.25796409,true,0.043
1a745c697a5d832e634e,string_similarity,2,/flutter/build-a-backend/more-features/datastore/sync-to-cloud,0.25645204,false,0.043
1a745c697a5d832e634e,string_similarity,3,/android/build-a-backend/more-features/datastore/sync-to-cloud,0.24890487,false,0.043
1a852e037cc504c6cb37,string_similarity,1,/android/build-a-backend/more-features/geo/maps,0.22657143,false,0.038
1a852e037cc504c6cb37,string_similarity,2,/gen1/<platform>/tools/console,0.22013185,false,0.038
1a852e037cc504c6cb37,string_similarity,3,/gen1/<platform>/tools/libraries,0.20857143,false,0.038
1a92e6c9dde6c0ecc226,string_similarity,1,/flutter/build-a-backend/more-features/datastore/set-up-datastore,0.21494223,false,0.035
1a92e6c9dde6c0ecc226,string_similarity,2,/gen1/javascript/prev/build-a-backend/more-features/datastore/real-time,0.21253333,false,0.035
1a92e6c9dde6c0ecc226,string_similarity,3,/gen1/flutter/prev/build-a-backend/more-features/datastore/real-time,0.21038251,false,0.035
1ab0a5bee7e262be8cf3,string_similarity,1,/providers/DataDog/datadog/latest/docs/resources/:path*,0.55827586,true,0.032
1ab0a5bee7e262be8cf3,string_similarity,2,/providers/DataDog/datadog/latest/docs,0.52000000,false,0.032
1ab0a5bee7e262be8cf3,string_similarity,3,/providers/ovh/ovh/latest/docs/guides/:path*,0.44496241,false,0.032
1acd1f25a065f2593d1d,string_similarity,1,/gen1/<platform>/deploy-and-host/frameworks/<page>,0.83524989,true,0.033
1acd1f25a065f2593d1d,string_similarity,2,/gen1/<platform>/deploy-and-host/deployment/<page>,0.65949561,false,0.033
1acd1f25a065f2593d1d,string_similarity,3,/android/deploy-and-host,0.47981366,false,0.033
1b131a61d526cb822dbd,string_similarity,1,/angular/start/getting-started/nextsteps,0.29814815,false,0.030
1b131a61d526cb822dbd,string_similarity,2,/amplify-js/api,0.27142857,false,0.030
1b131a61d526cb822dbd,string_similarity,3,/404/index.html,0.25000000,false,0.030
1b267e7c1166da2952ee,string_similarity,1,/providers/hashicorp/http/latest/docs/data-sources/:path*,0.45825581,true,0.033
1b267e7c1166da2952ee,string_similarity,2,/providers/ovh/ovh/latest/docs/guides/:path*,0.45491194,false,0.033
1b267e7c1166da2952ee,string_similarity,3,/providers/fastly/fastly/latest/docs/guides/:path*,0.42564195,false,0.033
1b524b1088dbd32d2dbd,string_similarity,1,/flutter/build-a-backend/more-features/datastore/set-up-datastore,0.22285547,false,0.035
1b524b1088dbd32d2dbd,string_similarity,2,/android/build-a-backend/more-features/datastore,0.21576389,false,0.035
1b524b1088dbd32d2dbd,string_similarity,3,/angular/build-a-backend/more-features/datastore/conflict-resolution,0.21097403,false,0.035
1b5baed2b80e086ea7b9,string_similarity,1,/gen1/flutter/build-a-backend/troubleshooting/upgrade-amplify-packages,0.26848635,false,0.028
1b5baed2b80e086ea7b9,string_similarity,2,/gen1/javascript/build-a-backend/troubleshooting/upgrade-amplify-packages,0.25700553,false,0.028
1b5baed2b80e086ea7b9,string_similarity,3,/angular/build-a-backend/troubleshooting/cdktoolkit-stack,0.23550369,false,0.028
1b66f70aba9fdb93e36d,string_similarity,1,/providers/linode/linode/latest/docs,0.36392354,false,0.026
1b66f70aba9fdb93e36d,string_similarity,2,/providers/ucloud/ucloud/latest/docs,0.36392354,false,0.026
1b66f70aba9fdb93e36d,string_similarity,3,/providers/cloudamqp/cloudamqp/latest/docs,0.34636364,false,0.026
1be98512765ad1eaf7aa,string_similarity,1,/flutter/build-a-backend/auth/delete-user-account,0.35284466,false,0.029
1be98512765ad1eaf7aa,string_similarity,2,/android/build-a-backend/auth/delete-user-account,0.34433402,false,0.029
1be98512765ad1eaf7aa,string_similarity,3,/gen1/<platform>/build-a-backend/auth/delete-user-account,0.32659736,false,0.029
1bfe8c8d19e9f6787d88,string_similarity,1,/gen1/<platform>/build-a-backend/utilities,0.50101010,false,0.034
1bfe8c8d19e9f6787d88,string_similarity,2,/gen1/<platform>/prev/build-a-backend/<page>,0.44471535,false,0.034
1bfe8c8d19e9f6787d88,string_similarity,3,/gen1/<platform>/prev/build-a-backend/<category>/<page>,0.43612013,false,0.034
1c417516fde442b44da4,string_similarity,1,/android/sdk/analytics/kinesis,0.25447344,false,0.033
1c417516fde442b44da4,string_similarity,2,/android/sdk/analytics/endpoints,0.24856459,false,0.033
1c417516fde442b44da4,string_similarity,3,/flutter/build-a-backend/more-features/analytics/auto-track-sessions,0.20059524,false,0.033
1c4ec1f50f23d050c5da,string_similarity,1,/android/build-a-backend/auth/sign-in-with-web-ui,0.32582418,true,0.030
1c4ec1f50f23d050c5da,string_similarity,2,/android/sdk/auth/getting-started,0.25000000,false,0.030
1c4ec1f50f23d050c5da,string_similarity,3,/android/build-a-backend/auth/sign-in-custom-flow,0.24505495,false,0.030
1c992ab67ea6df44cd27,string_similarity,1,/gen1/javascript/prev/build-a-backend/more-features/analytics/update-endpoint,0.29558169,true,0.028
1c992ab67ea6df44cd27,string_similarity,2,/angular/start/getting-started/nextsteps,0.29285714,false,0.028
1c992ab67ea6df44cd27,string_similarity,3,/android/sdk/analytics/endpoints,0.28157895,false,0.028
1c9ffa576fd17e20b3d5,string_similarity,1,/flutter/build-a-backend/push-notifications/receive-device-token,0.54716535,true,0.043
1c9ffa576fd17e20b3d5,string_similarity,2,/android/build-a-backend/push-notifications/register-device,0.34579565,false,0.043
1c9ffa576fd17e20b3d5,string_similarity,3,/flutter/build-a-backend/push-notifications/identify-user,0.34217742,false,0.043
1cbeeb3dea16c2a32c9c,string_similarity,1,/angular/start/getting-started/nextsteps,0.25491803,false,0.036
1cbeeb3dea16c2a32c9c,string_similarity,2,/404/index.html,0.23888889,false,0.036
1cbeeb3dea16c2a32c9c,string_similarity,3,/amplify-js/api,0.20833333,false,0.036
1d0aa7f16245c06e6f32,string_similarity,1,/providers/digitalocean/digitalocean/latest/docs,0.39025682,true,0.032
1d0aa7f16245c06e6f32,string_similarity,2,/providers/linode/linode/latest/docs,0.34636364,false,0.032
1d0aa7f16245c06e6f32,string_similarity,3,/providers/gridscale/gridscale/latest/docs,0.34098107,false,0.032
1d62fcea492f719a9f80,string_similarity,1,/gen1/<platform>/start/project-setup/<page>,0.81697531,true,0.033
1d62fcea492f719a9f80,string_similarity,2,/gen1/<platform>/prev/start/<page>,0.53011204,false,0.033
1d62fcea492f719a9f80,string_similarity,3,/gen1/<platform>/start/getting-started/<page>,0.52457329,false,0.033
1dbe301bc7d90928b4cf,string_similarity,1,/gen1/javascript/build-a-backend/storage/storage-v5-to-v6-migration-guide,0.73548951,false,0.036
1dbe301bc7d90928b4cf,string_similarity,2,/flutter/build-a-backend/storage/get-properties,0.43509848,false,0.036
1dbe301bc7d90928b4cf,string_similarity,3,/android/build-a-backend/storage/upload,0.42918057,false,0.036
1e53b829b9ccfdc70742,string_similarity,1,/angular/start/getting-started/nextsteps,0.29222222,false,0.035
1e53b829b9ccfdc70742,string_similarity,2,/404/index.html,0.23615385,false,0.035
1e53b829b9ccfdc70742,string_similarity,3,/angular/build-a-backend/more-features/predictions/identify-text,0.20056391,false,0.035
1e644c4d48eb54387411,string_similarity,1,/angular/start/getting-started/nextsteps,0.29246575,false,0.035
1e644c4d48eb54387411,string_similarity,2,/flutter/build-a-backend/more-features/datastore/sync-to-cloud,0.25184211,false,0.035
1e644c4d48eb54387411,string_similarity,3,/404/index.html,0.25000000,false,0.035
1e64e4d1429cc6a04bc1,string_similarity,1,/gen1/<platform>/tools/console,0.42302632,false,0.035
1e64e4d1429cc6a04bc1,string_similarity,2,/gen1/angular/prev,0.17932692,false,0.035
1e64e4d1429cc6a04bc1,string_similarity,3,/android/sdk,0.17192308,false,0.035
1e83b10e92df471c7895,string_similarity,1,/api/deno,0.43365709,false,0.044
1e83b10e92df471c7895,string_similarity,2,/examples/deno_version,0.27700000,false,0.044
1e83b10e92df471c7895,string_similarity,3,/api/node,0.26781168,false,0.044
1f0556cf232b6cb439bf,string_similarity,1,/flutter/build-a-backend/graphqlapi/advanced-workflows,0.44727273,false,0.036
1f0556cf232b6cb439bf,string_similarity,2,/gen1/flutter/prev/build-a-backend/graphqlapi/advanced-workflows,0.39030303,true,0.036
1f0556cf232b6cb439bf,string_similarity,3,/gen1/android/prev/build-a-backend/graphqlapi/advanced-workflows,0.33916667,false,0.036
1f63bbfab77f5cb6062d,string_similarity,1,/angular/build-a-backend/more-features/predictions/identify-text,0.28440767,false,0.031
1f63bbfab77f5cb6062d,string_similarity,2,/android/build-a-backend/more-features/predictions/identify-text,0.27790360,false,0.031
1f63bbfab77f5cb6062d,string_similarity,3,/gen1/android/prev/build-a-backend/more-features/predictions/identify-text,0.25568609,false,0.031
1fac3f0c62b5675b5ef3,string_similarity,1,/android/build-a-backend/auth/add-social-provider,0.34047619,false,0.025
1fac3f0c62b5675b5ef3,string_similarity,2,/gen1/android/build-a-backend/auth/add-social-provider,0.31477528,true,0.025
1fac3f0c62b5675b5ef3,string_similarity,3,/android/sdk/auth/drop-in-auth,0.27704545,false,0.025
2048475d5858b4b2e49c,string_similarity,1,/gen1/<platform>/tools/cli/<page>,0.23648649,false,0.031
2048475d5858b4b2e49c,string_similarity,2,/gen1/<platform>/tools/cli-legacy,0.20234856,false,0.031
2048475d5858b4b2e49c,string_similarity,3,/,0.17250000,false,0.031
20bd2987885c4daeba52,string_similarity,1,/gen1/<platform>/tools/console,0.20147059,false,0.121
20bd2987885c4daeba52,string_similarity,2,/flutter/build-a-backend/auth/auth-events,0.20144419,false,0.121
20bd2987885c4daeba52,string_similarity,3,/gen1/<platform>/build-a-backend/auth/auth-events,0.19258098,false,0.121
20c323414f73fbd11dce,string_similarity,1,/gen1/android/prev/build-a-backend/storage/existing-resources,0.39993022,true,0.070
20c323414f73fbd11dce,string_similarity,2,/android/build-a-backend/restapi/existing-resources,0.36144231,false,0.070
20c323414f73fbd11dce,string_similarity,3,/gen1/android/prev/build-a-backend/auth/existing-resources,0.31806921,false,0.070
211593e75810702b0ec4,string_similarity,1,/angular/start/getting-started/nextsteps,0.31385542,false,0.042
211593e75810702b0ec4,string_similarity,2,/404/index.html,0.24655172,false,0.042
211593e75810702b0ec4,string_similarity,3,/angular/build-a-backend/more-features/predictions/identify-text,0.19910137,false,0.042
211c30914ae11408262e,string_similarity,1,/flutter/build-a-backend/storage/configure-access,0.29276398,false,0.068
211c30914ae11408262e,string_similarity,2,/gen1/<platform>/build-a-backend/storage/configure-storage,0.26379774,false,0.068
211c30914ae11408262e,string_similarity,3,/flutter/build-a-backend/storage/get-properties,0.23134921,false,0.068
212777ab2d3fff7cb094,string_similarity,1,/gen1/<platform>/tools/cli-legacy,0.24605829,false,0.069
212777ab2d3fff7cb094,string_similarity,2,/android/build-a-backend/storage/upload,0.24377811,false,0.069
212777ab2d3fff7cb094,string_similarity,3,/gen1/<platform>/tools/cli/<page>,0.24361264,false,0.069
216125626ed878e44ddd,string_similarity,1,/android/build-a-backend/graphqlapi/api-graphql-concepts,0.34494949,true,0.047
216125626ed878e44ddd,string_similarity,2,/android/build-a-backend/graphqlapi/relational-models,0.29595238,false,0.047
216125626ed878e44ddd,string_similarity,3,/flutter/build-a-backend/graphqlapi/api-graphql-concepts,0.29303030,false,0.047
2172f3d76994213a1952,string_similarity,1,/android/build-a-backend/auth/accessing-credentials,0.29240995,false,0.045
2172f3d76994213a1952,string_similarity,2,/gen1/android/prev/build-a-backend/auth/accessing-credentials,0.26412897,false,0.045
2172f3d76994213a1952,string_similarity,3,/gen1/flutter/prev/build-a-backend/auth/accessing-credentials,0.26412897,false,0.045
21980dcf89e3d4087985,string_similarity,1,/flux/components/notification,0.83376866,false,0.040
21980dcf89e3d4087985,string_similarity,2,/flux/components/notification/providers,0.81480519,true,0.040
21980dcf89e3d4087985,string_similarity,3,/flux/components/notification/receivers,0.77324675,false,0.040
21fb6f191c2c3cae29de,string_similarity,1,/android/sdk/auth/getting-started,0.26961806,false,0.041
21fb6f191c2c3cae29de,string_similarity,2,/android/sdk/auth/drop-in-auth,0.26413043,false,0.041
21fb6f191c2c3cae29de,string_similarity,3,/android/build-a-backend/auth/sign-out,0.25623377,false,0.041
22d0b6df480a9f9fa556,string_similarity,1,/flutter/build-a-backend/more-features/datastore/schema-updates,0.34159520,false,0.069
22d0b6df480a9f9fa556,string_similarity,2,/angular/start/getting-started/nextsteps,0.29457831,false,0.069
22d0b6df480a9f9fa556,string_similarity,3,/404/index.html,0.24655172,false,0.069
23069d5b2b40e3777d05,string_similarity,1,/gen1/javascript/build-ui/uibuilder,0.52819498,false,0.702
23069d5b2b40e3777d05,string_similarity,2,/gen1/<platform>/build-a-backend/utilities,0.32864759,false,0.702
23069d5b2b40e3777d05,string_similarity,3,/gen1/<platform>/build-a-backend/restapi,0.32135388,false,0.702
236bfcd21846b39de11c,string_similarity,1,/angular/start/getting-started/nextsteps,0.46988506,false,0.045
236bfcd21846b39de11c,string_similarity,2,/android/sdk/auth/getting-started,0.38000000,false,0.045
236bfcd21846b39de11c,string_similarity,3,/flutter/start/getting-started/nextsteps,0.37988506,false,0.045
2393688b5d8a0b1bca1a,string_similarity,1,/gen1/angular/prev/start/project-setup/create-application,0.85040138,true,0.044
2393688b5d8a0b1bca1a,string_similarity,2,/gen1/flutter/prev/start/project-setup,0.53277778,false,0.044
2393688b5d8a0b1bca1a,string_similarity,3,/gen1/android/prev/start/project-setup/rxjava,0.50772050,false,0.044
23cfbc306b795f4618e1,string_similarity,1,/android/build-a-backend/push-notifications/set-up-push-service,0.38988739,false,0.042
23cfbc306b795f4618e1,string_similarity,2,/android/build-a-backend/push-notifications/set-up-push-notifications,0.34937996,false,0.042
23cfbc306b795f4618e1,string_similarity,3,/gen1/<platform>/sdk/push-notifications/<page>,0.34148720,false,0.042
241a250121ba3ffc7094,string_similarity,1,/angular/start/getting-started/nextsteps,0.28333333,false,0.042
241a250121ba3ffc7094,string_similarity,2,/gen1/javascript/prev/build-a-backend/more-features/in-app-messaging/display-messages,0.25181686,false,0.042
241a250121ba3ffc7094,string_similarity,3,/gen1/javascript/prev/build-a-backend/more-features/in-app-messaging/clear-messages,0.24815453,false,0.042
241b7a821fee5df29510,string_similarity,1,/android/start/getting-started/integrate,0.67948328,true,0.043
241b7a821fee5df29510,string_similarity,2,/android/start/getting-started/installation,0.52547215,false,0.043
241b7a821fee5df29510,string_similarity,3,/android/start/getting-started/setup,0.51436508,false,0.043
2443194e981891a24f74,string_similarity,1,/android/start/getting-started/integrate,0.53633128,false,0.042
2443194e981891a24f74,string_similarity,2,/android/start/getting-started/generate-model,0.40872881,false,0.042
2443194e981891a24f74,string_similarity,3,/android/start/getting-started/installation,0.37926108,false,0.042
245d00574e89bf2eb774,string_similarity,1,/gen1/angular/deploy-and-host/custom-configuration,0.83132832,true,0.044
245d00574e89bf2eb774,string_similarity,2,/gen1/javascript/deploy-and-host/custom-configuration,0.68261054,false,0.044
245d00574e89bf2eb774,string_similarity,3,/gen1/angular/deploy-and-host/deployment,0.56460784,false,0.044
247ff9ba88244d06c03d,string_similarity,1,/android/sdk/analytics/kinesis,0.61272603,true,0.050
247ff9ba88244d06c03d,string_similarity,2,/android/sdk/analytics/endpoints,0.45355308,false,0.050
247ff9ba88244d06c03d,string_similarity,3,/android/sdk,0.30075472,false,0.050
2487bca79476fa00ba87,string_similarity,1,/providers/pan-net/powerdns/latest/docs/guides/:path*,0.58135989,true,0.070
2487bca79476fa00ba87,string_similarity,2,/providers/ovh/ovh/latest/docs/guides/:path*,0.55006969,false,0.070
2487bca79476fa00ba87,string_similarity,3,/providers/turbot/turbot/latest/docs/guides/:path*,0.53077922,false,0.070
24e2f3d16731a5460592,string_similarity,1,/gen1/<platform>/tools/cli-legacy,0.72721311,true,0.041
24e2f3d16731a5460592,string_similarity,2,/gen1/<platform>/tools/cli/<page>,0.51352459,false,0.041
24e2f3d16731a5460592,string_similarity,3,/gen1/<platform>/tools/console,0.43965517,false,0.041
250f3c6b80c9819b44c2,string_similarity,1,/providers/aliyun/alicloud/latest/docs/resources/:path*,0.52168831,false,0.040
250f3c6b80c9819b44c2,string_similarity,2,/providers/aliyun/alicloud/latest/docs,0.48288732,false,0.040
250f3c6b80c9819b44c2,string_similarity,3,/providers/aliyun/alicloud/latest/docs/data-sources/:path*,0.48115385,true,0.040
258367e32c4086a2b89a,string_similarity,1,/providers/hashicorp/azuread/latest/docs/guides/:path*,0.61274725,true,0.069
258367e32c4086a2b89a,string_similarity,2,/providers/ovh/ovh/latest/docs/guides/:path*,0.54368607,false,0.069
258367e32c4086a2b89a,string_similarity,3,/providers/turbot/turbot/latest/docs/guides/:path*,0.53380952,false,0.069
2594863546eeab933416,string_similarity,1,/gen1/javascript/build-a-backend/troubleshooting/upgrade-amplify-packages,0.81470588,false,0.047
2594863546eeab933416,string_similarity,2,/gen1/flutter/build-a-backend/troubleshooting/upgrade-amplify-packages,0.81090226,false,0.047
2594863546eeab933416,string_similarity,3,/angular/build-a-backend/troubleshooting/cdktoolkit-stack,0.48318182,false,0.047
259aeedce43193f23b94,string_similarity,1,/enterprise/install/pre-install-checklist,0.49284946,true,0.066
259aeedce43193f23b94,string_similarity,2,/enterprise/install/automated/active-active,0.47983871,false,0.066
259aeedce43193f23b94,string_similarity,3,/enterprise/releases,0.41666667,false,0.066
25a94d00594a2c653d9e,string_similarity,1,/android/sdk/auth/getting-started,0.26215190,false,0.066
25a94d00594a2c653d9e,string_similarity,2,/android/build-a-backend/auth/sign-in-custom-flow,0.23765182,false,0.066
25a94d00594a2c653d9e,string_similarity,3,/android/sdk/auth/federated-identities,0.23285714,false,0.066
26b230f45aab8a1c31ec,string_similarity,1,/gen1/flutter/prev/build-a-backend/restapi/customize-authz,0.24716667,false,0.049
26b230f45aab8a1c31ec,string_similarity,2,/flutter/build-a-backend/restapi/fetch-data,0.23223262,false,0.049
26b230f45aab8a1c31ec,string_similarity,3,/android/build-a-backend/restapi/set-up-rest-api,0.22525031,false,0.049
26bb8c6289bce5fdb03e,string_similarity,1,/gen1/angular/deploy-and-host/deployment,0.63732304,false,0.073
26bb8c6289bce5fdb03e,string_similarity,2,/gen1/<platform>/deploy-and-host/deployment/<page>,0.57738095,false,0.073
26bb8c6289bce5fdb03e,string_similarity,3,/android/deploy-and-host,0.53994253,false,0.073
28031408cb83593085dd,string_similarity,1,/flutter/build-a-backend/push-notifications/enable-rich-notifications,0.42034483,false,0.041
28031408cb83593085dd,string_similarity,2,/flutter/build-a-backend/push-notifications/interact-with-notifications,0.29829932,false,0.041
28031408cb83593085dd,string_similarity,3,/android/build-a-backend/push-notifications/record-notifications,0.29780220,false,0.041
281a55e64da5e524cd91,string_similarity,1,/404/index.html,0.38055556,false,0.041
281a55e64da5e524cd91,string_similarity,2,/angular/start/getting-started/nextsteps,0.30737705,false,0.041
281a55e64da5e524cd91,string_similarity,3,/amplify-js/api,0.23055556,false,0.041
2848a1106ccf1595b918,string_similarity,1,/android/sdk/api/graphql,0.26833333,false,0.046
2848a1106ccf1595b918,string_similarity,2,/android/build-a-backend/graphqlapi/api-graphql-concepts,0.26019791,false,0.046
2848a1106ccf1595b918,string_similarity,3,/flutter/build-a-backend/graphqlapi/api-graphql-concepts,0.26019791,false,0.046
289da31e484d41b8fede,string_similarity,1,/angular/start/getting-started/nextsteps,0.28866667,false,0.040
289da31e484d41b8fede,string_similarity,2,/404/index.html,0.24600000,false,0.040
289da31e484d41b8fede,string_similarity,3,/flutter/build-a-backend/auth/manage-mfa,0.22633333,false,0.040
28a234c08dc8db0471d9,string_similarity,1,/providers/hashicorp/vsphere/latest/docs/resources/:path*,0.50983949,true,0.051
28a234c08dc8db0471d9,string_similarity,2,/providers/hashicorp/vsphere/latest/docs/guides/:path*,0.50900332,false,0.051
28a234c08dc8db0471d9,string_similarity,3,/providers/hashicorp/vsphere/latest/docs/data-sources/:path*,0.46978261,false,0.051
2900b26314adeeb7c849,string_similarity,1,/angular/start/getting-started/nextsteps,0.29457831,false,0.046
2900b26314adeeb7c849,string_similarity,2,/gen1/flutter/prev/build-a-backend/storage/remove,0.24703557,false,0.046
2900b26314adeeb7c849,string_similarity,3,/404/index.html,0.21896552,false,0.046
290aad54f93c815f1ed3,string_similarity,1,/flutter/build-a-backend/more-features/datastore/schema-updates,0.34222959,false,0.070
290aad54f93c815f1ed3,string_similarity,2,/flutter/build-a-backend/more-features/datastore/set-up-datastore,0.24293925,false,0.070
290aad54f93c815f1ed3,string_similarity,3,/android/build-a-backend/more-features/datastore,0.21795210,false,0.070
295654d09e05f1b86e19,string_similarity,1,/en/contributing/docs/_index,0.26782468,false,0.090
295654d09e05f1b86e19,string_similarity,2,/en/contributing/docs/writing-docs,0.24722023,false,0.090
295654d09e05f1b86e19,string_similarity,3,/en/contributing/docs/style-guide,0.24333333,false,0.090
299654544194c006316d,string_similarity,1,/providers/nutanix/nutanix/latest/docs/resources/:path*,0.55827586,true,0.044
299654544194c006316d,string_similarity,2,/providers/nutanix/nutanix/latest/docs/data-sources/:path*,0.50714286,false,0.044
299654544194c006316d,string_similarity,3,/providers/Venafi/venafi/latest/docs/resources/:path*,0.42873950,false,0.044
29e8ddc8149fd4c17bfc,string_similarity,1,/angular/start/getting-started/nextsteps,0.28333333,false,0.045
29e8ddc8149fd4c17bfc,string_similarity,2,/android/build-a-backend/more-features/analytics/record-events,0.25900000,false,0.045
29e8ddc8149fd4c17bfc,string_similarity,3,/android/sdk/analytics/endpoints,0.25571429,false,0.045
2a4f746b71becd572cb2,string_similarity,1,/404/index.html,0.23421053,false,0.045
2a4f746b71becd572cb2,string_similarity,2,/angular/start/getting-started/nextsteps,0.20454545,false,0.045
2a4f746b71becd572cb2,string_similarity,3,/,0.16000000,false,0.045
2a75c3d78b5688296c2b,string_similarity,1,/gen1/javascript/build-a-backend/storage/storage-v5-to-v6-migration-guide,0.48138833,false,0.044
2a75c3d78b5688296c2b,string_similarity,2,/gen1/javascript/build-a-backend/troubleshooting/upgrade-amplify-packages,0.44345619,false,0.044
2a75c3d78b5688296c2b,string_similarity,3,/flutter/build-a-backend/troubleshooting/cdktoolkit-stack,0.43187646,false,0.044
2a988cb0e68e0cd52108,string_similarity,1,/android/build-a-backend/storage/lambda-triggers,0.43445946,false,0.232
2a988cb0e68e0cd52108,string_similarity,2,/gen1/android/prev/build-a-backend/storage/lambda-triggers,0.39683230,false,0.232
2a988cb0e68e0cd52108,string_similarity,3,/gen1/<platform>/tools/cli/<page>,0.26409819,false,0.232
2a9e802d9ac128eaa8a3,string_similarity,1,/angular/start/getting-started/nextsteps,0.28186813,false,0.045
2a9e802d9ac128eaa8a3,string_similarity,2,/gen1/javascript/prev/build-a-backend/more-features/in-app-messaging/clear-messages,0.25254609,false,0.045
2a9e802d9ac128eaa8a3,string_similarity,3,/404/index.html,0.24696970,false,0.045
2af26f46bda484fa766a,string_similarity,1,/:lang/guides/markdown-content,0.68626660,true,0.048
2af26f46bda484fa766a,string_similarity,2,/:lang/guides/content-collections,0.66625817,false,0.048
2af26f46bda484fa766a,string_similarity,3,/:lang/guides/routing,0.56244589,false,0.048
2b0b184613d6df7774b7,string_similarity,1,/language/v1.1.x/upgrade-guides/0-12,0.72192308,true,0.078
2b0b184613d6df7774b7,string_similarity,2,/language/upgrade-guides/0-8,0.72144737,false,0.078
2b0b184613d6df7774b7,string_similarity,3,/language/upgrade-guides/0-9,0.72144737,false,0.078
2c25a1e71065a98ead03,string_similarity,1,/gen1/javascript/build-ui/uibuilder,0.33268765,false,3.797
2c25a1e71065a98ead03,string_similarity,2,/gen1/<platform>/tools/console,0.27083333,false,3.797
2c25a1e71065a98ead03,string_similarity,3,/android/build-a-backend/restapi,0.24707792,false,3.797
2c4861cd6712ea61c340,string_similarity,1,/android/sdk/auth/drop-in-auth,0.52865295,false,0.052
2c4861cd6712ea61c340,string_similarity,2,/android/sdk/auth/working-with-api,0.30281690,false,0.052
2c4861cd6712ea61c340,string_similarity,3,/android/sdk/auth/federated-identities,0.30266667,false,0.052
2c585996b4ec18023a37,string_similarity,1,/angular/start/getting-started/nextsteps,0.46222222,false,0.070
2c585996b4ec18023a37,string_similarity,2,/android/start/getting-started/installation,0.32225806,false,0.070
2c585996b4ec18023a37,string_similarity,3,/flutter/start/getting-started/nextsteps,0.32111111,false,0.070
2c9051056a7b300d8415,string_similarity,1,/providers/scaleway/scaleway/latest/docs/guides/:path*,0.67195652,true,0.111
2c9051056a7b300d8415,string_similarity,2,/providers/gridscale/gridscale/latest/docs/guides/:path*,0.53097264,false,0.111
2c9051056a7b300d8415,string_similarity,3,/providers/fastly/fastly/latest/docs/guides/:path*,0.53077922,false,0.111
2ca9f041407ff5738c5e,string_similarity,1,/flux/components/notification,0.83376866,false,0.130
2ca9f041407ff5738c5e,string_similarity,2,/flux/components/notification/receivers,0.81480519,true,0.130
2ca9f041407ff5738c5e,string_similarity,3,/flux/components/notification/providers,0.77324675,false,0.130
2cb6453f424be0509cbc,string_similarity,1,/flutter/build-a-backend/restapi/fetch-data,0.31202778,false,0.042
2cb6453f424be0509cbc,string_similarity,2,/android/build-a-backend/restapi/set-up-rest-api,0.30523529,false,0.042
2cb6453f424be0509cbc,string_similarity,3,/android/build-a-backend/restapi/existing-resources,0.30335485,false,0.042
2cdd698e759cdbce36f4,string_similarity,1,/providers/aliyun/alicloud/latest/docs/resources/:path*,0.52168831,true,0.181
2cdd698e759cdbce36f4,string_similarity,2,/providers/aliyun/alicloud/latest/docs,0.48288732,false,0.181
2cdd698e759cdbce36f4,string_similarity,3,/providers/aliyun/alicloud/latest/docs/data-sources/:path*,0.48115385,false,0.181
2cfdfe8b5ce1bf1ca748,string_similarity,1,/providers/Icinga/icinga2/latest/docs,0.35263699,true,0.989
2cfdfe8b5ce1bf1ca748,string_similarity,2,/providers/linode/linode/latest/docs,0.34968254,false,0.989
2cfdfe8b5ce1bf1ca748,string_similarity,3,/providers/gridscale/gridscale/latest/docs,0.33344322,false,0.989
2cffd71e68c215ed3895,string_similarity,1,/android/build-a-backend/auth/remember-device,0.28416600,false,0.047
2cffd71e68c215ed3895,string_similarity,2,/gen1/flutter/prev/build-a-backend/auth/remember-device,0.24485858,false,0.047
2cffd71e68c215ed3895,string_similarity,3,/android/sdk/auth/federated-identities,0.24064171,false,0.047
2d00fb156b9056b4f97e,string_similarity,1,/gen1/<platform>/build-a-backend/graphqlapi/connect-api-to-existing-database,0.85485610,true,0.072
2d00fb156b9056b4f97e,string_similarity,2,/flutter/build-a-backend/graphqlapi/existing-resources,0.58883636,false,0.072
2d00fb156b9056b4f97e,string_similarity,3,/gen1/flutter/prev/build-a-backend/graphqlapi/existing-resources,0.54327635,false,0.072
2d43cf3122717f64f386,string_similarity,1,/gen1/<platform>/tools/cli/<page>,0.26054054,false,0.053
2d43cf3122717f64f386,string_similarity,2,/android/build-a-backend/storage/lambda-triggers,0.25462992,false,0.053
2d43cf3122717f64f386,string_similarity,3,/angular/getting-started/migration,0.25003030,false,0.053
2d59542811a2c1eaa7c9,string_similarity,1,/gen1/javascript/build-a-backend/server-side-rendering/nuxt,0.78605088,true,0.070
2d59542811a2c1eaa7c9,string_similarity,2,/angular/build-a-backend/server-side-rendering,0.62153571,false,0.070
2d59542811a2c1eaa7c9,string_similarity,3,/gen1/angular/build-a-backend/server-side-rendering/nextjs,0.55841014,false,0.070
2da7ba2a83e4a334e8a3,string_similarity,1,/android/build-a-backend/more-features/datastore/sync-to-cloud,0.29872727,true,0.045
2da7ba2a83e4a334e8a3,string_similarity,2,/gen1/android/prev/build-a-backend/more-features/datastore/sync-to-cloud,0.26384615,false,0.045
2da7ba2a83e4a334e8a3,string_similarity,3,/flutter/build-a-backend/more-features/datastore/sync-to-cloud,0.25900000,false,0.045
2dbf0416368b06fc5a36,string_similarity,1,/android/build-a-backend/restapi/gen-ai,0.27608862,false,0.074
2dbf0416368b06fc5a36,string_similarity,2,/android/build-a-backend/restapi/set-up-rest-api,0.24990792,false,0.074
2dbf0416368b06fc5a36,string_similarity,3,/gen1/flutter/prev/build-a-backend/restapi/set-up-rest-api,0.23156863,false,0.074
2e81eef04bd5816e902e,string_similarity,1,/flutter/start/getting-started/nextsteps,0.55415373,false,0.041
2e81eef04bd5816e902e,string_similarity,2,/android/start/getting-started/nextsteps,0.54477873,false,0.041
2e81eef04bd5816e902e,string_similarity,3,/angular/start/getting-started/nextsteps,0.53540373,false,0.041
2ec4a78a663d4f24bebd,string_similarity,1,/angular/start/getting-started/nextsteps,0.28763441,false,0.256
2ec4a78a663d4f24bebd,string_similarity,2,/android/sdk/api/graphql,0.24584416,false,0.256
2ec4a78a663d4f24bebd,string_similarity,3,/android/build-a-backend/graphqlapi/api-graphql-concepts,0.23803811,false,0.256
2f0e768a4e2bddf27f29,string_similarity,1,/android/build-a-backend/storage/upload,0.37987013,true,0.052
2f0e768a4e2bddf27f29,string_similarity,2,/android/build-a-backend/storage/lambda-triggers,0.27674419,false,0.052
2f0e768a4e2bddf27f29,string_similarity,3,/android/build-a-backend/storage/list,0.26624510,false,0.052
30220b2e6139d16b6e7b,string_similarity,1,/providers/dnsimple/dnsimple/latest/docs,0.37753247,true,0.076
30220b2e6139d16b6e7b,string_similarity,2,/providers/linode/linode/latest/docs,0.34679061,false,0.076
30220b2e6139d16b6e7b,string_similarity,3,/providers/gridscale/gridscale/latest/docs,0.34110307,false,0.076
302512ff59a98d069acc,string_similarity,1,/android/build-a-backend/more-features/geo/maps,0.27593075,true,0.045
302512ff59a98d069acc,string_similarity,2,/android/sdk,0.22045455,false,0.045
302512ff59a98d069acc,string_similarity,3,/android/build-a-backend/more-features/geo/amazon-location-sdk,0.21968085,false,0.045
302e4f4680c2be0cbf28,string_similarity,1,/angular/start/getting-started/nextsteps,0.36231884,false,0.083
302e4f4680c2be0cbf28,string_similarity,2,/404/index.html,0.24090909,false,0.083
302e4f4680c2be0cbf28,string_similarity,3,/android/start/getting-started/installation,0.22777778,false,0.083
30dad2e72ed9c8ead4a0,string_similarity,1,/gen1/<platform>/build-a-backend/utilities,0.24675099,false,0.041
30dad2e72ed9c8ead4a0,string_similarity,2,/flutter,0.20247845,false,0.041
30dad2e72ed9c8ead4a0,string_similarity,3,/gen1/<platform>/tools/libraries/<page>,0.17818182,false,0.041
30e5b5e02a6bcd72fd30,string_similarity,1,/flutter/build-a-backend/graphqlapi/existing-resources,0.44727273,false,0.069
30e5b5e02a6bcd72fd30,string_similarity,2,/gen1/flutter/prev/build-a-backend/graphqlapi/existing-resources,0.39030303,true,0.069
30e5b5e02a6bcd72fd30,string_similarity,3,/angular/start/getting-started/nextsteps,0.30000000,false,0.069
30fd9d1556f82d67d080,string_similarity,1,/:lang/concepts/islands,0.45270108,false,0.059
30fd9d1556f82d67d080,string_similarity,2,/:lang/concepts/why-astro,0.41925770,true,0.059
30fd9d1556f82d67d080,string_similarity,3,/en/concepts/islands,0.31658750,false,0.059
3133b3680c34ec9125ac,string_similarity,1,/providers/hashicorp/azurerm/latest/docs/resources/:path*,0.50983949,true,0.053
3133b3680c34ec9125ac,string_similarity,2,/providers/hashicorp/azurerm/latest/docs/data-sources/:path*,0.46978261,false,0.053
3133b3680c34ec9125ac,string_similarity,3,/providers/hashicorp/azurerm/latest/docs,0.46833333,false,0.053
31549fba3a930ecb86b8,string_similarity,1,/android/sdk/auth/getting-started,0.27481884,false,0.162
31549fba3a930ecb86b8,string_similarity,2,/android/build-a-backend/auth/sign-out,0.27098569,true,0.162
31549fba3a930ecb86b8,string_similarity,3,/android/sdk/auth/federated-identities,0.26385135,false,0.162
31a46ca9798820c50593,string_similarity,1,/angular/start/getting-started/nextsteps,0.30454545,false,0.051
31a46ca9798820c50593,string_similarity,2,/404/index.html,0.22619048,false,0.051
31a46ca9798820c50593,string_similarity,3,/flutter/build-a-backend/storage/configure-access,0.22235239,false,0.051
323870ce99cd20c559bf,string_similarity,1,/gen1/javascript/prev,0.71653418,true,0.078
323870ce99cd20c559bf,string_similarity,2,/gen1/angular/prev,0.39485294,false,0.078
323870ce99cd20c559bf,string_similarity,3,/gen1/javascript/prev/build-a-backend/auth/auth-events,0.36669173,false,0.078
323edb621db9c984c73a,string_similarity,1,/angular/start/getting-started/nextsteps,0.31161616,false,0.076
323edb621db9c984c73a,string_similarity,2,/404/index.html,0.23648649,false,0.076
323edb621db9c984c73a,string_similarity,3,/angular/build-a-backend/troubleshooting/cdktoolkit-stack,0.22771883,false,0.076
3244355ec237548805f3,string_similarity,1,/providers/gitlabhq/gitlab/latest/docs/guides/:path*,0.61324675,true,0.047
3244355ec237548805f3,string_similarity,2,/providers/ovh/ovh/latest/docs/guides/:path*,0.53714286,false,0.047
3244355ec237548805f3,string_similarity,3,/providers/fastly/fastly/latest/docs/guides/:path*,0.52760797,false,0.047
32502c6562e8bafc183b,string_similarity,1,/android/build-a-backend/restapi/set-up-rest-api,0.51128499,false,0.045
32502c6562e8bafc183b,string_similarity,2,/android/build-a-backend/functions,0.50684524,false,0.045
32502c6562e8bafc183b,string_similarity,3,/angular/build-a-backend/functions,0.50684524,false,0.045
328643c5b0201541091b,string_similarity,1,/flutter,0.33280423,false,0.069
328643c5b0201541091b,string_similarity,2,/flutter/build-a-backend/auth/set-up-auth,0.25956859,false,0.069
328643c5b0201541091b,string_similarity,3,/flutter/build-a-backend/auth/sign-in-custom-flow,0.25903938,false,0.069
32998804340605f555a8,string_similarity,1,/flutter/build-a-backend/storage/download,0.40994197,true,0.039
32998804340605f555a8,string_similarity,2,/flutter,0.37333333,false,0.039
32998804340605f555a8,string_similarity,3,/gen1/flutter/prev/build-a-backend/storage/download,0.34429280,false,0.039
32a1c0cb5a6ee44ac627,string_similarity,1,/android/sdk/auth/getting-started,0.49610390,false,14.842
32a1c0cb5a6ee44ac627,string_similarity,2,/android/start/getting-started/installation,0.42143763,false,14.842
32a1c0cb5a6ee44ac627,string_similarity,3,/android/start/getting-started/setup,0.41693182,false,14.842
32bb71dab95174d93ff6,string_similarity,1,/gen1/<platform>/tools/cli/<page>,0.26277056,false,0.072
32bb71dab95174d93ff6,string_similarity,2,/gen1/javascript/deploy-and-host/custom-configuration,0.25115090,false,0.072
32bb71dab95174d93ff6,string_similarity,3,/android/sdk,0.24652778,false,0.072
32e89d096eae3a3c786b,string_similarity,1,/gen1/<platform>/build-a-backend/auth/auth-events,0.83531281,true,0.045
32e89d096eae3a3c786b,string_similarity,2,/flutter/build-a-backend/auth/auth-events,0.73005348,false,0.045
32e89d096eae3a3c786b,string_similarity,3,/gen1/android/prev/build-a-backend/auth/auth-events,0.61839713,false,0.045
332083dbe31b500b76c1,string_similarity,1,/gen1/android/prev/build-a-backend/more-features/analytics/enable-disable,0.33493331,true,0.040
332083dbe31b500b76c1,string_similarity,2,/gen1/flutter/prev/build-a-backend/more-features/analytics/enable-disable,0.29935196,false,0.040
332083dbe31b500b76c1,string_similarity,3,/android/sdk/analytics/endpoints,0.29222344,false,0.040
33862c763419cec79b9d,string_similarity,1,/angular/start/getting-started/nextsteps,0.29736842,false,0.043
33862c763419cec79b9d,string_similarity,2,/gen1/android/prev/build-a-backend/restapi/delete-data,0.26166667,false,0.043
33862c763419cec79b9d,string_similarity,3,/gen1/flutter/prev/build-a-backend/restapi/delete-data,0.26166667,false,0.043
338e7cba0ef99ab5b77a,string_similarity,1,/angular/start/getting-started/nextsteps,0.27444444,false,0.043
338e7cba0ef99ab5b77a,string_similarity,2,/android/sdk/api/graphql,0.26216216,false,0.043
338e7cba0ef99ab5b77a,string_similarity,3,/android/build-a-backend/graphqlapi/api-graphql-concepts,0.24858491,false,0.043
33dd742e67bd0b258982,string_similarity,1,/providers/Venafi/venafi/latest/docs,0.36392354,true,0.042
33dd742e67bd0b258982,string_similarity,2,/providers/linode/linode/latest/docs,0.34138833,false,0.042
33dd742e67bd0b258982,string_similarity,3,/providers/akamai/akamai/latest/docs,0.33012072,false,0.042
3423a86f477ab757a355,string_similarity,1,/:lang/install-and-setup,0.50565972,true,0.073
3423a86f477ab757a355,string_similarity,2,/:lang/guides/images,0.35518082,false,0.073
3423a86f477ab757a355,string_similarity,3,/:lang/:splat,0.34779412,false,0.073
3438c96298846343cc04,string_similarity,1,/angular/start/getting-started/nextsteps,0.28658537,false,0.043
3438c96298846343cc04,string_similarity,2,/404/index.html,0.23421053,false,0.043
3438c96298846343cc04,string_similarity,3,/android/build-a-backend/auth/remember-device,0.22894462,false,0.043
3446eece8e9c9dcfd29f,string_similarity,1,/gen1/flutter/prev/build-a-backend/graphqlapi/offline,0.29444444,false,0.076
3446eece8e9c9dcfd29f,string_similarity,2,/gen1/javascript/prev/build-a-backend/graphqlapi/offline,0.27924731,true,0.076
3446eece8e9c9dcfd29f,string_similarity,3,/angular/start/getting-started/nextsteps,0.26428571,false,0.076
3470ec3060f40a0b362f,string_similarity,1,/flutter/build-a-backend/storage/download,0.33355263,false,0.092
3470ec3060f40a0b362f,string_similarity,2,/angular/start/getting-started/nextsteps,0.29933333,false,0.092
3470ec3060f40a0b362f,string_similarity,3,/gen1/flutter/prev/build-a-backend/storage/download,0.28534884,false,0.092
348e973c97f8de514bfe,string_similarity,1,/android/start/getting-started/generate-model,0.60225000,false,0.094
348e973c97f8de514bfe,string_similarity,2,/android/start/getting-started/integrate,0.43040747,false,0.094
348e973c97f8de514bfe,string_similarity,3,/flutter/start/getting-started/nextsteps,0.42324278,false,0.094
349c5ff3448ffcb4e67d,string_similarity,1,/providers/vmware/nsxt/latest/docs/guides/:path*,0.61435540,true,0.041
349c5ff3448ffcb4e67d,string_similarity,2,/providers/ovh/ovh/latest/docs/guides/:path*,0.54406593,false,0.041
349c5ff3448ffcb4e67d,string_similarity,3,/providers/fastly/fastly/latest/docs/guides/:path*,0.52428571,false,0.041
34beed6729405993db67,string_similarity,1,/cloud-docs/run/remote-operations,0.52937500,true,0.062
34beed6729405993db67,string_similarity,2,/cloud-docs/workspaces/health,0.42518717,false,0.062
34beed6729405993db67,string_similarity,3,/cloud-docs/policy-enforcement/sentinel,0.36649832,false,0.062
34ec270839a7944cf340,string_similarity,1,/enterprise/releases,0.53974359,true,0.039
34ec270839a7944cf340,string_similarity,2,/enterprise/requirements/network,0.38884409,false,0.039
34ec270839a7944cf340,string_similarity,3,/enterprise/saml/configuration,0.35218254,false,0.039
351375d6eef656d1cb0e,string_similarity,1,/gen1/angular/prev,0.70607211,true,0.047
351375d6eef656d1cb0e,string_similarity,2,/gen1/angular/prev/build-a-backend,0.46794326,false,0.047
351375d6eef656d1cb0e,string_similarity,3,/angular/build-a-backend,0.39538288,false,0.047
35171715be67cdaaa9c1,string_similarity,1,/android/start/getting-started/installation,0.40571990,false,0.068
35171715be67cdaaa9c1,string_similarity,2,/android/start/getting-started/setup,0.39959005,false,0.068
35171715be67cdaaa9c1,string_similarity,3,/android/start/getting-started/integrate,0.39498220,false,0.068
35440376931aaad121c6,string_similarity,1,/gen1/javascript/build-a-backend/troubleshooting/upgrade-amplify-packages,0.92956560,true,0.083
35440376931aaad121c6,string_similarity,2,/gen1/flutter/build-a-backend/troubleshooting/upgrade-amplify-packages,0.79202899,false,0.083
35440376931aaad121c6,string_similarity,3,/angular/build-a-backend/troubleshooting/cdktoolkit-stack,0.48478182,false,0.083
35a1bd18728d862e0193,string_similarity,1,/providers/kreuzwerker/docker/latest/docs/data-sources/:path*,0.46108696,true,0.041
35a1bd18728d862e0193,string_similarity,2,/providers/kreuzwerker/docker/latest/docs,0.45722222,false,0.041
35a1bd18728d862e0193,string_similarity,3,/providers/ovh/ovh/latest/docs/guides/:path*,0.44819048,false,0.041
35e88caa4ddf307d330e,string_similarity,1,/providers/CiscoDevNet/aci/latest/docs/data-sources/:path*,0.44895349,true,0.039
35e88caa4ddf307d330e,string_similarity,2,/providers/ovh/ovh/latest/docs/guides/:path*,0.44730159,false,0.039
35e88caa4ddf307d330e,string_similarity,3,/providers/fastly/fastly/latest/docs/guides/:path*,0.42849817,false,0.039
35ff0a3e986dd144dd9d,string_similarity,1,/angular/build-a-backend/more-features/predictions/identify-text,0.39667509,true,0.076
35ff0a3e986dd144dd9d,string_similarity,2,/android/build-a-backend/more-features/predictions/identify-text,0.33232272,false,0.076
35ff0a3e986dd144dd9d,string_similarity,3,/gen1/android/prev/build-a-backend/more-features/predictions/identify-text,0.29674975,false,0.076
36306b9d4fd83c2f4a19,string_similarity,1,/flutter/build-a-backend/graphqlapi/query-data,0.45841014,true,0.070
36306b9d4fd83c2f4a19,string_similarity,2,/gen1/flutter/prev/build-a-backend/graphqlapi/query-data,0.39062809,false,0.070
36306b9d4fd83c2f4a19,string_similarity,3,/flutter/build-a-backend/graphqlapi/subscribe-data,0.34837171,false,0.070
366efaed2c1b6bb2c7c6,string_similarity,1,/angular/start/getting-started/nextsteps,0.29945055,false,0.042
366efaed2c1b6bb2c7c6,string_similarity,2,/404/index.html,0.22272727,false,0.042
366efaed2c1b6bb2c7c6,string_similarity,3,/flutter/build-a-backend/storage/get-properties,0.20892857,false,0.042
36fd3decf2d7fa5f13a9,string_similarity,1,/angular/start/getting-started/nextsteps,0.30384615,false,0.043
36fd3decf2d7fa5f13a9,string_similarity,2,/404/index.html,0.27075472,false,0.043
36fd3decf2d7fa5f13a9,string_similarity,3,/angular/start/getting-started/hosting,0.19736842,false,0.043
3708802c7cdcdfb803b5,string_similarity,1,/flutter/build-a-backend/auth/auth-events,0.33375000,false,5.094
3708802c7cdcdfb803b5,string_similarity,2,/gen1/<platform>/build-a-backend/auth/auth-events,0.31777778,false,5.094
3708802c7cdcdfb803b5,string_similarity,3,/gen1/android/prev/build-a-backend/auth/auth-events,0.29716216,false,5.094
3730a1d12091f8da9078,string_similarity,1,/android/build-a-backend/restapi,0.32581818,false,0.195
3730a1d12091f8da9078,string_similarity,2,/gen1/<platform>/build-a-backend/restapi,0.29823077,false,0.195
3730a1d12091f8da9078,string_similarity,3,/flutter/build-a-backend/restapi/fetch-data,0.27785714,false,0.195
380b0da0db72714b0989,string_similarity,1,/:lang/guides/view-transitions,0.59183250,true,0.046
380b0da0db72714b0989,string_similarity,2,/:lang/tutorial/6-islands/4,0.35892857,false,0.046
380b0da0db72714b0989,string_similarity,3,/:lang/guides/sessions,0.31898774,false,0.046
38c164f30aae0df29a96,string_similarity,1,/android/sdk/api/graphql,0.31318681,false,0.046
38c164f30aae0df29a96,string_similarity,2,/angular/start/getting-started/nextsteps,0.27941176,false,0.046
38c164f30aae0df29a96,string_similarity,3,/android/sdk/pubsub/working-api,0.26165254,false,0.046
38ceab89d8fda2be9ad1,string_similarity,1,/providers/CiscoDevNet/mso/latest/docs/guides/:path*,0.49714286,false,0.042
38ceab89d8fda2be9ad1,string_similarity,2,/providers/CiscoDevNet/mso/latest/docs/resources/:path*,0.48882960,false,0.042
38ceab89d8fda2be9ad1,string_similarity,3,/providers/CiscoDevNet/mso/latest/docs/data-sources/:path*,0.44895349,true,0.042
38d04ccf5c20f474a72f,string_similarity,1,/gen1/<platform>/tools/cli/<page>,0.28432018,false,0.071
38d04ccf5c20f474a72f,string_similarity,2,/gen1/<platform>/tools/cli-legacy,0.25386905,false,0.071
38d04ccf5c20f474a72f,string_similarity,3,/gen1/<platform>/tools/console,0.25310150,false,0.071
390ecc443369350f80b2,string_similarity,1,/providers/newrelic/newrelic/latest/docs/resources/:path*,0.55888889,true,0.084
390ecc443369350f80b2,string_similarity,2,/providers/dome9/dome9/latest/docs/resources/:path*,0.43142857,false,0.084
390ecc443369350f80b2,string_similarity,3,/providers/Venafi/venafi/latest/docs/resources/:path*,0.42611296,false,0.084
3991b3971284a551bd45,string_similarity,1,/gen1/<platform>/tools/libraries/<page>,0.88260274,true,0.070
3991b3971284a551bd45,string_similarity,2,/gen1/<platform>/tools/libraries,0.74727273,false,0.070
3991b3971284a551bd45,string_similarity,3,/gen1/<platform>/tools/cli/<page>,0.62238806,false,0.070
39cf9d1f71ce06a39a57,string_similarity,1,/flagger/tutorials/gloo-progressive-delivery,0.65238095,true,0.044
39cf9d1f71ce06a39a57,string_similarity,2,/en/flagger/tutorials/gloo-progressive-delivery,0.59737274,false,0.044
39cf9d1f71ce06a39a57,string_similarity,3,/flagger/tutorials/osm-progressive-delivery,0.52056799,false,0.044
39efcd87c095bbd4201d,string_similarity,1,/examples/temporary_files,0.85900000,true,0.129
39efcd87c095bbd4201d,string_similarity,2,/examples/writing_files,0.51666667,false,0.129
39efcd87c095bbd4201d,string_similarity,3,/examples/watching_files,0.51122449,false,0.129
3ad78b60c572605f0981,string_similarity,1,/deploy/*,0.53368966,false,0.400
3ad78b60c572605f0981,string_similarity,2,/deploy,0.48916792,false,0.400
3ad78b60c572605f0981,string_similarity,3,/deploy/classic/*,0.47536232,true,0.400
3ada48eef3b161fdc723,string_similarity,1,/flagger/tutorials/nginx-progressive-delivery,0.65348837,true,0.071
3ada48eef3b161fdc723,string_similarity,2,/en/flagger/tutorials/nginx-progressive-delivery,0.59871589,false,0.071
3ada48eef3b161fdc723,string_similarity,3,/flagger/tutorials/gloo-progressive-delivery,0.51285714,false,0.071
3ae533a60efd19252602,string_similarity,1,/angular/start/getting-started/nextsteps,0.28953488,false,0.041
3ae533a60efd19252602,string_similarity,2,/404/index.html,0.24180328,false,0.041
3ae533a60efd19252602,string_similarity,3,/android/build-a-backend/restapi/set-up-rest-api,0.21086626,false,0.041
3b2af4fe3fa93f199e1c,string_similarity,1,/angular/start/getting-started/nextsteps,0.29468085,false,0.072
3b2af4fe3fa93f199e1c,string_similarity,2,/404/index.html,0.23115942,false,0.072
3b2af4fe3fa93f199e1c,string_similarity,3,/flutter/build-a-backend/graphqlapi/existing-resources,0.22268519,false,0.072
3b51100f5fb1edc4f858,string_similarity,1,/gen1/android/build-a-backend/auth/switch-auth,0.26054159,false,0.072
3b51100f5fb1edc4f858,string_similarity,2,/gen1/javascript/prev/build-a-backend/auth/switch-auth,0.23970588,false,0.072
3b51100f5fb1edc4f858,string_similarity,3,/android/sdk/auth/federated-identities,0.21692238,false,0.072
3b6841d4cbf719221a9c,string_similarity,1,/gen1/<platform>/prev/build-a-backend/<page>,0.81757028,true,0.074
3b6841d4cbf719221a9c,string_similarity,2,/gen1/<platform>/prev/build-a-backend/<category>/<page>,0.72001013,false,0.074
3b6841d4cbf719221a9c,string_similarity,3,/gen1/<platform>/build-a-backend/graphqlapi/<page>,0.62942750,false,0.074
3bce904aade12188c8c5,string_similarity,1,/android/sdk/auth/getting-started,0.21639929,false,0.043
3bce904aade12188c8c5,string_similarity,2,/android/sdk/auth/federated-identities,0.21631791,false,0.043
3bce904aade12188c8c5,string_similarity,3,/android/sdk/auth/drop-in-auth,0.21601732,false,0.043
3bdbc1fcc7855e22f410,string_similarity,1,/providers/hashicorp/null/latest/docs/guides/:path*,0.60436975,true,0.038
3bdbc1fcc7855e22f410,string_similarity,2,/providers/ovh/ovh/latest/docs/guides/:path*,0.53380952,false,0.038
3bdbc1fcc7855e22f410,string_similarity,3,/providers/fastly/fastly/latest/docs/guides/:path*,0.52428571,false,0.038
3ca384f4f6809119d4aa,string_similarity,1,/providers/CiscoDevNet/mso/latest/docs/resources/:path*,0.48882960,true,0.037
3ca384f4f6809119d4aa,string_similarity,2,/providers/CiscoDevNet/mso/latest/docs/guides/:path*,0.48714286,false,0.037
3ca384f4f6809119d4aa,string_similarity,3,/providers/CiscoDevNet/mso/latest/docs/data-sources/:path*,0.44895349,false,0.037
3cab49bc0e59fdd15886,string_similarity,1,/providers/linode/linode/latest/docs,0.34138833,false,0.043
3cab49bc0e59fdd15886,string_similarity,2,/providers/ucloud/ucloud/latest/docs,0.34138833,false,0.043
3cab49bc0e59fdd15886,string_similarity,3,/providers/hashicorp/consul/latest/docs,0.33871622,true,0.043
3cb15b3f6c106fffac40,string_similarity,1,/gen1/javascript/build-a-backend/storage/storage-v5-to-v6-migration-guide,0.87945197,true,0.045
3cb15b3f6c106fffac40,string_similarity,2,/android/build-a-backend/storage/upload,0.44379779,false,0.045
3cb15b3f6c106fffac40,string_similarity,3,/gen1/javascript/prev/build-a-backend/more-features/datastore/sync-to-cloud,0.43924825,false,0.045
3cec18e7c0e85ca37e60,string_similarity,1,/:lang/basics/astro-syntax,0.90192308,false,0.073
3cec18e7c0e85ca37e60,string_similarity,2,/:lang/basics/astro-pages,0.63066176,false,0.073
3cec18e7c0e85ca37e60,string_similarity,3,/:lang/reference/astro-syntax,0.62737762,true,0.073
3cfcf6b215b903a5b82c,string_similarity,1,/android/build-a-backend/push-notifications/set-up-push-service,0.35097403,false,0.045
3cfcf6b215b903a5b82c,string_similarity,2,/android/build-a-backend/push-notifications/set-up-push-notifications,0.30196687,false,0.045
3cfcf6b215b903a5b82c,string_similarity,3,/angular/start/getting-started/nextsteps,0.28944954,false,0.045
3d0adff9fca9e7725f74,string_similarity,1,/gen1/android/prev/build-a-backend/more-features/predictions/interpret-sentiment,0.25190983,false,0.045
3d0adff9fca9e7725f74,string_similarity,2,/angular/build-a-backend/more-features/predictions/identify-text,0.21420996,false,0.045
3d0adff9fca9e7725f74,string_similarity,3,/android/build-a-backend/more-features/predictions/identify-text,0.20659091,false,0.045
3d420b04aa767ac7b9b8,string_similarity,1,/angular/start/getting-started/nextsteps,0.46978723,false,0.045
3d420b04aa767ac7b9b8,string_similarity,2,/angular/getting-started/migration,0.33636364,false,0.045
3d420b04aa767ac7b9b8,string_similarity,3,/android/start/getting-started/integrate,0.32829787,false,0.045
3d7569ef3f6cbfe5e573,string_similarity,1,/providers/nttcom/ecl/latest/docs/resources/:path*,0.50304029,true,0.067
3d7569ef3f6cbfe5e573,string_similarity,2,/providers/nttcom/ecl/latest/docs/guides/:path*,0.50180952,false,0.067
3d7569ef3f6cbfe5e573,string_similarity,3,/providers/nttcom/ecl/latest/docs,0.45795082,false,0.067
3def6aaf606321a9b4fd,string_similarity,1,/gen1/javascript/prev/build-a-backend/more-features/datastore/real-time,0.29558824,false,0.057
3def6aaf606321a9b4fd,string_similarity,2,/gen1/flutter/prev/build-a-backend/more-features/datastore/real-time,0.29338598,false,0.057
3def6aaf606321a9b4fd,string_similarity,3,/flutter/build-a-backend/more-features/datastore/schema-updates,0.22114657,false,0.057
3e0e6b51a3b7a0e5dd44,string_similarity,1,/providers/huaweicloud/huaweicloudstack/latest/docs/guides/:path*,0.51268741,false,0.070
3e0e6b51a3b7a0e5dd44,string_similarity,2,/providers/huaweicloud/huaweicloud/latest/docs/data-sources/:path*,0.51028011,true,0.070
3e0e6b51a3b7a0e5dd44,string_similarity,3,/providers/huaweicloud/huaweicloudstack/latest/docs/resources/:path*,0.50560440,false,0.070
3e84e7bc69164ef8fbd4,string_similarity,1,/providers/akamai/akamai/latest/docs,0.37519115,true,0.073
3e84e7bc69164ef8fbd4,string_similarity,2,/providers/linode/linode/latest/docs,0.34138833,false,0.073
3e84e7bc69164ef8fbd4,string_similarity,3,/providers/grafana/grafana/latest/docs,0.33583170,false,0.073
3f25d4e65f63995421e4,string_similarity,1,/angular/build-a-backend,0.26744186,false,0.043
3f25d4e65f63995421e4,string_similarity,2,/flutter/build-a-backend,0.24883721,false,0.043
3f25d4e65f63995421e4,string_similarity,3,/gen1/android/prev/build-a-backend,0.24032345,false,0.043
3f619c7746d09bfe7b7a,string_similarity,1,/angular/start/getting-started/nextsteps,0.30111111,false,0.042
3f619c7746d09bfe7b7a,string_similarity,2,/android/build-a-backend/more-features/datastore/manipulate-data,0.23765182,false,0.042
3f619c7746d09bfe7b7a,string_similarity,3,/flutter/build-a-backend/more-features/datastore/manipulate-data,0.23765182,false,0.042
3f8ee5fda4d6f7d63bfb,string_similarity,1,/language/upgrade-guides/0-13,0.57129630,true,0.075
3f8ee5fda4d6f7d63bfb,string_similarity,2,/language/upgrade-guides/0-8,0.45669811,false,0.075
3f8ee5fda4d6f7d63bfb,string_similarity,3,/language/upgrade-guides/0-9,0.45669811,false,0.075
3fa6ef3def1138ff62b6,string_similarity,1,/angular/start/getting-started/nextsteps,0.39255137,false,0.044
3fa6ef3def1138ff62b6,string_similarity,2,/android/start/getting-started/integrate,0.25351027,false,0.044
3fa6ef3def1138ff62b6,string_similarity,3,/404/index.html,0.25000000,false,0.044
40065817d4691eccc8d7,string_similarity,1,/enterprise/requirements/os-specific/centos-requirements,0.72752394,true,0.038
40065817d4691eccc8d7,string_similarity,2,/enterprise/requirements/os-specific/rhel-requirements,0.59108696,false,0.038
40065817d4691eccc8d7,string_similarity,3,/enterprise/requirements/network,0.34895161,false,0.038
40512dedffd3031c014c,string_similarity,1,/gen1/android/build-a-backend/auth/switch-auth,0.29000000,false,0.044
40512dedffd3031c014c,string_similarity,2,/angular/start/getting-started/nextsteps,0.28333333,false,0.044
40512dedffd3031c014c,string_similarity,3,/gen1/javascript/prev/build-a-backend/auth/switch-auth,0.26442688,true,0.044
4073f2cca47aa6d12c7e,string_similarity,1,/angular/start/getting-started/nextsteps,0.28203883,false,0.075
4073f2cca47aa6d12c7e,string_similarity,2,/404/index.html,0.22179487,false,0.075
4073f2cca47aa6d12c7e,string_similarity,3,/android/build-a-backend/storage/lambda-triggers,0.20038115,false,0.075
40c8c7b830b52e83f90d,string_similarity,1,/providers/hashicorp/google/latest/docs/resources/:path*,0.50622332,true,0.067
40c8c7b830b52e83f90d,string_similarity,2,/providers/hashicorp/google/latest/docs/data-sources/:path*,0.46611111,false,0.067
40c8c7b830b52e83f90d,string_similarity,3,/providers/ovh/ovh/latest/docs/guides/:path*,0.44819048,false,0.067
410d32a398a8bfcdb9b7,string_similarity,1,/providers/hashicorp/template/latest/docs/guides/:path*,0.60971130,true,0.072
410d32a398a8bfcdb9b7,string_similarity,2,/providers/ovh/ovh/latest/docs/guides/:path*,0.54448145,false,0.072
410d32a398a8bfcdb9b7,string_similarity,3,/providers/fastly/fastly/latest/docs/guides/:path*,0.53428189,false,0.072
412b70b8a9716dd164cc,string_similarity,1,/:lang/guides/sessions,0.38425040,true,0.044
412b70b8a9716dd164cc,string_similarity,2,/:lang/reference/astro-syntax,0.36681652,false,0.044
412b70b8a9716dd164cc,string_similarity,3,/:lang/reference/publish-to-npm,0.35599020,false,0.044
4183658eaa243b73c89b,string_similarity,1,/android/sdk/auth/getting-started,0.41307217,false,0.046
4183658eaa243b73c89b,string_similarity,2,/android/start/getting-started/setup,0.41190476,false,0.046
4183658eaa243b73c89b,string_similarity,3,/android/start/getting-started/integrate,0.40145746,false,0.046
418fec2bb08f798b58ee,string_similarity,1,/flutter/build-a-backend/push-notifications/enable-rich-notifications,0.43969270,false,0.041
418fec2bb08f798b58ee,string_similarity,2,/flutter/build-a-backend/push-notifications/interact-with-notifications,0.30811966,false,0.041
418fec2bb08f798b58ee,string_similarity,3,/android/build-a-backend/push-notifications/record-notifications,0.30273723,false,0.041
4190fcb1aa1d091af6d4,string_similarity,1,/angular/start/getting-started/nextsteps,0.29000000,false,0.048
4190fcb1aa1d091af6d4,string_similarity,2,/404/index.html,0.25181818,false,0.048
4190fcb1aa1d091af6d4,string_similarity,3,/flutter/build-a-backend/auth/auth-events,0.24814815,false,0.048
41b7a1ab0aa210abff3a,string_similarity,1,/language/upgrade-guides/0-8,0.52230769,true,0.046
41b7a1ab0aa210abff3a,string_similarity,2,/language/upgrade-guides/0-9,0.50692308,false,0.046
41b7a1ab0aa210abff3a,string_similarity,3,/language/upgrade-guides/0-13,0.45669811,false,0.046
41bc97c8361f8c214fcc,string_similarity,1,/gen1/android/prev/start/project-setup/prerequisites,0.30680451,false,0.052
41bc97c8361f8c214fcc,string_similarity,2,/gen1/angular/prev/start/project-setup/create-application,0.30398077,false,0.052
41bc97c8361f8c214fcc,string_similarity,3,/flutter/start/project-setup/escape-hatch,0.29064171,false,0.052
41dacecb8a17b54922a4,string_similarity,1,/flux/components/notification,0.85000000,false,0.044
41dacecb8a17b54922a4,string_similarity,2,/flux/components/notification/providers,0.76594595,false,0.044
41dacecb8a17b54922a4,string_similarity,3,/flux/components/notification/receivers,0.76594595,false,0.044
420e8a6728219e8a72dc,string_similarity,1,/android/sdk/auth/working-with-api,0.27418650,false,0.074
420e8a6728219e8a72dc,string_similarity,2,/android/sdk/auth/federated-identities,0.27250000,false,0.074
420e8a6728219e8a72dc,string_similarity,3,/android/sdk/auth/getting-started,0.27250000,false,0.074
4244f5392d474d193abc,string_similarity,1,/flutter,0.36549020,false,0.045
4244f5392d474d193abc,string_similarity,2,/flutter/build-a-backend/graphqlapi/api-graphql-concepts,0.35361681,true,0.045
4244f5392d474d193abc,string_similarity,3,/flutter/build-a-backend/graphqlapi/existing-resources,0.29644330,false,0.045
42a8a64fa8b51d735738,string_similarity,1,/examples/tutorials/deploy_otel,0.85000000,false,0.076
42a8a64fa8b51d735738,string_similarity,2,/examples/tutorials/deploy_command,0.61461538,false,0.076
42a8a64fa8b51d735738,string_similarity,3,/examples/tutorials/deno_deploy,0.60548387,false,0.076
42ad3a352db93b966717,string_similarity,1,/providers/skytap/skytap/latest/docs,0.53074627,false,0.067
42ad3a352db93b966717,string_similarity,2,/providers/skytap/skytap/latest/docs/data-sources/:path*,0.50622332,true,0.067
42ad3a352db93b966717,string_similarity,3,/providers/fastly/fastly/latest/docs/guides/:path*,0.43989418,false,0.067
42f10281907ef9fa30fd,string_similarity,1,/gen1/android/build-a-backend/auth/switch-auth,0.56425831,false,0.045
42f10281907ef9fa30fd,string_similarity,2,/gen1/javascript/prev/build-a-backend/auth/switch-auth,0.52082353,false,0.045
42f10281907ef9fa30fd,string_similarity,3,/angular/build-a-backend/auth,0.46986864,false,0.045
430c7be15d56681fbe3e,string_similarity,1,/gen1/<platform>/start/getting-started,0.79849765,true,0.048
430c7be15d56681fbe3e,string_similarity,2,/gen1/<platform>/start/getting-started/<page>,0.70512821,false,0.048
430c7be15d56681fbe3e,string_similarity,3,/android/start/getting-started/installation,0.53588517,false,0.048
43775d2faaf0e02186dc,string_similarity,1,/flutter/build-a-backend/auth/enable-guest-access,0.31577703,false,0.043
43775d2faaf0e02186dc,string_similarity,2,/android/build-a-backend/auth/accessing-credentials,0.20881868,false,0.043
43775d2faaf0e02186dc,string_similarity,3,/android/sdk/auth/getting-started,0.20839625,false,0.043
437f71921babb9f7edf6,string_similarity,1,/gen1/android/prev/build-a-backend/more-features/predictions/identify-text,0.54244048,false,0.045
437f71921babb9f7edf6,string_similarity,2,/gen1/android/prev/build-a-backend/more-features/predictions/set-up-predictions,0.54221198,false,0.045
437f71921babb9f7edf6,string_similarity,3,/gen1/android/prev/build-a-backend/more-features/predictions/interpret-sentiment,0.53195971,false,0.045
439f078eb7d480fcc4da,string_similarity,1,/android/build-a-backend/restapi/set-up-rest-api,0.28505307,false,0.041
439f078eb7d480fcc4da,string_similarity,2,/gen1/flutter/prev/build-a-backend/restapi/set-up-rest-api,0.24647629,false,0.041
439f078eb7d480fcc4da,string_similarity,3,/android/sdk/auth/working-with-api,0.24351233,false,0.041
43b0a64e317099a6b86c,string_similarity,1,/flagger/tutorials/osm-progressive-delivery,0.65121951,true,0.081
43b0a64e317099a6b86c,string_similarity,2,/en/flagger/tutorials/osm-progressive-delivery,0.59596639,false,0.081
43b0a64e317099a6b86c,string_similarity,3,/flagger/tutorials/gloo-progressive-delivery,0.52056799,false,0.081
43be4c6bb618929235f8,string_similarity,1,/gen1/javascript/build-ui/uibuilder,0.32500000,false,0.055
43be4c6bb618929235f8,string_similarity,2,/gen1/<platform>/tools/console,0.27607562,false,0.055
43be4c6bb618929235f8,string_similarity,3,/android/build-a-backend/restapi,0.26853172,false,0.055
43c30fb57dabe5640614,string_similarity,1,/gen1/android/build-a-backend/storage/query-transfers,0.73701923,false,0.048
43c30fb57dabe5640614,string_similarity,2,/android/build-a-backend/storage/upload,0.54041667,false,0.048
43c30fb57dabe5640614,string_similarity,3,/flutter/build-a-backend/storage/get-properties,0.53571429,false,0.048
43cc6958c638b608ae24,string_similarity,1,/gen1/android/prev/build-a-backend/more-features/predictions/interpret-sentiment,0.28938187,true,0.071
43cc6958c638b608ae24,string_similarity,2,/android/build-a-backend/more-features/predictions/identify-text,0.24151786,false,0.071
43cc6958c638b608ae24,string_similarity,3,/android/start/getting-started/integrate,0.21890029,false,0.071
43cf19f3eb590a6abf53,string_similarity,1,/flutter/build-a-backend/auth/enable-guest-access,0.33238916,false,0.050
43cf19f3eb590a6abf53,string_similarity,2,/android/sdk/auth/getting-started,0.31190781,false,0.050
43cf19f3eb590a6abf53,string_similarity,3,/android/sdk/auth/federated-identities,0.27270677,false,0.050
441b3fc5b642b1846a56,string_similarity,1,/angular/getting-started/migration,0.31608696,false,0.044
441b3fc5b642b1846a56,string_similarity,2,/android/start/getting-started/integrate,0.31406308,false,0.044
441b3fc5b642b1846a56,string_similarity,3,/android/start/getting-started/generate-model,0.30908460,false,0.044
44443d79ff3f33b083aa,string_similarity,1,/android/start/getting-started/integrate,0.30248918,false,0.080
44443d79ff3f33b083aa,string_similarity,2,/android/start/getting-started/setup,0.28127160,false,0.080
44443d79ff3f33b083aa,string_similarity,3,/flutter/start/getting-started/nextsteps,0.26485390,false,0.080
44f32161f3bdf914df9f,string_similarity,1,/flutter/start/project-setup/upgrade-guide,0.29502119,false,0.046
44f32161f3bdf914df9f,string_similarity,2,/gen1/<platform>/start/project-setup/<page>,0.28583333,false,0.046
44f32161f3bdf914df9f,string_similarity,3,/gen1/flutter/prev/start/project-setup,0.26817308,false,0.046
45f2516976ae8780b406,string_similarity,1,/enterprise/api-docs/admin/terraform-versions,0.64142857,true,0.068
45f2516976ae8780b406,string_similarity,2,/enterprise/api-docs/admin/runs,0.41049229,false,0.068
45f2516976ae8780b406,string_similarity,3,/enterprise/api-docs/admin/users,0.40693182,false,0.068
4638dd463f4ec1cf3dd9,string_similarity,1,/android/build-a-backend/auth/remember-device,0.23609626,false,0.041
4638dd463f4ec1cf3dd9,string_similarity,2,/gen1/javascript/prev/build-a-backend/more-features/geo/location-search,0.22642221,false,0.041
4638dd463f4ec1cf3dd9,string_similarity,3,/gen1/javascript/prev/build-a-backend/more-features/datastore,0.22144574,false,0.041
46876c0a337f6ec2dc37,string_similarity,1,/angular/build-a-backend/more-features/predictions/identify-text,0.27662660,false,0.047
46876c0a337f6ec2dc37,string_similarity,2,/android/build-a-backend/more-features/predictions/identify-text,0.26995994,false,0.047
46876c0a337f6ec2dc37,string_similarity,3,/gen1/android/prev/build-a-backend/more-features/predictions/identify-text,0.24637019,false,0.047
46e831c4161a05e29243,string_similarity,1,/android/build-a-backend/more-features/logging/flush-logs,0.23631075,false,0.047
46e831c4161a05e29243,string_similarity,2,/gen1/<platform>/tools/console,0.19609244,false,0.047
46e831c4161a05e29243,string_similarity,3,/android/build-a-backend/more-features/logging/change-log-levels,0.19507992,false,0.047
46f3d5a26fc59d58d70e,string_similarity,1,/en/guides/images,0.59464286,false,0.041
46f3d5a26fc59d58d70e,string_similarity,2,/en/guides/actions,0.54934641,false,0.041
46f3d5a26fc59d58d70e,string_similarity,3,/en/guides/cms,0.54166667,false,0.041
4700a464b58f448c17f4,string_similarity,1,/gen1/<platform>/sdk/push-notifications/<page>,0.81867816,true,0.044
4700a464b58f448c17f4,string_similarity,2,/gen1/<platform>/build-a-backend/push-notifications/<page>,0.61489899,false,0.044
4700a464b58f448c17f4,string_similarity,3,/gen1/<platform>/sdk/analytics/<page>,0.54670330,false,0.044
4717160e908a3a44b471,string_similarity,1,/providers/selectel/selectel/latest/docs/data-sources/:path*,0.50800307,true,0.040
4717160e908a3a44b471,string_similarity,2,/providers/scaleway/scaleway/latest/docs/guides/:path*,0.44193760,false,0.040
4717160e908a3a44b471,string_similarity,3,/providers/ovh/ovh/latest/docs/guides/:path*,0.44181818,false,0.040
47b9332058972ca0b75b,string_similarity,1,/angular/start/getting-started/nextsteps,0.28913043,false,0.068
47b9332058972ca0b75b,string_similarity,2,/flutter/build-a-backend/push-notifications/identify-user,0.25511140,false,0.068
47b9332058972ca0b75b,string_similarity,3,/gen1/javascript/prev/build-a-backend/more-features/in-app-messaging/display-messages,0.25018248,false,0.068
47d6dfd3bd6ef2ec9c8a,string_similarity,1,/angular/start/getting-started/nextsteps,0.32471264,false,0.040
47d6dfd3bd6ef2ec9c8a,string_similarity,2,/android/build-a-backend/restapi/gen-ai,0.23313953,false,0.040
47d6dfd3bd6ef2ec9c8a,string_similarity,3,/android/build-a-backend/restapi/set-up-rest-api,0.23270677,false,0.040
480c8bf6543e153e4e9a,string_similarity,1,/android/build-a-backend/more-features/predictions/identify-text,0.37522042,false,0.068
480c8bf6543e153e4e9a,string_similarity,2,/gen1/android/prev/build-a-backend/more-features/predictions/identify-text,0.33362523,true,0.068
480c8bf6543e153e4e9a,string_similarity,3,/angular/build-a-backend/more-features/predictions/identify-text,0.33098060,false,0.068
482a27e48bf447d0b10e,string_similarity,1,/angular/start/connect-to-aws-resources,0.29252119,false,0.073
482a27e48bf447d0b10e,string_similarity,2,/gen1/flutter/prev/start/project-setup,0.28776724,false,0.073
482a27e48bf447d0b10e,string_similarity,3,/flutter/build-a-backend/graphqlapi/advanced-workflows,0.28441216,false,0.073
483f83e5a7eaa2a0a544,string_similarity,1,/providers/akamai/akamai/latest/docs/resources/:path*,0.55761905,true,0.043
483f83e5a7eaa2a0a544,string_similarity,2,/providers/akamai/akamai/latest/docs,0.53074627,false,0.043
483f83e5a7eaa2a0a544,string_similarity,3,/providers/Venafi/venafi/latest/docs/resources/:path*,0.42190476,false,0.043
485f7dbdfe609024a395,string_similarity,1,/gen1/flutter/prev/build-a-backend/storage/remove,0.30388889,true,0.043
485f7dbdfe609024a395,string_similarity,2,/angular/start/getting-started/nextsteps,0.28827160,false,0.043
485f7dbdfe609024a395,string_similarity,3,/flutter/build-a-backend/storage/get-properties,0.26272727,false,0.043
4878a72bdc57806e123f,string_similarity,1,/providers/hashicorp/azuread/latest/docs/resources/:path*,0.50983949,true,0.068
4878a72bdc57806e123f,string_similarity,2,/providers/hashicorp/azuread/latest/docs/guides/:path*,0.50900332,false,0.068
4878a72bdc57806e123f,string_similarity,3,/providers/hashicorp/azuread/latest/docs,0.46833333,false,0.068
488ecd72a8e417600ab5,string_similarity,1,/flux/components/image,0.59181818,true,0.070
488ecd72a8e417600ab5,string_similarity,2,/en/flux/components/image/_index,0.53703297,false,0.070
488ecd72a8e417600ab5,string_similarity,3,/en/flux/components/image/options,0.43436853,false,0.070
4898fdcf2db7a2906f15,string_similarity,1,/android/sdk/auth/getting-started,0.53540117,false,0.044
4898fdcf2db7a2906f15,string_similarity,2,/angular/getting-started/migration,0.37679817,false,0.044
4898fdcf2db7a2906f15,string_similarity,3,/android/start/getting-started/installation,0.36881239,false,0.044
48a54ec7e758560113c6,string_similarity,1,/android/build-a-backend/auth/add-social-provider,0.25677137,false,0.119
48a54ec7e758560113c6,string_similarity,2,/gen1/flutter/build-a-backend/auth/add-social-provider,0.24937943,false,0.119
48a54ec7e758560113c6,string_similarity,3,/gen1/android/build-a-backend/auth/add-social-provider,0.24086879,false,0.119
48ca4c8423573409dfb5,string_similarity,1,/angular/build-a-backend/more-features/datastore/conflict-resolution,0.28050459,false,0.073
48ca4c8423573409dfb5,string_similarity,2,/android/build-a-backend/more-features/datastore/conflict-resolution,0.27316514,false,0.073
48ca4c8423573409dfb5,string_similarity,3,/flutter/build-a-backend/more-features/datastore/datastore-events,0.20794950,false,0.073
48eb29c0cc9541c9a14c,string_similarity,1,/cloud-docs/policy-enforcement/sentinel,0.48449563,false,0.043
48eb29c0cc9541c9a14c,string_similarity,2,/cloud-docs/policy-enforcement/sentinel/import/tfstate,0.40289634,false,0.043
48eb29c0cc9541c9a14c,string_similarity,3,/cloud-docs/policy-enforcement/sentinel/import/tfplan,0.39591049,false,0.043
4955ce62a0b109dd35ee,string_similarity,1,/gen1/<platform>/tools/cli/<page>,0.26236264,false,0.071
4955ce62a0b109dd35ee,string_similarity,2,/gen1/<platform>/tools/cli-legacy,0.24605829,false,0.071
4955ce62a0b109dd35ee,string_similarity,3,/gen1/<platform>/tools/console,0.22926531,false,0.071
4992436ff4cf5e58d025,string_similarity,1,/providers/hashicorp/random/latest/docs/guides/:path*,0.51476190,false,0.066
4992436ff4cf5e58d025,string_similarity,2,/providers/hashicorp/random/latest/docs/data-sources/:path*,0.46611111,true,0.066
4992436ff4cf5e58d025,string_similarity,3,/providers/ovh/ovh/latest/docs/guides/:path*,0.44819048,false,0.066
49cd3f67695a2eac8cad,string_similarity,1,/providers/linode/linode/latest/docs,0.36870841,false,0.040
49cd3f67695a2eac8cad,string_similarity,2,/providers/ucloud/ucloud/latest/docs,0.35774951,false,0.040
49cd3f67695a2eac8cad,string_similarity,3,/providers/aliyun/alicloud/latest/docs,0.35716667,true,0.040
4a2e702e55da85abdffe,string_similarity,1,/providers/vmware/vcd/latest/docs/resources/:path*,0.50304029,true,0.043
4a2e702e55da85abdffe,string_similarity,2,/providers/vmware/vcd/latest/docs/guides/:path*,0.50180952,false,0.043
4a2e702e55da85abdffe,string_similarity,3,/providers/vmware/vcd/latest/docs/data-sources/:path*,0.46216049,false,0.043
4a52b3bc2f43a6fc0678,string_similarity,1,/angular/start/getting-started/nextsteps,0.28866667,false,0.043
4a52b3bc2f43a6fc0678,string_similarity,2,/404/index.html,0.24600000,false,0.043
4a52b3bc2f43a6fc0678,string_similarity,3,/flutter/build-a-backend/auth/set-up-auth,0.21342105,false,0.043
4a5e2d02954d5bd752d4,string_similarity,1,/:lang/guides/images,0.58900000,true,0.042
4a5e2d02954d5bd752d4,string_similarity,2,/:lang/guides/imports,0.56497290,false,0.042
4a5e2d02954d5bd752d4,string_similarity,3,/:lang/guides/sessions,0.56432677,false,0.042
4a614b31a6d99cd7eed5,string_similarity,1,/gen1/android/prev/build-a-backend/storage/existing-resources,0.33099952,false,0.071
4a614b31a6d99cd7eed5,string_similarity,2,/android/build-a-backend/restapi/existing-resources,0.29191514,false,0.071
4a614b31a6d99cd7eed5,string_similarity,3,/gen1/<platform>/build-a-backend/auth/existing-resources,0.28289800,false,0.071
4a862461b48d336e0ff4,string_similarity,1,/gen1/<platform>/tools/console,0.28035714,false,0.054
4a862461b48d336e0ff4,string_similarity,2,/flutter/build-a-backend/more-features/datastore/authz-rules-setup,0.25612648,false,0.054
4a862461b48d336e0ff4,string_similarity,3,/android/build-a-backend/auth/sign-out,0.24423077,false,0.054
4b50b94b72a449d19359,string_similarity,1,/android/start/getting-started/integrate,0.33167016,false,0.071
4b50b94b72a449d19359,string_similarity,2,/flutter/start/getting-started/nextsteps,0.32736842,false,0.071
4b50b94b72a449d19359,string_similarity,3,/angular/start/getting-started/hosting,0.31953660,false,0.071
4b600e8bce118e6cc66d,string_similarity,1,/:lang/basics/astro-components,0.54698622,true,0.078
4b600e8bce118e6cc66d,string_similarity,2,/:lang/concepts/why-astro,0.50505865,false,0.078
4b600e8bce118e6cc66d,string_similarity,3,/de/basics/astro-components,0.44561688,false,0.078
4b6be50115897adfb2af,string_similarity,1,/flagger/tutorials/kubernetes-blue-green,0.49576923,true,0.098
4b6be50115897adfb2af,string_similarity,2,/en/flagger/tutorials/kubernetes-blue-green,0.45168067,false,0.098
4b6be50115897adfb2af,string_similarity,3,/en/flagger/usage/alerting,0.44803922,false,0.098
4b847696f8a2b45066d8,string_similarity,1,/android/build-a-backend/restapi/set-up-rest-api,0.28166454,false,0.043
4b847696f8a2b45066d8,string_similarity,2,/android/sdk/api/graphql,0.23401544,false,0.043
4b847696f8a2b45066d8,string_similarity,3,/gen1/flutter/prev/build-a-backend/restapi/set-up-rest-api,0.22961806,false,0.043
4b88fb7f25fbe940667f,string_similarity,1,/flutter/build-a-backend/graphqlapi/query-data,0.28077532,false,0.048
4b88fb7f25fbe940667f,string_similarity,2,/flutter/build-a-backend/restapi/fetch-data,0.27397661,false,0.048
4b88fb7f25fbe940667f,string_similarity,3,/gen1/flutter/prev/build-a-backend/graphqlapi/query-data,0.26870684,false,0.048
4bd64330535af1e3b721,string_similarity,1,/runtime/reference/jsx,0.44386207,false,0.046
4bd64330535af1e3b721,string_similarity,2,/runtime/reference/std,0.44386207,false,0.046
4bd64330535af1e3b721,string_similarity,3,/runtime/reference/migration_guide,0.41000000,false,0.046
4c46d186a4bac9da7d36,string_similarity,1,/angular/start/getting-started/nextsteps,0.28333333,false,0.056
4c46d186a4bac9da7d36,string_similarity,2,/404/index.html,0.25212766,false,0.056
4c46d186a4bac9da7d36,string_similarity,3,/flutter/build-a-backend/auth/set-up-auth,0.22034247,false,0.056
4c939cfe27360958ec13,string_similarity,1,/intro/vs,0.48779199,true,0.032
4c939cfe27360958ec13,string_similarity,2,/intro/vs/boto,0.45434077,false,0.032
4c939cfe27360958ec13,string_similarity,3,/intro,0.31263263,false,0.032
4c959a6a66f6fa0b0ae6,string_similarity,1,/:lang/install-and-setup,0.49642442,true,0.047
4c959a6a66f6fa0b0ae6,string_similarity,2,/:lang/:splat,0.38750000,false,0.047
4c959a6a66f6fa0b0ae6,string_similarity,3,/:lang/basics/layouts,0.36363636,false,0.047
4ce77b8b8674f614a32e,string_similarity,1,/android/build-a-backend/auth/sign-in-with-web-ui,0.30172684,false,0.033
4ce77b8b8674f614a32e,string_similarity,2,/android/build-a-backend/auth/add-social-provider,0.27576531,true,0.033
4ce77b8b8674f614a32e,string_similarity,3,/gen1/android/build-a-backend/auth/add-social-provider,0.25918596,false,0.033
4d46c681b00c694f0d84,string_similarity,1,/angular/getting-started/migration,0.34874115,false,0.029
4d46c681b00c694f0d84,string_similarity,2,/android/start/getting-started/installation,0.33593407,false,0.029
4d46c681b00c694f0d84,string_similarity,3,/angular/start/getting-started/hosting,0.32207934,false,0.029
4d6bb4ec5cdee172d164,string_similarity,1,/language/v1.1.x/upgrade-guides/0-12,0.84388889,true,0.038
4d6bb4ec5cdee172d164,string_similarity,2,/language/v1.1.x/upgrade-guides/0-9,0.73683099,false,0.038
4d6bb4ec5cdee172d164,string_similarity,3,/language/v1.1.x/upgrade-guides/1-0,0.72573579,false,0.038
4d7127837a0a9e3744b3,string_similarity,1,/flutter/build-a-backend/restapi/fetch-data,0.28129870,false,0.040
4d7127837a0a9e3744b3,string_similarity,2,/gen1/android/prev/build-a-backend/restapi/fetch-data,0.24923077,false,0.040
4d7127837a0a9e3744b3,string_similarity,3,/android/build-a-backend/restapi/set-up-rest-api,0.22567588,false,0.040
4d8b7213b1170f103664,string_similarity,1,/gen1/javascript/deploy-and-host/custom-configuration,0.69791667,false,0.043
4d8b7213b1170f103664,string_similarity,2,/gen1/angular/deploy-and-host/custom-configuration,0.69200269,false,0.043
4d8b7213b1170f103664,string_similarity,3,/android/deploy-and-host,0.47444918,false,0.043
4d94dbc1fb7e1f8e0100,string_similarity,1,/404/index.html,0.26666667,false,0.038
4d94dbc1fb7e1f8e0100,string_similarity,2,/angular/start/getting-started/nextsteps,0.25958904,false,0.038
4d94dbc1fb7e1f8e0100,string_similarity,3,/gen1/<platform>/sdk/analytics/<page>,0.21000000,false,0.038
4ddee714a2e2814fe503,string_similarity,1,/flagger/tutorials/gatewayapi-progressive-delivery,0.65833333,true,0.035
4ddee714a2e2814fe503,string_similarity,2,/en/flagger/tutorials/gatewayapi-progressive-delivery,0.60461760,false,0.035
4ddee714a2e2814fe503,string_similarity,3,/flagger/tutorials/traefik-progressive-delivery,0.50253456,false,0.035
4df02e5ca1bae48c3dc3,string_similarity,1,/terraform/plugin/best-practices/provider-code,0.52065217,false,0.025
4df02e5ca1bae48c3dc3,string_similarity,2,/terraform/plugin/best-practices/interacting-with-providers,0.49714286,false,0.025
4df02e5ca1bae48c3dc3,string_similarity,3,/terraform/plugin/testing/testing-patterns,0.46558442,true,0.025
4e1962ea423100a03cda,string_similarity,1,/providers/ovh/ovh/latest/docs/guides/:path*,0.45074447,false,0.040
4e1962ea423100a03cda,string_similarity,2,/providers/fastly/fastly/latest/docs/guides/:path*,0.43142857,false,0.040
4e1962ea423100a03cda,string_similarity,3,/providers/turbot/turbot/latest/docs/guides/:path*,0.43142857,false,0.040
4e2cf528517a09f02094,string_similarity,1,/flutter/build-a-backend/more-features/datastore/datastore-events,0.31079135,false,0.037
4e2cf528517a09f02094,string_similarity,2,/gen1/javascript/prev/build-a-backend/more-features/datastore,0.22112107,false,0.037
4e2cf528517a09f02094,string_similarity,3,/flutter/build-a-backend/auth/auth-events,0.21857639,false,0.037
4e5dc84c36ba44fc8b94,string_similarity,1,/gen1/<platform>/tools/cli/<page>,0.28029372,false,0.038
4e5dc84c36ba44fc8b94,string_similarity,2,/gen1/<platform>/tools/cli-legacy,0.25798578,false,0.038
4e5dc84c36ba44fc8b94,string_similarity,3,/gen1/<platform>/prev/start/<page>,0.25123340,false,0.038
4e6e6feea74a5efe0625,string_similarity,1,/gen1/angular/prev/start/project-setup/create-application,0.71785714,false,0.038
4e6e6feea74a5efe0625,string_similarity,2,/gen1/flutter/prev/start/project-setup,0.50725806,false,0.038
4e6e6feea74a5efe0625,string_similarity,3,/gen1/android/prev/start/project-setup/rxjava,0.49955556,false,0.038
4eb86f0daf510dbe1f10,string_similarity,1,/examples/parsing_serializing_yaml,0.82647059,true,0.043
4eb86f0daf510dbe1f10,string_similarity,2,/examples/parsing_serializing_csv,0.60432836,false,0.043
4eb86f0daf510dbe1f10,string_similarity,3,/examples/parsing_serializing_json,0.59941176,false,0.043
4eb970640a26cc950d15,string_similarity,1,/runtime/contributing,0.63807692,true,0.035
4eb970640a26cc950d15,string_similarity,2,/runtime/reference/jsx,0.28519458,false,0.035
4eb970640a26cc950d15,string_similarity,3,/runtime/reference/std,0.28519458,false,0.035
4ed183c690024272c016,string_similarity,1,/flutter/build-a-backend/graphqlapi/advanced-workflows,0.30274510,false,0.046
4ed183c690024272c016,string_similarity,2,/gen1/javascript/prev/build-a-backend/graphqlapi/advanced-workflows,0.27164962,false,0.046
4ed183c690024272c016,string_similarity,3,/gen1/android/prev/build-a-backend/graphqlapi/advanced-workflows,0.26953782,false,0.046
4ed1a7f6282535a638ed,string_similarity,1,/gen1/flutter/prev/build-a-backend/graphqlapi/mutate-data,0.36740995,true,0.042
4ed1a7f6282535a638ed,string_similarity,2,/flutter/build-a-backend/graphqlapi/query-data,0.32868421,false,0.042
4ed1a7f6282535a638ed,string_similarity,3,/flutter/build-a-backend/graphqlapi/subscribe-data,0.32085859,false,0.042
4ee514b497f32e6b2c70,string_similarity,1,/gen1/<platform>/prev/tools/<category>/<page>,0.79919786,true,0.039
4ee514b497f32e6b2c70,string_similarity,2,/gen1/<platform>/prev/build-a-backend/<category>/<page>,0.59482456,false,0.039
4ee514b497f32e6b2c70,string_similarity,3,/gen1/<platform>/prev/start/<page>,0.55533727,false,0.039
4f659f865c5a42f9515f,string_similarity,1,/examples/aes_encryption,0.83333333,true,0.045
4f659f865c5a42f9515f,string_similarity,2,/examples/spy_functions,0.37936170,false,0.045
4f659f865c5a42f9515f,string_similarity,3,/examples/deno_version,0.36826087,false,0.045
4ff03356ca53e9376d14,string_similarity,1,/gen1/android/prev/start/project-setup/rxjava,0.91218487,true,0.046
4ff03356ca53e9376d14,string_similarity,2,/gen1/android/prev/start/project-setup/prerequisites,0.59416925,false,0.046
4ff03356ca53e9376d14,string_similarity,3,/gen1/flutter/prev/start/project-setup,0.57217949,false,0.046
500357394ab0d4a4d391,string_similarity,1,/flutter/build-a-backend/more-features/datastore/datastore-events,0.31770914,false,0.053
500357394ab0d4a4d391,string_similarity,2,/flutter/build-a-backend/more-features/datastore/set-up-datastore,0.23852375,false,0.053
500357394ab0d4a4d391,string_similarity,3,/flutter/build-a-backend/more-features/datastore/additional-methods,0.23039433,false,0.053
500b410f4d5667336902,string_similarity,1,/examples/tutorials/honeycomb,0.85000000,false,0.055
500b410f4d5667336902,string_similarity,2,/examples/tutorials/next,0.55707547,false,0.055
500b410f4d5667336902,string_similarity,3,/examples/tutorials/react,0.55092593,false,0.055
5070e2e1c5ef4a412b83,string_similarity,1,/deploy/*,0.47115385,false,0.035
5070e2e1c5ef4a412b83,string_similarity,2,/deploy,0.45833333,false,0.035
5070e2e1c5ef4a412b83,string_similarity,3,/examples/tutorials/deno_deploy,0.45833333,false,0.035
5109caa0a2a6f184209e,string_similarity,1,/gen1/android/prev/build-a-backend/storage/existing-resources,0.35559777,false,0.074
5109caa0a2a6f184209e,string_similarity,2,/android/build-a-backend/restapi/existing-resources,0.31300442,false,0.074
5109caa0a2a6f184209e,string_similarity,3,/gen1/<platform>/build-a-backend/existing-resources,0.30897844,false,0.074
5138ba44a50269f11c22,string_similarity,1,/android/build-a-backend/storage/upload,0.28002152,false,0.033
5138ba44a50269f11c22,string_similarity,2,/android/build-a-backend/storage/lambda-triggers,0.26144473,false,0.033
5138ba44a50269f11c22,string_similarity,3,/gen1/android/build-a-backend/storage/query-transfers,0.25785985,false,0.033
515bd6904f6237909108,string_similarity,1,/android/build-a-backend/more-features/datastore/manipulate-data,0.29153461,true,0.045
515bd6904f6237909108,string_similarity,2,/android/build-a-backend/more-features/datastore,0.24967742,false,0.045
515bd6904f6237909108,string_similarity,3,/flutter/build-a-backend/more-features/datastore/manipulate-data,0.24380734,false,0.045
517a1ba26c5387489d4d,string_similarity,1,/android/build-a-backend/auth/managing-attributes,0.33906104,false,0.039
517a1ba26c5387489d4d,string_similarity,2,/flutter/build-a-backend/auth/delete-user-account,0.30530888,false,0.039
517a1ba26c5387489d4d,string_similarity,3,/android/build-a-backend/auth/delete-user-account,0.29449807,false,0.039
5184e1a7e084639228cc,string_similarity,1,/providers/hashicorp/vsphere/latest/docs/guides/:path*,0.61274725,true,0.041
5184e1a7e084639228cc,string_similarity,2,/providers/ovh/ovh/latest/docs/guides/:path*,0.54368607,false,0.041
5184e1a7e084639228cc,string_similarity,3,/providers/opsgenie/opsgenie/latest/docs/guides/:path*,0.52208791,false,0.041
519295c94761ba2f3d93,string_similarity,1,/gen1/angular/build-a-backend/server-side-rendering/nextjs,0.65713229,false,0.039
519295c94761ba2f3d93,string_similarity,2,/angular/build-a-backend/server-side-rendering,0.61543262,false,0.039
519295c94761ba2f3d93,string_similarity,3,/gen1/javascript/build-a-backend/server-side-rendering/nuxt,0.57165689,false,0.039
51df7672757ebc589235,string_similarity,1,/gen1/<platform>/start/getting-started/<page>,0.81813725,true,0.034
51df7672757ebc589235,string_similarity,2,/gen1/<platform>/start/getting-started,0.70512821,false,0.034
51df7672757ebc589235,string_similarity,3,/gen1/<platform>/prev/start/<page>,0.54452646,false,0.034
52009da7454f0400202b,string_similarity,1,/<platform>/build-a-backend/auth/connect-your-frontend/sign-up,0.26882184,false,0.051
52009da7454f0400202b,string_similarity,2,/android/build-a-backend/auth/multi-step-sign-in,0.25886408,false,0.051
52009da7454f0400202b,string_similarity,3,/flutter/build-a-backend/auth/multi-step-sign-in,0.25886408,false,0.051
52131d6f2d0f6dc719de,string_similarity,1,/android/build-a-backend/auth/accessing-credentials,0.35314710,false,0.054
52131d6f2d0f6dc719de,string_similarity,2,/gen1/android/prev/build-a-backend/auth/accessing-credentials,0.31138031,true,0.054
52131d6f2d0f6dc719de,string_similarity,3,/gen1/flutter/prev/build-a-backend/auth/accessing-credentials,0.26811108,false,0.054
521ec24b0832f6da851e,string_similarity,1,/flutter/build-a-backend/graphqlapi/existing-resources,0.37232639,false,0.036
521ec24b0832f6da851e,string_similarity,2,/android/build-a-backend/restapi/existing-resources,0.37171336,false,0.036
521ec24b0832f6da851e,string_similarity,3,/gen1/android/prev/build-a-backend/more-features/analytics/existing-resources,0.36956582,false,0.036
527e495c1ba1f4ddb6bf,string_similarity,1,/gen1/android/prev/start/project-setup/prerequisites,0.63725490,false,0.069
527e495c1ba1f4ddb6bf,string_similarity,2,/gen1/flutter/prev/start/project-setup,0.58887560,false,0.069
527e495c1ba1f4ddb6bf,string_similarity,3,/gen1/angular/prev/start/project-setup/create-application,0.56010330,false,0.069
52a551c0e1a723c43bcd,string_similarity,1,/angular/start/getting-started/nextsteps,0.47111111,false,0.049
52a551c0e1a723c43bcd,string_similarity,2,/flutter/start/getting-started/nextsteps,0.38111111,false,0.049
52a551c0e1a723c43bcd,string_similarity,3,/android/start/getting-started/integrate,0.33000000,false,0.049
5346e8a72b409947eb35,string_similarity,1,/angular/start/getting-started/nextsteps,0.29382022,false,0.038
5346e8a72b409947eb35,string_similarity,2,/angular/build-a-backend/more-features/predictions/identify-text,0.27454050,false,0.038
5346e8a72b409947eb35,string_similarity,3,/android/build-a-backend/more-features/predictions/identify-text,0.26746086,false,0.038
535abc8e08b61e40fede,string_similarity,1,/angular/start/getting-started/nextsteps,0.32272727,false,0.028
535abc8e08b61e40fede,string_similarity,2,/android/build-a-backend/storage/lambda-triggers,0.25681818,false,0.028
535abc8e08b61e40fede,string_similarity,3,/gen1/android/prev/build-a-backend/storage/lambda-triggers,0.22772134,false,0.028
53f225dec988846fa90b,string_similarity,1,/gen1/flutter/prev/build-a-backend/auth/accessing-credentials,0.30709459,true,0.056
53f225dec988846fa90b,string_similarity,2,/android/build-a-backend/auth/accessing-credentials,0.29567957,false,0.056
53f225dec988846fa90b,string_similarity,3,/angular/start/getting-started/nextsteps,0.29222222,false,0.056
53fe5e95db130c40fbea,string_similarity,1,/providers/DataDog/datadog/latest/docs,0.36559846,true,0.033
53fe5e95db130c40fbea,string_similarity,2,/providers/linode/linode/latest/docs,0.33857143,false,0.033
53fe5e95db130c40fbea,string_similarity,3,/providers/digitalocean/digitalocean/latest/docs,0.32904762,false,0.033
54549888a29a4f4a3baa,string_similarity,1,/angular/getting-started/migration,0.37050327,false,0.049
54549888a29a4f4a3baa,string_similarity,2,/android/start/getting-started/installation,0.35402597,false,0.049
54549888a29a4f4a3baa,string_similarity,3,/angular/start/getting-started/hosting,0.34014883,false,0.049
546269cda1e717225a66,string_similarity,1,/providers/linode/linode/latest/docs,0.35033613,false,0.035
546269cda1e717225a66,string_similarity,2,/docs/extend/writing-custom-providers.html,0.33352391,false,0.035
546269cda1e717225a66,string_similarity,3,/providers/hashicorp/nomad/latest/docs,0.32821429,false,0.035
54721773db7e1b547380,string_similarity,1,/providers/FlexibleEngineCloud/flexibleengine/latest/docs/resources/:path*,0.50785082,true,0.032
54721773db7e1b547380,string_similarity,2,/providers/FlexibleEngineCloud/flexibleengine/latest/docs,0.46833333,false,0.032
54721773db7e1b547380,string_similarity,3,/providers/gridscale/gridscale/latest/docs/guides/:path*,0.43022556,false,0.032
5481822057b124c4be67,string_similarity,1,/flutter/build-a-backend/graphqlapi,0.46221122,false,0.029
5481822057b124c4be67,string_similarity,2,/gen1/<platform>/build-a-backend/graphqlapi/connect-api-to-existing-database,0.46154755,false,0.029
5481822057b124c4be67,string_similarity,3,/gen1/<platform>/build-a-backend/graphqlapi/<page>,0.45146290,false,0.029
549a5995a6cc4333f077,string_similarity,1,/providers/hashicorp/random/latest/docs/guides/:path*,0.61008026,true,0.040
549a5995a6cc4333f077,string_similarity,2,/providers/ovh/ovh/latest/docs/guides/:path*,0.54714286,false,0.040
549a5995a6cc4333f077,string_similarity,3,/providers/turbot/turbot/latest/docs/guides/:path*,0.53691030,false,0.040
54b46e26e018ad8e59bf,string_similarity,1,/flutter/build-a-backend/graphqlapi/query-data,0.42127660,false,0.029
54b46e26e018ad8e59bf,string_similarity,2,/gen1/flutter/prev/build-a-backend/graphqlapi/query-data,0.36363636,true,0.029
54b46e26e018ad8e59bf,string_similarity,3,/flutter/build-a-backend/graphqlapi/subscribe-data,0.32275510,false,0.029
54d69da09f0c359bb73d,string_similarity,1,/guides,0.38951724,true,0.028
54d69da09f0c359bb73d,string_similarity,2,/language/upgrade-guides/0-8,0.23913043,false,0.028
54d69da09f0c359bb73d,string_similarity,3,/language/upgrade-guides/0-9,0.23913043,false,0.028
54df152429c90f991170,string_similarity,1,/:lang/recipes,0.62000000,false,0.034
54df152429c90f991170,string_similarity,2,/:lang/recipes/rss,0.55320513,false,0.034
54df152429c90f991170,string_similarity,3,/:lang/:splat,0.47426471,false,0.034
5545e3b0e8f5409f69c4,string_similarity,1,/gen1/<platform>/tools/cli-legacy,0.33242157,false,0.038
5545e3b0e8f5409f69c4,string_similarity,2,/flutter/build-a-backend/graphqlapi/api-graphql-concepts,0.26822820,false,0.038
5545e3b0e8f5409f69c4,string_similarity,3,/gen1/<platform>/tools/cli/<page>,0.26600000,false,0.038
556d6bc3e4945e58690e,string_similarity,1,/:lang/concepts/islands,0.45718644,false,0.044
556d6bc3e4945e58690e,string_similarity,2,/:lang/guides/on-demand-rendering,0.38038406,true,0.044
556d6bc3e4945e58690e,string_similarity,3,/:lang/concepts/why-astro,0.37963700,false,0.044
55a9022d7b2135ee6632,string_similarity,1,/flutter/build-a-backend/storage/get-properties,0.30293522,false,0.036
55a9022d7b2135ee6632,string_similarity,2,/android/build-a-backend/storage/list,0.29840368,false,0.036
55a9022d7b2135ee6632,string_similarity,3,/android/build-a-backend/storage/lambda-triggers,0.29740260,false,0.036
55b8ea2f072fd9d9c7bc,string_similarity,1,/android/sdk/auth/federated-identities,0.65086207,true,0.034
55b8ea2f072fd9d9c7bc,string_similarity,2,/android/sdk/auth/getting-started,0.35411585,false,0.034
55b8ea2f072fd9d9c7bc,string_similarity,3,/android/sdk/auth/drop-in-auth,0.34544735,false,0.034
55d506c4654c02d7e48f,string_similarity,1,/examples/spy_functions,0.83260870,true,0.033
55d506c4654c02d7e48f,string_similarity,2,/examples/aes_encryption,0.37936170,false,0.033
55d506c4654c02d7e48f,string_similarity,3,/examples,0.37500000,false,0.033
55ebba82c1abe9553193,string_similarity,1,/android/build-a-backend/storage/lambda-triggers,0.29476190,false,0.031
55ebba82c1abe9553193,string_similarity,2,/gen1/android/prev/build-a-backend/storage/lambda-triggers,0.25619761,false,0.031
55ebba82c1abe9553193,string_similarity,3,/flutter/build-a-backend/storage/get-properties,0.24634251,false,0.031
55f6704e519648e77d55,string_similarity,1,/providers/ovh/ovh/latest/docs/guides/:path*,0.67590909,true,0.030
55f6704e519648e77d55,string_similarity,2,/providers/fastly/fastly/latest/docs/guides/:path*,0.51774527,false,0.030
55f6704e519648e77d55,string_similarity,3,/providers/turbot/turbot/latest/docs/guides/:path*,0.51774527,false,0.030
55fb3e1e445168ccf864,string_similarity,1,/flutter/build-a-backend/graphqlapi/existing-resources,0.49420561,true,0.031
55fb3e1e445168ccf864,string_similarity,2,/gen1/flutter/prev/build-a-backend/graphqlapi/existing-resources,0.42747863,false,0.031
55fb3e1e445168ccf864,string_similarity,3,/flutter,0.32991803,false,0.031
5619bdd170c5604d74a2,string_similarity,1,/flagger/tutorials/osm-progressive-delivery,0.55320513,false,0.038
5619bdd170c5604d74a2,string_similarity,2,/flagger/tutorials/gloo-progressive-delivery,0.54905063,false,0.038
5619bdd170c5604d74a2,string_similarity,3,/flagger/tutorials/kuma-progressive-delivery,0.54905063,false,0.038
56407f98f58479273e65,string_similarity,1,/android/sdk/pubsub/working-api,0.20969916,false,0.037
56407f98f58479273e65,string_similarity,2,/gen1/<platform>/start/getting-started,0.18993464,false,0.037
56407f98f58479273e65,string_similarity,3,/gen1/<platform>/prev/start/<page>,0.18931624,false,0.037
56aa6d7c6cfd8d6efe86,string_similarity,1,/angular/start/getting-started/hosting,0.79166667,true,0.050
56aa6d7c6cfd8d6efe86,string_similarity,2,/angular/start/getting-started/nextsteps,0.48322981,false,0.050
56aa6d7c6cfd8d6efe86,string_similarity,3,/angular/getting-started/migration,0.45332226,false,0.050
56c6dfd06852dc787460,string_similarity,1,/android/build-a-backend/restapi/set-up-rest-api,0.51406218,false,0.039
56c6dfd06852dc787460,string_similarity,2,/android/build-a-backend/functions,0.51005809,false,0.039
56c6dfd06852dc787460,string_similarity,3,/angular/build-a-backend/functions,0.50041954,false,0.039
56cded35cf62d509f9d2,string_similarity,1,/en/guides/integrations-guide,0.60705563,false,0.053
56cded35cf62d509f9d2,string_similarity,2,/en/guides/integrations-guide/deno,0.55476190,false,0.053
56cded35cf62d509f9d2,string_similarity,3,/en/guides/integrations-guide/lit,0.55310753,false,0.053
575aeed94d5e54b8c88b,string_similarity,1,/flutter/build-a-backend/push-notifications/receive-device-token,0.22276786,false,0.074
575aeed94d5e54b8c88b,string_similarity,2,/android/build-a-backend/push-notifications/register-device,0.20630792,false,0.074
575aeed94d5e54b8c88b,string_similarity,3,/gen1/javascript/prev/build-a-backend/more-features/geo/location-search,0.19669643,false,0.074
576f13f91841edf388ac,string_similarity,1,/:lang/guides/migrate-to-astro,0.55454545,false,0.061
576f13f91841edf388ac,string_similarity,2,/:lang/recipes,0.43714286,false,0.061
576f13f91841edf388ac,string_similarity,3,/:lang/:splat,0.41666667,false,0.061
57c6ce80e800210aef91,string_similarity,1,/flutter/build-a-backend/auth/sign-out,0.23619048,false,0.060
57c6ce80e800210aef91,string_similarity,2,/flutter/build-a-backend/auth/sign-in-custom-flow,0.22920838,false,0.060
57c6ce80e800210aef91,string_similarity,3,/android/build-a-backend/auth/sign-out,0.22476190,false,0.060
57eafb5c459978df3173,string_similarity,1,/:lang/concepts/islands,0.47136364,false,0.043
57eafb5c459978df3173,string_similarity,2,/:lang/guides/content-collections,0.45475962,true,0.043
57eafb5c459978df3173,string_similarity,3,/:lang/concepts/why-astro,0.41172249,false,0.043
57f0ddc606d38497dad5,string_similarity,1,/android/build-a-backend/auth/accessing-credentials,0.36224490,true,0.039
57f0ddc606d38497dad5,string_similarity,2,/gen1/android/prev/build-a-backend/auth/accessing-credentials,0.31531987,false,0.039
57f0ddc606d38497dad5,string_similarity,3,/gen1/flutter/prev/build-a-backend/auth/accessing-credentials,0.27500000,false,0.039
58a22e60eab45d45a41e,string_similarity,1,/android/sdk,0.54166667,false,0.035
58a22e60eab45d45a41e,string_similarity,2,/android/build-a-backend/auth/sdk,0.26220077,false,0.035
58a22e60eab45d45a41e,string_similarity,3,/android/sdk/api/graphql,0.23587662,false,0.035
58cfcfd546c232de02cb,string_similarity,1,/gen1/angular/prev/build-a-backend,0.79492063,true,0.033
58cfcfd546c232de02cb,string_similarity,2,/angular/build-a-backend,0.76643082,false,0.033
58cfcfd546c232de02cb,string_similarity,3,/angular/build-a-backend/auth,0.67162272,false,0.033
5937f4ee75b2a493e384,string_similarity,1,/android/sdk/auth/federated-identities,0.54629948,false,0.031
5937f4ee75b2a493e384,string_similarity,2,/angular/start/getting-started/nextsteps,0.30058824,false,0.031
5937f4ee75b2a493e384,string_similarity,3,/android/sdk/auth/drop-in-auth,0.28133333,false,0.031
594fa437bdd039e6dfd4,string_similarity,1,/angular/start/getting-started/nextsteps,0.29117647,false,0.027
594fa437bdd039e6dfd4,string_similarity,2,/404/index.html,0.22441860,false,0.027
594fa437bdd039e6dfd4,string_similarity,3,/gen1/<platform>/prev/start/<page>,0.21935484,false,0.027
595b8959c367637aa64f,string_similarity,1,/android/sdk,0.48754464,true,0.036
595b8959c367637aa64f,string_similarity,2,/android/sdk/analytics/endpoints,0.36392045,false,0.036
595b8959c367637aa64f,string_similarity,3,/android/sdk/analytics/kinesis,0.34646064,false,0.036
595d9ee17953cad1092b,string_similarity,1,/gen1/<platform>/build-a-backend/existing-resources,0.65246222,false,0.036
595d9ee17953cad1092b,string_similarity,2,/gen1/<platform>/build-a-backend/auth/existing-resources,0.60025729,false,0.036
595d9ee17953cad1092b,string_similarity,3,/android/build-a-backend/restapi/existing-resources,0.58468575,false,0.036
595e809712140c64b8fd,string_similarity,1,/enterprise/install/pre-install-checklist,0.43166667,false,0.077
595e809712140c64b8fd,string_similarity,2,/enterprise/install/automated/active-active,0.43027027,true,0.077
595e809712140c64b8fd,string_similarity,3,/enterprise/saml/configuration,0.33529144,false,0.077
59d472f7a60c7e33a79f,string_similarity,1,/gen1/<platform>/tools/console,0.23272397,false,0.051
59d472f7a60c7e33a79f,string_similarity,2,/gen1/flutter/prev/build-a-backend/storage/remove,0.19343891,false,0.051
59d472f7a60c7e33a79f,string_similarity,3,/gen1/<platform>/build-a-backend/more-features,0.19200000,false,0.051
5a0feb2ce61dcd9e4ae2,string_similarity,1,/gen1/javascript/build-ui/uibuilder,0.42569444,false,0.053
5a0feb2ce61dcd9e4ae2,string_similarity,2,/gen1/<platform>/build-a-backend/existing-resources,0.29855731,false,0.053
5a0feb2ce61dcd9e4ae2,string_similarity,3,/android/build-a-backend/auth/remember-device,0.29382739,false,0.053
5b1426d712b41f5fb279,string_similarity,1,/flux/installation/configuration/openshift,0.42251785,true,0.037
5b1426d712b41f5fb279,string_similarity,2,/en/flux/installation/configuration/openshift,0.39136646,false,0.037
5b1426d712b41f5fb279,string_similarity,3,/flux/components/helm,0.32416388,false,0.037
5b1e0722fcb97695366d,string_similarity,1,/angular/start/getting-started/hosting,0.54987013,false,0.037
5b1e0722fcb97695366d,string_similarity,2,/android/start/getting-started/integrate,0.48533730,false,0.037
5b1e0722fcb97695366d,string_similarity,3,/android/start/getting-started/installation,0.43541667,false,0.037
5b28bdd863ced204cfda,string_similarity,1,/angular/start/getting-started/nextsteps,0.28090909,false,0.041
5b28bdd863ced204cfda,string_similarity,2,/404/index.html,0.25666667,false,0.041
5b28bdd863ced204cfda,string_similarity,3,/gen1/angular/prev,0.19393939,false,0.041
5b503a49fcccf1067a3d,string_similarity,1,/gen1/<platform>/build-a-backend/auth/delete-user-account,0.87290138,true,0.047
5b503a49fcccf1067a3d,string_similarity,2,/flutter/build-a-backend/auth/delete-user-account,0.79143564,false,0.047
5b503a49fcccf1067a3d,string_similarity,3,/android/build-a-backend/auth/delete-user-account,0.78351485,false,0.047
5b721b41492a15ec312b,string_similarity,1,/gen1/<platform>/build-a-backend/auth/managing-credentials,0.76769627,true,0.044
5b721b41492a15ec312b,string_similarity,2,/android/build-a-backend/auth/accessing-credentials,0.54038462,false,0.044
5b721b41492a15ec312b,string_similarity,3,/gen1/<platform>/build-a-backend/auth/auth-events,0.53872549,false,0.044
5b7602f8305d8e690c83,string_similarity,1,/gen1/<platform>/tools/cli-legacy,0.51751190,false,0.036
5b7602f8305d8e690c83,string_similarity,2,/gen1/<platform>/tools/cli/<page>,0.39336232,false,0.036
5b7602f8305d8e690c83,string_similarity,3,/gen1/<platform>/tools/console,0.33222222,false,0.036
5bd8c270b3f702020aaf,string_similarity,1,/language/v1.1.x/upgrade-guides/0-9,0.84357143,true,0.041
5bd8c270b3f702020aaf,string_similarity,2,/language/v1.1.x/upgrade-guides/1-0,0.82088670,false,0.041
5bd8c270b3f702020aaf,string_similarity,3,/language/v1.1.x/upgrade-guides/0-10,0.73683099,false,0.041
5bea286cf1e801bc7b60,string_similarity,1,/gen1/angular/prev/start/project-setup/create-application,0.71574074,false,0.042
5bea286cf1e801bc7b60,string_similarity,2,/gen1/flutter/prev/start/project-setup,0.52668539,false,0.042
5bea286cf1e801bc7b60,string_similarity,3,/gen1/android/prev/start/project-setup/rxjava,0.49388889,false,0.042
5c36ab2d92dd8220e8cd,string_similarity,1,/roadmap,0.63809524,true,0.037
5c36ab2d92dd8220e8cd,string_similarity,2,/en/contributing/docs/_index,0.25337108,false,0.037
5c36ab2d92dd8220e8cd,string_similarity,3,/en/contributing/docs/writing-docs,0.25203228,false,0.037
5cc85ea169131595d77b,string_similarity,1,/gen1/<platform>/tools/cli-legacy,0.27046717,false,0.037
5cc85ea169131595d77b,string_similarity,2,/angular/getting-started/migration,0.26166667,false,0.037
5cc85ea169131595d77b,string_similarity,3,/android/build-a-backend/functions,0.25725490,false,0.037
5ce1a75e859f09dabb09,string_similarity,1,/deploy/classic/*,0.39967949,false,0.035
5ce1a75e859f09dabb09,string_similarity,2,/deploy/*,0.38225806,true,0.035
5ce1a75e859f09dabb09,string_similarity,3,/deploy/classic,0.37195946,false,0.035
5d2858197a22b28fd2c9,string_similarity,1,/:lang/guides/framework-components,0.60846154,true,0.042
5d2858197a22b28fd2c9,string_similarity,2,/en/guides/framework-components,0.48092186,false,0.042
5d2858197a22b28fd2c9,string_similarity,3,/:lang/concepts/islands,0.43942308,false,0.042
5d3b8c302a2e636fa376,string_similarity,1,/gen1/javascript/prev/build-a-backend/more-features/datastore/real-time,0.30274725,true,0.032
5d3b8c302a2e636fa376,string_similarity,2,/gen1/flutter/prev/build-a-backend/more-features/datastore/real-time,0.27165446,false,0.032
5d3b8c302a2e636fa376,string_similarity,3,/gen1/javascript/prev/build-a-backend/more-features/datastore,0.23923077,false,0.032
5d708e6007f454a5ab04,string_similarity,1,/angular/start/getting-started/nextsteps,0.30058824,false,0.064
5d708e6007f454a5ab04,string_similarity,2,/flutter/build-a-backend/storage/configure-access,0.27920696,false,0.064
5d708e6007f454a5ab04,string_similarity,3,/gen1/<platform>/build-a-backend/storage/configure-storage,0.24285084,false,0.064
5db06dfd38d2ca5f68bc,string_similarity,1,/angular/start/getting-started/nextsteps,0.27307692,false,0.038
5db06dfd38d2ca5f68bc,string_similarity,2,/404/index.html,0.24056604,false,0.038
5db06dfd38d2ca5f68bc,string_similarity,3,/gen1/javascript/prev/build-a-backend/graphqlapi/customize-authz-modes,0.23960114,true,0.038
5dd795e006b6d8b9c789,string_similarity,1,/flutter/build-a-backend/graphqlapi/api-graphql-concepts,0.32036401,false,0.035
5dd795e006b6d8b9c789,string_similarity,2,/android/build-a-backend/graphqlapi/api-graphql-concepts,0.31157280,false,0.035
5dd795e006b6d8b9c789,string_similarity,3,/gen1/javascript/prev/build-a-backend/graphqlapi/api-graphql-concepts,0.26811626,false,0.035
5df1652310b00fb9e1ac,string_similarity,1,/providers/StatusCakeDev/statuscake/latest/docs/data-sources/:path*,0.47029412,true,0.038
5df1652310b00fb9e1ac,string_similarity,2,/providers/StatusCakeDev/statuscake/latest/docs,0.46914634,false,0.038
5df1652310b00fb9e1ac,string_similarity,3,/providers/fastly/fastly/latest/docs/guides/:path*,0.44756303,false,0.038
5e67dcb6a926ed34cb4a,string_similarity,1,/angular/start/getting-started/nextsteps,0.28636364,false,0.035
5e67dcb6a926ed34cb4a,string_similarity,2,/android/sdk/auth/working-with-api,0.27694013,false,0.035
5e67dcb6a926ed34cb4a,string_similarity,3,/404/index.html,0.23888889,false,0.035
5e8a64476b664638f1ae,string_similarity,1,/examples/tutorials/file_server,0.87586207,false,0.043
5e8a64476b664638f1ae,string_similarity,2,/examples/tutorials/file_based_routing,0.57642340,false,0.043
5e8a64476b664638f1ae,string_similarity,3,/examples/tutorials/file_system_events,0.57574801,false,0.043
5ef9d3008cb4844ee5d9,string_similarity,1,/angular/start/getting-started/nextsteps,0.29285714,false,0.057
5ef9d3008cb4844ee5d9,string_similarity,2,/flutter/build-a-backend/graphqlapi/advanced-workflows,0.24499072,false,0.057
5ef9d3008cb4844ee5d9,string_similarity,3,/404/index.html,0.24491525,false,0.057
5f154d39ef4953ee4a98,string_similarity,1,/gen1/android/build-a-backend/auth/switch-auth,0.59537815,false,0.043
5f154d39ef4953ee4a98,string_similarity,2,/gen1/javascript/prev/build-a-backend/auth/switch-auth,0.55210310,false,0.043
5f154d39ef4953ee4a98,string_similarity,3,/angular/build-a-backend/auth,0.49416836,false,0.043
5f88e4b480c034f6c041,string_similarity,1,/angular/start/getting-started/nextsteps,0.49390244,false,0.032
5f88e4b480c034f6c041,string_similarity,2,/angular/getting-started/migration,0.35460526,false,0.032
5f88e4b480c034f6c041,string_similarity,3,/android/start/getting-started/installation,0.35411765,false,0.032
60322e029b27f8fe0084,string_similarity,1,/flutter/build-a-backend/auth/auth-events,0.31265823,false,0.029
60322e029b27f8fe0084,string_similarity,2,/angular/start/getting-started/nextsteps,0.29358974,false,0.029
60322e029b27f8fe0084,string_similarity,3,/gen1/<platform>/build-a-backend/auth/auth-events,0.28310345,false,0.029
605749445f4aa256a9d8,string_similarity,1,/gen1/<platform>/tools/cli-legacy,0.28381191,false,0.040
605749445f4aa256a9d8,string_similarity,2,/flutter/build-a-backend/graphqlapi/api-graphql-concepts,0.24090909,false,0.040
605749445f4aa256a9d8,string_similarity,3,/android/build-a-backend/graphqlapi/api-graphql-concepts,0.23257576,false,0.040
60aeaa135c7830a91903,string_similarity,1,/android/build-a-backend/functions,0.56221739,true,0.046
60aeaa135c7830a91903,string_similarity,2,/android/build-a-backend/storage/lambda-triggers,0.51266667,false,0.046
60aeaa135c7830a91903,string_similarity,3,/android/build-a-backend/storage/upload,0.46904762,false,0.046
60b6a17542c1dec2ee5d,string_similarity,1,/examples/tutorials/qwik,0.85000000,false,0.039
60b6a17542c1dec2ee5d,string_similarity,2,/examples/tutorials/redis,0.56785714,false,0.039
60b6a17542c1dec2ee5d,string_similarity,3,/examples/tutorials/bdd,0.56542553,false,0.039
60f609ff501ad2da6fe9,string_similarity,1,/enterprise/install/pre-install-checklist,0.37406404,true,0.059
60f609ff501ad2da6fe9,string_similarity,2,/enterprise/releases,0.35739796,false,0.059
60f609ff501ad2da6fe9,string_similarity,3,/enterprise/saml/configuration,0.33602572,false,0.059
60fa86a2096d20ced040,string_similarity,1,/android/build-a-backend/push-notifications/set-up-push-service,0.85968992,false,0.050
60fa86a2096d20ced040,string_similarity,2,/android/build-a-backend/push-notifications/set-up-push-notifications,0.69233494,false,0.050
60fa86a2096d20ced040,string_similarity,3,/gen1/<platform>/build-a-backend/push-notifications,0.54335470,false,0.050
616811fe059073820a64,string_similarity,1,/providers/hashicorp/azurerm/latest/docs,0.34355263,true,0.044
616811fe059073820a64,string_similarity,2,/providers/linode/linode/latest/docs,0.33857143,false,0.044
616811fe059073820a64,string_similarity,3,/providers/vultr/vultr/latest/docs,0.33285714,false,0.044
61c9ddc83a506931f2fd,string_similarity,1,/android/sdk/auth/getting-started,0.41867560,false,0.049
61c9ddc83a506931f2fd,string_similarity,2,/angular/getting-started/migration,0.40000000,false,0.049
61c9ddc83a506931f2fd,string_similarity,3,/android/start/getting-started/setup,0.39978355,false,0.049
61eb77d9f615752e1b83,string_similarity,1,/providers/hashicorp/azurerm/latest/docs/resources/:path*,0.50983949,false,0.038
61eb77d9f615752e1b83,string_similarity,2,/providers/hashicorp/azurerm/latest/docs/data-sources/:path*,0.46978261,true,0.038
61eb77d9f615752e1b83,string_similarity,3,/providers/hashicorp/azurerm/latest/docs,0.46833333,false,0.038
61fc982a6bf992ab6f7d,string_similarity,1,/flutter/build-a-backend/auth/sign-in-custom-flow,0.32233320,false,0.035
61fc982a6bf992ab6f7d,string_similarity,2,/android/build-a-backend/auth/sign-in-custom-flow,0.31408577,false,0.035
61fc982a6bf992ab6f7d,string_similarity,3,/android/sdk/auth/working-with-api,0.24109756,false,0.035
6239f16416eb38583134,string_similarity,1,/:lang/recipes/rss,0.69500000,true,0.037
6239f16416eb38583134,string_similarity,2,/:lang/guides/imports,0.58961988,false,0.037
6239f16416eb38583134,string_similarity,3,/:lang/guides/images,0.57332432,false,0.037
626e75f0be877cb02488,string_similarity,1,/android/sdk/auth/getting-started,0.26143092,false,0.040
626e75f0be877cb02488,string_similarity,2,/android/sdk/auth/federated-identities,0.25697168,false,0.040
626e75f0be877cb02488,string_similarity,3,/android/sdk/auth/drop-in-auth,0.25650685,false,0.040
62e99cf53c740102021c,string_similarity,1,/amplify-js/api,0.27666667,false,0.033
62e99cf53c740102021c,string_similarity,2,/angular/start/getting-started/nextsteps,0.26636364,false,0.033
62e99cf53c740102021c,string_similarity,3,/android/sdk/api/graphql,0.23910256,false,0.033
62f38830a29eab7917c2,string_similarity,1,/cloud-docs/workspaces/health,0.25392857,false,0.029
62f38830a29eab7917c2,string_similarity,2,/cloud-docs/run/remote-operations,0.21762238,false,0.029
62f38830a29eab7917c2,string_similarity,3,/community,0.20937500,false,0.029
63119045f77e84f9231d,string_similarity,1,/gen1/<platform>/tools/cli/<page>,0.25308241,false,0.042
63119045f77e84f9231d,string_similarity,2,/gen1/<platform>/tools/cli-legacy,0.23759328,false,0.042
63119045f77e84f9231d,string_similarity,3,/flutter/build-a-backend/more-features/datastore/set-up-datastore,0.23547009,false,0.042
63ba30465aedf5461c88,string_similarity,1,/:lang/guides/images,0.60300523,false,0.053
63ba30465aedf5461c88,string_similarity,2,/:lang/guides/sessions,0.56002907,false,0.053
63ba30465aedf5461c88,string_similarity,3,/:lang/guides/imports,0.54851190,true,0.053
640e3c5b6e7f8d838d22,string_similarity,1,/angular/start/getting-started/nextsteps,0.29933333,false,0.030
640e3c5b6e7f8d838d22,string_similarity,2,/404/index.html,0.26200000,false,0.030
640e3c5b6e7f8d838d22,string_similarity,3,/gen1/<platform>/tools/cli-legacy,0.17941176,false,0.030
6464017c73108eb35984,string_similarity,1,/android/build-a-backend/more-features/logging/configure-user,0.32883569,false,0.028
6464017c73108eb35984,string_similarity,2,/gen1/<platform>/build-a-backend/storage/configure-storage,0.22976623,false,0.028
6464017c73108eb35984,string_similarity,3,/flutter/build-a-backend/storage/configure-access,0.22101898,false,0.028
6467007955cfb75ccae7,string_similarity,1,/gen1/android/prev/start/project-setup/use-existing-resources,0.44415535,false,0.038
6467007955cfb75ccae7,string_similarity,2,/android/build-a-backend/restapi/existing-resources,0.28871129,false,0.038
6467007955cfb75ccae7,string_similarity,3,/gen1/angular/prev/start/project-setup/create-application,0.26495690,false,0.038
646a28f7429531407cf1,string_similarity,1,/runtime/reference/std,0.41607143,false,0.053
646a28f7429531407cf1,string_similarity,2,/runtime/reference/migration_guide,0.40477280,false,0.053
646a28f7429531407cf1,string_similarity,3,/runtime/reference/jsx,0.40357143,false,0.053
647f2fc04e8281935973,string_similarity,1,/angular/start/getting-started/nextsteps,0.27631579,false,0.060
647f2fc04e8281935973,string_similarity,2,/404/index.html,0.23000000,false,0.060
647f2fc04e8281935973,string_similarity,3,/gen1/<platform>/build-a-backend/functions/layers,0.19903846,false,0.060
64de657008682e5515ed,string_similarity,1,/gen1/angular/build-a-backend/server-side-rendering/nextjs,0.78057069,true,0.052
64de657008682e5515ed,string_similarity,2,/angular/build-a-backend/server-side-rendering,0.76171717,false,0.052
64de657008682e5515ed,string_similarity,3,/gen1/javascript/build-a-backend/server-side-rendering/nuxt,0.55841014,false,0.052
64eb59b69b532039f4b5,string_similarity,1,/android/build-a-backend/restapi/set-up-rest-api,0.56179348,false,0.040
64eb59b69b532039f4b5,string_similarity,2,/gen1/<platform>/build-a-backend/restapi,0.56160714,false,0.040
64eb59b69b532039f4b5,string_similarity,3,/android/build-a-backend/restapi,0.55563910,false,0.040
64ebf65044377c2cf96e,string_similarity,1,/angular/start/getting-started/nextsteps,0.38016304,false,0.043
64ebf65044377c2cf96e,string_similarity,2,/flutter/build-a-backend/storage/configure-access,0.26538462,false,0.043
64ebf65044377c2cf96e,string_similarity,3,/angular/start/connect-to-aws-resources,0.25000000,false,0.043
64f6fa4dbddb82101316,string_similarity,1,/angular/start/getting-started/nextsteps,0.44280719,false,0.034
64f6fa4dbddb82101316,string_similarity,2,/angular/getting-started/migration,0.31588235,false,0.034
64f6fa4dbddb82101316,string_similarity,3,/android/start/getting-started/installation,0.30309478,false,0.034
6512ed6ddd370b71501e,string_similarity,1,/gen1/android/prev/build-a-backend/auth/auth-events,0.31841090,true,0.032
6512ed6ddd370b71501e,string_similarity,2,/flutter/build-a-backend/auth/auth-events,0.30468750,false,0.032
6512ed6ddd370b71501e,string_similarity,3,/gen1/<platform>/build-a-backend/auth/auth-events,0.27729620,false,0.032
655617accef26be956ea,string_similarity,1,/gen1/<platform>/build-a-backend/utilities,0.64761220,false,0.039
655617accef26be956ea,string_similarity,2,/angular/build-a-backend,0.49854508,false,0.039
655617accef26be956ea,string_similarity,3,/flutter/build-a-backend,0.49854508,false,0.039
656ea431465e90eef333,string_similarity,1,/angular/build-a-backend/more-features/predictions/identify-text,0.20151786,false,0.030
656ea431465e90eef333,string_similarity,2,/android/build-a-backend/more-features/predictions/identify-text,0.19424513,false,0.030
656ea431465e90eef333,string_similarity,3,/gen1/android/prev/build-a-backend/more-features/predictions/set-up-predictions,0.18172500,false,0.030
657a28d753362c6806be,string_similarity,1,/:lang/guides/deploy/firebase,0.86692308,true,0.043
657a28d753362c6806be,string_similarity,2,/en/guides/deploy/firebase,0.69758065,false,0.043
657a28d753362c6806be,string_similarity,3,/:lang/guides/deploy/:service,0.59933198,false,0.043
65ad23d4826f43bcef08,string_similarity,1,/angular/start/getting-started/nextsteps,0.27972973,false,0.060
65ad23d4826f43bcef08,string_similarity,2,/404/index.html,0.26428571,false,0.060
65ad23d4826f43bcef08,string_similarity,3,/gen1/<platform>/build-a-backend/utilities,0.19736842,false,0.060
65d4f595f36d54032b96,string_similarity,1,/examples/dns_queries,0.83095238,true,0.040
65d4f595f36d54032b96,string_similarity,2,/examples,0.39000000,false,0.040
65d4f595f36d54032b96,string_similarity,3,/examples/deno_version,0.36906977,false,0.040
65f8dc1c08741d487c2b,string_similarity,1,/flux/contributing/flux,0.45525909,true,0.045
65f8dc1c08741d487c2b,string_similarity,2,/en/contributing/docs/_index,0.44021635,false,0.045
65f8dc1c08741d487c2b,string_similarity,3,/en/contributing/docs/style-guide,0.41744265,false,0.045
66a43ed058322ffc80fc,string_similarity,1,/gen1/android/prev/build-a-backend/storage/existing-resources,0.35670455,false,0.031
66a43ed058322ffc80fc,string_similarity,2,/android/build-a-backend/restapi/existing-resources,0.31656818,false,0.031
66a43ed058322ffc80fc,string_similarity,3,/gen1/<platform>/build-a-backend/existing-resources,0.31281818,false,0.031
685030df9863aeb44e27,string_similarity,1,/gen1/flutter/prev/build-a-backend/more-features/datastore/real-time,0.27824675,false,0.040
685030df9863aeb44e27,string_similarity,2,/gen1/javascript/prev/build-a-backend/more-features/datastore/real-time,0.26634008,false,0.040
685030df9863aeb44e27,string_similarity,3,/flutter/build-a-backend/more-features/datastore/schema-updates,0.21179272,false,0.040
68c47ad7f5316cd9dff2,string_similarity,1,/android/build-a-backend/more-features/geo/maps,0.21943723,false,0.033
68c47ad7f5316cd9dff2,string_similarity,2,/gen1/<platform>/tools/console,0.19672131,false,0.033
68c47ad7f5316cd9dff2,string_similarity,3,/gen1/<platform>/tools/libraries,0.19476190,false,0.033
68cdf791be963ca3b438,string_similarity,1,/flutter/build-a-backend/graphqlapi/api-graphql-concepts,0.27210366,false,0.035
68cdf791be963ca3b438,string_similarity,2,/gen1/<platform>/tools/cli-legacy,0.26737893,false,0.035
68cdf791be963ca3b438,string_similarity,3,/gen1/<platform>/tools/cli/<page>,0.26416465,false,0.035
68cff72c9c30dc975791,string_similarity,1,/:lang/guides/markdown-content,0.40201613,false,0.040
68cff72c9c30dc975791,string_similarity,2,/:lang/guides/content-collections,0.39504749,false,0.040
68cff72c9c30dc975791,string_similarity,3,/:lang/guides/routing,0.31253666,false,0.040
68d78988281c47a1b313,string_similarity,1,/enterprise/saml/configuration,0.43060484,true,0.028
68d78988281c47a1b313,string_similarity,2,/enterprise/requirements/network,0.34000000,false,0.028
68d78988281c47a1b313,string_similarity,3,/enterprise/releases,0.33615385,false,0.028
68fd7918466b4f37af22,string_similarity,1,/android/build-a-backend/more-features/logging/configure-user,0.37439252,true,0.054
68fd7918466b4f37af22,string_similarity,2,/gen1/<platform>/build-a-backend/storage/configure-storage,0.22665570,false,0.054
68fd7918466b4f37af22,string_similarity,3,/android/build-a-backend/auth/delete-user-account,0.22124252,false,0.054
6933790f866f51ccf011,string_similarity,1,/angular/build-a-backend/more-features/predictions/identify-text,0.60105102,false,0.040
6933790f866f51ccf011,string_similarity,2,/android/build-a-backend/more-features/predictions/identify-text,0.59443945,false,0.040
6933790f866f51ccf011,string_similarity,3,/android/build-a-backend/more-features/geo/amazon-location-sdk,0.56536022,false,0.040
69472eb00ed292c8230e,string_similarity,1,/gen1/javascript/prev/build-a-backend/more-features/geo/location-search,0.20387847,false,0.068
69472eb00ed292c8230e,string_similarity,2,/gen1/<platform>/tools/console,0.19047619,false,0.068
69472eb00ed292c8230e,string_similarity,3,/gen1/<platform>/tools/libraries,0.18890110,false,0.068
6986597e33c9d79b738a,string_similarity,1,/:lang/:splat,0.25909091,false,0.036
6986597e33c9d79b738a,string_similarity,2,/ar/basics/astro-components,0.24935345,false,0.036
6986597e33c9d79b738a,string_similarity,3,/en/astro-courses,0.24761905,false,0.036
6a0ce8e6a4021f61ffb9,string_similarity,1,/gen1/<platform>/build-a-backend/functions/layers,0.20747253,false,0.034
6a0ce8e6a4021f61ffb9,string_similarity,2,/android/build-a-backend/storage/lambda-triggers,0.19274725,false,0.034
6a0ce8e6a4021f61ffb9,string_similarity,3,/gen1/android/prev/build-a-backend/storage/lambda-triggers,0.18855263,false,0.034
6a56c3884d0de5d8fd03,string_similarity,1,/providers/linode/linode/latest/docs,0.35571429,false,0.049
6a56c3884d0de5d8fd03,string_similarity,2,/docs/extend/writing-custom-providers.html,0.32783401,false,0.049
6a56c3884d0de5d8fd03,string_similarity,3,/providers/DataDog/datadog/latest/docs,0.32746032,false,0.049
6af096ad2702aa1282ec,string_similarity,1,/angular/build-a-backend/more-features/datastore/conflict-resolution,0.33588459,false,0.041
6af096ad2702aa1282ec,string_similarity,2,/android/build-a-backend/more-features/datastore/conflict-resolution,0.32943298,false,0.041
6af096ad2702aa1282ec,string_similarity,3,/gen1/angular/deploy-and-host/custom-configuration,0.27001348,false,0.041
6b104f19d6992c8a3c06,string_similarity,1,/gen1/javascript/build-ui/uibuilder,0.37049451,false,0.029
6b104f19d6992c8a3c06,string_similarity,2,/gen1/javascript/build-a-backend/storage/storage-v5-to-v6-migration-guide,0.29604037,false,0.029
6b104f19d6992c8a3c06,string_similarity,3,/android/build-a-backend/functions,0.29072368,false,0.029
6b1346ff07728825e82e,string_similarity,1,/gen1/<platform>/build-a-backend/push-notifications/<page>,0.83436293,true,0.047
6b1346ff07728825e82e,string_similarity,2,/gen1/<platform>/build-a-backend/push-notifications,0.74194139,false,0.047
6b1346ff07728825e82e,string_similarity,3,/gen1/<platform>/sdk/push-notifications/<page>,0.61489899,false,0.047
6b2486fd409fcb699d22,string_similarity,1,/flutter/build-a-backend/auth/auth-events,0.40543696,true,0.035
6b2486fd409fcb699d22,string_similarity,2,/flutter,0.37333333,false,0.035
6b2486fd409fcb699d22,string_similarity,3,/gen1/<platform>/build-a-backend/auth/auth-events,0.29393646,false,0.035
6b49a2b95de39a7192d1,string_similarity,1,/android/sdk/auth/federated-identities,0.29487179,false,0.052
6b49a2b95de39a7192d1,string_similarity,2,/android/sdk/auth/drop-in-auth,0.29168067,false,0.052
6b49a2b95de39a7192d1,string_similarity,3,/android/sdk/auth/getting-started,0.27962818,false,0.052
6b5b9f8e28e6115111c5,string_similarity,1,/gen1/angular/prev,0.28954545,false,0.052
6b5b9f8e28e6115111c5,string_similarity,2,/angular/build-a-backend,0.25266411,false,0.052
6b5b9f8e28e6115111c5,string_similarity,3,/angular/getting-started/migration,0.25257611,false,0.052
6bb17da18866f71c607c,string_similarity,1,/terraform/plugin/framework/handling-data/paths,0.63000000,true,0.034
6bb17da18866f71c607c,string_similarity,2,/terraform/plugin/framework-benefits,0.60623188,false,0.034
6bb17da18866f71c607c,string_similarity,3,/terraform/plugin/framework/handling-data/writing-state,0.45056818,false,0.034
6bcb23193384a3bf1b02,string_similarity,1,/flux/installation/bootstrap/aws-codecommit,0.50152302,true,0.041
6bcb23193384a3bf1b02,string_similarity,2,/en/flux/integrations/aws,0.35516234,false,0.041
6bcb23193384a3bf1b02,string_similarity,3,/en/flux/cheatsheets/_index,0.28607456,false,0.041
6c10d86de0dd5b4fd2c3,string_similarity,1,/angular/start/connect-to-aws-resources,0.76190476,true,0.029
6c10d86de0dd5b4fd2c3,string_similarity,2,/gen1/android/prev/start/project-setup/use-existing-resources,0.51910377,false,0.029
6c10d86de0dd5b4fd2c3,string_similarity,3,/android/build-a-backend/restapi/existing-resources,0.43666667,false,0.029
6c6fc45d67721e6d94bd,string_similarity,1,/android/sdk/analytics/endpoints,0.62537500,true,0.051
6c6fc45d67721e6d94bd,string_similarity,2,/android/sdk/analytics/kinesis,0.43805789,false,0.051
6c6fc45d67721e6d94bd,string_similarity,3,/android/sdk,0.29636364,false,0.051
6c79562c90a4ee6060ca,string_similarity,1,/flutter/build-a-backend/graphqlapi/api-graphql-concepts,0.30357143,false,0.037
6c79562c90a4ee6060ca,string_similarity,2,/android/build-a-backend/graphqlapi/api-graphql-concepts,0.29595238,false,0.037
6c79562c90a4ee6060ca,string_similarity,3,/angular/start/getting-started/nextsteps,0.26685393,false,0.037
6c8da379050ac1f0513d,string_similarity,1,/gen1/<platform>/build-a-backend/auth/managing-credentials,0.64881757,false,0.032
6c8da379050ac1f0513d,string_similarity,2,/android/build-a-backend/auth/accessing-credentials,0.54038462,false,0.032
6c8da379050ac1f0513d,string_similarity,3,/android/build-a-backend/auth/managing-attributes,0.51519608,false,0.032
6ccda3f9e9f794861b38,string_similarity,1,/android/build-a-backend/auth/accessing-credentials,0.30878431,false,0.047
6ccda3f9e9f794861b38,string_similarity,2,/gen1/android/prev/build-a-backend/auth/accessing-credentials,0.27538564,false,0.047
6ccda3f9e9f794861b38,string_similarity,3,/gen1/flutter/prev/build-a-backend/auth/accessing-credentials,0.27538564,false,0.047
6ce30a3021c6c932c0ff,string_similarity,1,/gen1/angular/deploy-and-host/custom-configuration,0.28924731,false,0.049
6ce30a3021c6c932c0ff,string_similarity,2,/gen1/javascript/deploy-and-host/custom-configuration,0.28333333,false,0.049
6ce30a3021c6c932c0ff,string_similarity,3,/gen1/javascript/prev/build-a-backend/more-features/geo/location-search,0.27042105,false,0.049
6d1056e583b2e6ec22aa,string_similarity,1,/:lang/basics/astro-pages,0.53704453,true,0.058
6d1056e583b2e6ec22aa,string_similarity,2,/:lang/concepts/why-astro,0.52856037,false,0.058
6d1056e583b2e6ec22aa,string_similarity,3,/:lang/concepts/islands,0.44087977,false,0.058
6d3f9847578481ad414d,string_similarity,1,/providers/linode/linode/latest/docs,0.35033613,false,0.034
6d3f9847578481ad414d,string_similarity,2,/docs/extend/writing-custom-providers.html,0.33352391,false,0.034
6d3f9847578481ad414d,string_similarity,3,/providers/vultr/vultr/latest/docs,0.33251082,false,0.034
6d7a9ce4400cf2848f38,string_similarity,1,/android/sdk/pubsub/working-api,0.21081575,false,0.041
6d7a9ce4400cf2848f38,string_similarity,2,/gen1/<platform>/start/getting-started,0.18095238,false,0.041
6d7a9ce4400cf2848f38,string_similarity,3,/gen1/<platform>/prev/start/<page>,0.18000000,false,0.041
6d8026259577221ed27e,string_similarity,1,/cloud-docs/policy-enforcement/sentinel/import/tfstate,0.63603531,true,0.058
6d8026259577221ed27e,string_similarity,2,/cloud-docs/policy-enforcement/sentinel/import/tfstate-v2,0.60702640,false,0.058
6d8026259577221ed27e,string_similarity,3,/cloud-docs/policy-enforcement/sentinel/import/tfplan,0.50681818,false,0.058
6d8b5ea240ac35f71465,string_similarity,1,/android/sdk/auth/working-with-api,0.20972650,false,0.052
6d8b5ea240ac35f71465,string_similarity,2,/android/sdk/auth/federated-identities,0.20520762,false,0.052
6d8b5ea240ac35f71465,string_similarity,3,/gen1/flutter/prev/build-a-backend/auth/remember-device,0.20307469,false,0.052
6dddaa4c58653b0988aa,string_similarity,1,/providers/linode/linode/latest/docs,0.34397683,false,0.042
6dddaa4c58653b0988aa,string_similarity,2,/providers/Venafi/venafi/latest/docs,0.33316602,false,0.042
6dddaa4c58653b0988aa,string_similarity,3,/providers/skytap/skytap/latest/docs,0.33316602,false,0.042
6df2c3a4e81c444c97e9,string_similarity,1,/gen1/javascript/prev/build-a-backend/more-features/in-app-messaging/clear-messages,0.35238971,true,0.039
6df2c3a4e81c444c97e9,string_similarity,2,/gen1/javascript/prev/build-a-backend/more-features/in-app-messaging/display-messages,0.29718670,false,0.039
6df2c3a4e81c444c97e9,string_similarity,3,/angular/start/getting-started/nextsteps,0.28763441,false,0.039
6e67718d51700c5bc02e,string_similarity,1,/:lang/basics/project-structure,0.54686701,true,0.034
6e67718d51700c5bc02e,string_similarity,2,/de/basics/project-structure,0.43023810,false,0.034
6e67718d51700c5bc02e,string_similarity,3,/en/basics/project-structure,0.42187544,false,0.034
6edfb168ee9c2d341718,string_similarity,1,/gen1/<platform>/tools/cli-legacy,0.31632939,false,0.039
6edfb168ee9c2d341718,string_similarity,2,/flutter/build-a-backend/graphqlapi/api-graphql-concepts,0.28465909,false,0.039
6edfb168ee9c2d341718,string_similarity,3,/android/build-a-backend/graphqlapi/api-graphql-concepts,0.27632576,false,0.039
6f7e0114d8a673c261a3,string_similarity,1,/android/sdk/auth/getting-started,0.24691964,false,0.032
6f7e0114d8a673c261a3,string_similarity,2,/android/build-a-backend/auth/managing-attributes,0.24622995,false,0.032
6f7e0114d8a673c261a3,string_similarity,3,/android/sdk/auth/drop-in-auth,0.24339506,false,0.032
6f8a81a3e3ab0ab937a4,string_similarity,1,/gen1/angular/prev/start/project-setup/create-application,0.30761139,false,0.032
6f8a81a3e3ab0ab937a4,string_similarity,2,/flutter/start/project-setup/escape-hatch,0.30588235,false,0.032
6f8a81a3e3ab0ab937a4,string_similarity,3,/flutter/start/project-setup/upgrade-guide,0.29443975,false,0.032
6fb1dc2e90e624572430,string_similarity,1,/providers/linode/linode/latest/docs,0.36714286,false,0.038
6fb1dc2e90e624572430,string_similarity,2,/providers/hashicorp/nomad/latest/docs,0.33361111,true,0.038
6fb1dc2e90e624572430,string_similarity,3,/providers/Venafi/venafi/latest/docs,0.33285714,false,0.038
6fbd71e6f55511614da8,string_similarity,1,/android/sdk/auth/getting-started,0.45723623,false,0.039
6fbd71e6f55511614da8,string_similarity,2,/gen1/<platform>/sdk/push-notifications/<page>,0.42283088,false,0.039
6fbd71e6f55511614da8,string_similarity,3,/android/start/getting-started/setup,0.36594144,false,0.039
6fda3b8f9a7f7ac82bd4,string_similarity,1,/android/build-a-backend/restapi/set-up-rest-api,0.24416819,false,0.052
6fda3b8f9a7f7ac82bd4,string_similarity,2,/gen1/flutter/prev/build-a-backend/restapi/set-up-rest-api,0.23477376,false,0.052
6fda3b8f9a7f7ac82bd4,string_similarity,3,/angular/build-a-backend/server-side-rendering,0.21595269,false,0.052
6fde3a82a7ecb1732082,string_similarity,1,/angular/start/getting-started/nextsteps,0.29117647,false,0.034
6fde3a82a7ecb1732082,string_similarity,2,/404/index.html,0.25666667,false,0.034
6fde3a82a7ecb1732082,string_similarity,3,/gen1/javascript/prev/build-a-backend/more-features/in-app-messaging/clear-messages,0.25312500,false,0.034
6fe34ad1322305241dd4,string_similarity,1,/gen1/javascript/prev/build-a-backend/more-features/in-app-messaging/display-messages,0.25457729,false,0.037
6fe34ad1322305241dd4,string_similarity,2,/gen1/javascript/prev/build-a-backend/more-features/in-app-messaging/clear-messages,0.24042763,false,0.037
6fe34ad1322305241dd4,string_similarity,3,/flutter/build-a-backend/push-notifications/identify-user,0.23933537,false,0.037
704317579a9b950910ea,string_similarity,1,/gen1/<platform>/build-a-backend/restapi,0.73333333,true,0.034
704317579a9b950910ea,string_similarity,2,/android/build-a-backend/restapi,0.59238806,false,0.034
704317579a9b950910ea,string_similarity,3,/gen1/<platform>/build-a-backend/debugging,0.53668831,false,0.034
707b8c8399769a0de01b,string_similarity,1,/community,0.54500000,true,0.029
707b8c8399769a0de01b,string_similarity,2,/security,0.35000000,false,0.029
707b8c8399769a0de01b,string_similarity,3,/cloud-docs/policy-enforcement/policy-results,0.25666667,false,0.029
709c623569e0e7a521f8,string_similarity,1,/angular/start/getting-started/nextsteps,0.56702586,false,0.038
709c623569e0e7a521f8,string_similarity,2,/angular/start/getting-started/hosting,0.53949580,false,0.038
709c623569e0e7a521f8,string_similarity,3,/android/start/getting-started/integrate,0.45380747,false,0.038
711b7ab4956e58d774ec,string_similarity,1,/android/sdk/analytics/endpoints,0.32256181,false,0.034
711b7ab4956e58d774ec,string_similarity,2,/android/sdk/analytics/kinesis,0.31235751,false,0.034
711b7ab4956e58d774ec,string_similarity,3,/android/build-a-backend/more-features/analytics/identify-user,0.27869649,true,0.034
71496745d83a966a09ea,string_similarity,1,/language/v1.2.x/settings/backends/manta,0.72164384,true,0.028
71496745d83a966a09ea,string_similarity,2,/language/v1.2.x/settings/backends/swift,0.54280822,false,0.028
71496745d83a966a09ea,string_similarity,3,/language/v1.2.x/settings/backends/etcdv3,0.53851351,false,0.028
714ef80817512d2d6103,string_similarity,1,/providers/gitlabhq/gitlab/latest/docs/guides/:path*,0.51774527,false,0.035
714ef80817512d2d6103,string_similarity,2,/providers/gitlabhq/gitlab/latest/docs/data-sources/:path*,0.46870787,true,0.035
714ef80817512d2d6103,string_similarity,3,/providers/ovh/ovh/latest/docs/guides/:path*,0.43752381,false,0.035
7161b43e343597241858,string_similarity,1,/angular/start/getting-started/nextsteps,0.29782609,false,0.043
7161b43e343597241858,string_similarity,2,/404/index.html,0.24552239,false,0.043
7161b43e343597241858,string_similarity,3,/gen1/<platform>/start/getting-started,0.17777778,false,0.043
716f60a3770d6ffa5199,string_similarity,1,/android/build-a-backend/restapi/existing-resources,0.38550505,false,0.030
716f60a3770d6ffa5199,string_similarity,2,/angular/start/getting-started/nextsteps,0.32272727,false,0.030
716f60a3770d6ffa5199,string_similarity,3,/flutter/build-a-backend/graphqlapi/existing-resources,0.30142602,false,0.030
71ccd93cb3e54a1881cc,string_similarity,1,/gen1/flutter/prev/build-a-backend/graphqlapi/mutate-data,0.42589286,false,0.032
71ccd93cb3e54a1881cc,string_similarity,2,/flutter/build-a-backend/graphqlapi/query-data,0.37392979,false,0.032
71ccd93cb3e54a1881cc,string_similarity,3,/flutter/build-a-backend/graphqlapi/subscribe-data,0.35587280,false,0.032
71eb48dc0648d6af549c,string_similarity,1,/angular/start/getting-started/nextsteps,0.28150685,false,0.031
71eb48dc0648d6af549c,string_similarity,2,/404/index.html,0.25000000,false,0.031
71eb48dc0648d6af549c,string_similarity,3,/gen1/<platform>/build-a-backend/utilities,0.19933333,false,0.031
72478062ab6bfb88474b,string_similarity,1,/flutter/build-a-backend/storage/get-properties,0.26482143,false,0.051
72478062ab6bfb88474b,string_similarity,2,/flutter/build-a-backend/storage/download,0.24909754,false,0.051
72478062ab6bfb88474b,string_similarity,3,/android/build-a-backend/storage/list,0.23396962,false,0.051
729fe0119d3251d16350,string_similarity,1,/flutter/build-a-backend/graphqlapi/subscribe-data,0.37459276,false,0.043
729fe0119d3251d16350,string_similarity,2,/gen1/android/prev/build-a-backend/graphqlapi/subscribe-data,0.32483230,false,0.043
729fe0119d3251d16350,string_similarity,3,/flutter/build-a-backend/graphqlapi/query-data,0.27490909,false,0.043
7332722479d53a3ca7bc,string_similarity,1,/angular/start/getting-started/nextsteps,0.79734043,true,0.042
7332722479d53a3ca7bc,string_similarity,2,/android/start/getting-started/nextsteps,0.52948328,false,0.042
7332722479d53a3ca7bc,string_similarity,3,/flutter/start/getting-started/nextsteps,0.52948328,false,0.042
737de1862fc9d7de33b9,string_similarity,1,/gen1/<platform>/tools/cli/<page>,0.25402930,false,0.037
737de1862fc9d7de33b9,string_similarity,2,/gen1/<platform>/tools/cli-legacy,0.24256626,false,0.037
737de1862fc9d7de33b9,string_similarity,3,/gen1/angular/prev,0.22193959,false,0.037
73c907aa0506c2efb66f,string_similarity,1,/android/sdk/analytics/kinesis,0.31032075,false,0.035
73c907aa0506c2efb66f,string_similarity,2,/android/build-a-backend/more-features/analytics/record-events,0.30430672,false,0.035
73c907aa0506c2efb66f,string_similarity,3,/android/sdk/analytics/endpoints,0.29818182,false,0.035
73ece4084b1380b19280,string_similarity,1,/gen1/android/prev/start/project-setup/prerequisites,0.78426227,true,0.033
73ece4084b1380b19280,string_similarity,2,/gen1/android/prev/start/project-setup/rxjava,0.65434783,false,0.033
73ece4084b1380b19280,string_similarity,3,/gen1/flutter/prev/start/project-setup,0.60695046,false,0.033
73f0f1967926100e50ba,string_similarity,1,/angular/getting-started/migration,0.33370787,false,0.029
73f0f1967926100e50ba,string_similarity,2,/android/start/getting-started/integrate,0.32894737,false,0.029
73f0f1967926100e50ba,string_similarity,3,/android/start/getting-started/generate-model,0.32196104,false,0.029
742545f050e435305c21,string_similarity,1,/gen1/android/prev/build-a-backend/more-features/predictions/interpret-sentiment,0.29262001,false,0.034
742545f050e435305c21,string_similarity,2,/angular/build-a-backend/more-features/predictions/identify-text,0.25308303,false,0.034
742545f050e435305c21,string_similarity,3,/android/build-a-backend/more-features/predictions/identify-text,0.24624542,false,0.034
742c8fa054b74e308de1,string_similarity,1,/android/build-a-backend/more-features/datastore/conflict-resolution,0.32409091,true,0.041
742c8fa054b74e308de1,string_similarity,2,/angular/build-a-backend/more-features/datastore/conflict-resolution,0.27818182,false,0.041
742c8fa054b74e308de1,string_similarity,3,/android/build-a-backend/more-features/datastore,0.24706093,false,0.041
7478c6002619ff14b9f3,string_similarity,1,/angular/start/getting-started/nextsteps,0.27753623,false,0.033
7478c6002619ff14b9f3,string_similarity,2,/android/sdk/analytics/endpoints,0.27412178,false,0.033
7478c6002619ff14b9f3,string_similarity,3,/android/sdk/analytics/kinesis,0.26767554,false,0.033
74c6c663d0f22c08ff52,string_similarity,1,/android/sdk/auth/getting-started,0.41771104,false,0.034
74c6c663d0f22c08ff52,string_similarity,2,/flutter/start/getting-started/nextsteps,0.41622024,false,0.034
74c6c663d0f22c08ff52,string_similarity,3,/android/start/getting-started/setup,0.36500000,false,0.034
74cced5f620ea0eeee0b,string_similarity,1,/examples/watching_files,0.85833333,true,0.038
74cced5f620ea0eeee0b,string_similarity,2,/examples/writing_files,0.59042553,false,0.038
74cced5f620ea0eeee0b,string_similarity,3,/examples/temporary_files,0.51122449,false,0.038
74fc9a190697d5adb1b9,string_similarity,1,/angular/start/getting-started/nextsteps,0.27682927,false,0.031
74fc9a190697d5adb1b9,string_similarity,2,/404/index.html,0.23421053,false,0.031
74fc9a190697d5adb1b9,string_similarity,3,/gen1/<platform>/build-a-backend/utilities,0.18333333,false,0.031
751399004d86a67d0653,string_similarity,1,/angular/start/getting-started/nextsteps,0.47529412,false,0.025
751399004d86a67d0653,string_similarity,2,/android/start/getting-started/installation,0.33545455,false,0.025
751399004d86a67d0653,string_similarity,3,/angular/getting-started/migration,0.33291139,false,0.025
7524d9af8f3cb4daabe9,string_similarity,1,/android/start/getting-started/setup,0.65364693,true,0.037
7524d9af8f3cb4daabe9,string_similarity,2,/android/start/getting-started/integrate,0.53724387,false,0.037
7524d9af8f3cb4daabe9,string_similarity,3,/android/start/getting-started/installation,0.52822129,false,0.037
7569ca90848dc549264d,string_similarity,1,/android/build-a-backend/push-notifications/set-up-push-service,0.42815249,true,0.040
7569ca90848dc549264d,string_similarity,2,/android/build-a-backend/push-notifications/set-up-push-notifications,0.37855854,false,0.040
7569ca90848dc549264d,string_similarity,3,/android/build-a-backend/push-notifications/test-notifications,0.34767554,false,0.040
7584c3054408748e7bd2,string_similarity,1,/android/start/getting-started/installation,0.36903654,false,0.031
7584c3054408748e7bd2,string_similarity,2,/angular/getting-started/migration,0.36668936,false,0.031
7584c3054408748e7bd2,string_similarity,3,/angular/start/getting-started/hosting,0.35573711,false,0.031
75978a96b5a53689174e,string_similarity,1,/android/build-a-backend/restapi/existing-resources,0.46703553,true,0.042
75978a96b5a53689174e,string_similarity,2,/gen1/android/prev/build-a-backend/storage/existing-resources,0.32173363,false,0.042
75978a96b5a53689174e,string_similarity,3,/gen1/android/prev/start/project-setup/use-existing-resources,0.31430180,false,0.042
75be646b8c78d59288c9,string_similarity,1,/gen1/android/prev/build-a-backend/graphqlapi/subscribe-data,0.38220779,true,0.032
75be646b8c78d59288c9,string_similarity,2,/flutter/build-a-backend/graphqlapi/subscribe-data,0.37457983,false,0.032
75be646b8c78d59288c9,string_similarity,3,/gen1/android/prev/build-a-backend/graphqlapi/query-data,0.29169390,false,0.032
764675e1411903d63501,string_similarity,1,/android/build-a-backend/storage/upload,0.31250000,false,0.034
764675e1411903d63501,string_similarity,2,/angular/start/getting-started/nextsteps,0.29246575,false,0.034
764675e1411903d63501,string_similarity,3,/flutter/build-a-backend/storage/download,0.23378378,false,0.034
7657b753e9da5d3156f9,string_similarity,1,/gen1/<platform>/build-a-backend/functions/layers,0.42653986,false,0.033
7657b753e9da5d3156f9,string_similarity,2,/gen1/<platform>/tools/cli/<page>,0.27187390,false,0.033
7657b753e9da5d3156f9,string_similarity,3,/angular/build-a-backend/functions,0.25780998,false,0.033
7688a217449dd33853a7,string_similarity,1,/android/build-a-backend/functions,0.42821075,false,0.030
7688a217449dd33853a7,string_similarity,2,/angular/build-a-backend/functions,0.42028996,false,0.030
7688a217449dd33853a7,string_similarity,3,/android/build-a-backend/storage/lambda-triggers,0.39760870,false,0.030
76bf4cf82706cc0571b4,string_similarity,1,/gen1/<platform>/tools/console,0.26937063,false,0.042
76bf4cf82706cc0571b4,string_similarity,2,/gen1/javascript/build-ui/uibuilder,0.26196970,false,0.042
76bf4cf82706cc0571b4,string_similarity,3,/flutter/build-a-backend,0.24209184,false,0.042
76f6c40ac7f5ed65b74c,string_similarity,1,/providers/gridscale/gridscale/latest/docs/guides/:path*,0.67131579,true,0.030
76f6c40ac7f5ed65b74c,string_similarity,2,/providers/fastly/fastly/latest/docs/guides/:path*,0.52781701,false,0.030
76f6c40ac7f5ed65b74c,string_similarity,3,/providers/ovh/ovh/latest/docs/guides/:path*,0.52738382,false,0.030
77371ad367a83cbabf15,string_similarity,1,/examples/os_signals,0.86500000,true,0.037
77371ad367a83cbabf15,string_similarity,2,/examples/tutorials/os_signals,0.67650000,false,0.037
77371ad367a83cbabf15,string_similarity,3,/examples,0.41151116,false,0.037
77562979ee74f8c4a933,string_similarity,1,/gen1/javascript/build-a-backend/storage/storage-v5-to-v6-migration-guide,0.77211347,false,0.033
77562979ee74f8c4a933,string_similarity,2,/flutter/build-a-backend/storage/get-properties,0.44301312,false,0.033
77562979ee74f8c4a933,string_similarity,3,/android/build-a-backend/storage/upload,0.43755516,false,0.033
77b6d508c4366f90466a,string_similarity,1,/android/start/getting-started/integrate,0.49514573,false,0.031
77b6d508c4366f90466a,string_similarity,2,/android/start/getting-started/installation,0.44430556,false,0.031
77b6d508c4366f90466a,string_similarity,3,/angular/start/getting-started/hosting,0.44286765,false,0.031
77e30515e5450cffb320,string_similarity,1,/flutter/build-a-backend/storage/configure-access,0.30000000,false,0.038
77e30515e5450cffb320,string_similarity,2,/gen1/<platform>/build-a-backend/storage/configure-storage,0.29323682,false,0.038
77e30515e5450cffb320,string_similarity,3,/android/build-a-backend/more-features/logging/configure-user,0.28982213,false,0.038
78441738cbea5c0be875,string_similarity,1,/examples/piping_streams,0.83333333,true,0.027
78441738cbea5c0be875,string_similarity,2,/examples/writing_tests,0.37936170,false,0.027
78441738cbea5c0be875,string_similarity,3,/examples,0.36818182,false,0.027
7844515664b4c3f26476,string_similarity,1,/android/start/getting-started/installation,0.33104651,false,0.046
7844515664b4c3f26476,string_similarity,2,/gen1/<platform>/start/getting-started/<page>,0.31948052,false,0.046
7844515664b4c3f26476,string_similarity,3,/angular/start/connect-to-aws-resources,0.31179324,false,0.046
7854bc5040e4c66359bc,string_similarity,1,/android/sdk/auth/getting-started,0.28307658,false,0.030
7854bc5040e4c66359bc,string_similarity,2,/android/sdk/auth/drop-in-auth,0.27794118,false,0.030
7854bc5040e4c66359bc,string_similarity,3,/android/build-a-backend/auth/sign-in-custom-flow,0.25890805,false,0.030
7903c8621169d9252009,string_similarity,1,/language/v1.1.x/upgrade-guides/0-11,0.84388889,true,0.047
7903c8621169d9252009,string_similarity,2,/language/v1.1.x/upgrade-guides/0-9,0.73683099,false,0.047
7903c8621169d9252009,string_similarity,3,/language/v1.1.x/upgrade-guides/1-0,0.72573579,false,0.047
79373baff77661721aa1,string_similarity,1,/gen1/angular/prev/start/project-setup/create-application,0.40945946,false,0.043
79373baff77661721aa1,string_similarity,2,/angular/start/getting-started/nextsteps,0.27765957,false,0.043
79373baff77661721aa1,string_similarity,3,/flutter/start/project-setup/escape-hatch,0.26868421,false,0.043
794f22bf43686014476b,string_similarity,1,/flutter/build-a-backend/more-features/datastore/manipulate-data,0.22895299,false,0.038
794f22bf43686014476b,string_similarity,2,/gen1/javascript/prev/build-a-backend/more-features/datastore/manipulate-data,0.22284435,false,0.038
794f22bf43686014476b,string_similarity,3,/flutter/build-a-backend/more-features/datastore/datastore-events,0.22251339,false,0.038
79be2b84cb270fb1362f,string_similarity,1,/android/build-a-backend/push-notifications/set-up-push-notifications,0.28273973,false,0.035
79be2b84cb270fb1362f,string_similarity,2,/flutter/build-a-backend/push-notifications/enable-rich-notifications,0.27725586,false,0.035
79be2b84cb270fb1362f,string_similarity,3,/flutter/build-a-backend/push-notifications/interact-with-notifications,0.27478041,false,0.035
79ed04a740907a2bd018,string_similarity,1,/providers/SumoLogic/sumologic/latest/docs,0.52210526,false,0.037
79ed04a740907a2bd018,string_similarity,2,/providers/SumoLogic/sumologic/latest/docs/data-sources/:path*,0.50880952,true,0.037
79ed04a740907a2bd018,string_similarity,3,/providers/ovh/ovh/latest/docs/guides/:path*,0.44901099,false,0.037
7a3d688cc5a00b1b3ccb,string_similarity,1,/en/guides/deploy,0.50608108,false,0.028
7a3d688cc5a00b1b3ccb,string_similarity,2,/en/guides/images,0.50608108,false,0.028
7a3d688cc5a00b1b3ccb,string_similarity,3,/en/guides/endpoints,0.50500000,false,0.028
7a4995c32685da27dc5d,string_similarity,1,/providers/CheckPointSW/checkpoint/latest/docs/guides/:path*,0.61142857,true,0.027
7a4995c32685da27dc5d,string_similarity,2,/providers/ovh/ovh/latest/docs/guides/:path*,0.53380952,false,0.027
7a4995c32685da27dc5d,string_similarity,3,/providers/opsgenie/opsgenie/latest/docs/guides/:path*,0.51395137,false,0.027
7a7e143964f43d5cb203,string_similarity,1,/flagger/tutorials/appmesh-progressive-delivery,0.65555556,true,0.032
7a7e143964f43d5cb203,string_similarity,2,/en/flagger/tutorials/appmesh-progressive-delivery,0.60122888,false,0.032
7a7e143964f43d5cb203,string_similarity,3,/flagger/tutorials/skipper-progressive-delivery,0.51285714,false,0.032
7abecc6afd89b98ee92d,string_similarity,1,/providers/circonus-labs/circonus/latest/docs,0.35664634,true,0.032
7abecc6afd89b98ee92d,string_similarity,2,/providers/linode/linode/latest/docs,0.34679061,false,0.032
7abecc6afd89b98ee92d,string_similarity,3,/providers/ucloud/ucloud/latest/docs,0.33583170,false,0.032
7b1b6ec746ee15e1ef9a,string_similarity,1,/gen1/flutter/prev/start/project-setup,0.26761273,false,0.033
7b1b6ec746ee15e1ef9a,string_similarity,2,/angular/start/getting-started/hosting,0.26189103,false,0.033
7b1b6ec746ee15e1ef9a,string_similarity,3,/gen1/<platform>/start/project-setup/<page>,0.26071429,false,0.033
7b643106ecf4c3aa53f5,string_similarity,1,/android/build-a-backend/auth/managing-attributes,0.32658847,true,0.045
7b643106ecf4c3aa53f5,string_similarity,2,/android/build-a-backend/auth/delete-user-account,0.28592406,false,0.045
7b643106ecf4c3aa53f5,string_similarity,3,/android/sdk/auth/getting-started,0.27662338,false,0.045
7b9525a9c92b39da188c,string_similarity,1,/docs/extend/writing-custom-providers.html,0.53274032,true,0.037
7b9525a9c92b39da188c,string_similarity,2,/providers/terraform-provider-openstack/openstack/latest/docs/guides/:path*,0.30977645,false,0.037
7b9525a9c92b39da188c,string_similarity,3,/providers/ns1-terraform/ns1/latest/docs,0.30310345,false,0.037
7bbce6549391f43f4356,string_similarity,1,/flutter/build-a-backend/restapi/fetch-data,0.28947388,false,0.045
7bbce6549391f43f4356,string_similarity,2,/gen1/<platform>/tools/console,0.27179487,false,0.045
7bbce6549391f43f4356,string_similarity,3,/gen1/android/prev/build-a-backend/restapi/fetch-data,0.26845455,false,0.045
7bd56e40775cbc94b9a2,string_similarity,1,/examples/tutorials/solidjs,0.85000000,false,0.031
7bd56e40775cbc94b9a2,string_similarity,2,/examples/tutorials/volumes,0.56574074,false,0.031
7bd56e40775cbc94b9a2,string_similarity,3,/examples/tutorials/astro,0.56346154,false,0.031
7c1c5cca809d333d51ba,string_similarity,1,/gen1/<platform>/build-a-backend/existing-resources,0.84723859,true,0.035
7c1c5cca809d333d51ba,string_similarity,2,/gen1/<platform>/build-a-backend/auth/existing-resources,0.79649860,false,0.035
7c1c5cca809d333d51ba,string_similarity,3,/android/build-a-backend/restapi/existing-resources,0.69804492,false,0.035
7cef27a1e303e6c80d04,string_similarity,1,/:lang/reference/dev-toolbar-app-reference,0.67389163,true,0.033
7cef27a1e303e6c80d04,string_similarity,2,/en/reference/integrations-reference,0.40832892,false,0.033
7cef27a1e303e6c80d04,string_similarity,3,/:lang/reference/modules/astro-config,0.39314024,false,0.033
7d3901832aa1073ee6b0,string_similarity,1,/android/sdk/analytics/endpoints,0.51417254,false,0.028
7d3901832aa1073ee6b0,string_similarity,2,/android/sdk/analytics/kinesis,0.36500094,false,0.028
7d3901832aa1073ee6b0,string_similarity,3,/gen1/<platform>/sdk/analytics/<page>,0.29599282,false,0.028
7d53d837f1b5437ea3c3,string_similarity,1,/amplify-js/api,0.29027778,false,0.035
7d53d837f1b5437ea3c3,string_similarity,2,/angular/start/getting-started/nextsteps,0.27307692,false,0.035
7d53d837f1b5437ea3c3,string_similarity,3,/android/sdk/api/graphql,0.26777778,false,0.035
7daa4b31fbc893f99d95,string_similarity,1,/flutter/build-a-backend/graphqlapi/advanced-workflows,0.41666667,false,0.027
7daa4b31fbc893f99d95,string_similarity,2,/gen1/flutter/prev/build-a-backend/graphqlapi/advanced-workflows,0.36558442,false,0.027
7daa4b31fbc893f99d95,string_similarity,3,/gen1/android/prev/build-a-backend/graphqlapi/advanced-workflows,0.35844156,false,0.027
7e41d7cfc0d7b8dd87bb,string_similarity,1,/providers/hashicorp/aws/latest/docs/guides/:path*,0.60130809,true,0.033
7e41d7cfc0d7b8dd87bb,string_similarity,2,/providers/ovh/ovh/latest/docs/guides/:path*,0.54766234,false,0.033
7e41d7cfc0d7b8dd87bb,string_similarity,3,/providers/fastly/fastly/latest/docs/guides/:path*,0.52738382,false,0.033
7ece0ab7a6e5710196d2,string_similarity,1,/android/build-a-backend/storage/upload,0.30441176,false,0.038
7ece0ab7a6e5710196d2,string_similarity,2,/android/build-a-backend/storage/lambda-triggers,0.24296791,false,0.038
7ece0ab7a6e5710196d2,string_similarity,3,/flutter/build-a-backend/storage/download,0.22818250,false,0.038
7f10b59489d8528e0cc6,string_similarity,1,/examples/deno_version,0.83181818,true,0.025
7f10b59489d8528e0cc6,string_similarity,2,/examples/videos/deno_test,0.44666667,false,0.025
7f10b59489d8528e0cc6,string_similarity,3,/examples/deno_deploy_tutorial,0.44153846,false,0.025
7f5870fdbd910053bfac,string_similarity,1,/gen1/angular/deploy-and-host/deployment,0.81500000,true,0.032
7f5870fdbd910053bfac,string_similarity,2,/gen1/<platform>/deploy-and-host/deployment/<page>,0.59284314,false,0.032
7f5870fdbd910053bfac,string_similarity,3,/gen1/angular/deploy-and-host/custom-configuration,0.56460784,false,0.032
7f69afca26bc5c5e03ad,string_similarity,1,/gen1/android/build-a-backend/storage/query-transfers,0.89091231,true,0.027
7f69afca26bc5c5e03ad,string_similarity,2,/android/build-a-backend/storage/upload,0.68398194,false,0.027
7f69afca26bc5c5e03ad,string_similarity,3,/android/build-a-backend/storage/list,0.67714286,false,0.027
7f8468aa2bda4bc6bbf7,string_similarity,1,/providers/grafana/grafana/latest/docs,0.37640927,true,0.032
7f8468aa2bda4bc6bbf7,string_similarity,2,/providers/Venafi/venafi/latest/docs,0.33857143,false,0.032
7f8468aa2bda4bc6bbf7,string_similarity,3,/providers/akamai/akamai/latest/docs,0.33857143,false,0.032
7fda64f02322f3cf7c70,string_similarity,1,/android/sdk/auth/federated-identities,0.23670396,false,0.035
7fda64f02322f3cf7c70,string_similarity,2,/android/sdk/auth/getting-started,0.23329611,false,0.035
7fda64f02322f3cf7c70,string_similarity,3,/flutter/build-a-backend/auth/manage-mfa,0.21437491,false,0.035
7fefe999234385f38c28,string_similarity,1,/android/build-a-backend/auth/managing-attributes,0.27859881,false,0.031
7fefe999234385f38c28,string_similarity,2,/flutter/build-a-backend/auth/delete-user-account,0.25270684,false,0.031
7fefe999234385f38c28,string_similarity,3,/android/build-a-backend/auth/delete-user-account,0.24371808,false,0.031
8000e4ce3f790c27063c,string_similarity,1,/gen1/flutter/prev/build-a-backend/more-features/datastore/real-time,0.31390013,true,0.056
8000e4ce3f790c27063c,string_similarity,2,/angular/start/getting-started/nextsteps,0.29883721,false,0.056
8000e4ce3f790c27063c,string_similarity,3,/gen1/javascript/prev/build-a-backend/more-features/datastore/real-time,0.26053114,false,0.056
806e86a6b4aceb993665,string_similarity,1,/providers/cloudamqp/cloudamqp/latest/docs,0.37857143,true,0.028
806e86a6b4aceb993665,string_similarity,2,/providers/linode/linode/latest/docs,0.35478764,false,0.028
806e86a6b4aceb993665,string_similarity,3,/providers/ucloud/ucloud/latest/docs,0.35478764,false,0.028
8106251b07f7281bdef8,string_similarity,1,/providers/hashicorp/consul/latest/docs/guides/:path*,0.61008026,true,0.032
8106251b07f7281bdef8,string_similarity,2,/providers/ovh/ovh/latest/docs/guides/:path*,0.53714286,false,0.032
8106251b07f7281bdef8,string_similarity,3,/providers/turbot/turbot/latest/docs/guides/:path*,0.52760797,false,0.032
810b8f99576aafd825e8,string_similarity,1,/providers/linode/linode/latest/docs,0.35033613,false,0.037
810b8f99576aafd825e8,string_similarity,2,/docs/extend/writing-custom-providers.html,0.33352391,false,0.037
810b8f99576aafd825e8,string_similarity,3,/providers/Venafi/venafi/latest/docs,0.32680672,false,0.037
81637076b3ef3e2625e3,string_similarity,1,/flutter/build-a-backend/more-features/datastore/authz-rules-setup,0.32669683,false,0.032
81637076b3ef3e2625e3,string_similarity,2,/angular/start/getting-started/nextsteps,0.30483871,false,0.032
81637076b3ef3e2625e3,string_similarity,3,/gen1/flutter/prev/build-a-backend/more-features/datastore/authz-rules-setup,0.29364341,true,0.032
81f655e60e48da2a73ef,string_similarity,1,/gen1/<platform>/prev/build-a-backend/<category>/<page>,0.54840426,false,0.028
81f655e60e48da2a73ef,string_similarity,2,/gen1/<platform>/build-a-backend/graphqlapi/<page>,0.43841292,false,0.028
81f655e60e48da2a73ef,string_similarity,3,/gen1/<platform>/prev/build-a-backend/<page>,0.42899096,false,0.028
827199913842f3030fa9,string_similarity,1,/angular/start/getting-started/nextsteps,0.29246575,false,0.028
827199913842f3030fa9,string_similarity,2,/404/index.html,0.25000000,false,0.028
827199913842f3030fa9,string_similarity,3,/android/build-a-backend/auth/sign-in-custom-flow,0.21998124,false,0.028
8275845db66f7d97a8e0,string_similarity,1,/flutter/build-a-backend/push-notifications/identify-user,0.41448382,false,0.025
8275845db66f7d97a8e0,string_similarity,2,/angular/start/getting-started/nextsteps,0.30841584,false,0.025
8275845db66f7d97a8e0,string_similarity,3,/flutter/build-a-backend/push-notifications/interact-with-notifications,0.29347319,false,0.025
829ed9e7cf705d172efb,string_similarity,1,/flutter/build-a-backend/auth/auth-events,0.39742268,false,0.028
829ed9e7cf705d172efb,string_similarity,2,/flutter/build-a-backend/auth/set-up-auth,0.39067010,false,0.028
829ed9e7cf705d172efb,string_similarity,3,/flutter/build-a-backend/auth/sign-out,0.39031915,false,0.028
82b2df876732a2754591,string_similarity,1,/providers/hashicorp/nomad/latest/docs/resources/:path*,0.50243697,true,0.048
82b2df876732a2754591,string_similarity,2,/providers/hashicorp/nomad/latest/docs,0.45852941,false,0.048
82b2df876732a2754591,string_similarity,3,/providers/ovh/ovh/latest/docs/guides/:path*,0.44069498,false,0.048
82b5f415f11e14d1f44f,string_similarity,1,/flutter/build-a-backend/auth/enable-guest-access,0.33451550,false,0.027
82b5f415f11e14d1f44f,string_similarity,2,/android/sdk/auth/getting-started,0.20928571,false,0.027
82b5f415f11e14d1f44f,string_similarity,3,/flutter/build-a-backend/auth/sign-out,0.20924242,false,0.027
82e5c9c1020d26bd2a11,string_similarity,1,/gen1/javascript/prev/build-a-backend/graphqlapi/customize-authz-modes,0.23377724,false,0.038
82e5c9c1020d26bd2a11,string_similarity,2,/android/build-a-backend/graphqlapi/client-code-generation,0.23162796,false,0.038
82e5c9c1020d26bd2a11,string_similarity,3,/android/build-a-backend/graphqlapi/relational-models,0.22373227,false,0.038
82ea60267a9090ed2427,string_similarity,1,/angular/start/getting-started/nextsteps,0.30384615,false,0.028
82ea60267a9090ed2427,string_similarity,2,/flutter/build-a-backend/auth/sign-out,0.26894737,false,0.028
82ea60267a9090ed2427,string_similarity,3,/flutter/build-a-backend/auth/sign-in-custom-flow,0.26810345,false,0.028
82f2d6c13f76115f3b28,string_similarity,1,/android/build-a-backend/storage/upload,0.59837963,false,0.034
82f2d6c13f76115f3b28,string_similarity,2,/android/build-a-backend/storage/list,0.57492089,false,0.034
82f2d6c13f76115f3b28,string_similarity,3,/flutter/build-a-backend/storage/download,0.57040663,false,0.034
833cc75de119829841fe,string_similarity,1,/android/sdk/auth/drop-in-auth,0.62743278,true,0.038
833cc75de119829841fe,string_similarity,2,/android/sdk/auth/getting-started,0.35253378,false,0.038
833cc75de119829841fe,string_similarity,3,/android/sdk/auth/federated-identities,0.35102848,false,0.038
8363012bf35f53ac3ab8,string_similarity,1,/404/index.html,0.23888889,false,0.032
8363012bf35f53ac3ab8,string_similarity,2,/angular/start/getting-started/nextsteps,0.20581395,false,0.032
8363012bf35f53ac3ab8,string_similarity,3,/,0.20000000,false,0.032
837704e6ceb4c59c5307,string_similarity,1,/android/sdk/api/graphql,0.37063492,false,0.033
837704e6ceb4c59c5307,string_similarity,2,/angular/start/getting-started/nextsteps,0.28164557,false,0.033
837704e6ceb4c59c5307,string_similarity,3,/android/build-a-backend/graphqlapi/api-graphql-concepts,0.25866029,false,0.033
83bf510a9e7ab357a27d,string_similarity,1,/android/start/getting-started/setup,0.54317073,false,0.036
83bf510a9e7ab357a27d,string_similarity,2,/android/start/getting-started/integrate,0.48577926,false,0.036
83bf510a9e7ab357a27d,string_similarity,3,/android/start/getting-started/installation,0.44740169,false,0.036
83c06978dea67de4d54b,string_similarity,1,/providers/fortinetdev/fortios/latest/docs/guides/:path*,0.60669739,true,0.032
83c06978dea67de4d54b,string_similarity,2,/providers/ovh/ovh/latest/docs/guides/:path*,0.55356261,false,0.032
83c06978dea67de4d54b,string_similarity,3,/providers/turbot/turbot/latest/docs/guides/:path*,0.54300493,false,0.032
840cd60d1c692cc4e54a,string_similarity,1,/angular/build-a-backend/more-features/datastore/conflict-resolution,0.33564935,true,0.047
840cd60d1c692cc4e54a,string_similarity,2,/android/build-a-backend/more-features/datastore/conflict-resolution,0.27519481,false,0.047
840cd60d1c692cc4e54a,string_similarity,3,/angular/start/connect-to-aws-resources,0.21731300,false,0.047
84a3c1d7ce452a0b8d64,string_similarity,1,/android/build-a-backend/storage/list,0.30657867,false,0.040
84a3c1d7ce452a0b8d64,string_similarity,2,/gen1/flutter/prev/build-a-backend/storage/list,0.27072333,false,0.040
84a3c1d7ce452a0b8d64,string_similarity,3,/flutter/build-a-backend/storage/get-properties,0.24597649,false,0.040
85095034a2ccada14153,string_similarity,1,/providers/integrations/github/latest/docs/resources/:path*,0.49825397,true,0.032
85095034a2ccada14153,string_similarity,2,/providers/turbot/turbot/latest/docs/guides/:path*,0.43001764,false,0.032
85095034a2ccada14153,string_similarity,3,/providers/turbot/turbot/latest/docs/resources/:path*,0.42190476,false,0.032
85d5d7e499a43055a754,string_similarity,1,/angular/start/getting-started/nextsteps,0.31000000,false,0.029
85d5d7e499a43055a754,string_similarity,2,/404/index.html,0.21857143,false,0.029
85d5d7e499a43055a754,string_similarity,3,/flutter/build-a-backend/storage/get-properties,0.19932127,false,0.029
85efdca356688f4bcbf3,string_similarity,1,/providers/terraform-provider-openstack/openstack/latest/docs/guides/:path*,0.46986239,false,0.037
85efdca356688f4bcbf3,string_similarity,2,/providers/ovh/ovh/latest/docs/guides/:path*,0.45926740,false,0.037
85efdca356688f4bcbf3,string_similarity,3,/providers/opsgenie/opsgenie/latest/docs/guides/:path*,0.44831169,false,0.037
85f914a887c8352cdb7e,string_similarity,1,/:splat,0.25000000,false,0.037
85f914a887c8352cdb7e,string_similarity,2,/:lang/404,0.22272727,false,0.037
85f914a887c8352cdb7e,string_similarity,3,/:lang/:splat,0.20714286,false,0.037
8603d8b2de67d48a9471,string_similarity,1,/gen1/javascript/build-ui/uibuilder,0.32522977,false,0.034
8603d8b2de67d48a9471,string_similarity,2,/android/build-a-backend/auth/app-uninstall,0.24741248,false,0.034
8603d8b2de67d48a9471,string_similarity,3,/android/build-a-backend/restapi/gen-ai,0.24661836,false,0.034
86213a262726cd8e2420,string_similarity,1,/flutter/build-a-backend/auth/enable-guest-access,0.33034884,false,0.037
86213a262726cd8e2420,string_similarity,2,/angular/start/getting-started/nextsteps,0.29545455,false,0.037
86213a262726cd8e2420,string_similarity,3,/android/sdk/auth/getting-started,0.29428571,false,0.037
8643f6e5c1ebae6f9e2b,string_similarity,1,/providers/oktadeveloper/oktaasa/latest/docs/data-sources/:path*,0.46000000,true,0.032
8643f6e5c1ebae6f9e2b,string_similarity,2,/providers/oktadeveloper/oktaasa/latest/docs,0.45605263,false,0.032
8643f6e5c1ebae6f9e2b,string_similarity,3,/providers/ovh/ovh/latest/docs/guides/:path*,0.44496241,false,0.032
86523265279c1a305c7f,string_similarity,1,/providers/skytap/skytap/latest/docs,0.34968254,false,0.039
86523265279c1a305c7f,string_similarity,2,/providers/akamai/akamai/latest/docs,0.33857143,false,0.039
86523265279c1a305c7f,string_similarity,3,/providers/linode/linode/latest/docs,0.33857143,false,0.039
8694cba8c5aa861dbaa1,string_similarity,1,/providers/AviatrixSystems/aviatrix/latest/docs/resources/:path*,0.49807069,true,0.031
8694cba8c5aa861dbaa1,string_similarity,2,/providers/AviatrixSystems/aviatrix/latest/docs/guides/:path*,0.49693009,false,0.031
8694cba8c5aa861dbaa1,string_similarity,3,/providers/AviatrixSystems/aviatrix/latest/docs/data-sources/:path*,0.45900000,false,0.031
86aa3dc537e69268acbb,string_similarity,1,/angular/start/getting-started/nextsteps,0.47370787,false,0.038
86aa3dc537e69268acbb,string_similarity,2,/android/sdk/auth/getting-started,0.37439024,false,0.038
86aa3dc537e69268acbb,string_similarity,3,/angular/getting-started/migration,0.34096386,false,0.038
8703fba2c74ec1949d9b,string_similarity,1,/angular/start/getting-started/nextsteps,0.31326531,false,0.029
8703fba2c74ec1949d9b,string_similarity,2,/android/build-a-backend/push-notifications/test-notifications,0.30833333,false,0.029
8703fba2c74ec1949d9b,string_similarity,3,/flutter/build-a-backend/push-notifications/interact-with-notifications,0.29248658,false,0.029
87105fd7c57ce9b60372,string_similarity,1,/flux/components/kustomize,0.80265152,false,0.029
87105fd7c57ce9b60372,string_similarity,2,/flux/components/kustomize/kustomizations,0.70597082,true,0.029
87105fd7c57ce9b60372,string_similarity,3,/en/flux/components/kustomize/_index,0.68026316,false,0.029
8755f0cf1025c0ba2da6,string_similarity,1,/angular/start/getting-started/nextsteps,0.28333333,false,0.031
8755f0cf1025c0ba2da6,string_similarity,2,/gen1/javascript/prev/build-a-backend/more-features/in-app-messaging/display-messages,0.23953901,false,0.031
8755f0cf1025c0ba2da6,string_similarity,3,/gen1/javascript/prev/build-a-backend/more-features/in-app-messaging/clear-messages,0.23615108,false,0.031
87b0751e470f280c63f0,string_similarity,1,/providers/imperva/incapsula/latest/docs/resources/:path*,0.52208791,true,0.036
87b0751e470f280c63f0,string_similarity,2,/providers/Venafi/venafi/latest/docs/resources/:path*,0.43274220,false,0.036
87b0751e470f280c63f0,string_similarity,3,/providers/nutanix/nutanix/latest/docs/resources/:path*,0.42757624,false,0.036
87d10fe9be65de0f18de,string_similarity,1,/providers/ovh/ovh/latest/docs/guides/:path*,0.45841270,false,0.036
87d10fe9be65de0f18de,string_similarity,2,/providers/fastly/fastly/latest/docs/guides/:path*,0.43875458,false,0.036
87d10fe9be65de0f18de,string_similarity,3,/providers/turbot/turbot/latest/docs/guides/:path*,0.43875458,false,0.036
87ee2fde4da514e6825e,string_similarity,1,/providers/pan-net/powerdns/latest/docs/guides/:path*,0.49546512,false,0.032
87ee2fde4da514e6825e,string_similarity,2,/providers/pan-net/powerdns/latest/docs/data-sources/:path*,0.45347826,true,0.032
87ee2fde4da514e6825e,string_similarity,3,/providers/ovh/ovh/latest/docs/guides/:path*,0.45220779,false,0.032
8830fae0e11bce5a5d41,string_similarity,1,/android/build-a-backend/restapi/gen-ai,0.31653760,true,0.035
8830fae0e11bce5a5d41,string_similarity,2,/android/build-a-backend/restapi/set-up-rest-api,0.28656250,false,0.035
8830fae0e11bce5a5d41,string_similarity,3,/android/sdk/api/graphql,0.26186147,false,0.035
89335a046d6400fa3e21,string_similarity,1,/angular/build-a-backend/auth,0.24951346,true,0.031
89335a046d6400fa3e21,string_similarity,2,/android/sdk/auth/getting-started,0.23438356,false,0.031
89335a046d6400fa3e21,string_similarity,3,/flutter/build-a-backend/auth/set-up-auth,0.20757015,false,0.031
893f740cb505a5c5bad3,string_similarity,1,/examples/tls_connector,0.83260870,true,0.030
893f740cb505a5c5bad3,string_similarity,2,/examples,0.37500000,false,0.030
893f740cb505a5c5bad3,string_similarity,3,/examples/tutorials/honeycomb,0.36692308,false,0.030
89c175da75ddb655d37d,string_similarity,1,/flutter,0.35636364,false,0.030
89c175da75ddb655d37d,string_similarity,2,/flutter/build-a-backend/storage/configure-access,0.33333333,true,0.030
89c175da75ddb655d37d,string_similarity,3,/flutter/build-a-backend/storage/download,0.27672287,false,0.030
89eb33ec984cc7d9aad5,string_similarity,1,/flutter/build-a-backend/graphqlapi/api-graphql-concepts,0.35602134,false,0.033
89eb33ec984cc7d9aad5,string_similarity,2,/android/build-a-backend/graphqlapi/api-graphql-concepts,0.34626524,false,0.033
89eb33ec984cc7d9aad5,string_similarity,3,/gen1/javascript/prev/build-a-backend/graphqlapi/api-graphql-concepts,0.29305921,false,0.033
8a1e0760d672b24bcbf6,string_similarity,1,/language/v1.1.x/resources/provisioners/salt-masterless,0.74781553,true,0.028
8a1e0760d672b24bcbf6,string_similarity,2,/enterprise/releases,0.32647059,false,0.028
8a1e0760d672b24bcbf6,string_similarity,3,/enterprise/api-docs/admin/terraform-versions,0.32204301,false,0.028
8a63e9e0883c0eba671f,string_similarity,1,/gen1/android/prev/build-a-backend/auth/existing-resources,0.31608974,false,0.056
8a63e9e0883c0eba671f,string_similarity,2,/android/build-a-backend/auth/sign-out,0.29756773,false,0.056
8a63e9e0883c0eba671f,string_similarity,3,/android/build-a-backend/auth/set-up-auth,0.29549180,false,0.056
8a7dc6f720348ddc5b18,string_similarity,1,/flutter/build-a-backend/graphqlapi/subscribe-data,0.47211174,true,0.032
8a7dc6f720348ddc5b18,string_similarity,2,/flutter/build-a-backend/graphqlapi/query-data,0.34852292,false,0.032
8a7dc6f720348ddc5b18,string_similarity,3,/gen1/android/prev/build-a-backend/graphqlapi/subscribe-data,0.34025881,false,0.032
8ab6efaa722abd77a844,string_similarity,1,/providers/hashicorp/vsphere/latest/docs/guides/:path*,0.51830565,false,0.035
8ab6efaa722abd77a844,string_similarity,2,/providers/hashicorp/vsphere/latest/docs/resources/:path*,0.50983949,false,0.035
8ab6efaa722abd77a844,string_similarity,3,/providers/hashicorp/vsphere/latest/docs/data-sources/:path*,0.46978261,true,0.035
8af77fd7e1583a5c5069,string_similarity,1,/enterprise/install/pre-install-checklist,0.44233333,false,0.038
8af77fd7e1583a5c5069,string_similarity,2,/enterprise/install/automated/active-active,0.43012987,true,0.038
8af77fd7e1583a5c5069,string_similarity,3,/enterprise/saml/configuration,0.34861111,false,0.038
8b39d29c5ae4a45fc543,string_similarity,1,/angular/start/getting-started/nextsteps,0.27054795,false,0.032
8b39d29c5ae4a45fc543,string_similarity,2,/android/build-a-backend/auth/add-social-provider,0.26718404,false,0.032
8b39d29c5ae4a45fc543,string_similarity,3,/gen1/android/build-a-backend/auth/add-social-provider,0.24971264,false,0.032
8b510a2885df6d083dbf,string_similarity,1,/providers/vancluever/acme/latest/docs/resources/:path*,0.49571429,false,0.030
8b510a2885df6d083dbf,string_similarity,2,/providers/vancluever/acme/latest/docs/data-sources/:path*,0.45568966,true,0.030
8b510a2885df6d083dbf,string_similarity,3,/providers/ovh/ovh/latest/docs/guides/:path*,0.44395303,false,0.030
8c0612b719f51e627006,string_similarity,1,/providers/gridscale/gridscale/latest/docs,0.38857143,true,0.029
8c0612b719f51e627006,string_similarity,2,/providers/linode/linode/latest/docs,0.35478764,false,0.029
8c0612b719f51e627006,string_similarity,3,/providers/digitalocean/digitalocean/latest/docs,0.33392027,false,0.029
8c39ffe16d7f520b9f46,string_similarity,1,/providers/ucloud/ucloud/latest/docs,0.36257143,false,0.035
8c39ffe16d7f520b9f46,string_similarity,2,/providers/baidubce/baiducloud/latest/docs,0.35953704,true,0.035
8c39ffe16d7f520b9f46,string_similarity,3,/providers/linode/linode/latest/docs,0.35190476,false,0.035
8c48a3e3d0beda87fb99,string_similarity,1,/angular/start/getting-started/nextsteps,0.28521127,false,0.032
8c48a3e3d0beda87fb99,string_similarity,2,/404/index.html,0.23695652,false,0.032
8c48a3e3d0beda87fb99,string_similarity,3,/flutter/build-a-backend/storage/download,0.22777778,false,0.032
8c4b0db9873a3a8044b8,string_similarity,1,/gen1/android/prev/build-a-backend/auth/delete-user-account,0.80293103,false,0.035
8c4b0db9873a3a8044b8,string_similarity,2,/flutter/build-a-backend/auth/delete-user-account,0.73712264,false,0.035
8c4b0db9873a3a8044b8,string_similarity,3,/android/build-a-backend/auth/delete-user-account,0.72957547,false,0.035
8c52a0047abf2930fe80,string_similarity,1,/providers/vmware/vcd/latest/docs/guides/:path*,0.51247619,false,0.035
8c52a0047abf2930fe80,string_similarity,2,/providers/vmware/vcd/latest/docs/resources/:path*,0.50304029,false,0.035
8c52a0047abf2930fe80,string_similarity,3,/providers/vmware/vcd/latest/docs/data-sources/:path*,0.46216049,true,0.035
8c64252a30afe92a5704,string_similarity,1,/gen1/javascript/prev/build-a-backend/more-features/in-app-messaging/display-messages,0.25955353,false,0.037
8c64252a30afe92a5704,string_similarity,2,/gen1/javascript/prev/build-a-backend/more-features/in-app-messaging/clear-messages,0.25148684,false,0.037
8c64252a30afe92a5704,string_similarity,3,/android/sdk/auth/drop-in-auth,0.20455069,false,0.037
8c81b28421e1589aede9,string_similarity,1,/angular/start/getting-started/nextsteps,0.28333333,false,0.034
8c81b28421e1589aede9,string_similarity,2,/404/index.html,0.24014085,false,0.034
8c81b28421e1589aede9,string_similarity,3,/android/sdk/api/graphql,0.23181818,false,0.034
8d2b6f4e7ba3af26ebfa,string_similarity,1,/android/build-a-backend/restapi/existing-resources,0.35234991,false,0.043
8d2b6f4e7ba3af26ebfa,string_similarity,2,/gen1/android/prev/build-a-backend/more-features/geo/existing-resources,0.33218954,true,0.043
8d2b6f4e7ba3af26ebfa,string_similarity,3,/gen1/android/prev/build-a-backend/storage/existing-resources,0.31405493,false,0.043
8df25a1851ba93f8e355,string_similarity,1,/angular/build-a-backend/more-features/predictions/identify-text,0.62452991,false,0.040
8df25a1851ba93f8e355,string_similarity,2,/android/build-a-backend/more-features/predictions/identify-text,0.61769231,false,0.040
8df25a1851ba93f8e355,string_similarity,3,/gen1/<platform>/build-a-backend/more-features,0.59415152,false,0.040
8e04516b3ed09f8e9fc7,string_similarity,1,/:lang/404,0.68611111,true,0.030
8e04516b3ed09f8e9fc7,string_similarity,2,/:lang/:splat,0.64166667,false,0.030
8e04516b3ed09f8e9fc7,string_similarity,3,/:lang/recipes,0.47954545,false,0.030
8fcaa7f0117d4881e256,string_similarity,1,/flutter/build-a-backend/more-features/datastore/authz-rules-setup,0.34620690,true,0.032
8fcaa7f0117d4881e256,string_similarity,2,/flutter,0.32463054,false,0.032
8fcaa7f0117d4881e256,string_similarity,3,/gen1/flutter/prev/build-a-backend/more-features/datastore/authz-rules-setup,0.31000000,false,0.032
8fdd1fa0e94049a90bce,string_similarity,1,/providers/hashicorp/null/latest/docs/guides/:path*,0.50714286,false,0.035
8fdd1fa0e94049a90bce,string_similarity,2,/providers/hashicorp/null/latest/docs/data-sources/:path*,0.45825581,true,0.035
8fdd1fa0e94049a90bce,string_similarity,3,/providers/ovh/ovh/latest/docs/guides/:path*,0.43299413,false,0.035
8ffaeb7409426b84086c,string_similarity,1,/android/build-a-backend/more-features/datastore/sync-to-cloud,0.29530744,false,0.029
8ffaeb7409426b84086c,string_similarity,2,/gen1/android/prev/build-a-backend/more-features/datastore/sync-to-cloud,0.26342710,true,0.029
8ffaeb7409426b84086c,string_similarity,3,/flutter/build-a-backend/more-features/datastore/sync-to-cloud,0.25980520,false,0.029
902fa7f4994c503c7a98,string_similarity,1,/gen1/javascript/prev,0.43308824,false,0.035
902fa7f4994c503c7a98,string_similarity,2,/gen1/angular/prev,0.40377789,false,0.035
902fa7f4994c503c7a98,string_similarity,3,/gen1/<platform>/prev/start/<page>,0.30558824,false,0.035
906ba2fce46d023bcf6b,string_similarity,1,/gen1/flutter/build-a-backend/auth/add-social-provider,0.29664032,false,0.032
906ba2fce46d023bcf6b,string_similarity,2,/angular/start/getting-started/nextsteps,0.28333333,false,0.032
906ba2fce46d023bcf6b,string_similarity,3,/gen1/flutter/prev/build-a-backend/auth/add-social-provider,0.27744845,true,0.032
90702d744da119d49596,string_similarity,1,/fluxcd/website,0.28333333,false,0.037
90702d744da119d49596,string_similarity,2,/ecosystem,0.16842105,false,0.037
90702d744da119d49596,string_similarity,3,/en/ecosystem,0.14545455,false,0.037
9072929269180e514697,string_similarity,1,/gen1/android/prev/build-a-backend/storage/sdk,0.24150072,false,0.033
9072929269180e514697,string_similarity,2,/flutter/build-a-backend/storage/get-properties,0.21651349,false,0.033
9072929269180e514697,string_similarity,3,/android/sdk/analytics/endpoints,0.21611842,false,0.033
909538304c95fe9cf10d,string_similarity,1,/gen1/android/prev/start/project-setup/use-existing-resources,0.93290598,true,0.033
909538304c95fe9cf10d,string_similarity,2,/gen1/android/prev/start/project-setup/rxjava,0.55622772,false,0.033
909538304c95fe9cf10d,string_similarity,3,/gen1/android/prev/start/project-setup/prerequisites,0.52870370,false,0.033
90c146e75eb56438b32e,string_similarity,1,/angular/start/getting-started/hosting,0.28428571,false,0.038
90c146e75eb56438b32e,string_similarity,2,/android/start/getting-started/setup,0.26778961,false,0.038
90c146e75eb56438b32e,string_similarity,3,/android/start/getting-started/integrate,0.26751152,false,0.038
90c8a86e8833ed041457,string_similarity,1,/providers/kingsoftcloud/ksyun/latest/docs/resources/:path*,0.49186196,true,0.037
90c8a86e8833ed041457,string_similarity,2,/providers/kingsoftcloud/ksyun/latest/docs,0.44611111,false,0.037
90c8a86e8833ed041457,string_similarity,3,/providers/ovh/ovh/latest/docs/guides/:path*,0.41907336,false,0.037
910cadb52aa5568ce15f,string_similarity,1,/angular/start/getting-started/nextsteps,0.27753623,false,0.030
910cadb52aa5568ce15f,string_similarity,2,/404/index.html,0.25909091,false,0.030
910cadb52aa5568ce15f,string_similarity,3,/amplify-js/api,0.19155844,false,0.030
9157ea108266afd4a215,string_similarity,1,/android/build-a-backend/auth/delete-user-account,0.38454545,false,0.033
9157ea108266afd4a215,string_similarity,2,/gen1/android/prev/build-a-backend/auth/delete-user-account,0.33039216,true,0.033
9157ea108266afd4a215,string_similarity,3,/flutter/build-a-backend/auth/delete-user-account,0.32727273,false,0.033
91f40c85550b7219e548,string_similarity,1,/:lang/guides/on-demand-rendering,0.55665805,true,0.055
91f40c85550b7219e548,string_similarity,2,/:lang/guides/sessions,0.46858974,false,0.055
91f40c85550b7219e548,string_similarity,3,/:lang/guides/routing,0.46339286,false,0.055
92a28c3480cbe56ba15b,string_similarity,1,/angular/build-a-backend/more-features/predictions/identify-text,0.23213717,false,0.044
92a28c3480cbe56ba15b,string_similarity,2,/android/build-a-backend/more-features/predictions/identify-text,0.22524062,false,0.044
92a28c3480cbe56ba15b,string_similarity,3,/gen1/android/prev/build-a-backend/more-features/predictions/identify-text,0.22301587,false,0.044
92a3fe2df49ee2bae5ab,string_similarity,1,/providers/baidubce/baiducloud/latest/docs/guides/:path*,0.62309524,true,0.037
92a3fe2df49ee2bae5ab,string_similarity,2,/providers/ovh/ovh/latest/docs/guides/:path*,0.53380952,false,0.037
92a3fe2df49ee2bae5ab,string_similarity,3,/providers/gridscale/gridscale/latest/docs/guides/:path*,0.52547619,false,0.037
92cad3b867cb9d339e70,string_similarity,1,/flutter,0.42166667,true,0.042
92cad3b867cb9d339e70,string_similarity,2,/android/sdk,0.40059524,false,0.042
92cad3b867cb9d339e70,string_similarity,3,/flutter/build-a-backend,0.37136364,false,0.042
92eda496ee7dced906aa,string_similarity,1,/providers/vmware/wavefront/latest/docs/resources/:path*,0.52492063,true,0.034
92eda496ee7dced906aa,string_similarity,2,/providers/vmware/wavefront/latest/docs/guides/:path*,0.52461412,false,0.034
92eda496ee7dced906aa,string_similarity,3,/providers/Venafi/venafi/latest/docs/resources/:path*,0.43274220,false,0.034
93b1eeaae8a4c28f9203,string_similarity,1,/android/build-a-backend/auth/sign-in-with-web-ui,0.28714929,false,0.035
93b1eeaae8a4c28f9203,string_similarity,2,/android/build-a-backend/auth/sign-in-custom-flow,0.22072072,false,0.035
93b1eeaae8a4c28f9203,string_similarity,3,/flutter/build-a-backend/auth/sign-in-custom-flow,0.22072072,false,0.035
94246c48002d64726087,string_similarity,1,/android/start/getting-started/integrate,0.37580645,false,0.042
94246c48002d64726087,string_similarity,2,/android/start/getting-started/installation,0.36666667,false,0.042
94246c48002d64726087,string_similarity,3,/android/start/getting-started/generate-model,0.36659974,false,0.042
94279bb5ec4666551d21,string_similarity,1,/flutter/build-a-backend/more-features/datastore/authz-rules-setup,0.29394378,false,0.037
94279bb5ec4666551d21,string_similarity,2,/gen1/flutter/prev/build-a-backend/more-features/datastore/authz-rules-setup,0.26656454,false,0.037
94279bb5ec4666551d21,string_similarity,3,/flutter/build-a-backend/more-features/datastore/set-up-datastore,0.23615090,false,0.037
942fc1f67607b9a4d026,string_similarity,1,/gen1/android/build-a-backend/auth/switch-auth,0.60478992,false,0.036
942fc1f67607b9a4d026,string_similarity,2,/gen1/javascript/prev/build-a-backend/auth/switch-auth,0.56070525,false,0.036
942fc1f67607b9a4d026,string_similarity,3,/angular/build-a-backend/auth,0.50593306,false,0.036
94e865153aa13f25a10b,string_similarity,1,/providers/microsoft/azuredevops/latest/docs/resources/:path*,0.52281296,false,0.033
94e865153aa13f25a10b,string_similarity,2,/providers/microsoft/azuredevops/latest/docs/data-sources/:path*,0.48300000,true,0.033
94e865153aa13f25a10b,string_similarity,3,/providers/ovh/ovh/latest/docs/guides/:path*,0.45285714,false,0.033
94ea8cfd822841a7437c,string_similarity,1,/gen1/flutter/build-a-backend/troubleshooting/upgrade-amplify-packages,0.80362319,false,0.033
94ea8cfd822841a7437c,string_similarity,2,/gen1/javascript/build-a-backend/troubleshooting/upgrade-amplify-packages,0.79042553,false,0.033
94ea8cfd822841a7437c,string_similarity,3,/angular/build-a-backend/troubleshooting/cdktoolkit-stack,0.48478182,false,0.033
958e5bcc3386de4368c6,string_similarity,1,/security,0.68804348,true,0.025
958e5bcc3386de4368c6,string_similarity,2,/enterprise/releases,0.26764706,false,0.025
958e5bcc3386de4368c6,string_similarity,3,/enterprise/api-docs/admin/settings,0.26428571,false,0.025
95926bf56d7f71d80ad6,string_similarity,1,/providers/SumoLogic/sumologic/latest/docs,0.36857143,true,0.026
95926bf56d7f71d80ad6,string_similarity,2,/providers/linode/linode/latest/docs,0.34397683,false,0.026
95926bf56d7f71d80ad6,string_similarity,3,/providers/ucloud/ucloud/latest/docs,0.33316602,false,0.026
95ab4ac4c211bd91f575,string_similarity,1,/angular/start/getting-started/nextsteps,0.26428571,false,0.031
95ab4ac4c211bd91f575,string_similarity,2,/gen1/<platform>/build-a-backend/graphqlapi/connect-api-to-existing-database,0.26038121,false,0.031
95ab4ac4c211bd91f575,string_similarity,3,/404/index.html,0.25769231,false,0.031
95c0d724e5f068acea53,string_similarity,1,/flutter/build-a-backend/restapi/fetch-data,0.30147059,false,0.038
95c0d724e5f068acea53,string_similarity,2,/gen1/flutter/prev/build-a-backend/restapi/delete-data,0.29132186,false,0.038
95c0d724e5f068acea53,string_similarity,3,/flutter/build-a-backend/graphqlapi/query-data,0.28956466,false,0.038
95fe207d6abb21bacf13,string_similarity,1,/android/build-a-backend/storage/upload,0.27382353,false,0.035
95fe207d6abb21bacf13,string_similarity,2,/android/build-a-backend/storage/lambda-triggers,0.25611389,false,0.035
95fe207d6abb21bacf13,string_similarity,3,/android/build-a-backend/storage/list,0.24886403,false,0.035
960831ede1878038502c,string_similarity,1,/gen1/javascript/prev/build-a-backend/more-features/datastore/relational-models,0.25479743,false,0.032
960831ede1878038502c,string_similarity,2,/flutter/build-a-backend/more-features/datastore/additional-methods,0.23323942,false,0.032
960831ede1878038502c,string_similarity,3,/android/build-a-backend/graphqlapi/relational-models,0.22969922,false,0.032
9618774adaa268c62921,string_similarity,1,/angular/start/getting-started/nextsteps,0.31585366,false,0.031
9618774adaa268c62921,string_similarity,2,/404/index.html,0.27631579,false,0.031
9618774adaa268c62921,string_similarity,3,/angular/build-a-backend/more-features/predictions/identify-text,0.24103774,false,0.031
961a4f8d27aefbcbbbca,string_similarity,1,/flutter/build-a-backend/more-features/datastore/datastore-events,0.37049088,true,0.028
961a4f8d27aefbcbbbca,string_similarity,2,/flutter,0.35034483,false,0.028
961a4f8d27aefbcbbbca,string_similarity,3,/flutter/build-a-backend/auth/auth-events,0.28470538,false,0.028
962f6ef700beeb8dd663,string_similarity,1,/examples/parsing_serializing_json,0.82647059,true,0.038
962f6ef700beeb8dd663,string_similarity,2,/examples/parsing_serializing_csv,0.61626866,false,0.038
962f6ef700beeb8dd663,string_similarity,3,/examples/parsing_serializing_yaml,0.59941176,false,0.038
9643e96647e7eec5c788,string_similarity,1,/providers/cyrilgdn/rabbitmq/latest/docs/guides/:path*,0.61838509,true,0.038
9643e96647e7eec5c788,string_similarity,2,/providers/turbot/turbot/latest/docs/guides/:path*,0.53077922,false,0.038
9643e96647e7eec5c788,string_similarity,3,/providers/ovh/ovh/latest/docs/guides/:path*,0.53055749,false,0.038
96847b7eeb3705372eec,string_similarity,1,/gen1/<platform>/tools/cli/<page>,0.79387978,true,0.029
96847b7eeb3705372eec,string_similarity,2,/gen1/<platform>/tools/libraries/<page>,0.59511533,false,0.029
96847b7eeb3705372eec,string_similarity,3,/gen1/<platform>/tools/cli-legacy,0.58411283,false,0.029
96900f611863c75874c7,string_similarity,1,/android/start/getting-started/integrate,0.55558586,false,0.040
96900f611863c75874c7,string_similarity,2,/android/start/getting-started/generate-model,0.43022546,false,0.040
96900f611863c75874c7,string_similarity,3,/android/start/getting-started/installation,0.40931373,false,0.040
969473f0de35830075e2,string_similarity,1,/angular/start/getting-started/nextsteps,0.32894737,false,0.029
969473f0de35830075e2,string_similarity,2,/404/index.html,0.27549020,false,0.029
969473f0de35830075e2,string_similarity,3,/angular/start/getting-started/hosting,0.20135135,false,0.029
96cb3060472e6b6aeaf4,string_similarity,1,/android/sdk/analytics/kinesis,0.27235897,false,0.029
96cb3060472e6b6aeaf4,string_similarity,2,/android/sdk/analytics/endpoints,0.24441176,false,0.029
96cb3060472e6b6aeaf4,string_similarity,3,/gen1/<platform>/sdk/analytics/<page>,0.22851103,false,0.029
96f98ff1977cf0e587c7,string_similarity,1,/providers/linode/linode/latest/docs,0.39772636,true,0.034
96f98ff1977cf0e587c7,string_similarity,2,/providers/ucloud/ucloud/latest/docs,0.34138833,false,0.034
96f98ff1977cf0e587c7,string_similarity,3,/providers/gridscale/gridscale/latest/docs,0.33597403,false,0.034
9700220f2dd9cf64e353,string_similarity,1,/flux/components/notification,0.61985507,true,0.035
9700220f2dd9cf64e353,string_similarity,2,/flux/components/notification/providers,0.60379747,false,0.035
9700220f2dd9cf64e353,string_similarity,3,/flux/components/notification/receivers,0.59367089,false,0.035
972b368058252bc0382f,string_similarity,1,/providers/logicmonitor/logicmonitor/latest/docs/guides/:path*,0.66961538,true,0.033
972b368058252bc0382f,string_similarity,2,/providers/opsgenie/opsgenie/latest/docs/guides/:path*,0.54214286,false,0.033
972b368058252bc0382f,string_similarity,3,/providers/ovh/ovh/latest/docs/guides/:path*,0.53691030,false,0.033
97fed8de4d97219459dd,string_similarity,1,/angular/start/getting-started/nextsteps,0.25370370,false,0.030
97fed8de4d97219459dd,string_similarity,2,/404/index.html,0.23275862,false,0.030
97fed8de4d97219459dd,string_similarity,3,/gen1/<platform>/tools/cli-legacy,0.21747720,false,0.030
982482d82f76f4bfc47d,string_similarity,1,/gen1/flutter/prev/build-a-backend/graphqlapi/offline,0.28172953,false,0.034
982482d82f76f4bfc47d,string_similarity,2,/gen1/javascript/prev/build-a-backend/graphqlapi/offline,0.27567557,false,0.034
982482d82f76f4bfc47d,string_similarity,3,/android/build-a-backend/graphqlapi/relational-models,0.24516441,false,0.034
985179282d29224613b6,string_similarity,1,/android/build-a-backend/more-features/analytics/record-events,0.26303405,false,0.036
985179282d29224613b6,string_similarity,2,/android/sdk/analytics/endpoints,0.25240260,false,0.036
985179282d29224613b6,string_similarity,3,/android/sdk/analytics/kinesis,0.23400000,false,0.036
991ee809837e188a823d,string_similarity,1,/gen1/<platform>/tools/console,0.42102683,false,0.041
991ee809837e188a823d,string_similarity,2,/gen1/<platform>/tools/cli/<page>,0.26011905,false,0.041
991ee809837e188a823d,string_similarity,3,/gen1/<platform>/tools/cli-legacy,0.25386905,false,0.041
99672c4a8e4bfea92f1d,string_similarity,1,/enterprise/api-docs/admin/users,0.60818966,true,0.035
99672c4a8e4bfea92f1d,string_similarity,2,/enterprise/api-docs/admin/runs,0.46825397,false,0.035
99672c4a8e4bfea92f1d,string_similarity,3,/cloud-docs/users-teams-organizations/users,0.45768067,false,0.035
99890ce62b515d956726,string_similarity,1,/providers/linode/linode/latest/docs,0.34726708,false,0.039
99890ce62b515d956726,string_similarity,2,/providers/akamai/akamai/latest/docs,0.33567288,false,0.039
99890ce62b515d956726,string_similarity,3,/providers/skytap/skytap/latest/docs,0.33567288,false,0.039
9999f22dc3bf688f14c3,string_similarity,1,/gen1/<platform>/deploy-and-host/frameworks/<page>,0.47357798,false,0.034
9999f22dc3bf688f14c3,string_similarity,2,/gen1/<platform>/deploy-and-host/deployment/<page>,0.38694746,false,0.034
9999f22dc3bf688f14c3,string_similarity,3,/gen1/angular/deploy-and-host/deployment,0.37742424,false,0.034
9a368818daba026cee6a,string_similarity,1,/enterprise/api-docs/admin/settings,0.59714286,true,0.038
9a368818daba026cee6a,string_similarity,2,/enterprise/api-docs/admin/users,0.45860341,false,0.038
9a368818daba026cee6a,string_similarity,3,/enterprise/api-docs/admin/runs,0.45079863,false,0.038
9a5b3c87ebe11ff021b7,string_similarity,1,/gen1/<platform>/prev/tools/<category>/<page>,0.39358108,false,0.031
9a5b3c87ebe11ff021b7,string_similarity,2,/angular/start/getting-started/nextsteps,0.36856884,false,0.031
9a5b3c87ebe11ff021b7,string_similarity,3,/gen1/<platform>/prev/start/<page>,0.35714286,false,0.031
9a60039b04c969146bc7,string_similarity,1,/providers/hashicorp/vault/latest/docs/data-sources/:path*,0.46227273,true,0.036
9a60039b04c969146bc7,string_similarity,2,/providers/hashicorp/vault/latest/docs,0.45852941,false,0.036
9a60039b04c969146bc7,string_similarity,3,/providers/ovh/ovh/latest/docs/guides/:path*,0.45150579,false,0.036
9acfe1ac207eed093ec2,string_similarity,1,/angular/start/getting-started/nextsteps,0.31623377,false,0.034
9acfe1ac207eed093ec2,string_similarity,2,/android/build-a-backend/restapi/gen-ai,0.26076555,false,0.034
9acfe1ac207eed093ec2,string_similarity,3,/amplify-js/api,0.25096154,false,0.034
9afcb31fe0d8123df4ad,string_similarity,1,/gen1/flutter/build-a-backend/troubleshooting/upgrade-amplify-packages,0.65001678,false,0.031
9afcb31fe0d8123df4ad,string_similarity,2,/gen1/javascript/build-a-backend/troubleshooting/upgrade-amplify-packages,0.64881579,false,0.031
9afcb31fe0d8123df4ad,string_similarity,3,/angular/build-a-backend/troubleshooting/cdktoolkit-stack,0.42816845,false,0.031
9b05590f6e0e5b4f1cf8,string_similarity,1,/android/build-a-backend/push-notifications/register-device,0.45811746,true,0.035
9b05590f6e0e5b4f1cf8,string_similarity,2,/flutter/build-a-backend/push-notifications/receive-device-token,0.37272246,false,0.035
9b05590f6e0e5b4f1cf8,string_similarity,3,/android/build-a-backend/push-notifications/test-notifications,0.32993730,false,0.035
9b67d8c095d8d0a7c0b9,string_similarity,1,/gen1/<platform>/deploy-and-host/deployment/<page>,0.83132832,true,0.033
9b67d8c095d8d0a7c0b9,string_similarity,2,/gen1/<platform>/deploy-and-host/frameworks/<page>,0.66341718,false,0.033
9b67d8c095d8d0a7c0b9,string_similarity,3,/gen1/angular/deploy-and-host/deployment,0.58343137,false,0.033
9bc2f3d31ff7506837e4,string_similarity,1,/gen1/<platform>/tools/console,0.26988095,false,0.035
9bc2f3d31ff7506837e4,string_similarity,2,/gen1/<platform>/build-a-backend/existing-resources,0.25939345,false,0.035
9bc2f3d31ff7506837e4,string_similarity,3,/gen1/<platform>/build-a-backend/more-features,0.25400000,false,0.035
9be623a5d37fe1dfed02,string_similarity,1,/gen1/<platform>/tools/console,0.48979076,false,0.030
9be623a5d37fe1dfed02,string_similarity,2,/gen1/<platform>/tools/cli/<page>,0.38958333,false,0.030
9be623a5d37fe1dfed02,string_similarity,3,/gen1/<platform>/tools/cli-legacy,0.36926248,false,0.030
9bf2bbdabb39f94c0881,string_similarity,1,/gen1/flutter/prev/build-a-backend/graphqlapi/offline,0.32275510,true,0.033
9bf2bbdabb39f94c0881,string_similarity,2,/angular/start/getting-started/nextsteps,0.27235294,false,0.033
9bf2bbdabb39f94c0881,string_similarity,3,/flutter/build-a-backend/graphqlapi/advanced-workflows,0.26777778,false,0.033
9c0deaf7408f0ce44d25,string_similarity,1,/en/contributing/docs/style-guide,0.41746032,false,0.030
9c0deaf7408f0ce44d25,string_similarity,2,/en/contributing/docs/_index,0.41268657,false,0.030
9c0deaf7408f0ce44d25,string_similarity,3,/en/contributing/docs/writing-docs,0.40205479,false,0.030
9d0e2b64d16122723b0f,string_similarity,1,/examples/walking_directories,0.83620690,true,0.033
9d0e2b64d16122723b0f,string_similarity,2,/examples/watching_files,0.36169811,false,0.033
9d0e2b64d16122723b0f,string_similarity,3,/examples/mocking_tutorial,0.35181818,false,0.033
9d41dea203acef60a51c,string_similarity,1,/providers/hashicorp/tls/latest/docs/guides/:path*,0.60130809,true,0.039
9d41dea203acef60a51c,string_similarity,2,/providers/ovh/ovh/latest/docs/guides/:path*,0.54766234,false,0.039
9d41dea203acef60a51c,string_similarity,3,/providers/fastly/fastly/latest/docs/guides/:path*,0.53702238,false,0.039
9d5c1a96b78b4142e5f2,string_similarity,1,/flutter,0.38222222,false,0.033
9d5c1a96b78b4142e5f2,string_similarity,2,/flutter/build-a-backend/restapi/fetch-data,0.37812500,true,0.033
9d5c1a96b78b4142e5f2,string_similarity,3,/gen1/android/prev/build-a-backend/restapi/fetch-data,0.26008207,false,0.033
9dc6888c244668af8cea,string_similarity,1,/android/build-a-backend/functions,0.45647969,false,0.044
9dc6888c244668af8cea,string_similarity,2,/angular/build-a-backend/functions,0.45647969,false,0.044
9dc6888c244668af8cea,string_similarity,3,/gen1/<platform>/build-a-backend/functions/layers,0.42782229,false,0.044
9dcf0e3e95e9189b8951,string_similarity,1,/gen1/<platform>/sdk/analytics/<page>,0.79768116,true,0.032
9dcf0e3e95e9189b8951,string_similarity,2,/gen1/<platform>/sdk/push-notifications/<page>,0.54670330,false,0.032
9dcf0e3e95e9189b8951,string_similarity,3,/gen1/<platform>/tools/cli/<page>,0.47831502,false,0.032
9e0f79e27b215cc0a630,string_similarity,1,/de/concepts/islands,0.34899550,false,0.038
9e0f79e27b215cc0a630,string_similarity,2,/en/concepts/islands,0.34847826,false,0.038
9e0f79e27b215cc0a630,string_similarity,3,/en/guides/content-collections,0.34151786,true,0.038
9e12b4a650616fd60fc3,string_similarity,1,/android/build-a-backend/restapi/existing-resources,0.40928571,false,0.032
9e12b4a650616fd60fc3,string_similarity,2,/flutter/build-a-backend/graphqlapi/existing-resources,0.40166667,false,0.032
9e12b4a650616fd60fc3,string_similarity,3,/gen1/<platform>/build-a-backend/existing-resources,0.38642857,false,0.032
9e6794704480135b142c,string_similarity,1,/android/sdk/auth/drop-in-auth,0.27357143,false,0.031
9e6794704480135b142c,string_similarity,2,/android/sdk/auth/getting-started,0.26748716,false,0.031
9e6794704480135b142c,string_similarity,3,/android/sdk/auth/federated-identities,0.26266968,false,0.031
9e8b9cd1e0818665adb8,string_similarity,1,/gen1/<platform>/tools/console,0.26114532,false,0.039
9e8b9cd1e0818665adb8,string_similarity,2,/flutter/build-a-backend/more-features/datastore/authz-rules-setup,0.25335127,false,0.039
9e8b9cd1e0818665adb8,string_similarity,3,/gen1/flutter/prev/build-a-backend/restapi/customize-authz,0.25053488,false,0.039
9e9c78f8ac41257384ea,string_similarity,1,/gen1/<platform>/build-a-backend/existing-resources,0.71288660,false,0.032
9e9c78f8ac41257384ea,string_similarity,2,/android/build-a-backend/restapi/existing-resources,0.69804492,false,0.032
9e9c78f8ac41257384ea,string_similarity,3,/flutter/build-a-backend/graphqlapi/existing-resources,0.69664286,false,0.032
9eb4d34cfb9c848db483,string_similarity,1,/en/getting-started,0.58650000,false,0.036
9eb4d34cfb9c848db483,string_similarity,2,/de/getting-started,0.46005882,false,0.036
9eb4d34cfb9c848db483,string_similarity,3,/ar/getting-started,0.43700000,false,0.036
9ecf9b61c068cb6ee2d4,string_similarity,1,/android/build-a-backend/functions,0.42603641,false,0.038
9ecf9b61c068cb6ee2d4,string_similarity,2,/angular/build-a-backend/functions,0.42603641,false,0.038
9ecf9b61c068cb6ee2d4,string_similarity,3,/gen1/<platform>/build-a-backend/functions/layers,0.40181624,false,0.038
9ee03bb7184fe55d096c,string_similarity,1,/flux/components/notification/alerts,0.47887097,false,0.040
9ee03bb7184fe55d096c,string_similarity,2,/en/flux/guides/_index,0.46571429,false,0.040
9ee03bb7184fe55d096c,string_similarity,3,/en/flux/guides/webhook-receivers,0.44572587,false,0.040
9ee37a44a819fc1ba63a,string_similarity,1,/:lang/reference/modules/astro-config,0.35137005,true,0.045
9ee37a44a819fc1ba63a,string_similarity,2,/:lang/reference/astro-syntax,0.32734968,false,0.045
9ee37a44a819fc1ba63a,string_similarity,3,/:lang/reference/publish-to-npm,0.31981254,false,0.045
9ee4166ea82775cfa1cc,string_similarity,1,/gen1/<platform>/build-a-backend/debugging,0.86889407,true,0.040
9ee4166ea82775cfa1cc,string_similarity,2,/gen1/<platform>/build-a-backend/restapi,0.59538396,false,0.040
9ee4166ea82775cfa1cc,string_similarity,3,/gen1/<platform>/build-a-backend/utilities,0.59016110,false,0.040
9f2d723c0eb71095a389,string_similarity,1,/providers/microsoft/azuredevops/latest/docs/resources/:path*,0.52281296,true,0.036
9f2d723c0eb71095a389,string_similarity,2,/providers/microsoft/azuredevops/latest/docs/data-sources/:path*,0.48300000,false,0.036
9f2d723c0eb71095a389,string_similarity,3,/providers/ovh/ovh/latest/docs/guides/:path*,0.44285714,false,0.036
9f3ce4e3a67827e8415c,string_similarity,1,/flagger/usage/how-it-works,0.71000000,true,0.042
9f3ce4e3a67827e8415c,string_similarity,2,/en/flagger/usage/how-it-works,0.62941176,false,0.042
9f3ce4e3a67827e8415c,string_similarity,3,/fluxcd/website,0.30555556,false,0.042
9f44041fa86b809dd018,string_similarity,1,/en/contributing/docs/_index,0.48906250,false,0.036
9f44041fa86b809dd018,string_similarity,2,/en/contributing/docs/writing-docs,0.46597222,false,0.036
9f44041fa86b809dd018,string_similarity,3,/flux/contributing/docs/writing-docs,0.45803571,false,0.036
9f53af8564e9499d32fa,string_similarity,1,/providers/OpenNebula/opennebula/latest/docs,0.36989673,true,0.030
9f53af8564e9499d32fa,string_similarity,2,/providers/linode/linode/latest/docs,0.34123810,false,0.030
9f53af8564e9499d32fa,string_similarity,3,/providers/dnsimple/dnsimple/latest/docs,0.33097649,false,0.030
9f6518f536e079caff65,string_similarity,1,/flutter,0.55000000,false,0.033
9f6518f536e079caff65,string_similarity,2,/android/sdk,0.46666667,false,0.033
9f6518f536e079caff65,string_similarity,3,/flutter/build-a-backend,0.41830808,true,0.033
9f82514274aac87ef3f6,string_similarity,1,/gen1/flutter/prev/start/project-setup,0.45747126,false,0.028
9f82514274aac87ef3f6,string_similarity,2,/gen1/android/prev/start/project-setup/rxjava,0.43531915,false,0.028
9f82514274aac87ef3f6,string_similarity,3,/gen1/android/prev/start/project-setup/prerequisites,0.42554455,false,0.028
9f9ff64a4c6abfbf92f2,string_similarity,1,/providers/opsgenie/opsgenie/latest/docs/guides/:path*,0.67195652,true,0.044
9f9ff64a4c6abfbf92f2,string_similarity,2,/providers/ovh/ovh/latest/docs/guides/:path*,0.53055749,false,0.044
9f9ff64a4c6abfbf92f2,string_similarity,3,/providers/Constellix/constellix/latest/docs/guides/:path*,0.52547619,false,0.044
9fa6fae2d12ca7fc2ec9,string_similarity,1,/gen1/javascript/build-ui/uibuilder,0.32008626,false,0.037
9fa6fae2d12ca7fc2ec9,string_similarity,2,/gen1/<platform>/tools/console,0.25459057,false,0.037
9fa6fae2d12ca7fc2ec9,string_similarity,3,/angular/build-a-backend/server-side-rendering,0.25042735,false,0.037
9fd0302368183548c561,string_similarity,1,/android/sdk/auth/federated-identities,0.22298319,false,0.035
9fd0302368183548c561,string_similarity,2,/android/sdk/auth/getting-started,0.21919355,false,0.035
9fd0302368183548c561,string_similarity,3,/android/sdk/auth/drop-in-auth,0.20920455,false,0.035
a02b2ecf07d4474c37f2,string_similarity,1,/android/build-a-backend/graphqlapi/relational-models,0.40160714,true,0.036
a02b2ecf07d4474c37f2,string_similarity,2,/android/build-a-backend/graphqlapi/client-code-generation,0.28227714,false,0.036
a02b2ecf07d4474c37f2,string_similarity,3,/android/build-a-backend/graphqlapi/api-graphql-concepts,0.27334833,false,0.036
a06d4c619ced2bb013ac,string_similarity,1,/flutter/start/getting-started/nextsteps,0.39145833,false,0.035
a06d4c619ced2bb013ac,string_similarity,2,/angular/getting-started/migration,0.34107143,false,0.035
a06d4c619ced2bb013ac,string_similarity,3,/android/start/getting-started/setup,0.33895349,false,0.035
a0c8d8d760b398f277fc,string_similarity,1,/android/build-a-backend/auth/remember-device,0.28924323,true,0.031
a0c8d8d760b398f277fc,string_similarity,2,/android/build-a-backend/more-features/datastore,0.26875175,false,0.031
a0c8d8d760b398f277fc,string_similarity,3,/android/build-a-backend/more-features/datastore/manipulate-data,0.26018519,false,0.031
a12de4cb559bd5c1e8a3,string_similarity,1,/providers/cyrilgdn/rabbitmq/latest/docs/resources/:path*,0.51603175,true,0.037
a12de4cb559bd5c1e8a3,string_similarity,2,/providers/cyrilgdn/rabbitmq/latest/docs/guides/:path*,0.51541872,false,0.037
a12de4cb559bd5c1e8a3,string_similarity,3,/providers/turbot/turbot/latest/docs/resources/:path*,0.42611296,false,0.037
a14c19b2d7f1d2e4685b,string_similarity,1,/:lang/guides/backend/firebase,0.81570896,true,0.038
a14c19b2d7f1d2e4685b,string_similarity,2,/en/guides/backend/firebase,0.64750000,false,0.038
a14c19b2d7f1d2e4685b,string_similarity,3,/:lang/guides/backend/appwrite,0.59728145,false,0.038
a17cf1b7d748a0fe3cfb,string_similarity,1,/android/build-a-backend/restapi/existing-resources,0.39157143,false,0.047
a17cf1b7d748a0fe3cfb,string_similarity,2,/flutter/build-a-backend/graphqlapi/existing-resources,0.30786534,false,0.047
a17cf1b7d748a0fe3cfb,string_similarity,3,/gen1/<platform>/build-a-backend/existing-resources,0.27836364,false,0.047
a189b1f94c9b5791a21b,string_similarity,1,/providers/rancher/rancher2/latest/docs/guides/:path*,0.62153846,true,0.034
a189b1f94c9b5791a21b,string_similarity,2,/providers/ovh/ovh/latest/docs/guides/:path*,0.53055749,false,0.034
a189b1f94c9b5791a21b,string_similarity,3,/providers/turbot/turbot/latest/docs/guides/:path*,0.52168831,false,0.034
a1dff2960131a779ea64,string_similarity,1,/:lang/basics/layouts,0.48817391,false,0.061
a1dff2960131a779ea64,string_similarity,2,/:lang/basics/astro-pages,0.48333333,false,0.061
a1dff2960131a779ea64,string_similarity,3,/:lang/basics/astro-components,0.42718644,false,0.061
a1ee7b207e80b7a7c99a,string_similarity,1,/flux/components/kustomize,0.60936508,true,0.029
a1ee7b207e80b7a7c99a,string_similarity,2,/en/flux/components/kustomize/_index,0.55254403,false,0.029
a1ee7b207e80b7a7c99a,string_similarity,3,/flux/components/kustomize/kustomizations,0.45757576,false,0.029
a1eeb6400b06448fd327,string_similarity,1,/gen1/javascript/build-ui/uibuilder,0.32410455,false,0.035
a1eeb6400b06448fd327,string_similarity,2,/gen1/<platform>/tools/console,0.26875000,false,0.035
a1eeb6400b06448fd327,string_similarity,3,/android/build-a-backend/restapi/existing-resources,0.25698529,false,0.035
a1ef8e2a3a4e5f7714dc,string_similarity,1,/android/start/getting-started/setup,0.54520419,false,0.036
a1ef8e2a3a4e5f7714dc,string_similarity,2,/android/start/getting-started/integrate,0.47751900,false,0.036
a1ef8e2a3a4e5f7714dc,string_similarity,3,/android/start/getting-started/installation,0.45836806,false,0.036
a1f89454942bda1bc4f5,string_similarity,1,/providers/linode/linode/latest/docs,0.35033613,false,0.028
a1f89454942bda1bc4f5,string_similarity,2,/providers/ucloud/ucloud/latest/docs,0.33857143,false,0.028
a1f89454942bda1bc4f5,string_similarity,3,/docs/extend/writing-custom-providers.html,0.33352391,false,0.028
a2010bd067c62eef59b0,string_similarity,1,/providers/vmware/wavefront/latest/docs/guides/:path*,0.62708075,true,0.060
a2010bd067c62eef59b0,string_similarity,2,/providers/ovh/ovh/latest/docs/guides/:path*,0.53702238,false,0.060
a2010bd067c62eef59b0,string_similarity,3,/providers/fastly/fastly/latest/docs/guides/:path*,0.51882825,false,0.060
a25859d4c329c4271640,string_similarity,1,/gen1/android/prev/build-a-backend/graphqlapi/advanced-workflows,0.39030303,true,0.036
a25859d4c329c4271640,string_similarity,2,/flutter/build-a-backend/graphqlapi/advanced-workflows,0.38227273,false,0.036
a25859d4c329c4271640,string_similarity,3,/gen1/flutter/prev/build-a-backend/graphqlapi/advanced-workflows,0.33916667,false,0.036
a26d442544fbc3730058,string_similarity,1,/gen1/javascript/prev/build-a-backend/more-features/geo/location-search,0.69488636,false,0.032
a26d442544fbc3730058,string_similarity,2,/android/build-a-backend/more-features/geo/amazon-location-sdk,0.61320522,false,0.032
a26d442544fbc3730058,string_similarity,3,/android/build-a-backend/more-features/geo/maps,0.56951058,false,0.032
a288eb5b1bedd10f06ff,string_similarity,1,/providers/PagerDuty/pagerduty/latest/docs/guides/:path*,0.56777778,false,0.030
a288eb5b1bedd10f06ff,string_similarity,2,/providers/PagerDuty/pagerduty/latest/docs/data-sources/:path*,0.50880952,true,0.030
a288eb5b1bedd10f06ff,string_similarity,3,/providers/ovh/ovh/latest/docs/guides/:path*,0.43875458,false,0.030
a28e41221c74a537d772,string_similarity,1,/android/sdk/auth/getting-started,0.40430672,false,0.037
a28e41221c74a537d772,string_similarity,2,/android/start/getting-started/setup,0.39919558,false,0.037
a28e41221c74a537d772,string_similarity,3,/angular/getting-started/migration,0.39615385,false,0.037
a2d4774d3c4bfc8e3fc4,string_similarity,1,/gen1/flutter/prev/build-a-backend/graphqlapi/mutate-data,0.33283613,false,0.030
a2d4774d3c4bfc8e3fc4,string_similarity,2,/flutter/build-a-backend/graphqlapi/query-data,0.29310689,false,0.030
a2d4774d3c4bfc8e3fc4,string_similarity,3,/flutter/build-a-backend/graphqlapi/subscribe-data,0.27978811,false,0.030
a2efabce244eb73d1dfa,string_similarity,1,/angular/start/getting-started/nextsteps,0.29545455,false,0.034
a2efabce244eb73d1dfa,string_similarity,2,/amplify-js/api,0.28241758,false,0.034
a2efabce244eb73d1dfa,string_similarity,3,/android/build-a-backend/restapi/set-up-rest-api,0.24441176,false,0.034
a304c4ae8d3502783844,string_similarity,1,/providers/rancher/rancher2/latest/docs/guides/:path*,0.52760797,false,0.041
a304c4ae8d3502783844,string_similarity,2,/providers/rancher/rancher2/latest/docs,0.47944444,false,0.041
a304c4ae8d3502783844,string_similarity,3,/providers/rancher/rancher2/latest/docs/data-sources/:path*,0.47847826,true,0.041
a31477b724b99dfa1da4,string_similarity,1,/angular/start/getting-started/nextsteps,0.29117647,false,0.044
a31477b724b99dfa1da4,string_similarity,2,/flutter/build-a-backend/more-features/datastore/additional-methods,0.24780220,false,0.044
a31477b724b99dfa1da4,string_similarity,3,/404/index.html,0.24333333,false,0.044
a35f4c45e73f514613f5,string_similarity,1,/providers/linode/linode/latest/docs,0.35033613,false,0.037
a35f4c45e73f514613f5,string_similarity,2,/docs/extend/writing-custom-providers.html,0.33352391,false,0.037
a35f4c45e73f514613f5,string_similarity,3,/providers/dnsimple/dnsimple/latest/docs,0.32746032,false,0.037
a38c040bdb570482b480,string_similarity,1,/examples/hex_base64_encoding,0.82241379,true,0.036
a38c040bdb570482b480,string_similarity,2,/examples/aes_encryption,0.33160377,false,0.036
a38c040bdb570482b480,string_similarity,3,/examples/deno_version,0.31029412,false,0.036
a3c11e8f9e6ea90c7957,string_similarity,1,/android/start/getting-started/installation,0.36903654,false,0.044
a3c11e8f9e6ea90c7957,string_similarity,2,/angular/getting-started/migration,0.36668936,false,0.044
a3c11e8f9e6ea90c7957,string_similarity,3,/angular/start/getting-started/hosting,0.35573711,false,0.044
a3d9be9addc4d5cbc38b,string_similarity,1,/gen1/javascript/deploy-and-host/custom-configuration,0.83257897,true,0.039
a3d9be9addc4d5cbc38b,string_similarity,2,/gen1/angular/deploy-and-host/custom-configuration,0.68261054,false,0.039
a3d9be9addc4d5cbc38b,string_similarity,3,/android/deploy-and-host,0.48174603,false,0.039
a44d5a43d5390ee75ce4,string_similarity,1,/examples/hmac_generate_verify,0.82333333,true,0.036
a44d5a43d5390ee75ce4,string_similarity,2,/examples/deno_version,0.32115385,false,0.036
a44d5a43d5390ee75ce4,string_similarity,3,/examples/aes_encryption,0.31203704,false,0.036
a47b21292139c271c14b,string_similarity,1,/examples/http_server_streaming,0.85197133,true,0.038
a47b21292139c271c14b,string_similarity,2,/examples/tcp_echo_server,0.43492063,false,0.038
a47b21292139c271c14b,string_similarity,3,/examples/file_server_tutorial,0.42695811,false,0.038
a4a4c54af1ced7362771,string_similarity,1,/flutter/build-a-backend/storage/get-properties,0.40126806,false,0.026
a4a4c54af1ced7362771,string_similarity,2,/gen1/flutter/prev/build-a-backend/storage/set-up-storage,0.21794872,false,0.026
a4a4c54af1ced7362771,string_similarity,3,/gen1/<platform>/build-a-backend/storage/configure-storage,0.21376623,false,0.026
a4cbda73f9f8458c1e65,string_similarity,1,/android/build-a-backend/restapi/existing-resources,0.35752358,false,0.030
a4cbda73f9f8458c1e65,string_similarity,2,/gen1/android/prev/build-a-backend/more-features/analytics/existing-resources,0.35721154,true,0.030
a4cbda73f9f8458c1e65,string_similarity,3,/gen1/android/prev/build-a-backend/auth/existing-resources,0.32183226,false,0.030
a4f72db5c1535ed9b3b6,string_similarity,1,/angular/start/getting-started/nextsteps,0.28164557,false,0.032
a4f72db5c1535ed9b3b6,string_similarity,2,/gen1/<platform>/tools/cli-legacy,0.26805556,false,0.032
a4f72db5c1535ed9b3b6,string_similarity,3,/404/index.html,0.23888889,false,0.032
a502d00511d5c8921f15,string_similarity,1,/providers/ovh/ovh/latest/docs/guides/:path*,0.55629948,false,0.032
a502d00511d5c8921f15,string_similarity,2,/providers/terraform-provider-openstack/openstack/latest/docs/guides/:path*,0.55089912,true,0.032
a502d00511d5c8921f15,string_similarity,3,/providers/opsgenie/opsgenie/latest/docs/guides/:path*,0.54241167,false,0.032
a527d73b4bbe8378f134,string_similarity,1,/providers/nttcom/ecl/latest/docs/guides/:path*,0.61142857,true,0.034
a527d73b4bbe8378f134,string_similarity,2,/providers/ovh/ovh/latest/docs/guides/:path*,0.54766234,false,0.034
a527d73b4bbe8378f134,string_similarity,3,/providers/fastly/fastly/latest/docs/guides/:path*,0.52738382,false,0.034
a554aa3f779fdcf548fd,string_similarity,1,/gen1/javascript/prev/build-a-backend/more-features/in-app-messaging/display-messages,0.24892741,false,0.037
a554aa3f779fdcf548fd,string_similarity,2,/gen1/javascript/prev/build-a-backend/more-features/in-app-messaging/clear-messages,0.24094999,false,0.037
a554aa3f779fdcf548fd,string_similarity,3,/gen1/flutter/prev/build-a-backend/more-features/datastore/real-time,0.18327114,false,0.037
a5a3ffda8c2ced40e73c,string_similarity,1,/angular/start/getting-started/nextsteps,0.29222222,false,0.033
a5a3ffda8c2ced40e73c,string_similarity,2,/404/index.html,0.23615385,false,0.033
a5a3ffda8c2ced40e73c,string_similarity,3,/android/sdk/analytics/endpoints,0.22560976,false,0.033
a601f61cc3444f1d6f58,string_similarity,1,/gen1/android/prev/start/project-setup/use-existing-resources,0.80500000,false,0.034
a601f61cc3444f1d6f58,string_similarity,2,/gen1/flutter/prev/start/project-setup,0.47542526,false,0.034
a601f61cc3444f1d6f58,string_similarity,3,/gen1/angular/prev/start/project-setup/create-application,0.45452586,false,0.034
a603c642a37d7f3e2eb5,string_similarity,1,/android/sdk/analytics/endpoints,0.27226027,false,0.034
a603c642a37d7f3e2eb5,string_similarity,2,/android/sdk/analytics/kinesis,0.25234475,false,0.034
a603c642a37d7f3e2eb5,string_similarity,3,/flutter/build-a-backend/more-features/analytics/auto-track-sessions,0.20894042,false,0.034
a62cef4f3efeb83f09c9,string_similarity,1,/flutter/start/project-setup/escape-hatch,0.55762363,true,0.046
a62cef4f3efeb83f09c9,string_similarity,2,/flutter/start/project-setup/upgrade-guide,0.34237578,false,0.046
a62cef4f3efeb83f09c9,string_similarity,3,/flutter,0.32463054,false,0.046
a6461308ea57c6e964e5,string_similarity,1,/flutter/build-a-backend/auth/delete-user-account,0.42073034,true,0.034
a6461308ea57c6e964e5,string_similarity,2,/flutter,0.35833333,false,0.034
a6461308ea57c6e964e5,string_similarity,3,/android/build-a-backend/auth/delete-user-account,0.34674157,false,0.034
a6d7983e16e7b5e49554,string_similarity,1,/android/build-a-backend/functions,0.57651515,true,0.028
a6d7983e16e7b5e49554,string_similarity,2,/android/build-a-backend/storage/lambda-triggers,0.50181818,false,0.028
a6d7983e16e7b5e49554,string_similarity,3,/angular/build-a-backend/functions,0.46818182,false,0.028
a6f39cfae4937fa5e2f4,string_similarity,1,/android/start/getting-started/installation,0.65500000,true,0.031
a6f39cfae4937fa5e2f4,string_similarity,2,/angular/start/getting-started/nextsteps,0.54143041,false,0.031
a6f39cfae4937fa5e2f4,string_similarity,3,/android/start/getting-started/integrate,0.51281296,false,0.031
a73f656ee75098f04c3d,string_similarity,1,/examples/byte_manipulation,0.83518519,true,0.031
a73f656ee75098f04c3d,string_similarity,2,/examples/videos/byte_and_text_imports,0.36241758,false,0.031
a73f656ee75098f04c3d,string_similarity,3,/examples/aes_encryption,0.35666667,false,0.031
a7506a23126c750a8abb,string_similarity,1,/gen1/<platform>/build-a-backend/auth/managing-credentials,0.36245098,false,0.042
a7506a23126c750a8abb,string_similarity,2,/angular/start/getting-started/nextsteps,0.32142857,false,0.042
a7506a23126c750a8abb,string_similarity,3,/android/build-a-backend/auth/accessing-credentials,0.29210526,false,0.042
a75f42c138d9bf886979,string_similarity,1,/flutter,0.35851852,false,0.033
a75f42c138d9bf886979,string_similarity,2,/flutter/build-a-backend/more-features/analytics/identify-user,0.29633431,true,0.033
a75f42c138d9bf886979,string_similarity,3,/android/sdk/analytics/kinesis,0.25827429,false,0.033
a76bca98c22418daf207,string_similarity,1,/android/build-a-backend/storage/lambda-triggers,0.36045549,false,0.034
a76bca98c22418daf207,string_similarity,2,/gen1/android/prev/build-a-backend/storage/lambda-triggers,0.30681736,false,0.034
a76bca98c22418daf207,string_similarity,3,/flutter/build-a-backend/storage/get-properties,0.26801471,false,0.034
a7b105770efe245252b7,string_similarity,1,/gen1/<platform>/tools/cli-legacy,0.31976708,false,0.037
a7b105770efe245252b7,string_similarity,2,/gen1/<platform>/tools/cli/<page>,0.26378882,false,0.037
a7b105770efe245252b7,string_similarity,3,/flutter/build-a-backend/graphqlapi/api-graphql-concepts,0.26204226,false,0.037
a7de5d5b36554c03c55a,string_similarity,1,/gen1/<platform>/build-a-backend/more-features,0.86451149,true,0.035
a7de5d5b36554c03c55a,string_similarity,2,/gen1/<platform>/build-a-backend/more-features/<page>,0.78286474,false,0.035
a7de5d5b36554c03c55a,string_similarity,3,/android/build-a-backend/more-features/datastore,0.63710540,false,0.035
a7f70dfd8f03f0d75160,string_similarity,1,/providers/vultr/vultr/latest/docs,0.53000000,false,0.030
a7f70dfd8f03f0d75160,string_similarity,2,/providers/vultr/vultr/latest/docs/data-sources/:path*,0.50523810,true,0.030
a7f70dfd8f03f0d75160,string_similarity,3,/providers/ovh/ovh/latest/docs/guides/:path*,0.45150579,false,0.030
a81448e86ca491029560,string_similarity,1,/flux/components/source,0.35921245,false,0.037
a81448e86ca491029560,string_similarity,2,/en/flux/guides/repository-structure,0.35178678,false,0.037
a81448e86ca491029560,string_similarity,3,/en/flux/components/source/options,0.33716143,false,0.037
a823cbd9205438cae812,string_similarity,1,/providers/hashicorp/azurestack/latest/docs/guides/:path*,0.62008837,true,0.032
a823cbd9205438cae812,string_similarity,2,/providers/ovh/ovh/latest/docs/guides/:path*,0.55285714,false,0.032
a823cbd9205438cae812,string_similarity,3,/providers/turbot/turbot/latest/docs/guides/:path*,0.54269841,false,0.032
a830701ee66dd279afa1,string_similarity,1,/gen1/angular/prev/start/project-setup/create-application,0.72640187,false,0.042
a830701ee66dd279afa1,string_similarity,2,/gen1/flutter/prev/start/project-setup,0.52954545,false,0.042
a830701ee66dd279afa1,string_similarity,3,/gen1/android/prev/start/project-setup/rxjava,0.50502924,false,0.042
a837001bec06cba767a2,string_similarity,1,/providers/turbot/turbot/latest/docs/guides/:path*,0.67337209,true,0.040
a837001bec06cba767a2,string_similarity,2,/providers/ovh/ovh/latest/docs/guides/:path*,0.53714286,false,0.040
a837001bec06cba767a2,string_similarity,3,/providers/turbot/turbot/latest/docs/resources/:path*,0.52781701,false,0.040
a83ccd269f49d4a181bc,string_similarity,1,/angular/build-a-backend/troubleshooting/cdktoolkit-stack,0.59168928,false,0.031
a83ccd269f49d4a181bc,string_similarity,2,/flutter/build-a-backend/troubleshooting/cdktoolkit-stack,0.59168928,false,0.031
a83ccd269f49d4a181bc,string_similarity,3,/gen1/flutter/build-a-backend/troubleshooting/upgrade-amplify-packages,0.45484246,false,0.031
a8bbb723db49b7754688,string_similarity,1,/android/sdk,0.26779605,false,0.031
a8bbb723db49b7754688,string_similarity,2,/android/sdk/auth/drop-in-auth,0.23839286,false,0.031
a8bbb723db49b7754688,string_similarity,3,/android/deploy-and-host,0.22897321,false,0.031
a8c7978dba0857ae7265,string_similarity,1,/gen1/<platform>/build-a-backend/storage/configure-storage,0.80698198,true,0.036
a8c7978dba0857ae7265,string_similarity,2,/flutter/build-a-backend/storage/configure-access,0.72871148,false,0.036
a8c7978dba0857ae7265,string_similarity,3,/gen1/<platform>/build-a-backend/storage/import,0.62914286,false,0.036
a8e5e87f727e44ec0db1,string_similarity,1,/examples/writing_tests,0.84332298,true,0.032
a8e5e87f727e44ec0db1,string_similarity,2,/examples/writing_files,0.56654589,false,0.032
a8e5e87f727e44ec0db1,string_similarity,3,/examples,0.39435484,false,0.032
a8feb5850627faa65f47,string_similarity,1,/runtime/contributing,0.27897436,false,0.030
a8feb5850627faa65f47,string_similarity,2,/runtime/reference/migration_guide,0.27751266,false,0.030
a8feb5850627faa65f47,string_similarity,3,/runtime/reference/jsx,0.26396370,false,0.030
a91b94d60fbdbc5b6c09,string_similarity,1,/providers/fortinetdev/fortios/latest/docs/guides/:path*,0.51259740,false,0.046
a91b94d60fbdbc5b6c09,string_similarity,2,/providers/fortinetdev/fortios/latest/docs/data-sources/:path*,0.46478723,true,0.046
a91b94d60fbdbc5b6c09,string_similarity,3,/providers/fortinetdev/fortios/latest/docs,0.46202703,false,0.046
a92c4c0752b8ac22638b,string_similarity,1,/providers/logicmonitor/logicmonitor/latest/docs/guides/:path*,0.56858586,false,0.037
a92c4c0752b8ac22638b,string_similarity,2,/providers/logicmonitor/logicmonitor/latest/docs/data-sources/:path*,0.51095238,true,0.037
a92c4c0752b8ac22638b,string_similarity,3,/providers/opsgenie/opsgenie/latest/docs/guides/:path*,0.44901099,false,0.037
a97fa90ddbf93b600148,string_similarity,1,/flutter/start/getting-started/nextsteps,0.41183287,false,0.038
a97fa90ddbf93b600148,string_similarity,2,/android/start/getting-started/setup,0.36029412,false,0.038
a97fa90ddbf93b600148,string_similarity,3,/android/start/getting-started/integrate,0.35821387,false,0.038
a9a7958e8db5972c990b,string_similarity,1,/examples/importing_json,0.83333333,true,0.034
a9a7958e8db5972c990b,string_similarity,2,/examples/parsing_serializing_json,0.44206897,false,0.034
a9a7958e8db5972c990b,string_similarity,3,/examples/import_export,0.37936170,false,0.034
aa0186af799f0498a9b2,string_similarity,1,/android/start/getting-started/generate-model,0.46757735,false,0.036
aa0186af799f0498a9b2,string_similarity,2,/android/start/getting-started/integrate,0.45741167,false,0.036
aa0186af799f0498a9b2,string_similarity,3,/android/start/getting-started/installation,0.40833333,false,0.036
aa05219eddf068bbebed,string_similarity,1,/angular/start/getting-started/nextsteps,0.32215190,false,0.040
aa05219eddf068bbebed,string_similarity,2,/gen1/flutter/prev/build-a-backend/storage/list,0.29313953,true,0.040
aa05219eddf068bbebed,string_similarity,3,/android/build-a-backend/storage/list,0.27894737,false,0.040
aa1052cbb02683a82139,string_similarity,1,/providers/fastly/fastly/latest/docs/resources/:path*,0.55761905,true,0.036
aa1052cbb02683a82139,string_similarity,2,/providers/fastly/fastly/latest/docs/guides/:path*,0.55691358,false,0.036
aa1052cbb02683a82139,string_similarity,3,/providers/ovh/ovh/latest/docs/guides/:path*,0.43752381,false,0.036
aa39c30974653c1b403a,string_similarity,1,/android/build-a-backend/storage/upload,0.31404599,false,0.041
aa39c30974653c1b403a,string_similarity,2,/android/build-a-backend/storage/lambda-triggers,0.24440767,false,0.041
aa39c30974653c1b403a,string_similarity,3,/flutter/build-a-backend/storage/get-properties,0.24122575,false,0.041
aa6c9e76029ee05f71e5,string_similarity,1,/angular/start/getting-started/nextsteps,0.27631579,false,0.040
aa6c9e76029ee05f71e5,string_similarity,2,/404/index.html,0.24411765,false,0.040
aa6c9e76029ee05f71e5,string_similarity,3,/gen1/<platform>/build-a-backend/utilities,0.18858974,false,0.040
aa95f771b1e5881eb445,string_similarity,1,/flutter/build-a-backend/storage/download,0.25583276,false,0.037
aa95f771b1e5881eb445,string_similarity,2,/android/build-a-backend/storage/list,0.24982955,false,0.037
aa95f771b1e5881eb445,string_similarity,3,/android/build-a-backend/storage/upload,0.24337662,false,0.037
aaa0210d8649d8b40af0,string_similarity,1,/gen1/angular/build-a-backend/server-side-rendering/nextjs,0.55001254,false,0.048
aaa0210d8649d8b40af0,string_similarity,2,/gen1/javascript/build-a-backend/storage/storage-v5-to-v6-migration-guide,0.54766016,false,0.048
aaa0210d8649d8b40af0,string_similarity,3,/gen1/javascript/build-a-backend/server-side-rendering/nuxt,0.49910675,false,0.048
aac8d78609a7658a879f,string_similarity,1,/angular/start/getting-started/nextsteps,0.48809524,false,0.028
aac8d78609a7658a879f,string_similarity,2,/angular/getting-started/migration,0.35865385,false,0.028
aac8d78609a7658a879f,string_similarity,3,/android/start/getting-started/installation,0.34827586,false,0.028
aad960fd8842c7b17404,string_similarity,1,/gen1/javascript/build-ui/uibuilder,0.33409341,false,0.038
aad960fd8842c7b17404,string_similarity,2,/gen1/<platform>/tools/console,0.29041667,false,0.038
aad960fd8842c7b17404,string_similarity,3,/android/build-a-backend/auth/add-social-provider,0.24227848,false,0.038
ab1b46f737ba32b87089,string_similarity,1,/providers/hashicorp/ciscoasa/latest/docs/resources/:path*,0.51329670,true,0.048
ab1b46f737ba32b87089,string_similarity,2,/providers/ovh/ovh/latest/docs/guides/:path*,0.43142857,false,0.048
ab1b46f737ba32b87089,string_similarity,3,/providers/gridscale/gridscale/latest/docs/guides/:path*,0.42757624,false,0.048
ab6076641a20b3ebbe97,string_similarity,1,/android/build-a-backend/more-features/logging/change-log-levels,0.41454269,true,0.039
ab6076641a20b3ebbe97,string_similarity,2,/android/build-a-backend/more-features/logging/flush-logs,0.21871619,false,0.039
ab6076641a20b3ebbe97,string_similarity,3,/android/build-a-backend/more-features/logging/configure-user,0.20741259,false,0.039
ab8300b5cc2f6a5b4891,string_similarity,1,/en/flux/integrations/aws,0.38618421,false,0.047
ab8300b5cc2f6a5b4891,string_similarity,2,/en/flux/integrations/gcp,0.38618421,false,0.047
ab8300b5cc2f6a5b4891,string_similarity,3,/en/flux/integrations/azure,0.37250000,false,0.047
ab91e3820cddc2801475,string_similarity,1,/gen1/javascript/prev/build-a-backend/more-features/in-app-messaging/display-messages,0.55527972,false,0.039
ab91e3820cddc2801475,string_similarity,2,/gen1/javascript/prev/build-a-backend/more-features/in-app-messaging/clear-messages,0.54601533,false,0.039
ab91e3820cddc2801475,string_similarity,3,/gen1/<platform>/build-a-backend/more-features/<page>,0.43690598,false,0.039
abc51a9f69f6185a2dbc,string_similarity,1,/gen1/javascript/prev/build-a-backend/graphqlapi/customize-authz-modes,0.25394899,false,0.033
abc51a9f69f6185a2dbc,string_similarity,2,/android/build-a-backend/graphqlapi/relational-models,0.24090909,false,0.033
abc51a9f69f6185a2dbc,string_similarity,3,/flutter/build-a-backend/graphqlapi/existing-resources,0.23170210,false,0.033
abcbd79c8845cc9f5ca5,string_similarity,1,/gen1/android/build-a-backend/auth/switch-auth,0.77019331,true,0.039
abcbd79c8845cc9f5ca5,string_similarity,2,/android/build-a-backend/auth/sdk,0.63513514,false,0.039
abcbd79c8845cc9f5ca5,string_similarity,3,/android/build-a-backend/auth/set-up-auth,0.62720938,false,0.039
ac154ed22809cf39a05d,string_similarity,1,/flutter,0.35228070,false,0.038
ac154ed22809cf39a05d,string_similarity,2,/flutter/build-a-backend/troubleshooting/cdktoolkit-stack,0.30877358,false,0.038
ac154ed22809cf39a05d,string_similarity,3,/gen1/flutter/build-a-backend/troubleshooting/upgrade-amplify-packages,0.29522154,true,0.038
ac1abc3ef724ffeff26b,string_similarity,1,/flutter/build-a-backend/graphqlapi/api-graphql-concepts,0.28006081,false,0.037
ac1abc3ef724ffeff26b,string_similarity,2,/android/build-a-backend/graphqlapi/api-graphql-concepts,0.27310429,false,0.037
ac1abc3ef724ffeff26b,string_similarity,3,/gen1/javascript/prev/build-a-backend/graphqlapi/api-graphql-concepts,0.24409091,false,0.037
ac3e75e633ca4a530008,string_similarity,1,/angular/start/getting-started/nextsteps,0.47529412,false,0.050
ac3e75e633ca4a530008,string_similarity,2,/android/start/getting-started/installation,0.33545455,false,0.050
ac3e75e633ca4a530008,string_similarity,3,/angular/getting-started/migration,0.33291139,false,0.050
ac7605b5edf0403c4146,string_similarity,1,/gen1/flutter/build-a-backend/troubleshooting/upgrade-amplify-packages,0.81641221,false,0.034
ac7605b5edf0403c4146,string_similarity,2,/gen1/javascript/build-a-backend/troubleshooting/upgrade-amplify-packages,0.80223881,false,0.034
ac7605b5edf0403c4146,string_similarity,3,/flutter/build-a-backend/troubleshooting/cdktoolkit-stack,0.49470724,false,0.034
acba543f6a460024528f,string_similarity,1,/android/build-a-backend/auth/delete-user-account,0.40244031,true,0.033
acba543f6a460024528f,string_similarity,2,/gen1/android/prev/build-a-backend/auth/delete-user-account,0.35078914,false,0.033
acba543f6a460024528f,string_similarity,3,/flutter/build-a-backend/auth/delete-user-account,0.34642907,false,0.033
ad28d524b572012aa786,string_similarity,1,/angular/start/getting-started/nextsteps,0.31551724,false,0.035
ad28d524b572012aa786,string_similarity,2,/flutter/build-a-backend/more-features/datastore/datastore-events,0.31142857,false,0.035
ad28d524b572012aa786,string_similarity,3,/flutter/build-a-backend/more-features/datastore/set-up-datastore,0.23035714,false,0.035
ad3608111ff2c07da785,string_similarity,1,/de/concepts/why-astro,0.31221198,false,0.051
ad3608111ff2c07da785,string_similarity,2,/en/concepts/why-astro,0.30691964,false,0.051
ad3608111ff2c07da785,string_similarity,3,/ar/concepts/why-astro,0.30168067,false,0.051
ad73ac76822aa0a38b9c,string_similarity,1,/angular/build-a-backend/more-features/predictions/identify-text,0.28589271,false,0.031
ad73ac76822aa0a38b9c,string_similarity,2,/android/build-a-backend/more-features/predictions/identify-text,0.27868550,false,0.031
ad73ac76822aa0a38b9c,string_similarity,3,/gen1/android/prev/build-a-backend/more-features/predictions/identify-text,0.25188902,false,0.031
adaa53146801f637223d,string_similarity,1,/angular/start/getting-started/nextsteps,0.28793103,false,0.046
adaa53146801f637223d,string_similarity,2,/flutter/build-a-backend/more-features/datastore/set-up-datastore,0.25494505,false,0.046
adaa53146801f637223d,string_similarity,3,/gen1/flutter/prev/build-a-backend/more-features/datastore/real-time,0.25478261,false,0.046
adc5986633ba87781aea,string_similarity,1,/providers/CheckPointSW/checkpoint/latest/docs/guides/:path*,0.51977444,false,0.036
adc5986633ba87781aea,string_similarity,2,/providers/CheckPointSW/checkpoint/latest/docs/data-sources/:path*,0.47262376,true,0.036
adc5986633ba87781aea,string_similarity,3,/providers/ovh/ovh/latest/docs/guides/:path*,0.43576854,false,0.036
ae4336c917272595dd96,string_similarity,1,/angular/start/getting-started/nextsteps,0.42925532,false,0.024
ae4336c917272595dd96,string_similarity,2,/angular/getting-started/migration,0.30000000,false,0.024
ae4336c917272595dd96,string_similarity,3,/android/start/getting-started/installation,0.28943299,false,0.024
ae51b93570e2ac510eb0,string_similarity,1,/:lang/concepts/islands,0.42681121,true,0.038
ae51b93570e2ac510eb0,string_similarity,2,/:lang/concepts/why-astro,0.40406162,false,0.038
ae51b93570e2ac510eb0,string_similarity,3,/de/concepts/islands,0.31918227,false,0.038
ae6ab46bab455a08c4bc,string_similarity,1,/android/start/getting-started/nextsteps,0.29937855,false,0.039
ae6ab46bab455a08c4bc,string_similarity,2,/flutter/start/getting-started/nextsteps,0.29226648,false,0.039
ae6ab46bab455a08c4bc,string_similarity,3,/android/start/getting-started/integrate,0.28803261,false,0.039
aefc63f2b3b5ab3ebd1f,string_similarity,1,/angular/start/getting-started/nextsteps,0.28953488,false,0.049
aefc63f2b3b5ab3ebd1f,string_similarity,2,/gen1/flutter/prev/build-a-backend/storage/remove,0.24342105,false,0.049
aefc63f2b3b5ab3ebd1f,string_similarity,3,/android/build-a-backend/storage/lambda-triggers,0.21622340,false,0.049
af14e4e85af4f2a0f8d7,string_similarity,1,/providers/ovh/ovh/latest/docs/guides/:path*,0.43947686,false,0.051
af14e4e85af4f2a0f8d7,string_similarity,2,/providers/dome9/dome9/latest/docs/resources/:path*,0.42849817,false,0.051
af14e4e85af4f2a0f8d7,string_similarity,3,/providers/Venafi/venafi/latest/docs/resources/:path*,0.42285714,false,0.051
af643f5eaf2eac52624d,string_similarity,1,/flutter/build-a-backend/push-notifications/interact-with-notifications,0.54436170,true,0.048
af643f5eaf2eac52624d,string_similarity,2,/flutter/build-a-backend/push-notifications/enable-rich-notifications,0.37020929,false,0.048
af643f5eaf2eac52624d,string_similarity,3,/flutter/build-a-backend/push-notifications/identify-user,0.34027871,false,0.048
af8ae355ae923f8872c9,string_similarity,1,/android/sdk/auth/working-with-api,0.24570409,false,0.031
af8ae355ae923f8872c9,string_similarity,2,/android/sdk/auth/getting-started,0.24565826,false,0.031
af8ae355ae923f8872c9,string_similarity,3,/android/sdk/auth/drop-in-auth,0.24458874,false,0.031
af937e900cc327d1a44d,string_similarity,1,/angular/start/getting-started/hosting,0.21545455,false,0.031
af937e900cc327d1a44d,string_similarity,2,/gen1/<platform>/prev/start/<page>,0.19726027,false,0.031
af937e900cc327d1a44d,string_similarity,3,/android/start/getting-started/integrate,0.19416817,false,0.031
afaa10800d2f37393ce9,string_similarity,1,/angular/start/getting-started/nextsteps,0.30238095,false,0.028
afaa10800d2f37393ce9,string_similarity,2,/android/build-a-backend/restapi/existing-resources,0.29234450,false,0.028
afaa10800d2f37393ce9,string_similarity,3,/flutter/build-a-backend/graphqlapi/existing-resources,0.28589981,false,0.028
b00e5d55ba3f571d66db,string_similarity,1,/flutter/build-a-backend/auth/auth-events,0.44147727,false,0.027
b00e5d55ba3f571d66db,string_similarity,2,/flutter/build-a-backend/auth/manage-mfa,0.43505747,false,0.027
b00e5d55ba3f571d66db,string_similarity,3,/angular/build-a-backend/auth,0.43496241,false,0.027
b00f72c39812e3e41906,string_similarity,1,/cloud-docs/users-teams-organizations/users,0.76993355,true,0.029
b00f72c39812e3e41906,string_similarity,2,/cloud-docs/run/remote-operations,0.36799660,false,0.029
b00f72c39812e3e41906,string_similarity,3,/cloud-docs/policy-enforcement/sentinel,0.32431157,false,0.029
b02855f4567cbf9a1f28,string_similarity,1,/angular/start/getting-started/nextsteps,0.56222826,false,0.037
b02855f4567cbf9a1f28,string_similarity,2,/android/start/getting-started/installation,0.55187970,false,0.037
b02855f4567cbf9a1f28,string_similarity,3,/android/start/getting-started/integrate,0.43831522,false,0.037
b091ad4e5a2e796e89d2,string_similarity,1,/gen1/javascript/prev/build-a-backend/more-features/datastore/relational-models,0.24113160,false,0.034
b091ad4e5a2e796e89d2,string_similarity,2,/flutter/build-a-backend/more-features/datastore/additional-methods,0.22553169,false,0.034
b091ad4e5a2e796e89d2,string_similarity,3,/flutter/build-a-backend/more-features/datastore/manipulate-data,0.22291779,false,0.034
b0bcee33e4c6cfd022ef,string_similarity,1,/en/reference/integrations-reference,0.41229638,true,0.048
b0bcee33e4c6cfd022ef,string_similarity,2,/:lang/reference/dev-toolbar-app-reference,0.34996799,false,0.048
b0bcee33e4c6cfd022ef,string_similarity,3,/:lang/reference/astro-syntax,0.29121156,false,0.048
b0c461d6ef95f5da1832,string_similarity,1,/en/flux/components/helm/_index,0.53253968,false,0.033
b0c461d6ef95f5da1832,string_similarity,2,/flux/components/helm,0.47751286,true,0.033
b0c461d6ef95f5da1832,string_similarity,3,/en/flux/components/helm/options,0.43198052,false,0.033
b0e3254e51f914b2efd3,string_similarity,1,/android/sdk/auth/federated-identities,0.23676275,false,0.050
b0e3254e51f914b2efd3,string_similarity,2,/gen1/<platform>/build-a-backend/auth/auth-events,0.22454301,false,0.050
b0e3254e51f914b2efd3,string_similarity,3,/android/build-a-backend/auth/sign-out,0.21703506,false,0.050
b0e5a22da3f5f26f8108,string_similarity,1,/android/build-a-backend/restapi/existing-resources,0.35375000,false,0.041
b0e5a22da3f5f26f8108,string_similarity,2,/gen1/android/prev/build-a-backend/more-features/geo/existing-resources,0.33209790,true,0.041
b0e5a22da3f5f26f8108,string_similarity,3,/gen1/android/prev/build-a-backend/storage/existing-resources,0.32034091,false,0.041
b11cfee7b98264dc0aa5,string_similarity,1,/gen1/flutter/prev/build-a-backend/storage/list,0.72527473,false,0.060
b11cfee7b98264dc0aa5,string_similarity,2,/android/build-a-backend/storage/list,0.68117284,false,0.060
b11cfee7b98264dc0aa5,string_similarity,3,/gen1/android/prev/build-a-backend/storage,0.58587209,false,0.060
b1373bb9aa4040dd880d,string_similarity,1,/providers/dome9/dome9/latest/docs/resources/:path*,0.55691358,true,0.095
b1373bb9aa4040dd880d,string_similarity,2,/providers/dome9/dome9/latest/docs/data-sources/:path*,0.50523810,false,0.095
b1373bb9aa4040dd880d,string_similarity,3,/providers/ovh/ovh/latest/docs/guides/:path*,0.42988417,false,0.095
b17990f0cfd33b48b9b4,string_similarity,1,/angular/build-a-backend/more-features/predictions/identify-text,0.24559441,false,0.026
b17990f0cfd33b48b9b4,string_similarity,2,/android/build-a-backend/more-features/predictions/identify-text,0.23832168,false,0.026
b17990f0cfd33b48b9b4,string_similarity,3,/gen1/android/prev/build-a-backend/more-features/predictions/identify-text,0.21575758,false,0.026
b1b0cb111eb990c20817,string_similarity,1,/android/build-a-backend/auth/app-uninstall,0.26250000,false,0.047
b1b0cb111eb990c20817,string_similarity,2,/android/build-a-backend/functions,0.25349282,false,0.047
b1b0cb111eb990c20817,string_similarity,3,/angular/build-a-backend/functions,0.25349282,false,0.047
b26e5cdb8aac64ac561f,string_similarity,1,/intro/vs/boto,0.68143939,true,0.030
b26e5cdb8aac64ac561f,string_similarity,2,/intro/vs,0.49096639,false,0.030
b26e5cdb8aac64ac561f,string_similarity,3,/intro,0.31387500,false,0.030
b29354635a1f7995fe20,string_similarity,1,/providers/hashicorp/kubernetes/latest/docs/resources/:path*,0.51977444,true,0.042
b29354635a1f7995fe20,string_similarity,2,/providers/Venafi/venafi/latest/docs/resources/:path*,0.43922078,false,0.042
b29354635a1f7995fe20,string_similarity,3,/providers/turbot/turbot/latest/docs/resources/:path*,0.43922078,false,0.042
b2d651ecdfea9f562d2a,string_similarity,1,/gen1/javascript/prev/build-a-backend/auth/enable-sign-up,0.57128199,false,0.064
b2d651ecdfea9f562d2a,string_similarity,2,/<platform>/build-a-backend/auth/connect-your-frontend/sign-up,0.53242754,false,0.064
b2d651ecdfea9f562d2a,string_similarity,3,/android/build-a-backend/auth/sign-out,0.52126984,false,0.064
b2fd6a265713853ef474,string_similarity,1,/angular/start/getting-started/nextsteps,0.28559322,false,0.043
b2fd6a265713853ef474,string_similarity,2,/404/index.html,0.22058824,false,0.043
b2fd6a265713853ef474,string_similarity,3,/gen1/javascript/build-ui/uibuilder,0.20833333,false,0.043
b3172fdd918e4eeda320,string_similarity,1,/flutter/build-a-backend/push-notifications/identify-user,0.39462810,false,0.035
b3172fdd918e4eeda320,string_similarity,2,/angular/start/getting-started/nextsteps,0.30384615,false,0.035
b3172fdd918e4eeda320,string_similarity,3,/flutter/build-a-backend/push-notifications/interact-with-notifications,0.28354497,false,0.035
b388539443e12f4a1b03,string_similarity,1,/flutter/build-a-backend/storage/get-properties,0.82795031,false,0.028
b388539443e12f4a1b03,string_similarity,2,/android/build-a-backend/storage/list,0.54713137,false,0.028
b388539443e12f4a1b03,string_similarity,3,/android/build-a-backend/storage/upload,0.54494048,false,0.028
b3c0e48759ef6ac3b953,string_similarity,1,/providers/hashicorp/azurestack/latest/docs/guides/:path*,0.52801242,false,0.054
b3c0e48759ef6ac3b953,string_similarity,2,/providers/hashicorp/azurestack/latest/docs/resources/:path*,0.51977444,false,0.054
b3c0e48759ef6ac3b953,string_similarity,3,/providers/hashicorp/azurestack/latest/docs/data-sources/:path*,0.47989796,true,0.054
b455d75be28ad3c97480,string_similarity,1,/examples/tutorials/bdd,0.85000000,false,0.027
b455d75be28ad3c97480,string_similarity,2,/examples/tutorials/redis,0.57500000,false,0.027
b455d75be28ad3c97480,string_similarity,3,/examples/tutorials/llm,0.57282609,false,0.027
b4b9504d3e89011ce3df,string_similarity,1,/android/build-a-backend/functions,0.45647969,false,0.038
b4b9504d3e89011ce3df,string_similarity,2,/angular/build-a-backend/functions,0.44796905,false,0.038
b4b9504d3e89011ce3df,string_similarity,3,/gen1/<platform>/build-a-backend/functions/layers,0.40580394,false,0.038
b4db9895dcab6c9609e5,string_similarity,1,/angular/start/getting-started/nextsteps,0.28827160,false,0.029
b4db9895dcab6c9609e5,string_similarity,2,/404/index.html,0.25000000,false,0.029
b4db9895dcab6c9609e5,string_similarity,3,/flutter/build-a-backend/auth/auth-events,0.18536585,false,0.029
b5198746f5fc350ee5e3,string_similarity,1,/gen1/flutter/build-a-backend/troubleshooting/upgrade-amplify-packages,0.80820896,false,0.037
b5198746f5fc350ee5e3,string_similarity,2,/gen1/javascript/build-a-backend/troubleshooting/upgrade-amplify-packages,0.80620438,false,0.037
b5198746f5fc350ee5e3,string_similarity,3,/angular/build-a-backend/troubleshooting/cdktoolkit-stack,0.48086777,false,0.037
b51b69fb3c0d763e3aed,string_similarity,1,/android/sdk/pubsub/working-api,0.27922078,false,0.030
b51b69fb3c0d763e3aed,string_similarity,2,/android/sdk/analytics/endpoints,0.21350524,false,0.030
b51b69fb3c0d763e3aed,string_similarity,3,/gen1/flutter/build-a-backend/troubleshooting/upgrade-amplify-packages,0.19771160,false,0.030
b51cdab096e7e63f3aa1,string_similarity,1,/providers/CiscoDevNet/mso/latest/docs/guides/:path*,0.59495798,true,0.059
b51cdab096e7e63f3aa1,string_similarity,2,/providers/ovh/ovh/latest/docs/guides/:path*,0.54766234,false,0.059
b51cdab096e7e63f3aa1,string_similarity,3,/providers/fastly/fastly/latest/docs/guides/:path*,0.52738382,false,0.059
b54b87e5e2e1ce283927,string_similarity,1,/gen1/javascript/build-a-backend/storage/storage-v5-to-v6-migration-guide,0.76814790,false,0.031
b54b87e5e2e1ce283927,string_similarity,2,/flutter/build-a-backend/storage/get-properties,0.45742754,false,0.031
b54b87e5e2e1ce283927,string_similarity,3,/flutter/build-a-backend/storage/download,0.45196853,false,0.031
b5bdddd6f3d37986b6f0,string_similarity,1,/flutter/build-a-backend/graphqlapi/advanced-workflows,0.37785714,false,0.040
b5bdddd6f3d37986b6f0,string_similarity,2,/gen1/flutter/prev/build-a-backend/graphqlapi/advanced-workflows,0.33545082,false,0.040
b5bdddd6f3d37986b6f0,string_similarity,3,/gen1/android/prev/build-a-backend/graphqlapi/advanced-workflows,0.32889344,false,0.040
b5e77bb58c27696732a5,string_similarity,1,/flutter/start/getting-started/nextsteps,0.65671543,true,0.057
b5e77bb58c27696732a5,string_similarity,2,/android/start/getting-started/nextsteps,0.53432199,false,0.057
b5e77bb58c27696732a5,string_similarity,3,/angular/start/getting-started/nextsteps,0.52948328,false,0.057
b5f67a64c8a84d841def,string_similarity,1,/flutter,0.40000000,false,0.040
b5f67a64c8a84d841def,string_similarity,2,/flutter/build-a-backend/auth/manage-mfa,0.33996212,true,0.040
b5f67a64c8a84d841def,string_similarity,3,/flutter/build-a-backend/auth/set-up-auth,0.27485323,false,0.040
b64e4f4d6478e3011777,string_similarity,1,/android/sdk/auth/federated-identities,0.22622471,false,0.049
b64e4f4d6478e3011777,string_similarity,2,/android/sdk/auth/getting-started,0.22312733,false,0.049
b64e4f4d6478e3011777,string_similarity,3,/android/build-a-backend/auth/managing-attributes,0.21127198,false,0.049
b677469dc30a3f4aafcb,string_similarity,1,/404/index.html,0.22272727,false,0.036
b677469dc30a3f4aafcb,string_similarity,2,/angular/start/getting-started/nextsteps,0.21808511,false,0.036
b677469dc30a3f4aafcb,string_similarity,3,/gen1/javascript/build-ui/uibuilder,0.15119048,false,0.036
b687f7fdd607047dc933,string_similarity,1,/angular/start/getting-started/nextsteps,0.26228070,false,0.038
b687f7fdd607047dc933,string_similarity,2,/404/index.html,0.25000000,false,0.038
b687f7fdd607047dc933,string_similarity,3,/gen1/<platform>/tools/cli-legacy,0.17628571,false,0.038
b6971117b18da2301b1b,string_similarity,1,/flagger/tutorials/skipper-progressive-delivery,0.65555556,true,0.038
b6971117b18da2301b1b,string_similarity,2,/en/flagger/tutorials/skipper-progressive-delivery,0.60122888,false,0.038
b6971117b18da2301b1b,string_similarity,3,/flagger/tutorials/appmesh-progressive-delivery,0.51285714,false,0.038
b6cb23b87efd204833fd,string_similarity,1,/providers/linode/linode/latest/docs,0.36392354,false,0.048
b6cb23b87efd204833fd,string_similarity,2,/providers/ucloud/ucloud/latest/docs,0.36392354,false,0.048
b6cb23b87efd204833fd,string_similarity,3,/providers/cloudamqp/cloudamqp/latest/docs,0.34636364,false,0.048
b6cf7887fc380e0e480f,string_similarity,1,/providers/hashicorp/tfe/latest/docs/guides/:path*,0.60130809,true,0.041
b6cf7887fc380e0e480f,string_similarity,2,/providers/ovh/ovh/latest/docs/guides/:path*,0.54766234,false,0.041
b6cf7887fc380e0e480f,string_similarity,3,/providers/fastly/fastly/latest/docs/guides/:path*,0.53702238,false,0.041
b6e38a69c46cc0ac5741,string_similarity,1,/:lang/concepts/islands,0.33987013,false,0.031
b6e38a69c46cc0ac5741,string_similarity,2,/:lang/guides/imports,0.32641509,false,0.031
b6e38a69c46cc0ac5741,string_similarity,3,/:lang/recipes,0.32455772,true,0.031
b6fdc695bbaafb119bdf,string_similarity,1,/android/sdk/auth/getting-started,0.41867560,false,0.038
b6fdc695bbaafb119bdf,string_similarity,2,/angular/getting-started/migration,0.40000000,false,0.038
b6fdc695bbaafb119bdf,string_similarity,3,/android/start/getting-started/setup,0.39978355,false,0.038
b749f7c3c94fc5a5e158,string_similarity,1,/:lang/:splat,0.37884615,false,0.036
b749f7c3c94fc5a5e158,string_similarity,2,/:lang/reference/astro-syntax,0.37563025,false,0.036
b749f7c3c94fc5a5e158,string_similarity,3,/:lang/reference/modules/astro-config,0.35460526,false,0.036
b74a7fd6354c15a7ab62,string_similarity,1,/angular/build-a-backend/more-features/predictions/identify-text,0.20659091,false,0.038
b74a7fd6354c15a7ab62,string_similarity,2,/android/build-a-backend/more-features/predictions/identify-text,0.19897186,false,0.038
b74a7fd6354c15a7ab62,string_similarity,3,/gen1/android/prev/build-a-backend/more-features/predictions/set-up-predictions,0.18953024,false,0.038
b7c2d68946a0e13b4ce3,string_similarity,1,/angular/build-a-backend,0.54500000,false,0.026
b7c2d68946a0e13b4ce3,string_similarity,2,/flutter/build-a-backend,0.54500000,false,0.026
b7c2d68946a0e13b4ce3,string_similarity,3,/angular/build-a-backend/auth,0.46800000,false,0.026
b8cf1d3ceb5ea9acbcc8,string_similarity,1,/providers/ucloud/ucloud/latest/docs,0.37519115,true,0.030
b8cf1d3ceb5ea9acbcc8,string_similarity,2,/providers/linode/linode/latest/docs,0.36392354,false,0.030
b8cf1d3ceb5ea9acbcc8,string_similarity,3,/providers/cloudamqp/cloudamqp/latest/docs,0.34636364,false,0.030
b8f5bc05789cf42c7543,string_similarity,1,/gen1/flutter/prev/build-a-backend/graphqlapi/offline,0.30053114,false,0.027
b8f5bc05789cf42c7543,string_similarity,2,/gen1/javascript/prev/build-a-backend/graphqlapi/offline,0.28556738,false,0.027
b8f5bc05789cf42c7543,string_similarity,3,/android/build-a-backend/graphqlapi/relational-models,0.25125186,false,0.027
b92cda653459de348636,string_similarity,1,/gen1/<platform>/tools/console,0.27797802,false,0.055
b92cda653459de348636,string_similarity,2,/gen1/<platform>/build-a-backend/utilities,0.25609825,false,0.055
b92cda653459de348636,string_similarity,3,/android/build-a-backend/restapi/existing-resources,0.24274419,false,0.055
b9c13cbb05c2c05b182b,string_similarity,1,/angular/start/getting-started/nextsteps,0.28866667,false,0.029
b9c13cbb05c2c05b182b,string_similarity,2,/404/index.html,0.24600000,false,0.029
b9c13cbb05c2c05b182b,string_similarity,3,/flutter/build-a-backend/auth/manage-mfa,0.22633333,false,0.029
b9d7703165128e38ea2f,string_similarity,1,/angular/start/getting-started/nextsteps,0.26891892,false,0.025
b9d7703165128e38ea2f,string_similarity,2,/404/index.html,0.24795918,false,0.025
b9d7703165128e38ea2f,string_similarity,3,/amplify-js/api,0.17857143,false,0.025
b9de188741dddca7ac23,string_similarity,1,/flutter/build-a-backend/push-notifications/interact-with-notifications,0.23067227,false,0.029
b9de188741dddca7ac23,string_similarity,2,/android/sdk/auth/working-with-api,0.21431235,false,0.029
b9de188741dddca7ac23,string_similarity,3,/gen1/<platform>/build-a-backend/functions/layers,0.19484095,false,0.029
ba5c07649980e01506f9,string_similarity,1,/providers/hashicorp/time/latest/docs/guides/:path*,0.50714286,false,0.035
ba5c07649980e01506f9,string_similarity,2,/providers/hashicorp/time/latest/docs/data-sources/:path*,0.45825581,true,0.035
ba5c07649980e01506f9,string_similarity,3,/providers/ovh/ovh/latest/docs/guides/:path*,0.44395303,false,0.035
ba72133a38068a71d8cb,string_similarity,1,/android/build-a-backend/push-notifications/register-device,0.84452479,false,0.031
ba72133a38068a71d8cb,string_similarity,2,/flutter/build-a-backend/push-notifications/receive-device-token,0.63130952,false,0.031
ba72133a38068a71d8cb,string_similarity,3,/gen1/<platform>/build-a-backend/push-notifications,0.58293300,false,0.031
bb10936ffc016722a261,string_similarity,1,/flutter/build-a-backend/storage/download,0.36875000,false,0.039
bb10936ffc016722a261,string_similarity,2,/gen1/flutter/prev/build-a-backend/storage/download,0.31372340,true,0.039
bb10936ffc016722a261,string_similarity,3,/angular/start/getting-started/nextsteps,0.29457831,false,0.039
bb614c60f3751d41f9f1,string_similarity,1,/gen1/<platform>/prev/build-a-backend/<page>,0.49285714,false,0.120
bb614c60f3751d41f9f1,string_similarity,2,/gen1/<platform>/build-a-backend/graphqlapi/<page>,0.46978022,false,0.120
bb614c60f3751d41f9f1,string_similarity,3,/angular/build-a-backend,0.45692308,false,0.120
bb9279d1c84840aaecf8,string_similarity,1,/examples/tutorials/mocking,0.85000000,false,0.033
bb9279d1c84840aaecf8,string_similarity,2,/examples/tutorials/mongoose,0.57409091,false,0.033
bb9279d1c84840aaecf8,string_similarity,3,/examples/tutorials/kinsta,0.57216981,false,0.033
bbc577c9d6bb35993545,string_similarity,1,/examples/tutorials/mysql2,0.89772727,false,0.036
bbc577c9d6bb35993545,string_similarity,2,/examples/tutorials/llm,0.59371921,false,0.036
bbc577c9d6bb35993545,string_similarity,3,/examples/tutorials/redis,0.59354220,false,0.036
bbd67c1db6e071ef0dfd,string_similarity,1,/android/build-a-backend/more-features/datastore,0.23984838,true,0.036
bbd67c1db6e071ef0dfd,string_similarity,2,/android/build-a-backend/more-features/datastore/conflict-resolution,0.23765182,false,0.036
bbd67c1db6e071ef0dfd,string_similarity,3,/android/build-a-backend/more-features/datastore/manipulate-data,0.23650350,false,0.036
bbd863c82a545f9d0335,string_similarity,1,/deploy/kv,0.59393939,false,0.031
bbd863c82a545f9d0335,string_similarity,2,/deploy/kv/operations,0.54495565,false,0.031
bbd863c82a545f9d0335,string_similarity,3,/deploy/kv/transactions,0.53134249,false,0.031
bbf0c1f1e096bdf5efce,string_similarity,1,/android/build-a-backend/functions,0.46060606,false,0.040
bbf0c1f1e096bdf5efce,string_similarity,2,/angular/build-a-backend/functions,0.46060606,false,0.040
bbf0c1f1e096bdf5efce,string_similarity,3,/gen1/javascript/prev/build-a-backend/auth/add-social-provider,0.41409786,false,0.040
bbf9781366127ca35754,string_similarity,1,/android/build-a-backend/auth/managing-attributes,0.27325041,false,0.028
bbf9781366127ca35754,string_similarity,2,/android/build-a-backend/auth/delete-user-account,0.24061265,false,0.028
bbf9781366127ca35754,string_similarity,3,/flutter/build-a-backend/auth/delete-user-account,0.24061265,false,0.028
bc0dbe6f804c22c1a0e6,string_similarity,1,/providers/AviatrixSystems/aviatrix/latest/docs/guides/:path*,0.50544073,false,0.038
bc0dbe6f804c22c1a0e6,string_similarity,2,/providers/AviatrixSystems/aviatrix/latest/docs/resources/:path*,0.49807069,false,0.038
bc0dbe6f804c22c1a0e6,string_similarity,3,/providers/AviatrixSystems/aviatrix/latest/docs/data-sources/:path*,0.45900000,true,0.038
bc1d25a18820032dc940,string_similarity,1,/gen1/<platform>/build-a-backend/utilities,0.21433333,false,0.036
bc1d25a18820032dc940,string_similarity,2,/gen1/<platform>/tools/console,0.19101307,false,0.036
bc1d25a18820032dc940,string_similarity,3,/gen1/<platform>/tools/libraries,0.18087912,false,0.036
bc3052d2ed225919643f,string_similarity,1,/android/build-a-backend/functions,0.53550624,false,0.034
bc3052d2ed225919643f,string_similarity,2,/android/build-a-backend/storage/lambda-triggers,0.48596542,false,0.034
bc3052d2ed225919643f,string_similarity,3,/gen1/android/prev/build-a-backend/storage/lambda-triggers,0.45609249,false,0.034
bc5651a950a062054705,string_similarity,1,/angular/build-a-backend/functions,0.57651515,true,0.052
bc5651a950a062054705,string_similarity,2,/android/build-a-backend/functions,0.46818182,false,0.052
bc5651a950a062054705,string_similarity,3,/angular/build-a-backend,0.44825581,false,0.052
bcd9bc23d43a163040d1,string_similarity,1,/providers/joyent/triton/latest/docs/guides/:path*,0.61980066,true,0.033
bcd9bc23d43a163040d1,string_similarity,2,/providers/ovh/ovh/latest/docs/guides/:path*,0.54714286,false,0.033
bcd9bc23d43a163040d1,string_similarity,3,/providers/turbot/turbot/latest/docs/guides/:path*,0.53691030,false,0.033
bd00e5f73aeb2139bc53,string_similarity,1,/flutter/build-a-backend/auth/manage-mfa,0.26028782,false,0.033
bd00e5f73aeb2139bc53,string_similarity,2,/android/sdk/auth/federated-identities,0.23490476,false,0.033
bd00e5f73aeb2139bc53,string_similarity,3,/android/sdk/auth/getting-started,0.22919355,false,0.033
bd05640b9d2a856c196c,string_similarity,1,/providers/linode/linode/latest/docs,0.34909774,false,0.026
bd05640b9d2a856c196c,string_similarity,2,/providers/ucloud/ucloud/latest/docs,0.34909774,false,0.026
bd05640b9d2a856c196c,string_similarity,3,/providers/gridscale/gridscale/latest/docs,0.34344948,false,0.026
bdae834a9db821c5b0d3,string_similarity,1,/android/sdk/api/graphql,0.25417749,false,0.030
bdae834a9db821c5b0d3,string_similarity,2,/android/build-a-backend/graphqlapi/api-graphql-concepts,0.25127340,false,0.030
bdae834a9db821c5b0d3,string_similarity,3,/flutter/build-a-backend/graphqlapi/api-graphql-concepts,0.25127340,false,0.030
bdcd528f5b67d8187f5a,string_similarity,1,/angular/start/getting-started/nextsteps,0.29757282,false,0.025
bdcd528f5b67d8187f5a,string_similarity,2,/flutter/build-a-backend/push-notifications/enable-rich-notifications,0.28246753,false,0.025
bdcd528f5b67d8187f5a,string_similarity,3,/android/build-a-backend/push-notifications/record-notifications,0.27710478,false,0.025
bddcf890b4f942dc5a75,string_similarity,1,/android/sdk/analytics/endpoints,0.26654930,false,0.036
bddcf890b4f942dc5a75,string_similarity,2,/flutter/build-a-backend/more-features/analytics/auto-track-sessions,0.24934169,false,0.036
bddcf890b4f942dc5a75,string_similarity,3,/android/sdk/analytics/kinesis,0.24630270,false,0.036
bdf1949d44e0f709caa8,string_similarity,1,/android/build-a-backend/auth/managing-attributes,0.46148148,false,0.032
bdf1949d44e0f709caa8,string_similarity,2,/android/build-a-backend/auth/delete-user-account,0.43030303,false,0.032
bdf1949d44e0f709caa8,string_similarity,3,/flutter/build-a-backend/auth/delete-user-account,0.43030303,false,0.032
be4bc8acd19fef064daa,string_similarity,1,/enterprise/api-docs/admin/runs,0.60973304,true,0.042
be4bc8acd19fef064daa,string_similarity,2,/enterprise/api-docs/admin/users,0.46618024,false,0.042
be4bc8acd19fef064daa,string_similarity,3,/enterprise/api-docs/admin/settings,0.43528139,false,0.042
be77d253f60b872da54e,string_similarity,1,/angular/start/getting-started/nextsteps,0.67948328,false,0.031
be77d253f60b872da54e,string_similarity,2,/android/start/getting-started/nextsteps,0.64734043,true,0.031
be77d253f60b872da54e,string_similarity,3,/flutter/start/getting-started/nextsteps,0.52948328,false,0.031
be7b8093d07d79886337,string_similarity,1,/:lang/guides/deploy/aws-via-sst,0.79285714,true,0.035
be7b8093d07d79886337,string_similarity,2,/:lang/guides/deploy/firebase,0.67266371,false,0.035
be7b8093d07d79886337,string_similarity,3,/:lang/guides/deploy/:service,0.66874214,false,0.035
bf698d987a353232e9dd,string_similarity,1,/<platform>/build-a-backend/auth/connect-your-frontend/manage-user-sessions,0.57301360,true,0.030
bf698d987a353232e9dd,string_similarity,2,/gen1/<platform>/build-a-backend/auth/delete-user-account,0.53325688,false,0.030
bf698d987a353232e9dd,string_similarity,3,/gen1/<platform>/build-a-backend/auth/auth-events,0.50099010,false,0.030
bf82f76a7cf7358a37bd,string_similarity,1,/android/start/getting-started/installation,0.55309524,false,0.033
bf82f76a7cf7358a37bd,string_similarity,2,/android/start/getting-started/integrate,0.45477151,false,0.033
bf82f76a7cf7358a37bd,string_similarity,3,/flutter/start/getting-started/nextsteps,0.43864247,false,0.033
bfb17ee5339e4ad268d1,string_similarity,1,/android/sdk/api/graphql,0.25363636,false,0.031
bfb17ee5339e4ad268d1,string_similarity,2,/android/build-a-backend/graphqlapi/api-graphql-concepts,0.22637363,false,0.031
bfb17ee5339e4ad268d1,string_similarity,3,/flutter/build-a-backend/graphqlapi/api-graphql-concepts,0.22637363,false,0.031
bfe77680a4192125a03d,string_similarity,1,/angular/start/getting-started/nextsteps,0.29945055,false,0.029
bfe77680a4192125a03d,string_similarity,2,/404/index.html,0.22272727,false,0.029
bfe77680a4192125a03d,string_similarity,3,/flutter/build-a-backend/storage/configure-access,0.21350000,false,0.029
bffe4c2236928ac4167a,string_similarity,1,/gen1/<platform>/tools/console,0.84324163,true,0.032
bffe4c2236928ac4167a,string_similarity,2,/gen1/<platform>/tools/libraries,0.51625731,false,0.032
bffe4c2236928ac4167a,string_similarity,3,/gen1/<platform>/tools/cli/<page>,0.50215517,false,0.032
c03e1a2972e94e3bdcfb,string_similarity,1,/examples/tutorials/llm,0.85000000,false,0.032
c03e1a2972e94e3bdcfb,string_similarity,2,/examples/tutorials/apollo,0.58418367,false,0.032
c03e1a2972e94e3bdcfb,string_similarity,3,/examples/tutorials/volumes,0.57700000,false,0.032
c06e136e11dbf983fd42,string_similarity,1,/android/sdk,0.45773810,false,0.027
c06e136e11dbf983fd42,string_similarity,2,/gen1/angular/prev,0.37676471,false,0.027
c06e136e11dbf983fd42,string_similarity,3,/angular/build-a-backend,0.37136364,true,0.027
c0cc17596fd14273f4e3,string_similarity,1,/angular/start/getting-started/nextsteps,0.29545455,false,0.028
c0cc17596fd14273f4e3,string_similarity,2,/404/index.html,0.23470588,false,0.028
c0cc17596fd14273f4e3,string_similarity,3,/gen1/<platform>/deploy-and-host/deployment/<page>,0.18666667,false,0.028
c14041a1025be61d2128,string_similarity,1,/angular/build-a-backend/functions,0.56792929,true,0.033
c14041a1025be61d2128,string_similarity,2,/android/build-a-backend/functions,0.46060606,false,0.033
c14041a1025be61d2128,string_similarity,3,/angular/build-a-backend/auth,0.44699352,false,0.033
c1654d6002089842727d,string_similarity,1,/android/build-a-backend/more-features/logging/flush-logs,0.19202381,false,0.030
c1654d6002089842727d,string_similarity,2,/gen1/<platform>/tools/console,0.18714834,false,0.030
c1654d6002089842727d,string_similarity,3,/android/build-a-backend/more-features/logging/change-log-levels,0.18351212,false,0.030
c1719a0f061b3edff4c3,string_similarity,1,/angular/build-a-backend/more-features/predictions/identify-text,0.21212973,false,0.030
c1719a0f061b3edff4c3,string_similarity,2,/android/build-a-backend/more-features/predictions/identify-text,0.20540704,false,0.030
c1719a0f061b3edff4c3,string_similarity,3,/gen1/android/prev/build-a-backend/more-features/predictions/interpret-sentiment,0.19656318,false,0.030
c18ca8b31ef854c15187,string_similarity,1,/gen1/<platform>/tools/console,0.31433333,false,0.032
c18ca8b31ef854c15187,string_similarity,2,/gen1/flutter/prev/build-a-backend/restapi/customize-authz,0.30601399,false,0.032
c18ca8b31ef854c15187,string_similarity,3,/gen1/javascript/prev/build-a-backend/graphqlapi/customize-authz-modes,0.27246465,false,0.032
c26678138f68a4af014a,string_similarity,1,/flutter,0.34575472,false,0.032
c26678138f68a4af014a,string_similarity,2,/flutter/build-a-backend/more-features/datastore/manipulate-data,0.28874062,true,0.032
c26678138f68a4af014a,string_similarity,3,/flutter/build-a-backend/graphqlapi/query-data,0.27066289,false,0.032
c2a82dd0d910e903511e,string_similarity,1,/flutter/build-a-backend/auth/delete-user-account,0.35114973,false,0.027
c2a82dd0d910e903511e,string_similarity,2,/android/build-a-backend/auth/delete-user-account,0.34173797,false,0.027
c2a82dd0d910e903511e,string_similarity,3,/gen1/<platform>/build-a-backend/auth/delete-user-account,0.32106549,false,0.027
c2d89a12bdbc237fb894,string_similarity,1,/android/build-a-backend/storage/lambda-triggers,0.33902715,false,0.029
c2d89a12bdbc237fb894,string_similarity,2,/gen1/android/prev/build-a-backend/storage/lambda-triggers,0.29788744,true,0.029
c2d89a12bdbc237fb894,string_similarity,3,/android/build-a-backend/storage/upload,0.28002152,false,0.029
c352c4e95afa12fe18f0,string_similarity,1,/android/start/getting-started/installation,0.37709218,false,0.030
c352c4e95afa12fe18f0,string_similarity,2,/android/start/getting-started/setup,0.37262626,false,0.030
c352c4e95afa12fe18f0,string_similarity,3,/android/start/getting-started/integrate,0.36731141,false,0.030
c3567396b82815ad41ce,string_similarity,1,/angular/start/getting-started/nextsteps,0.29339623,false,0.035
c3567396b82815ad41ce,string_similarity,2,/android/build-a-backend/push-notifications/record-notifications,0.27351648,false,0.035
c3567396b82815ad41ce,string_similarity,3,/flutter/build-a-backend/push-notifications/enable-rich-notifications,0.27333333,false,0.035
c3c04819e3b3e5782dc2,string_similarity,1,/language/v1.1.x/configuration-0-11,0.71305556,true,0.030
c3c04819e3b3e5782dc2,string_similarity,2,/language/v1.1.x/upgrade-guides/0-11,0.38409091,false,0.030
c3c04819e3b3e5782dc2,string_similarity,3,/language/modules,0.33520833,false,0.030
c3f3aea1dd6f0329a9f5,string_similarity,1,/android/sdk/auth/federated-identities,0.20492278,false,0.032
c3f3aea1dd6f0329a9f5,string_similarity,2,/android/sdk/auth/getting-started,0.20454817,false,0.032
c3f3aea1dd6f0329a9f5,string_similarity,3,/android/sdk/auth/drop-in-auth,0.20409091,false,0.032
c4ed333842fff8fddb4b,string_similarity,1,/android/sdk/auth/getting-started,0.50855899,false,0.036
c4ed333842fff8fddb4b,string_similarity,2,/android/start/getting-started/setup,0.38785714,false,0.036
c4ed333842fff8fddb4b,string_similarity,3,/angular/start/getting-started/hosting,0.38110795,false,0.036
c4f61d7e75c15cdf119d,string_similarity,1,/examples/tutorials/deno_doc,0.85000000,false,0.041
c4f61d7e75c15cdf119d,string_similarity,2,/examples/tutorials/deno_deploy,0.63610169,false,0.041
c4f61d7e75c15cdf119d,string_similarity,3,/examples/deno_doc_tutorial,0.53181818,true,0.041
c5051e5e87895cda0982,string_similarity,1,/android/build-a-backend/restapi/existing-resources,0.50973362,false,0.031
c5051e5e87895cda0982,string_similarity,2,/flutter/build-a-backend/graphqlapi/existing-resources,0.40022296,false,0.031
c5051e5e87895cda0982,string_similarity,3,/gen1/<platform>/build-a-backend/existing-resources,0.36164634,false,0.031
c51fe69c0ec147568215,string_similarity,1,/android/build-a-backend/push-notifications/record-notifications,0.49586614,true,0.030
c51fe69c0ec147568215,string_similarity,2,/android/build-a-backend/push-notifications/test-notifications,0.39774545,false,0.030
c51fe69c0ec147568215,string_similarity,3,/android/build-a-backend/push-notifications/set-up-push-notifications,0.37498045,false,0.030
c524f68b069bbba0c38c,string_similarity,1,/flux/components/source,0.57666667,true,0.040
c524f68b069bbba0c38c,string_similarity,2,/en/flux/components/source/_index,0.52125800,false,0.040
c524f68b069bbba0c38c,string_similarity,3,/en/flux/components/source/options,0.44688694,false,0.040
c53998298709cb22a625,string_similarity,1,/android/build-a-backend/functions,0.64857143,true,0.034
c53998298709cb22a625,string_similarity,2,/android/build-a-backend/restapi/set-up-rest-api,0.61841238,false,0.034
c53998298709cb22a625,string_similarity,3,/android/build-a-backend/restapi,0.56718373,false,0.034
c563e41b08aca62984ab,string_similarity,1,/providers/rancher/rancher2/latest/docs,0.35407895,true,0.028
c563e41b08aca62984ab,string_similarity,2,/providers/linode/linode/latest/docs,0.34679061,false,0.028
c563e41b08aca62984ab,string_similarity,3,/providers/heroku/heroku/latest/docs,0.33583170,false,0.028
c60c15cea30bcd60a210,string_similarity,1,/providers/hashicorp/opc/latest/docs/data-sources/:path*,0.45404762,true,0.038
c60c15cea30bcd60a210,string_similarity,2,/providers/ovh/ovh/latest/docs/guides/:path*,0.44730159,false,0.038
c60c15cea30bcd60a210,string_similarity,3,/providers/fastly/fastly/latest/docs/guides/:path*,0.42849817,false,0.038
c64c709cac96126a7f28,string_similarity,1,/angular/start/getting-started/nextsteps,0.28493976,false,0.028
c64c709cac96126a7f28,string_similarity,2,/404/index.html,0.23275862,false,0.028
c64c709cac96126a7f28,string_similarity,3,/flutter/build-a-backend/more-features/datastore/manipulate-data,0.22624012,false,0.028
c66f2cfc37a038b3c8f1,string_similarity,1,/android/start/getting-started/generate-model,0.46930647,false,0.036
c66f2cfc37a038b3c8f1,string_similarity,2,/android/start/getting-started/integrate,0.45245442,false,0.036
c66f2cfc37a038b3c8f1,string_similarity,3,/android/start/getting-started/installation,0.41105263,false,0.036
c6a82492831cb0954b22,string_similarity,1,/angular/start/getting-started/nextsteps,0.28023256,false,0.033
c6a82492831cb0954b22,string_similarity,2,/flutter/build-a-backend/more-features/analytics/auto-track-sessions,0.25168691,false,0.033
c6a82492831cb0954b22,string_similarity,3,/flutter/build-a-backend/more-features/analytics/identify-user,0.23055556,false,0.033
c6de01f207c094512f27,string_similarity,1,/terraform/plugin/framework-benefits,0.41666667,true,0.029
c6de01f207c094512f27,string_similarity,2,/terraform/plugin/testing/testing-patterns,0.39347826,false,0.029
c6de01f207c094512f27,string_similarity,3,/terraform/plugin/framework/handling-data/paths,0.36114865,false,0.029
c701fa87fbf940ab106a,string_similarity,1,/angular/start/getting-started/nextsteps,0.27054795,false,0.029
c701fa87fbf940ab106a,string_similarity,2,/404/index.html,0.25000000,false,0.029
c701fa87fbf940ab106a,string_similarity,3,/android/sdk/pubsub/working-api,0.20000000,false,0.029
c73c396fefe2fb6a73ab,string_similarity,1,/gen1/javascript/build-ui/uibuilder,0.41339286,false,0.035
c73c396fefe2fb6a73ab,string_similarity,2,/android/build-a-backend/functions,0.31474026,false,0.035
c73c396fefe2fb6a73ab,string_similarity,3,/angular/build-a-backend/functions,0.31474026,false,0.035
c78a5d353fa7935ed4ac,string_similarity,1,/gen1/javascript/prev/build-a-backend/more-features/in-app-messaging/display-messages,0.25659722,false,0.040
c78a5d353fa7935ed4ac,string_similarity,2,/flutter/build-a-backend/push-notifications/identify-user,0.24814151,false,0.040
c78a5d353fa7935ed4ac,string_similarity,3,/gen1/javascript/prev/build-a-backend/more-features/in-app-messaging/clear-messages,0.24212148,false,0.040
c7948e913a9277dfe482,string_similarity,1,/flutter/build-a-backend/graphqlapi/query-data,0.33711400,false,0.031
c7948e913a9277dfe482,string_similarity,2,/gen1/android/prev/build-a-backend/graphqlapi/query-data,0.29883851,false,0.031
c7948e913a9277dfe482,string_similarity,3,/gen1/flutter/prev/build-a-backend/graphqlapi/query-data,0.29883851,false,0.031
c7cd32ebd8df66955c36,string_similarity,1,/providers/ns1-terraform/ns1/latest/docs/resources/:path*,0.48361345,true,0.028
c7cd32ebd8df66955c36,string_similarity,2,/providers/ns1-terraform/ns1/latest/docs,0.44676471,false,0.028
c7cd32ebd8df66955c36,string_similarity,3,/providers/ovh/ovh/latest/docs/guides/:path*,0.42507937,false,0.028
c7eef4db939ab7b257b2,string_similarity,1,/android/sdk/auth/getting-started,0.63474026,true,0.039
c7eef4db939ab7b257b2,string_similarity,2,/android/start/getting-started/installation,0.42143763,false,0.039
c7eef4db939ab7b257b2,string_similarity,3,/android/start/getting-started/setup,0.41693182,false,0.039
c881de4b102fa8f52235,string_similarity,1,/android/sdk/pubsub/working-api,0.62705479,true,0.032
c881de4b102fa8f52235,string_similarity,2,/android/sdk/auth/working-with-api,0.43017241,false,0.032
c881de4b102fa8f52235,string_similarity,3,/android/sdk/api/graphql,0.34259740,false,0.032
c8f3263e4976f0c94261,string_similarity,1,/examples/color_logging,0.83260870,true,0.029
c8f3263e4976f0c94261,string_similarity,2,/examples,0.37500000,false,0.029
c8f3263e4976f0c94261,string_similarity,3,/examples/tutorials/mocking,0.36200000,false,0.029
c90e50bdc9b30a4f9c6e,string_similarity,1,/flagger/tutorials/contour-progressive-delivery,0.65555556,true,0.027
c90e50bdc9b30a4f9c6e,string_similarity,2,/en/flagger/tutorials/contour-progressive-delivery,0.60122888,false,0.027
c90e50bdc9b30a4f9c6e,string_similarity,3,/flagger/tutorials/gloo-progressive-delivery,0.51469622,false,0.027
c9109fb8e34f9db7bfa3,string_similarity,1,/angular/start/getting-started/nextsteps,0.30058824,false,0.029
c9109fb8e34f9db7bfa3,string_similarity,2,/flutter/build-a-backend/storage/download,0.29534884,false,0.029
c9109fb8e34f9db7bfa3,string_similarity,3,/gen1/flutter/prev/build-a-backend/storage/download,0.25681818,false,0.029
c9367981dcae587d250d,string_similarity,1,/flagger/tutorials/kuma-progressive-delivery,0.65238095,true,0.030
c9367981dcae587d250d,string_similarity,2,/en/flagger/tutorials/kuma-progressive-delivery,0.59737274,false,0.030
c9367981dcae587d250d,string_similarity,3,/flagger/tutorials/osm-progressive-delivery,0.52056799,false,0.030
c93d32e33c9c52506732,string_similarity,1,/gen1/<platform>/build-a-backend/graphqlapi/connect-api-to-existing-database,0.75940310,false,0.031
c93d32e33c9c52506732,string_similarity,2,/gen1/flutter/prev/build-a-backend/graphqlapi/existing-resources,0.73362676,true,0.031
c93d32e33c9c52506732,string_similarity,3,/flutter/build-a-backend/graphqlapi/existing-resources,0.62234848,false,0.031
c9a875ae7bf67fd85704,string_similarity,1,/android/build-a-backend/auth/add-social-provider,0.27416667,false,0.034
c9a875ae7bf67fd85704,string_similarity,2,/gen1/flutter/build-a-backend/auth/add-social-provider,0.26480838,false,0.034
c9a875ae7bf67fd85704,string_similarity,3,/gen1/android/build-a-backend/auth/add-social-provider,0.25539661,false,0.034
c9b74ecf8ed778b4ddc1,string_similarity,1,/providers/alexkappa/auth0/latest/docs/guides/:path*,0.60729064,true,0.034
c9b74ecf8ed778b4ddc1,string_similarity,2,/providers/ovh/ovh/latest/docs/guides/:path*,0.54056058,false,0.034
c9b74ecf8ed778b4ddc1,string_similarity,3,/providers/fastly/fastly/latest/docs/guides/:path*,0.52126050,false,0.034
ca15fd00b5efe90c7ee1,string_similarity,1,/angular/start/getting-started/nextsteps,0.69158730,false,0.028
ca15fd00b5efe90c7ee1,string_similarity,2,/android/start/getting-started/nextsteps,0.54158730,false,0.028
ca15fd00b5efe90c7ee1,string_similarity,3,/flutter/start/getting-started/nextsteps,0.54158730,false,0.028
ca81eee904147abe8a97,string_similarity,1,/android/build-a-backend/push-notifications/record-notifications,0.64241379,false,0.031
ca81eee904147abe8a97,string_similarity,2,/android/build-a-backend/push-notifications/test-notifications,0.55834790,false,0.031
ca81eee904147abe8a97,string_similarity,3,/flutter/build-a-backend/push-notifications/interact-with-notifications,0.54804511,false,0.031
caadcb1c941147bade18,string_similarity,1,/:lang/guides/routing,0.47897959,true,0.038
caadcb1c941147bade18,string_similarity,2,/:lang/concepts/islands,0.47735294,false,0.038
caadcb1c941147bade18,string_similarity,3,/:lang/concepts/why-astro,0.43078902,false,0.038
caeee2f8acef56ee222f,string_similarity,1,/flutter,0.38883721,false,0.033
caeee2f8acef56ee222f,string_similarity,2,/gen1/flutter/build-a-backend/auth/add-social-provider,0.31946278,true,0.033
caeee2f8acef56ee222f,string_similarity,3,/gen1/flutter/prev/build-a-backend/auth/add-social-provider,0.30231504,false,0.033
caf7ff47ba5d4a6e9d0e,string_similarity,1,/angular/start/getting-started/nextsteps,0.25847458,false,0.034
caf7ff47ba5d4a6e9d0e,string_similarity,2,/gen1/<platform>/sdk/analytics/<page>,0.25000000,false,0.034
caf7ff47ba5d4a6e9d0e,string_similarity,3,/404/index.html,0.24411765,false,0.034
cb2a8b8eb9b6cf8d524c,string_similarity,1,/android/build-a-backend/push-notifications/register-device,0.23716781,false,0.029
cb2a8b8eb9b6cf8d524c,string_similarity,2,/android/build-a-backend/auth/remember-device,0.22074322,false,0.029
cb2a8b8eb9b6cf8d524c,string_similarity,3,/android/build-a-backend/more-features/geo/amazon-location-sdk,0.21813187,true,0.029
cbc338037dc534ba2478,string_similarity,1,/angular/build-a-backend/more-features/datastore/conflict-resolution,0.27414005,false,0.031
cbc338037dc534ba2478,string_similarity,2,/android/build-a-backend/more-features/datastore/conflict-resolution,0.26693284,false,0.031
cbc338037dc534ba2478,string_similarity,3,/flutter/build-a-backend/more-features/datastore/manipulate-data,0.22581699,false,0.031
cbfbf59e69b601627ff9,string_similarity,1,/gen1/android/prev/build-a-backend/auth/existing-resources,0.38922559,true,0.036
cbfbf59e69b601627ff9,string_similarity,2,/android/build-a-backend/restapi/existing-resources,0.35176980,false,0.036
cbfbf59e69b601627ff9,string_similarity,3,/gen1/<platform>/build-a-backend/auth/existing-resources,0.34768439,false,0.036
cc3aa0c5118784e72f14,string_similarity,1,/flutter,0.34136364,false,0.032
cc3aa0c5118784e72f14,string_similarity,2,/flutter/build-a-backend/more-features/datastore/additional-methods,0.29598704,true,0.032
cc3aa0c5118784e72f14,string_similarity,3,/flutter/build-a-backend/more-features/datastore/set-up-datastore,0.25642857,false,0.032
cc87b3dd144a32dffdd9,string_similarity,1,/angular/start/getting-started/nextsteps,0.29883721,false,0.031
cc87b3dd144a32dffdd9,string_similarity,2,/angular/build-a-backend/more-features/predictions/identify-text,0.27863636,false,0.031
cc87b3dd144a32dffdd9,string_similarity,3,/android/build-a-backend/more-features/predictions/identify-text,0.27136364,false,0.031
cc8cdb48f3e182027545,string_similarity,1,/flutter/build-a-backend/restapi/fetch-data,0.31885965,false,0.029
cc8cdb48f3e182027545,string_similarity,2,/gen1/android/prev/build-a-backend/restapi/fetch-data,0.26689570,false,0.029
cc8cdb48f3e182027545,string_similarity,3,/android/build-a-backend/restapi/gen-ai,0.22931373,false,0.029
cccb8d584e9a1988eba4,string_similarity,1,/angular/build-a-backend/more-features/datastore/conflict-resolution,0.86834532,false,0.036
cccb8d584e9a1988eba4,string_similarity,2,/android/build-a-backend/more-features/datastore/conflict-resolution,0.86258993,false,0.036
cccb8d584e9a1988eba4,string_similarity,3,/android/build-a-backend/more-features/datastore,0.60725745,false,0.036
ccd4a6d79b71224f63c2,string_similarity,1,/flutter/start/project-setup/escape-hatch,0.23444444,false,0.029
ccd4a6d79b71224f63c2,string_similarity,2,/flutter/build-a-backend/storage/get-properties,0.22602990,false,0.029
ccd4a6d79b71224f63c2,string_similarity,3,/gen1/flutter/prev/build-a-backend/storage/set-up-storage,0.22159091,false,0.029
ccf18d3c57d2eadd5639,string_similarity,1,/:lang/recipes/sharing-state-islands,0.60842105,true,0.035
ccf18d3c57d2eadd5639,string_similarity,2,/:lang/concepts/islands,0.46959064,false,0.035
ccf18d3c57d2eadd5639,string_similarity,3,/:lang/concepts/why-astro,0.41850787,false,0.035
cd5c9c139b05a5469251,string_similarity,1,/flagger/tutorials/crossover-progressive-delivery,0.65744681,true,0.034
cd5c9c139b05a5469251,string_similarity,2,/flagger/tutorials/contour-progressive-delivery,0.51459627,false,0.034
cd5c9c139b05a5469251,string_similarity,3,/flagger/tutorials/osm-progressive-delivery,0.51103896,false,0.034
cd7ef10e8273fbacbcdb,string_similarity,1,/:lang/reference/dev-toolbar-app-reference,0.49821634,false,0.031
cd7ef10e8273fbacbcdb,string_similarity,2,/:lang/guides/framework-components,0.44661972,false,0.031
cd7ef10e8273fbacbcdb,string_similarity,3,/:lang/reference/modules/astro-config,0.44309309,false,0.031
cde6d017556e6c88e18f,string_similarity,1,/gen1/<platform>/build-a-backend/more-features/<page>,0.87841231,true,0.032
cde6d017556e6c88e18f,string_similarity,2,/gen1/<platform>/build-a-backend/more-features,0.78286474,false,0.032
cde6d017556e6c88e18f,string_similarity,3,/gen1/<platform>/prev/build-a-backend/<page>,0.61771100,false,0.032
ce1b763407b877941de0,string_similarity,1,/gen1/javascript/prev/build-a-backend/more-features/datastore,0.58288462,false,0.028
ce1b763407b877941de0,string_similarity,2,/android/build-a-backend/more-features/datastore,0.56106255,false,0.028
ce1b763407b877941de0,string_similarity,3,/gen1/android/prev/build-a-backend/more-features/datastore/additional-methods,0.55474755,false,0.028
ce8731bc92626cc0f2f6,string_similarity,1,/:lang/reference/astro-syntax,0.59950372,false,0.038
ce8731bc92626cc0f2f6,string_similarity,2,/:lang/basics/astro-syntax,0.57522816,true,0.038
ce8731bc92626cc0f2f6,string_similarity,3,/:lang/concepts/why-astro,0.53884872,false,0.038
cea1856d74f0067fe243,string_similarity,1,/gen1/android/prev/build-a-backend/restapi/fetch-data,0.30753910,true,0.031
cea1856d74f0067fe243,string_similarity,2,/flutter/build-a-backend/restapi/fetch-data,0.29657631,false,0.031
cea1856d74f0067fe243,string_similarity,3,/android/build-a-backend/restapi/existing-resources,0.26699176,false,0.031
cecb74e208db9e6773d0,string_similarity,1,/angular/start/getting-started/nextsteps,0.28134328,false,0.035
cecb74e208db9e6773d0,string_similarity,2,/gen1/<platform>/build-a-backend/push-notifications,0.27163462,false,0.035
cecb74e208db9e6773d0,string_similarity,3,/gen1/<platform>/sdk/push-notifications/<page>,0.26446918,false,0.035
cee0a9c74d60bc66cfbc,string_similarity,1,/cloud-docs/workspaces/health,0.60773339,true,0.032
cee0a9c74d60bc66cfbc,string_similarity,2,/cloud-docs/policy-enforcement/sentinel,0.32510534,false,0.032
cee0a9c74d60bc66cfbc,string_similarity,3,/cloud-docs/users-teams-organizations/users,0.31086338,false,0.032
cefafbb7c6764b4aa70b,string_similarity,1,/providers/cloudflare/cloudflare/latest/docs/guides/:path*,0.56806452,false,0.032
cefafbb7c6764b4aa70b,string_similarity,2,/providers/cloudflare/cloudflare/latest/docs/resources/:path*,0.56000000,false,0.032
cefafbb7c6764b4aa70b,string_similarity,3,/providers/cloudflare/cloudflare/latest/docs/data-sources/:path*,0.50956710,true,0.032
cf375020f2c1eacb5499,string_similarity,1,/terraform/plugin/framework/handling-data/writing-state,0.66309524,true,0.028
cf375020f2c1eacb5499,string_similarity,2,/terraform/plugin/framework-benefits,0.53668831,false,0.028
cf375020f2c1eacb5499,string_similarity,3,/terraform/plugin/framework/handling-data/paths,0.48693182,false,0.028
cf661b41515be95454c9,string_similarity,1,/angular/build-a-backend/auth,0.29545455,false,0.033
cf661b41515be95454c9,string_similarity,2,/flutter/build-a-backend/auth/auth-events,0.28392857,false,0.033
cf661b41515be95454c9,string_similarity,3,/flutter/build-a-backend/auth/set-up-auth,0.27410714,false,0.033
cfbbdae0f2f7a48286a4,string_similarity,1,/android/sdk/auth/getting-started,0.41898126,false,0.033
cfbbdae0f2f7a48286a4,string_similarity,2,/android/start/getting-started/setup,0.41720779,false,0.033
cfbbdae0f2f7a48286a4,string_similarity,3,/angular/start/getting-started/hosting,0.40491551,false,0.033
cfbc9bd0bb9c444b61bf,string_similarity,1,/providers/vmware/vcd/latest/docs/guides/:path*,0.61142857,true,0.043
cfbc9bd0bb9c444b61bf,string_similarity,2,/providers/ovh/ovh/latest/docs/guides/:path*,0.54766234,false,0.043
cfbc9bd0bb9c444b61bf,string_similarity,3,/providers/fastly/fastly/latest/docs/guides/:path*,0.51774527,false,0.043
cfd0fb3747d186f8097b,string_similarity,1,/android/build-a-backend/auth/sign-out,0.29412716,false,0.033
cfd0fb3747d186f8097b,string_similarity,2,/flutter/build-a-backend/auth/sign-out,0.29412716,false,0.033
cfd0fb3747d186f8097b,string_similarity,3,/android/sdk/auth/drop-in-auth,0.27928448,false,0.033
cff14cd68940ac50810d,string_similarity,1,/angular/start/getting-started/nextsteps,0.26428571,false,0.037
cff14cd68940ac50810d,string_similarity,2,/flutter/build-a-backend/auth/manage-mfa,0.25000000,false,0.037
cff14cd68940ac50810d,string_similarity,3,/404/index.html,0.23888889,false,0.037
d0443243c489a2bd5637,string_similarity,1,/providers/linode/linode/latest/docs,0.35265594,false,0.031
d0443243c489a2bd5637,string_similarity,2,/providers/heroku/heroku/latest/docs,0.34138833,false,0.031
d0443243c489a2bd5637,string_similarity,3,/providers/gridscale/gridscale/latest/docs,0.33597403,false,0.031
d06115ac0c75837d1749,string_similarity,1,/flutter/build-a-backend/auth/sign-in-custom-flow,0.36048605,true,0.032
d06115ac0c75837d1749,string_similarity,2,/flutter,0.31291667,false,0.032
d06115ac0c75837d1749,string_similarity,3,/android/build-a-backend/auth/sign-in-custom-flow,0.30641141,false,0.032
d07bba36a76c86531a30,string_similarity,1,/flutter/build-a-backend/graphqlapi/api-graphql-concepts,0.29425532,false,0.027
d07bba36a76c86531a30,string_similarity,2,/android/build-a-backend/graphqlapi/api-graphql-concepts,0.28574468,false,0.027
d07bba36a76c86531a30,string_similarity,3,/angular/start/getting-started/nextsteps,0.27307692,false,0.027
d07f42090aed295a4cc7,string_similarity,1,/gen1/javascript/prev/build-a-backend/more-features/analytics/storing-data,0.59754418,false,0.030
d07f42090aed295a4cc7,string_similarity,2,/gen1/flutter/prev/build-a-backend/more-features/analytics/enable-disable,0.54842687,false,0.030
d07f42090aed295a4cc7,string_similarity,3,/gen1/javascript/prev/build-a-backend/more-features/analytics/update-endpoint,0.54676697,false,0.030
d0915a540e635839ec34,string_similarity,1,/angular/build-a-backend/functions,0.22171429,false,0.038
d0915a540e635839ec34,string_similarity,2,/android/build-a-backend/functions,0.20742857,false,0.038
d0915a540e635839ec34,string_similarity,3,/gen1/<platform>/build-a-backend/functions/layers,0.20447524,false,0.038
d0d9adb8134ce204c633,string_similarity,1,/gen1/<platform>/build-a-backend/graphqlapi/<page>,0.82061404,true,0.029
d0d9adb8134ce204c633,string_similarity,2,/gen1/<platform>/prev/build-a-backend/<page>,0.62942750,false,0.029
d0d9adb8134ce204c633,string_similarity,3,/flutter/build-a-backend/graphqlapi,0.60166667,false,0.029
d188c210500ca8129824,string_similarity,1,/language/upgrade-guides/0-9,0.85500000,false,0.030
d188c210500ca8129824,string_similarity,2,/language/upgrade-guides/0-8,0.84071429,false,0.030
d188c210500ca8129824,string_similarity,3,/language/upgrade-guides/0-13,0.72144737,false,0.030
d1b8b8c8016e1752ea1a,string_similarity,1,/angular/getting-started/migration,0.35733871,false,0.032
d1b8b8c8016e1752ea1a,string_similarity,2,/android/start/getting-started/installation,0.34227929,false,0.032
d1b8b8c8016e1752ea1a,string_similarity,3,/angular/start/getting-started/hosting,0.32787115,false,0.032
d1d0b6289f74c4672c8f,string_similarity,1,/flutter/build-a-backend/auth/set-up-auth,0.20387879,false,0.031
d1d0b6289f74c4672c8f,string_similarity,2,/android/sdk/auth/drop-in-auth,0.20382353,false,0.031
d1d0b6289f74c4672c8f,string_similarity,3,/android/build-a-backend/auth/managing-attributes,0.19431093,false,0.031
d1e4955f1ff867314aa1,string_similarity,1,/android/sdk/analytics/kinesis,0.26268966,false,0.033
d1e4955f1ff867314aa1,string_similarity,2,/android/sdk/analytics/endpoints,0.25649351,false,0.033
d1e4955f1ff867314aa1,string_similarity,3,/flutter/build-a-backend/more-features/analytics/identify-user,0.25253261,false,0.033
d2199dcc480a83f0b46a,string_similarity,1,/providers/ionos-cloud/profitbricks/latest/docs/guides/:path*,0.57862864,true,0.034
d2199dcc480a83f0b46a,string_similarity,2,/providers/ovh/ovh/latest/docs/guides/:path*,0.53691030,false,0.034
d2199dcc480a83f0b46a,string_similarity,3,/providers/turbot/turbot/latest/docs/guides/:path*,0.53670807,false,0.034
d21d9b701e7f19676318,string_similarity,1,/providers/hashicorp/consul/latest/docs/guides/:path*,0.51476190,false,0.033
d21d9b701e7f19676318,string_similarity,2,/providers/hashicorp/consul/latest/docs/data-sources/:path*,0.46611111,true,0.033
d21d9b701e7f19676318,string_similarity,3,/providers/hashicorp/consul/latest/docs,0.46357143,false,0.033
d226e79590a4579fc5ff,string_similarity,1,/android/build-a-backend/restapi/gen-ai,0.22697720,false,0.030
d226e79590a4579fc5ff,string_similarity,2,/flutter/build-a-backend/restapi/fetch-data,0.21924242,false,0.030
d226e79590a4579fc5ff,string_similarity,3,/android/build-a-backend/restapi/set-up-rest-api,0.21726244,false,0.030
d2aa4bea3473b3cc656d,string_similarity,1,/gen1/<platform>/tools/console,0.27805300,false,0.035
d2aa4bea3473b3cc656d,string_similarity,2,/gen1/<platform>/build-a-backend/utilities,0.26165541,false,0.035
d2aa4bea3473b3cc656d,string_similarity,3,/gen1/<platform>/build-a-backend/push-notifications,0.25640964,false,0.035
d2bd07b0530f45703660,string_similarity,1,/gen1/javascript/prev/build-a-backend/more-features/in-app-messaging/display-messages,0.32458739,true,0.031
d2bd07b0530f45703660,string_similarity,2,/angular/start/getting-started/nextsteps,0.28617021,false,0.031
d2bd07b0530f45703660,string_similarity,3,/gen1/javascript/prev/build-a-backend/more-features/in-app-messaging/clear-messages,0.26770073,false,0.031
d2d129801b6367623527,string_similarity,1,/android/build-a-backend/more-features/geo/maps,0.26773810,false,0.043
d2d129801b6367623527,string_similarity,2,/gen1/<platform>/tools/cli/<page>,0.18602484,false,0.043
d2d129801b6367623527,string_similarity,3,/amplify-js/api,0.17142857,false,0.043
d2ecb729cf3c82312532,string_similarity,1,/gen1/<platform>/tools/cli-legacy,0.26494565,false,0.036
d2ecb729cf3c82312532,string_similarity,2,/gen1/<platform>/tools/cli/<page>,0.24646739,false,0.036
d2ecb729cf3c82312532,string_similarity,3,/gen1/<platform>/tools/console,0.23237705,false,0.036
d3069513903a3a296085,string_similarity,1,/flutter,0.17500000,false,0.037
d3069513903a3a296085,string_similarity,2,/android/sdk,0.17296651,false,0.037
d3069513903a3a296085,string_similarity,3,/angular/build-a-backend,0.15483871,false,0.037
d341db7eec1c28b8f1c2,string_similarity,1,/gen1/javascript/prev/build-a-backend/more-features/geo/location-search,0.23023256,false,0.032
d341db7eec1c28b8f1c2,string_similarity,2,/gen1/<platform>/tools/cli-legacy,0.21428571,false,0.032
d341db7eec1c28b8f1c2,string_similarity,3,/gen1/<platform>/tools/cli/<page>,0.18095238,false,0.032
d37c167f2c430c2034d9,string_similarity,1,/gen1/<platform>/build-a-backend/auth/existing-resources,0.88130841,true,0.037
d37c167f2c430c2034d9,string_similarity,2,/gen1/<platform>/build-a-backend/existing-resources,0.77507003,false,0.037
d37c167f2c430c2034d9,string_similarity,3,/gen1/android/prev/build-a-backend/auth/existing-resources,0.72293578,false,0.037
d3b0db7ec1160c3636e7,string_similarity,1,/angular/start/getting-started/nextsteps,0.29285714,false,0.031
d3b0db7ec1160c3636e7,string_similarity,2,/gen1/flutter/build-a-backend/troubleshooting/upgrade-amplify-packages,0.25504386,false,0.031
d3b0db7ec1160c3636e7,string_similarity,3,/404/index.html,0.24491525,false,0.031
d3c2f14ed27508417f6d,string_similarity,1,/android/build-a-backend/storage/list,0.37261137,true,0.039
d3c2f14ed27508417f6d,string_similarity,2,/android/build-a-backend/storage/upload,0.29383333,false,0.039
d3c2f14ed27508417f6d,string_similarity,3,/android/build-a-backend/storage/lambda-triggers,0.27142857,false,0.039
d3ef8697b6d3ccafff29,string_similarity,1,/angular/build-a-backend/troubleshooting/cdktoolkit-stack,0.31323529,false,0.040
d3ef8697b6d3ccafff29,string_similarity,2,/flutter/build-a-backend/troubleshooting/cdktoolkit-stack,0.31323529,false,0.040
d3ef8697b6d3ccafff29,string_similarity,3,/flutter/start/project-setup/upgrade-guide,0.28500000,false,0.040
d3f5afdc94a2428c11f0,string_similarity,1,/404/index.html,0.31000000,false,0.030
d3f5afdc94a2428c11f0,string_similarity,2,/angular/start/getting-started/nextsteps,0.28333333,false,0.030
d3f5afdc94a2428c11f0,string_similarity,3,/gen1/angular/deploy-and-host/deployment,0.17333333,false,0.030
d3fa82e22d744c4b6487,string_similarity,1,/flux/monitoring/metrics,0.56162614,true,0.031
d3fa82e22d744c4b6487,string_similarity,2,/flux/monitoring/alerts,0.53787625,false,0.031
d3fa82e22d744c4b6487,string_similarity,3,/en/flux/monitoring/logs,0.50948328,false,0.031
d41c8ef9c08c5f63aa2b,string_similarity,1,/en/contributing/docs/writing-docs,0.42397260,false,0.032
d41c8ef9c08c5f63aa2b,string_similarity,2,/flux/contributing/docs/writing-docs,0.41666667,true,0.032
d41c8ef9c08c5f63aa2b,string_similarity,3,/en/contributing/docs/_index,0.41268657,false,0.032
d4603a3e60d50dca1f5f,string_similarity,1,/angular/build-a-backend/more-features/datastore/conflict-resolution,0.21890110,false,0.030
d4603a3e60d50dca1f5f,string_similarity,2,/flutter/build-a-backend/more-features/datastore/datastore-events,0.21272589,false,0.030
d4603a3e60d50dca1f5f,string_similarity,3,/flutter/build-a-backend/more-features/datastore/set-up-datastore,0.21235431,false,0.030
d48972aa2f702607ca88,string_similarity,1,/android/build-a-backend/auth/sign-out,0.28265182,false,0.037
d48972aa2f702607ca88,string_similarity,2,/flutter/build-a-backend/auth/sign-out,0.28265182,false,0.037
d48972aa2f702607ca88,string_similarity,3,/flutter/build-a-backend/auth/auth-events,0.27363786,false,0.037
d57fd5228b65e9112633,string_similarity,1,/gen1/<platform>/build-a-backend/storage/import,0.33762720,false,0.037
d57fd5228b65e9112633,string_similarity,2,/gen1/<platform>/tools/cli/<page>,0.24754043,false,0.037
d57fd5228b65e9112633,string_similarity,3,/gen1/<platform>/tools/cli-legacy,0.22619609,false,0.037
d580302b005cdd7c10e7,string_similarity,1,/gen1/<platform>/build-a-backend/utilities,0.20739434,false,0.029
d580302b005cdd7c10e7,string_similarity,2,/gen1/flutter/prev/start/project-setup,0.19245989,false,0.029
d580302b005cdd7c10e7,string_similarity,3,/flutter/build-a-backend/storage/get-properties,0.18729483,false,0.029
d5b2fd9caeaab9161bc8,string_similarity,1,/gen1/<platform>/build-a-backend/more-features,0.72826355,false,0.031
d5b2fd9caeaab9161bc8,string_similarity,2,/gen1/<platform>/build-a-backend/more-features/<page>,0.66941489,false,0.031
d5b2fd9caeaab9161bc8,string_similarity,3,/android/build-a-backend/more-features/datastore,0.63710540,false,0.031
d5e70f4a13003de38550,string_similarity,1,/examples/tutorials/deploy_otel,0.46993711,false,0.027
d5e70f4a13003de38550,string_similarity,2,/examples/tutorials/deno_deploy,0.46350943,false,0.027
d5e70f4a13003de38550,string_similarity,3,/examples/tutorials/deploy_command,0.43857143,false,0.027
d6159b8c2a34f9f5f70c,string_similarity,1,/gen1/android/prev/build-a-backend/more-features/predictions/interpret-sentiment,0.29505495,false,0.034
d6159b8c2a34f9f5f70c,string_similarity,2,/angular/build-a-backend/more-features/predictions/identify-text,0.25303644,false,0.034
d6159b8c2a34f9f5f70c,string_similarity,3,/android/build-a-backend/more-features/predictions/identify-text,0.24601889,false,0.034
d61813d88d8f569b5a9c,string_similarity,1,/gen1/<platform>/build-a-backend/graphqlapi/connect-api-to-existing-database,0.43800000,false,0.028
d61813d88d8f569b5a9c,string_similarity,2,/flutter/build-a-backend/restapi/fetch-data,0.40217391,false,0.028
d61813d88d8f569b5a9c,string_similarity,3,/android/build-a-backend/restapi/existing-resources,0.39800000,false,0.028
d62aadeeb4417f96e0c3,string_similarity,1,/gen1/flutter/prev/build-a-backend/more-features/analytics/enable-disable,0.33200993,true,0.032
d62aadeeb4417f96e0c3,string_similarity,2,/angular/start/getting-started/nextsteps,0.29065934,false,0.032
d62aadeeb4417f96e0c3,string_similarity,3,/gen1/android/prev/build-a-backend/more-features/analytics/enable-disable,0.28352535,false,0.032
d66ba715490e4ed92222,string_similarity,1,/angular/start/getting-started/nextsteps,0.29457831,false,0.030
d66ba715490e4ed92222,string_similarity,2,/404/index.html,0.24655172,false,0.030
d66ba715490e4ed92222,string_similarity,3,/gen1/android/prev/build-a-backend/more-features/predictions/interpret-sentiment,0.24639954,false,0.030
d68dbdee60b6fbaee602,string_similarity,1,/flux/installation/configuration/bootstrap-customization,0.74639640,true,0.037
d68dbdee60b6fbaee602,string_similarity,2,/en/flux/installation/configuration/bootstrap-customization,0.69310777,false,0.037
d68dbdee60b6fbaee602,string_similarity,3,/flux/installation/configuration,0.58925287,false,0.037
d69d724c4476a11872e3,string_similarity,1,/flutter/build-a-backend/more-features/analytics/identify-user,0.56246321,false,0.028
d69d724c4476a11872e3,string_similarity,2,/android/build-a-backend/more-features/analytics/record-events,0.56060845,false,0.028
d69d724c4476a11872e3,string_similarity,3,/android/build-a-backend/more-features/analytics/identify-user,0.55616400,false,0.028
d6f1d673eb7516ae7676,string_similarity,1,/angular/start/getting-started/nextsteps,0.29285714,false,0.034
d6f1d673eb7516ae7676,string_similarity,2,/404/index.html,0.25322581,false,0.034
d6f1d673eb7516ae7676,string_similarity,3,/angular/start/connect-to-aws-resources,0.21625000,false,0.034
d74288c9f9349a7f943d,string_similarity,1,/android/sdk/auth/getting-started,0.55630388,false,0.027
d74288c9f9349a7f943d,string_similarity,2,/android/start/getting-started/setup,0.41683841,false,0.027
d74288c9f9349a7f943d,string_similarity,3,/angular/start/getting-started/hosting,0.40930060,false,0.027
d753997a344fcf366308,string_similarity,1,/providers/vultr/vultr/latest/docs,0.35033613,false,0.027
d753997a344fcf366308,string_similarity,2,/providers/linode/linode/latest/docs,0.34428571,false,0.027
d753997a344fcf366308,string_similarity,3,/providers/hashicorp/vault/latest/docs,0.33361111,true,0.027
d7ec38d7ce71f6c3bda1,string_similarity,1,/flutter/build-a-backend/more-features/datastore/sync-to-cloud,0.29890777,false,0.031
d7ec38d7ce71f6c3bda1,string_similarity,2,/angular/start/getting-started/nextsteps,0.28827160,false,0.031
d7ec38d7ce71f6c3bda1,string_similarity,3,/gen1/flutter/prev/build-a-backend/more-features/datastore/sync-to-cloud,0.26634008,true,0.031
d839258d099e162d2c8c,string_similarity,1,/providers/hashicorp/cloudinit/latest/docs/resources/:path*,0.51660522,true,0.031
d839258d099e162d2c8c,string_similarity,2,/providers/ovh/ovh/latest/docs/guides/:path*,0.42849817,false,0.031
d839258d099e162d2c8c,string_similarity,3,/providers/nutanix/nutanix/latest/docs/resources/:path*,0.42757624,false,0.031
d86132328d8e3772de0c,string_similarity,1,/android/build-a-backend/restapi/existing-resources,0.40599411,false,0.032
d86132328d8e3772de0c,string_similarity,2,/flutter/build-a-backend/graphqlapi/existing-resources,0.32257143,false,0.032
d86132328d8e3772de0c,string_similarity,3,/gen1/<platform>/build-a-backend/existing-resources,0.29248360,false,0.032
d871f021116ecb03c0e5,string_similarity,1,/angular/getting-started/migration,0.29928571,false,0.026
d871f021116ecb03c0e5,string_similarity,2,/gen1/<platform>/tools/cli-legacy,0.27683824,false,0.026
d871f021116ecb03c0e5,string_similarity,3,/android/build-a-backend/storage/list,0.25691845,false,0.026
d8d9d504b6573fe12512,string_similarity,1,/gen1/<platform>/build-a-backend/utilities,0.21847507,false,0.029
d8d9d504b6573fe12512,string_similarity,2,/gen1/<platform>/start/getting-started,0.19047619,false,0.029
d8d9d504b6573fe12512,string_similarity,3,/gen1/<platform>/prev/start/<page>,0.19000000,false,0.029
d8faf7a1c8af0f45af30,string_similarity,1,/providers/dome9/dome9/latest/docs/resources/:path*,0.55691358,false,0.047
d8faf7a1c8af0f45af30,string_similarity,2,/providers/dome9/dome9/latest/docs/data-sources/:path*,0.50523810,true,0.047
d8faf7a1c8af0f45af30,string_similarity,3,/providers/ovh/ovh/latest/docs/guides/:path*,0.44069498,false,0.047
d913808dd167c706e7c6,string_similarity,1,/:lang/guides/deploy/:service,0.76593137,true,0.032
d913808dd167c706e7c6,string_similarity,2,/:lang/guides/deploy/firebase,0.51921569,false,0.032
d913808dd167c706e7c6,string_similarity,3,/en/guides/deploy/vercel,0.46444099,false,0.032
d920d2370bd2d381c4b6,string_similarity,1,/gen1/javascript/deploy-and-host/custom-configuration,0.31414419,false,0.032
d920d2370bd2d381c4b6,string_similarity,2,/gen1/angular/deploy-and-host/custom-configuration,0.31121281,false,0.032
d920d2370bd2d381c4b6,string_similarity,3,/gen1/<platform>/tools/cli/<page>,0.26813779,false,0.032
d9229447bc7f801b193b,string_similarity,1,/gen1/<platform>/deploy-and-host/deployment/<page>,0.44727273,false,0.029
d9229447bc7f801b193b,string_similarity,2,/gen1/angular/deploy-and-host/deployment,0.42800000,false,0.029
d9229447bc7f801b193b,string_similarity,3,/gen1/<platform>/deploy-and-host/frameworks/<page>,0.34522727,false,0.029
d92beaa24c4afe938b99,string_similarity,1,/gen1/<platform>/tools/libraries,0.85360169,true,0.028
d92beaa24c4afe938b99,string_similarity,2,/gen1/<platform>/tools/libraries/<page>,0.74727273,false,0.028
d92beaa24c4afe938b99,string_similarity,3,/gen1/<platform>/tools/console,0.51839406,false,0.028
d930c23f9b7ba6f8bca3,string_similarity,1,/gen1/<platform>/tools/console,0.51510088,false,0.031
d930c23f9b7ba6f8bca3,string_similarity,2,/gen1/<platform>/tools/cli/<page>,0.36875000,false,0.031
d930c23f9b7ba6f8bca3,string_similarity,3,/gen1/<platform>/tools/cli-legacy,0.36250000,false,0.031
d99dd56eb2e4b8092e35,string_similarity,1,/enterprise/requirements/network,0.58208426,true,0.035
d99dd56eb2e4b8092e35,string_similarity,2,/enterprise/requirements/os-specific/centos-requirements,0.42230312,false,0.035
d99dd56eb2e4b8092e35,string_similarity,3,/enterprise/requirements/os-specific/rhel-requirements,0.41199833,false,0.035
da1197539099e4dd49bf,string_similarity,1,/gen1/javascript/prev/build-a-backend/more-features/in-app-messaging/clear-messages,0.57179245,false,0.034
da1197539099e4dd49bf,string_similarity,2,/gen1/javascript/prev/build-a-backend/more-features/in-app-messaging/display-messages,0.56326087,false,0.034
da1197539099e4dd49bf,string_similarity,3,/android/build-a-backend/more-features/analytics/record-events,0.47349896,false,0.034
da47b755e5ef7efb4cfd,string_similarity,1,/providers/hashicorp/template/latest/docs,0.34814103,true,0.034
da47b755e5ef7efb4cfd,string_similarity,2,/providers/linode/linode/latest/docs,0.34679061,false,0.034
da47b755e5ef7efb4cfd,string_similarity,3,/providers/skytap/skytap/latest/docs,0.34679061,false,0.034
da583d9dc04113a2b892,string_similarity,1,/android/start/getting-started/installation,0.62587719,false,0.028
da583d9dc04113a2b892,string_similarity,2,/gen1/<platform>/start/getting-started/<page>,0.40439252,false,0.028
da583d9dc04113a2b892,string_similarity,3,/gen1/<platform>/start/getting-started,0.40100000,false,0.028
dac5da0bc25f1ff29987,string_similarity,1,/android/build-a-backend/auth/app-uninstall,0.32882353,true,0.028
dac5da0bc25f1ff29987,string_similarity,2,/android/start/sample-apps/to-do-app,0.24007610,false,0.028
dac5da0bc25f1ff29987,string_similarity,3,/android/sdk/analytics/endpoints,0.21072635,false,0.028
daedd247e5d1619e00d9,string_similarity,1,/flutter,0.36549020,false,0.030
daedd247e5d1619e00d9,string_similarity,2,/flutter/build-a-backend/more-features/analytics/auto-track-sessions,0.26455518,true,0.030
daedd247e5d1619e00d9,string_similarity,3,/flutter/build-a-backend/more-features/analytics/identify-user,0.24871526,false,0.030
db09d381b903401f4781,string_similarity,1,/en/flux/integrations/azure,0.45217391,false,0.037
db09d381b903401f4781,string_similarity,2,/flux/installation/bootstrap/azure-devops,0.39317245,true,0.037
db09d381b903401f4781,string_similarity,3,/en/flux/installation/bootstrap/azure-devops,0.36816802,false,0.037
db3e7bf51639e010289a,string_similarity,1,/gen1/android/prev/build-a-backend/auth/auth-events,0.47893579,false,0.031
db3e7bf51639e010289a,string_similarity,2,/gen1/flutter/prev/build-a-backend/auth/sign-out,0.47584466,false,0.031
db3e7bf51639e010289a,string_similarity,3,/gen1/flutter/prev/build-a-backend/auth/set-up-auth,0.47415094,false,0.031
db480d6afdfd57c2fd67,string_similarity,1,/android/deploy-and-host,0.59000000,false,0.031
db480d6afdfd57c2fd67,string_similarity,2,/gen1/angular/deploy-and-host/deployment,0.45515222,false,0.031
db480d6afdfd57c2fd67,string_similarity,3,/gen1/<platform>/deploy-and-host/deployment/<page>,0.39410211,false,0.031
db4d614ad829d46a2f20,string_similarity,1,/enterprise/requirements/os-specific/rhel-requirements,0.72522457,true,0.027
db4d614ad829d46a2f20,string_similarity,2,/enterprise/requirements/os-specific/centos-requirements,0.58108696,false,0.027
db4d614ad829d46a2f20,string_similarity,3,/enterprise/requirements/network,0.34656593,false,0.027
dbd4199122a3b442d3e1,string_similarity,1,/guides,0.85000000,false,0.026
dbd4199122a3b442d3e1,string_similarity,2,/language/upgrade-guides/0-8,0.31000000,false,0.026
dbd4199122a3b442d3e1,string_similarity,3,/language/upgrade-guides/0-9,0.31000000,false,0.026
dc15612e6acc2a526102,string_similarity,1,/:lang/reference/publish-to-npm,0.76186441,true,0.039
dc15612e6acc2a526102,string_similarity,2,/:lang/guides/routing,0.50255102,false,0.039
dc15612e6acc2a526102,string_similarity,3,/:lang/guides/images,0.49523810,false,0.039
dc68bf9ea22584befd2a,string_similarity,1,/android/sdk/auth/working-with-api,0.22216418,false,0.026
dc68bf9ea22584befd2a,string_similarity,2,/android/sdk/auth/federated-identities,0.21901408,false,0.026
dc68bf9ea22584befd2a,string_similarity,3,/flutter/build-a-backend/auth/auth-events,0.21670762,false,0.026
dcf5363341013bf708a0,string_similarity,1,/en/reference/integrations-reference,0.54705882,true,0.034
dcf5363341013bf708a0,string_similarity,2,/:lang/reference/dev-toolbar-app-reference,0.34991225,false,0.034
dcf5363341013bf708a0,string_similarity,3,/:lang/reference/astro-syntax,0.29294417,false,0.034
dd36469a4fcc8c84dbe6,string_similarity,1,/angular/start/getting-started/nextsteps,0.28186813,false,0.026
dd36469a4fcc8c84dbe6,string_similarity,2,/404/index.html,0.23484848,false,0.026
dd36469a4fcc8c84dbe6,string_similarity,3,/gen1/<platform>/build-a-backend/functions/layers,0.20550000,false,0.026
dd5065cb1376ac55e7b1,string_similarity,1,/flutter/build-a-backend/more-features/datastore/schema-updates,0.34383542,false,0.032
dd5065cb1376ac55e7b1,string_similarity,2,/flutter/build-a-backend/more-features/datastore/set-up-datastore,0.24641689,false,0.032
dd5065cb1376ac55e7b1,string_similarity,3,/android/build-a-backend/more-features/datastore,0.21550148,false,0.032
dd5e50055d70789c1708,string_similarity,1,/flutter/build-a-backend/more-features/analytics/identify-user,0.54372281,false,0.034
dd5e50055d70789c1708,string_similarity,2,/android/build-a-backend/more-features/analytics/identify-user,0.53796741,false,0.034
dd5e50055d70789c1708,string_similarity,3,/android/build-a-backend/more-features/analytics/record-events,0.53080445,false,0.034
dda9c639886eb6b82c86,string_similarity,1,/android/start/sample-apps/to-do-app,0.51818015,true,0.030
dda9c639886eb6b82c86,string_similarity,2,/android/start/getting-started/integrate,0.31090690,false,0.030
dda9c639886eb6b82c86,string_similarity,3,/android/start/getting-started/installation,0.27702046,false,0.030
ddb590b82276f82400e2,string_similarity,1,/gen1/<platform>/build-a-backend/utilities,0.21642633,false,0.029
ddb590b82276f82400e2,string_similarity,2,/gen1/flutter/prev/start/project-setup,0.18755648,false,0.029
ddb590b82276f82400e2,string_similarity,3,/gen1/<platform>/start/getting-started,0.18313253,false,0.029
ddb595d05e7925cd57b4,string_similarity,1,/gen1/android/build-a-backend/auth/switch-auth,0.58596639,false,0.029
ddb595d05e7925cd57b4,string_similarity,2,/gen1/javascript/prev/build-a-backend/auth/switch-auth,0.53586435,false,0.029
ddb595d05e7925cd57b4,string_similarity,3,/angular/build-a-backend/auth,0.50931743,false,0.029
de9c0139c1a4130a00d3,string_similarity,1,/providers/scaleway/scaleway/latest/docs/guides/:path*,0.56747126,false,0.032
de9c0139c1a4130a00d3,string_similarity,2,/providers/scaleway/scaleway/latest/docs/resources/:path*,0.55888889,false,0.032
de9c0139c1a4130a00d3,string_similarity,3,/providers/scaleway/scaleway/latest/docs/data-sources/:path*,0.50800307,true,0.032
deb158611eb8e9891271,string_similarity,1,/angular/start/getting-started/nextsteps,0.27800000,false,0.029
deb158611eb8e9891271,string_similarity,2,/404/index.html,0.24600000,false,0.029
deb158611eb8e9891271,string_similarity,3,/flutter,0.22383721,false,0.029
df09f7da88037a684e26,string_similarity,1,/android/sdk/analytics/endpoints,0.27133929,false,0.035
df09f7da88037a684e26,string_similarity,2,/android/build-a-backend/more-features/analytics/record-events,0.26236364,false,0.035
df09f7da88037a684e26,string_similarity,3,/android/sdk/analytics/kinesis,0.23095588,false,0.035
df23c2ce44d1cd031bec,string_similarity,1,/language/upgrade-guides/0-15,0.85500000,false,0.032
df23c2ce44d1cd031bec,string_similarity,2,/language/v1.1.x/upgrade-guides/0-15,0.72192308,true,0.032
df23c2ce44d1cd031bec,string_similarity,3,/language/upgrade-guides/0-8,0.72144737,false,0.032
df40c30afe130e079965,string_similarity,1,/providers/splunk-terraform/signalfx/latest/docs/resources/:path*,0.46357143,true,0.037
df40c30afe130e079965,string_similarity,2,/providers/Venafi/venafi/latest/docs/resources/:path*,0.42611296,false,0.037
df40c30afe130e079965,string_similarity,3,/providers/opsgenie/opsgenie/latest/docs/guides/:path*,0.42354680,false,0.037
df6f9270361b6b006804,string_similarity,1,/angular/start/getting-started/nextsteps,0.47111111,false,0.027
df6f9270361b6b006804,string_similarity,2,/flutter/start/getting-started/nextsteps,0.38111111,false,0.027
df6f9270361b6b006804,string_similarity,3,/android/start/getting-started/integrate,0.33000000,false,0.027
df76e6147c8cc8f1b881,string_similarity,1,/angular/build-a-backend/more-features/predictions/identify-text,0.20592010,false,0.036
df76e6147c8cc8f1b881,string_similarity,2,/android/build-a-backend/more-features/predictions/identify-text,0.19914044,false,0.036
df76e6147c8cc8f1b881,string_similarity,3,/gen1/android/prev/build-a-backend/more-features/predictions/interpret-sentiment,0.19528918,false,0.036
dfd6b03880880d6a96f6,string_similarity,1,/angular/start/getting-started/nextsteps,0.29222222,false,0.027
dfd6b03880880d6a96f6,string_similarity,2,/gen1/javascript/prev/build-a-backend/more-features/datastore/relational-models,0.27128801,true,0.027
dfd6b03880880d6a96f6,string_similarity,3,/gen1/javascript/prev/build-a-backend/more-features/datastore,0.23355856,false,0.027
e02b13747c13376df273,string_similarity,1,/android/start/getting-started/integrate,0.29178571,false,0.030
e02b13747c13376df273,string_similarity,2,/android/start/getting-started/generate-model,0.28668478,false,0.030
e02b13747c13376df273,string_similarity,3,/android/start/getting-started/setup,0.26970238,false,0.030
e03841ed41db9cf8f259,string_similarity,1,/gen1/android/prev/build-a-backend/graphqlapi/query-data,0.55639907,false,0.031
e03841ed41db9cf8f259,string_similarity,2,/gen1/flutter/prev/build-a-backend/graphqlapi/query-data,0.55639907,false,0.031
e03841ed41db9cf8f259,string_similarity,3,/gen1/javascript/prev/build-a-backend/graphqlapi/offline,0.50120012,false,0.031
e0aa086f03fea61e8a98,string_similarity,1,/angular/start/getting-started/nextsteps,0.30802469,false,0.027
e0aa086f03fea61e8a98,string_similarity,2,/flutter/build-a-backend/graphqlapi/existing-resources,0.30052632,false,0.027
e0aa086f03fea61e8a98,string_similarity,3,/android/build-a-backend/restapi/existing-resources,0.29869565,false,0.027
e0ddbdeed56c5152f291,string_similarity,1,/gen1/angular/deploy-and-host/custom-configuration,0.44666667,false,0.028
e0ddbdeed56c5152f291,string_similarity,2,/gen1/angular/deploy-and-host/deployment,0.44186047,false,0.028
e0ddbdeed56c5152f291,string_similarity,3,/gen1/javascript/deploy-and-host/custom-configuration,0.43050505,false,0.028
e10c87ce210d6fc0cbc9,string_similarity,1,/android/build-a-backend/restapi/existing-resources,0.29872294,false,0.030
e10c87ce210d6fc0cbc9,string_similarity,2,/flutter/build-a-backend/graphqlapi/existing-resources,0.29240981,false,0.030
e10c87ce210d6fc0cbc9,string_similarity,3,/gen1/android/prev/build-a-backend/more-features/geo/existing-resources,0.29120690,false,0.030
e126ae7d523b583444a2,string_similarity,1,/:lang/concepts/islands,0.48085495,false,0.030
e126ae7d523b583444a2,string_similarity,2,/:lang/guides/endpoints,0.47561598,true,0.030
e126ae7d523b583444a2,string_similarity,3,/:lang/concepts/why-astro,0.40584416,false,0.030
e16eb9bf07085a7b6942,string_similarity,1,/android/build-a-backend/functions,0.44675325,false,0.030
e16eb9bf07085a7b6942,string_similarity,2,/angular/build-a-backend/functions,0.44675325,false,0.030
e16eb9bf07085a7b6942,string_similarity,3,/flutter/build-a-backend/push-notifications/interact-with-notifications,0.42388889,false,0.030
e17ff128d2a241543a21,string_similarity,1,/providers/DNSMadeEasy/dme/latest/docs/guides/:path*,0.59495798,true,0.033
e17ff128d2a241543a21,string_similarity,2,/providers/ovh/ovh/latest/docs/guides/:path*,0.53727273,false,0.033
e17ff128d2a241543a21,string_similarity,3,/providers/fastly/fastly/latest/docs/guides/:path*,0.51774527,false,0.033
e22e459c043a8f3f2d46,string_similarity,1,/angular/build-a-backend/functions,0.43269120,false,0.030
e22e459c043a8f3f2d46,string_similarity,2,/android/build-a-backend/functions,0.42461039,false,0.030
e22e459c043a8f3f2d46,string_similarity,3,/gen1/<platform>/build-a-backend/functions/layers,0.40109649,false,0.030
e23f12b5f36c95c2b97e,string_similarity,1,/:lang/guides/upgrade-to/v1,0.32364055,true,0.029
e23f12b5f36c95c2b97e,string_similarity,2,/:lang/guides/routing,0.32269795,false,0.029
e23f12b5f36c95c2b97e,string_similarity,3,/:lang/recipes,0.32115709,false,0.029
e242eed672bb24ff4c80,string_similarity,1,/flutter/build-a-backend/graphqlapi/existing-resources,0.24539889,false,0.026
e242eed672bb24ff4c80,string_similarity,2,/flutter/build-a-backend/graphqlapi/api-graphql-concepts,0.23473529,false,0.026
e242eed672bb24ff4c80,string_similarity,3,/android/build-a-backend/graphqlapi/client-code-generation,0.23074930,false,0.026
e3038b0651c99819f79b,string_similarity,1,/providers/Constellix/constellix/latest/docs/guides/:path*,0.67071429,true,0.032
e3038b0651c99819f79b,string_similarity,2,/providers/ovh/ovh/latest/docs/guides/:path*,0.53380952,false,0.032
e3038b0651c99819f79b,string_similarity,3,/providers/fastly/fastly/latest/docs/guides/:path*,0.52492063,false,0.032
e34f83fe97058e5bdedf,string_similarity,1,/flutter/build-a-backend/push-notifications/enable-rich-notifications,0.53613139,true,0.031
e34f83fe97058e5bdedf,string_similarity,2,/flutter/build-a-backend/push-notifications/interact-with-notifications,0.37520929,false,0.031
e34f83fe97058e5bdedf,string_similarity,3,/flutter/build-a-backend/push-notifications/identify-user,0.33720469,false,0.031
e38ecdf9dbcb057cd5e2,string_similarity,1,/android/build-a-backend/push-notifications/test-notifications,0.38311688,true,0.028
e38ecdf9dbcb057cd5e2,string_similarity,2,/android/build-a-backend/push-notifications/record-notifications,0.36052632,false,0.028
e38ecdf9dbcb057cd5e2,string_similarity,3,/android/build-a-backend/push-notifications/set-up-push-notifications,0.35308078,false,0.028
e3c6c20a35d1f1d83cb4,string_similarity,1,/gen1/flutter/prev/build-a-backend/restapi/delete-data,0.29956938,true,0.030
e3c6c20a35d1f1d83cb4,string_similarity,2,/angular/start/getting-started/nextsteps,0.29814815,false,0.030
e3c6c20a35d1f1d83cb4,string_similarity,3,/404/index.html,0.26428571,false,0.030
e48d1328828939bc3c99,string_similarity,1,/:lang/reference/astro-syntax,0.34499835,false,0.029
e48d1328828939bc3c99,string_similarity,2,/:lang/reference/modules/astro-config,0.33505848,false,0.029
e48d1328828939bc3c99,string_similarity,3,/:lang/reference/publish-to-npm,0.32787115,false,0.029
e51cc00af60a0f4c1afb,string_similarity,1,/gen1/angular/build-a-backend/server-side-rendering/nextjs,0.64869836,false,0.038
e51cc00af60a0f4c1afb,string_similarity,2,/angular/build-a-backend/server-side-rendering,0.61494748,false,0.038
e51cc00af60a0f4c1afb,string_similarity,3,/gen1/javascript/build-a-backend/server-side-rendering/nuxt,0.54288219,false,0.038
e56efcd2c3fae6e76ad3,string_similarity,1,/gen1/flutter/prev/build-a-backend/restapi/set-up-rest-api,0.31963484,false,0.046
e56efcd2c3fae6e76ad3,string_similarity,2,/android/build-a-backend/restapi/set-up-rest-api,0.31551956,false,0.046
e56efcd2c3fae6e76ad3,string_similarity,3,/gen1/<platform>/build-a-backend/graphqlapi/connect-api-to-existing-database,0.27240428,false,0.046
e582adda270f2e61730d,string_similarity,1,/gen1/<platform>/tools/cli/<page>,0.28246753,false,0.027
e582adda270f2e61730d,string_similarity,2,/gen1/<platform>/sdk/analytics/<page>,0.28123487,false,0.027
e582adda270f2e61730d,string_similarity,3,/angular/start/getting-started/nextsteps,0.27903226,false,0.027
e59de135a22be4854829,string_similarity,1,/flutter/build-a-backend/more-features/datastore/schema-updates,0.39384772,true,0.031
e59de135a22be4854829,string_similarity,2,/flutter,0.33928571,false,0.031
e59de135a22be4854829,string_similarity,3,/flutter/build-a-backend/more-features/datastore/set-up-datastore,0.28323009,false,0.031
e5a99cc743319e9b6ec4,string_similarity,1,/android/sdk/analytics/endpoints,0.63683250,false,0.037
e5a99cc743319e9b6ec4,string_similarity,2,/gen1/<platform>/sdk/analytics/<page>,0.46259921,false,0.037
e5a99cc743319e9b6ec4,string_similarity,3,/android/sdk/analytics/kinesis,0.40846154,false,0.037
e5c53336fb0ed107cb0e,string_similarity,1,/language/v1.1.x/upgrade-guides/0-10,0.84388889,true,0.029
e5c53336fb0ed107cb0e,string_similarity,2,/language/v1.1.x/upgrade-guides/1-0,0.73700340,false,0.029
e5c53336fb0ed107cb0e,string_similarity,3,/language/v1.1.x/upgrade-guides/0-9,0.73683099,false,0.029
e5fba4c7959c9d579e8b,string_similarity,1,/android/build-a-backend/functions,0.42821075,false,0.030
e5fba4c7959c9d579e8b,string_similarity,2,/angular/build-a-backend/functions,0.42821075,false,0.030
e5fba4c7959c9d579e8b,string_similarity,3,/gen1/<platform>/build-a-backend/functions/layers,0.41077586,false,0.030
e61d6b2b6b63342724c2,string_similarity,1,/cloud-docs/policy-enforcement/sentinel/import/tfstate-v2,0.68634615,true,0.043
e61d6b2b6b63342724c2,string_similarity,2,/cloud-docs/policy-enforcement/sentinel/import/tfstate,0.58559783,false,0.043
e61d6b2b6b63342724c2,string_similarity,3,/cloud-docs/policy-enforcement/sentinel/import/tfplan,0.47252747,false,0.043
e662b1dc4386e8724ccd,string_similarity,1,/angular/getting-started/migration,0.32563796,false,0.038
e662b1dc4386e8724ccd,string_similarity,2,/gen1/<platform>/tools/cli/<page>,0.26459627,false,0.038
e662b1dc4386e8724ccd,string_similarity,3,/gen1/<platform>/tools/cli-legacy,0.24910714,false,0.038
e6c5539a4bfb0acfa410,string_similarity,1,/gen1/flutter/prev/build-a-backend/more-features/analytics/enable-disable,0.50017825,false,0.029
e6c5539a4bfb0acfa410,string_similarity,2,/gen1/android/prev/build-a-backend/more-features/analytics/enable-disable,0.49233512,false,0.029
e6c5539a4bfb0acfa410,string_similarity,3,/flutter/build-a-backend/auth/enable-guest-access,0.31161093,false,0.029
e77846350d163aae2fda,string_similarity,1,/examples/tutorials/deno_deploy,0.85000000,false,0.029
e77846350d163aae2fda,string_similarity,2,/examples/tutorials/deno_doc,0.63610169,false,0.029
e77846350d163aae2fda,string_similarity,3,/examples/tutorials/deploy_otel,0.60548387,false,0.029
e799bbda373d093b813b,string_similarity,1,/language/v1.2.x/settings/backends/etcdv3,0.72266667,true,0.025
e799bbda373d093b813b,string_similarity,2,/language/v1.2.x/settings/backends/manta,0.53851351,false,0.025
e799bbda373d093b813b,string_similarity,3,/language/v1.2.x/settings/backends/swift,0.53851351,false,0.025
e7ba25c319b7baa8402f,string_similarity,1,/terraform/plugin/best-practices/provider-code,0.50400000,true,0.028
e7ba25c319b7baa8402f,string_similarity,2,/terraform/plugin/best-practices/interacting-with-providers,0.47026549,false,0.028
e7ba25c319b7baa8402f,string_similarity,3,/terraform/plugin/testing/testing-patterns,0.36666667,false,0.028
e7c6755dcfa14e75fb45,string_similarity,1,/angular/start/getting-started/nextsteps,0.28333333,false,0.027
e7c6755dcfa14e75fb45,string_similarity,2,/404/index.html,0.22804878,false,0.027
e7c6755dcfa14e75fb45,string_similarity,3,/amplify-js/api,0.19207317,false,0.027
e84a90d671017ea9b940,string_similarity,1,/flutter/start/project-setup/escape-hatch,0.32376524,false,0.029
e84a90d671017ea9b940,string_similarity,2,/flutter/start/project-setup/upgrade-guide,0.28745858,false,0.029
e84a90d671017ea9b940,string_similarity,3,/gen1/<platform>/start/project-setup/<page>,0.28047619,false,0.029
e858b1a44a8afc837b4f,string_similarity,1,/:lang/concepts/islands,0.49210172,false,0.030
e858b1a44a8afc837b4f,string_similarity,2,/:lang/basics/layouts,0.47161352,true,0.030
e858b1a44a8afc837b4f,string_similarity,3,/:lang/concepts/why-astro,0.43026954,false,0.030
e8a20968687ac0f2bb6c,string_similarity,1,/android/sdk/analytics/kinesis,0.30161071,false,0.028
e8a20968687ac0f2bb6c,string_similarity,2,/android/sdk/analytics/endpoints,0.29594988,false,0.028
e8a20968687ac0f2bb6c,string_similarity,3,/gen1/android/prev/build-a-backend/more-features/analytics/auto-track-sessions,0.23190860,true,0.028
e8ae0e60122a86edc4b4,string_similarity,1,/:lang/404,0.28913043,false,0.028
e8ae0e60122a86edc4b4,string_similarity,2,/:lang/:splat,0.27307692,false,0.028
e8ae0e60122a86edc4b4,string_similarity,3,/:splat,0.27000000,false,0.028
e8faa1883a419a25ee65,string_similarity,1,/providers/hashicorp/archive/latest/docs/resources/:path*,0.50983949,true,0.032
e8faa1883a419a25ee65,string_similarity,2,/providers/ovh/ovh/latest/docs/guides/:path*,0.43443609,false,0.032
e8faa1883a419a25ee65,string_similarity,3,/providers/Venafi/venafi/latest/docs/resources/:path*,0.42873950,false,0.032
e8fe36952c9a55dff4eb,string_similarity,1,/providers/vmware/nsxt/latest/docs/guides/:path*,0.51649351,false,0.029
e8fe36952c9a55dff4eb,string_similarity,2,/providers/vmware/nsxt/latest/docs/data-sources/:path*,0.46632530,true,0.029
e8fe36952c9a55dff4eb,string_similarity,3,/providers/ovh/ovh/latest/docs/guides/:path*,0.44395303,false,0.029
e9390b4c14eebf02b830,string_similarity,1,/runtime/reference/std,0.30902299,true,0.030
e9390b4c14eebf02b830,string_similarity,2,/runtime/contributing,0.29017534,false,0.030
e9390b4c14eebf02b830,string_similarity,3,/runtime/reference/jsx,0.28235632,false,0.030
e957cb28bd72edcfc170,string_similarity,1,/flutter/start/project-setup/upgrade-guide,0.55538594,true,0.028
e957cb28bd72edcfc170,string_similarity,2,/flutter/start/project-setup/escape-hatch,0.34773292,false,0.028
e957cb28bd72edcfc170,string_similarity,3,/flutter,0.32276029,false,0.028
e9a54c9b5c94db8778ba,string_similarity,1,/flutter/build-a-backend/auth/auth-events,0.33355263,false,0.025
e9a54c9b5c94db8778ba,string_similarity,2,/gen1/<platform>/build-a-backend/auth/auth-events,0.30000000,false,0.025
e9a54c9b5c94db8778ba,string_similarity,3,/angular/start/getting-started/nextsteps,0.29933333,false,0.025
ea57f704b282f17123b3,string_similarity,1,/providers/turbot/turbot/latest/docs/guides/:path*,0.56679012,false,0.030
ea57f704b282f17123b3,string_similarity,2,/providers/turbot/turbot/latest/docs/resources/:path*,0.55761905,true,0.030
ea57f704b282f17123b3,string_similarity,3,/providers/turbot/turbot/latest/docs,0.54268657,false,0.030
ea94962075ea62caf0d1,string_similarity,1,/angular/start/getting-started/nextsteps,0.28968254,false,0.028
ea94962075ea62caf0d1,string_similarity,2,/amplify-js/api,0.25842105,false,0.028
ea94962075ea62caf0d1,string_similarity,3,/android/sdk/api/graphql,0.22819149,false,0.028
eb15d92ba212990f874d,string_similarity,1,/gen1/<platform>/build-a-backend/auth/auth-events,0.52704082,false,0.029
eb15d92ba212990f874d,string_similarity,2,/gen1/<platform>/build-a-backend/auth/managing-credentials,0.48411215,false,0.029
eb15d92ba212990f874d,string_similarity,3,/gen1/<platform>/build-a-backend/auth/existing-resources,0.48190476,false,0.029
eb40aa3c7e902a0c6e5b,string_similarity,1,/<platform>/build-a-backend/auth/modify-resources-with-cdk,0.28223392,false,0.035
eb40aa3c7e902a0c6e5b,string_similarity,2,/angular/start/connect-to-aws-resources,0.27826118,false,0.035
eb40aa3c7e902a0c6e5b,string_similarity,3,/gen1/<platform>/tools/cli/<page>,0.27285088,false,0.035
eba15af7aa552b81c441,string_similarity,1,/flutter/build-a-backend/storage/get-properties,0.84476190,false,0.025
eba15af7aa552b81c441,string_similarity,2,/android/build-a-backend/storage/list,0.54420455,false,0.025
eba15af7aa552b81c441,string_similarity,3,/android/build-a-backend/storage/upload,0.54192073,false,0.025
ebb915aed832a1161de6,string_similarity,1,/angular/getting-started/migration,0.36939350,false,0.034
ebb915aed832a1161de6,string_similarity,2,/android/start/getting-started/installation,0.35247387,false,0.034
ebb915aed832a1161de6,string_similarity,3,/angular/start/getting-started/hosting,0.33739496,false,0.034
ebf0a18652c27d603f81,string_similarity,1,/gen1/<platform>/tools/cli/<page>,0.25895238,false,0.027
ebf0a18652c27d603f81,string_similarity,2,/gen1/<platform>/tools/cli-legacy,0.24687395,false,0.027
ebf0a18652c27d603f81,string_similarity,3,/amplify-js/api,0.24558824,false,0.027
ec27e639eb1d567a4b27,string_similarity,1,/angular/start/getting-started/nextsteps,0.29065934,false,0.025
ec27e639eb1d567a4b27,string_similarity,2,/flutter/build-a-backend/more-features/analytics/auto-track-sessions,0.21151261,false,0.025
ec27e639eb1d567a4b27,string_similarity,3,/404/index.html,0.21060606,false,0.025
ec302288598f56645aec,string_similarity,1,/angular/build-a-backend/functions,0.57651515,true,0.033
ec302288598f56645aec,string_similarity,2,/android/build-a-backend/functions,0.46818182,false,0.033
ec302288598f56645aec,string_similarity,3,/angular/build-a-backend/auth,0.45484950,false,0.033
ec44e7824c1402e9f375,string_similarity,1,/angular/start/getting-started/nextsteps,0.27203390,false,0.026
ec44e7824c1402e9f375,string_similarity,2,/404/index.html,0.26764706,false,0.026
ec44e7824c1402e9f375,string_similarity,3,/gen1/<platform>/tools/cli-legacy,0.17197802,false,0.026
ec540e6c4a3ec357a342,string_similarity,1,/flutter,0.38545455,false,0.030
ec540e6c4a3ec357a342,string_similarity,2,/flutter/build-a-backend/auth/sign-out,0.28832924,true,0.030
ec540e6c4a3ec357a342,string_similarity,3,/flutter/build-a-backend/auth/set-up-auth,0.28766234,false,0.030
ec75c78bdf5e2b8ef4a7,string_similarity,1,/examples/tutorials/drizzle,0.85000000,false,0.027
ec75c78bdf5e2b8ef4a7,string_similarity,2,/examples/tutorials/fresh,0.56346154,false,0.027
ec75c78bdf5e2b8ef4a7,string_similarity,3,/examples/tutorials/react,0.56346154,false,0.027
ec786510a752823d7044,string_similarity,1,/angular/getting-started/migration,0.33341014,false,0.029
ec786510a752823d7044,string_similarity,2,/android/start/getting-started/installation,0.33082949,false,0.029
ec786510a752823d7044,string_similarity,3,/angular/start/getting-started/hosting,0.31700535,false,0.029
ecd1ef4a2b3862e2e685,string_similarity,1,/android/sdk/auth/getting-started,0.46906250,false,0.025
ecd1ef4a2b3862e2e685,string_similarity,2,/android/start/getting-started/integrate,0.39923990,false,0.025
ecd1ef4a2b3862e2e685,string_similarity,3,/android/start/getting-started/installation,0.39000000,false,0.025
ecd32a77841d118dbdb3,string_similarity,1,/terraform/plugin/framework/handling-data/accessing-values,0.66652661,true,0.023
ecd32a77841d118dbdb3,string_similarity,2,/terraform/plugin/framework-benefits,0.53500000,false,0.023
ecd32a77841d118dbdb3,string_similarity,3,/terraform/plugin/framework/handling-data/paths,0.47644231,false,0.023
ed195da6e77b1482f890,string_similarity,1,/gen1/javascript/prev/build-a-backend/more-features/datastore/real-time,0.29125362,false,0.034
ed195da6e77b1482f890,string_similarity,2,/gen1/flutter/prev/build-a-backend/more-features/datastore/real-time,0.28915966,false,0.034
ed195da6e77b1482f890,string_similarity,3,/flutter/build-a-backend/more-features/datastore/datastore-events,0.21573892,false,0.034
ed541e6c82c00f71f3de,string_similarity,1,/providers/grafana/grafana/latest/docs/resources/:path*,0.55827586,true,0.030
ed541e6c82c00f71f3de,string_similarity,2,/providers/grafana/grafana/latest/docs,0.54285714,false,0.030
ed541e6c82c00f71f3de,string_similarity,3,/providers/grafana/grafana/latest/docs/data-sources/:path*,0.50714286,false,0.030
ed813d8eb7f9c4c79ab2,string_similarity,1,/angular/start/getting-started/nextsteps,0.30058824,false,0.024
ed813d8eb7f9c4c79ab2,string_similarity,2,/404/index.html,0.24333333,false,0.024
ed813d8eb7f9c4c79ab2,string_similarity,3,/android/build-a-backend/restapi/set-up-rest-api,0.22406948,false,0.024
ed99a3168f38e6ad838f,string_similarity,1,/angular/build-a-backend/functions,0.62754690,true,0.034
ed99a3168f38e6ad838f,string_similarity,2,/angular/build-a-backend/server-side-rendering,0.51651584,false,0.034
ed99a3168f38e6ad838f,string_similarity,3,/android/build-a-backend/functions,0.50359848,false,0.034
edc9af5986a9b0a40ee4,string_similarity,1,/angular/start/connect-to-aws-resources,0.61200516,false,0.027
edc9af5986a9b0a40ee4,string_similarity,2,/gen1/android/prev/start/project-setup/use-existing-resources,0.51392857,false,0.027
edc9af5986a9b0a40ee4,string_similarity,3,/gen1/<platform>/build-a-backend/existing-resources,0.41728070,false,0.027
edcfba45a49375ea7309,string_similarity,1,/angular/start/getting-started/nextsteps,0.47716049,false,0.034
edcfba45a49375ea7309,string_similarity,2,/angular/getting-started/migration,0.34716667,false,0.034
edcfba45a49375ea7309,string_similarity,3,/android/start/getting-started/installation,0.33809524,false,0.034
edea8077f1987e375220,string_similarity,1,/flutter/build-a-backend/graphqlapi/advanced-workflows,0.48404432,true,0.026
edea8077f1987e375220,string_similarity,2,/gen1/flutter/prev/build-a-backend/graphqlapi/advanced-workflows,0.41731734,false,0.026
edea8077f1987e375220,string_similarity,3,/gen1/android/prev/build-a-backend/graphqlapi/advanced-workflows,0.35320701,false,0.026
ee598184f22f68d8e692,string_similarity,1,/android/deploy-and-host,0.75209040,true,0.036
ee598184f22f68d8e692,string_similarity,2,/gen1/angular/deploy-and-host/deployment,0.65447619,false,0.036
ee598184f22f68d8e692,string_similarity,3,/gen1/<platform>/deploy-and-host/deployment/<page>,0.57401961,false,0.036
eea976ca0669871cac0b,string_similarity,1,/android/build-a-backend/push-notifications/test-notifications,0.32200322,false,0.025
eea976ca0669871cac0b,string_similarity,2,/android/build-a-backend/push-notifications/record-notifications,0.31579516,false,0.025
eea976ca0669871cac0b,string_similarity,3,/android/build-a-backend/push-notifications/set-up-push-notifications,0.30239583,false,0.025
eeeb0e47a4185b7c97ed,string_similarity,1,/providers/hashicorp/google/latest/docs/resources/:path*,0.50622332,false,0.030
eeeb0e47a4185b7c97ed,string_similarity,2,/providers/hashicorp/google/latest/docs/data-sources/:path*,0.46611111,true,0.030
eeeb0e47a4185b7c97ed,string_similarity,3,/providers/ovh/ovh/latest/docs/guides/:path*,0.45885714,false,0.030
eef476d2eef100a4df7d,string_similarity,1,/en/getting-started,0.54388889,false,0.035
eef476d2eef100a4df7d,string_similarity,2,/ar/getting-started,0.40944444,false,0.035
eef476d2eef100a4df7d,string_similarity,3,/en/contribute,0.38075806,false,0.035
ef862d8102308edb8404,string_similarity,1,/:lang/guides/content-collections,0.58279938,false,0.033
ef862d8102308edb8404,string_similarity,2,/en/guides/content-collections,0.45474654,false,0.033
ef862d8102308edb8404,string_similarity,3,/:lang/guides/markdown-content,0.37794643,false,0.033
f07c1b38889821439cc1,string_similarity,1,/angular/start/getting-started/nextsteps,0.27800000,false,0.025
f07c1b38889821439cc1,string_similarity,2,/404/index.html,0.24600000,false,0.025
f07c1b38889821439cc1,string_similarity,3,/flutter/build-a-backend/auth/auth-events,0.20289474,false,0.025
f09d56e0314474725f5c,string_similarity,1,/providers/skytap/skytap/latest/docs,0.36392354,true,0.027
f09d56e0314474725f5c,string_similarity,2,/providers/akamai/akamai/latest/docs,0.33012072,false,0.027
f09d56e0314474725f5c,string_similarity,3,/providers/linode/linode/latest/docs,0.33012072,false,0.027
f0cfa9bfd8496f1304ce,string_similarity,1,/angular/start/getting-started/nextsteps,0.30189873,false,0.028
f0cfa9bfd8496f1304ce,string_similarity,2,/android/sdk/analytics/endpoints,0.25281690,false,0.028
f0cfa9bfd8496f1304ce,string_similarity,3,/404/index.html,0.23888889,false,0.028
f0ec5a8a73f3981fd092,string_similarity,1,/gen1/javascript/build-ui/uibuilder,0.34363636,false,0.028
f0ec5a8a73f3981fd092,string_similarity,2,/angular/build-a-backend,0.28219697,false,0.028
f0ec5a8a73f3981fd092,string_similarity,3,/flutter/build-a-backend,0.28219697,false,0.028
f12e0922b388eb9b9d4f,string_similarity,1,/examples/tutorials/digital_ocean,0.91750000,false,0.029
f12e0922b388eb9b9d4f,string_similarity,2,/examples/digital_ocean_tutorial,0.62057692,true,0.029
f12e0922b388eb9b9d4f,string_similarity,3,/examples/tutorials/kinsta,0.53277350,false,0.029
f145264614cd81de1ac5,string_similarity,1,/providers/linode/linode/latest/docs,0.35122966,false,0.027
f145264614cd81de1ac5,string_similarity,2,/providers/FlexibleEngineCloud/flexibleengine/latest/docs,0.34650000,true,0.027
f145264614cd81de1ac5,string_similarity,3,/providers/OpenNebula/opennebula/latest/docs,0.33167488,false,0.027
f1eb36c03f03e59f27ed,string_similarity,1,/gen1/flutter/prev/build-a-backend/graphqlapi/query-data,0.92505841,true,0.031
f1eb36c03f03e59f27ed,string_similarity,2,/flutter/build-a-backend/graphqlapi/query-data,0.90676240,false,0.031
f1eb36c03f03e59f27ed,string_similarity,3,/gen1/android/prev/build-a-backend/graphqlapi/query-data,0.79392523,false,0.031
f21467de95e9015f2d4c,string_similarity,1,/providers/cloudflare/cloudflare/latest/docs/guides/:path*,0.56806452,false,0.039
f21467de95e9015f2d4c,string_similarity,2,/providers/cloudflare/cloudflare/latest/docs/resources/:path*,0.56000000,true,0.039
f21467de95e9015f2d4c,string_similarity,3,/providers/cloudflare/cloudflare/latest/docs/data-sources/:path*,0.50956710,false,0.039
f22f3cc8575ae0599e5c,string_similarity,1,/gen1/android/prev/build-a-backend/graphqlapi/query-data,0.37245989,true,0.029
f22f3cc8575ae0599e5c,string_similarity,2,/flutter/build-a-backend/graphqlapi/query-data,0.36536750,false,0.029
f22f3cc8575ae0599e5c,string_similarity,3,/gen1/flutter/prev/build-a-backend/graphqlapi/query-data,0.32132353,false,0.029
f289824e8e6c4739ec62,string_similarity,1,/gen1/<platform>/tools/cli-legacy,0.32169118,false,0.033
f289824e8e6c4739ec62,string_similarity,2,/flutter/build-a-backend/graphqlapi/api-graphql-concepts,0.26349761,false,0.033
f289824e8e6c4739ec62,string_similarity,3,/android/build-a-backend/graphqlapi/api-graphql-concepts,0.25470640,false,0.033
f293ae481b64003662b1,string_similarity,1,/android/build-a-backend/functions,0.48861721,false,0.034
f293ae481b64003662b1,string_similarity,2,/angular/build-a-backend/functions,0.48861721,false,0.034
f293ae481b64003662b1,string_similarity,3,/gen1/<platform>/build-a-backend/functions/layers,0.43706044,false,0.034
f325d71adf40beff9d42,string_similarity,1,/android/build-a-backend/more-features/geo/maps,0.75589175,false,0.031
f325d71adf40beff9d42,string_similarity,2,/android/build-a-backend/more-features/geo/set-up-geo,0.59391262,false,0.031
f325d71adf40beff9d42,string_similarity,3,/gen1/<platform>/build-a-backend/more-features,0.57900000,false,0.031
f34209457696e84afa29,string_similarity,1,/angular/start/getting-started/nextsteps,0.31585366,false,0.029
f34209457696e84afa29,string_similarity,2,/404/index.html,0.23421053,false,0.029
f34209457696e84afa29,string_similarity,3,/flutter/build-a-backend/storage/configure-access,0.21673327,false,0.029
f344068b548650d4306b,string_similarity,1,/gen1/<platform>/tools/cli/<page>,0.27448638,false,0.033
f344068b548650d4306b,string_similarity,2,/gen1/<platform>/tools/cli-legacy,0.25899725,false,0.033
f344068b548650d4306b,string_similarity,3,/gen1/javascript/prev/build-a-backend/more-features/geo/existing-resources,0.23918011,false,0.033
f3502fc54ac866613e9f,string_similarity,1,/providers/brightbox/brightbox/latest/docs/data-sources/:path*,0.50880952,true,0.037
f3502fc54ac866613e9f,string_similarity,2,/providers/ovh/ovh/latest/docs/guides/:path*,0.43875458,false,0.037
f3502fc54ac866613e9f,string_similarity,3,/providers/turbot/turbot/latest/docs/guides/:path*,0.43142857,false,0.037
f3953418a98b946a20d0,string_similarity,1,/angular/start/getting-started/nextsteps,0.27235294,false,0.028
f3953418a98b946a20d0,string_similarity,2,/404/index.html,0.23000000,false,0.028
f3953418a98b946a20d0,string_similarity,3,/gen1/flutter/prev/build-a-backend/storage/list,0.17391304,false,0.028
f3a6c8007879df4b3be7,string_similarity,1,/language/modules,0.41666667,true,0.024
f3a6c8007879df4b3be7,string_similarity,2,/enterprise/saml/configuration,0.32788462,false,0.024
f3a6c8007879df4b3be7,string_similarity,3,/enterprise/releases,0.30238095,false,0.024
f3c9968c1f79ee706216,string_similarity,1,/gen1/<platform>/tools/cli-legacy,0.31032609,false,0.034
f3c9968c1f79ee706216,string_similarity,2,/flutter/build-a-backend/graphqlapi/api-graphql-concepts,0.27251444,false,0.034
f3c9968c1f79ee706216,string_similarity,3,/gen1/<platform>/tools/cli/<page>,0.26594203,false,0.034
f3f33ab4f6af192c6276,string_similarity,1,/providers/Venafi/venafi/latest/docs/resources/:path*,0.55761905,true,0.030
f3f33ab4f6af192c6276,string_similarity,2,/providers/Venafi/venafi/latest/docs,0.51880597,false,0.030
f3f33ab4f6af192c6276,string_similarity,3,/providers/ovh/ovh/latest/docs/guides/:path*,0.42685714,false,0.030
f43ce66095d924e47e97,string_similarity,1,/angular/start/getting-started/nextsteps,0.30280899,false,0.033
f43ce66095d924e47e97,string_similarity,2,/gen1/javascript/prev/build-a-backend/more-features/in-app-messaging/clear-messages,0.25407197,false,0.033
f43ce66095d924e47e97,string_similarity,3,/gen1/javascript/prev/build-a-backend/more-features/in-app-messaging/display-messages,0.25153918,false,0.033
f4733c08623c9e2deb0a,string_similarity,1,/examples/tutorials/debugging_with_console,0.87068966,false,0.040
f4733c08623c9e2deb0a,string_similarity,2,/examples/debugging_with_console_tutorial,0.62912339,true,0.040
f4733c08623c9e2deb0a,string_similarity,3,/examples/tutorials/mongoose,0.48344156,false,0.040
f4c93dd1cf13a191b688,string_similarity,1,/android/sdk/auth/getting-started,0.36577997,false,0.033
f4c93dd1cf13a191b688,string_similarity,2,/gen1/<platform>/sdk/push-notifications/<page>,0.34754545,false,0.033
f4c93dd1cf13a191b688,string_similarity,3,/android/start/getting-started/installation,0.33774669,false,0.033
f4c9f8fd784c9b33c364,string_similarity,1,/terraform/plugin/best-practices/interacting-with-providers,0.54500000,true,0.025
f4c9f8fd784c9b33c364,string_similarity,2,/terraform/plugin/best-practices/provider-code,0.48654206,false,0.025
f4c9f8fd784c9b33c364,string_similarity,3,/enterprise/api-docs/admin/terraform-versions,0.35065312,false,0.025
f54afe520ebeb6740b3f,string_similarity,1,/providers/linode/linode/latest/docs,0.34428571,false,0.028
f54afe520ebeb6740b3f,string_similarity,2,/providers/F5Networks/bigip/latest/docs,0.33071918,true,0.028
f54afe520ebeb6740b3f,string_similarity,3,/providers/gridscale/gridscale/latest/docs,0.32804511,false,0.028
f5959ba7b39fe1f4be23,string_similarity,1,/angular/start/getting-started/nextsteps,0.29358974,false,0.030
f5959ba7b39fe1f4be23,string_similarity,2,/flutter/build-a-backend/auth/manage-mfa,0.27461538,false,0.030
f5959ba7b39fe1f4be23,string_similarity,3,/gen1/android/prev/build-a-backend/auth/manage-passwords,0.25372340,false,0.030
f5af94528d048c653944,string_similarity,1,/providers/hashicorp/dns/latest/docs/data-sources/:path*,0.45404762,true,0.035
f5af94528d048c653944,string_similarity,2,/providers/ovh/ovh/latest/docs/guides/:path*,0.44730159,false,0.035
f5af94528d048c653944,string_similarity,3,/providers/fastly/fastly/latest/docs/guides/:path*,0.42849817,false,0.035
f5b8c81d78f585b93dcb,string_similarity,1,/flutter/build-a-backend/restapi/fetch-data,0.22995671,false,0.080
f5b8c81d78f585b93dcb,string_similarity,2,/android/build-a-backend/restapi/gen-ai,0.22703062,false,0.080
f5b8c81d78f585b93dcb,string_similarity,3,/android/build-a-backend/restapi/set-up-rest-api,0.21658895,false,0.080
f5d60dc54f9d464a1786,string_similarity,1,/gen1/<platform>/build-a-backend/storage/import,0.47492308,false,0.030
f5d60dc54f9d464a1786,string_similarity,2,/flutter/build-a-backend/storage/download,0.47426350,false,0.030
f5d60dc54f9d464a1786,string_similarity,3,/android/build-a-backend/storage/upload,0.47356522,false,0.030
f5d72a7235961a18ab86,string_similarity,1,/gen1/<platform>/build-a-backend/functions/layers,0.90349462,true,0.035
f5d72a7235961a18ab86,string_similarity,2,/angular/build-a-backend/functions,0.59790970,false,0.035
f5d72a7235961a18ab86,string_similarity,3,/android/build-a-backend/functions,0.58765329,false,0.035
f631a7d402333d7432fd,string_similarity,1,/gen1/javascript/prev/build-a-backend/more-features/datastore/relational-models,0.24363550,false,0.033
f631a7d402333d7432fd,string_similarity,2,/flutter/build-a-backend/more-features/datastore/datastore-events,0.22176816,false,0.033
f631a7d402333d7432fd,string_similarity,3,/flutter/build-a-backend/more-features/datastore/manipulate-data,0.21573892,false,0.033
f6a3ef131a096b0eede2,string_similarity,1,/angular/build-a-backend/functions,0.61129747,false,0.033
f6a3ef131a096b0eede2,string_similarity,2,/android/build-a-backend/functions,0.60117089,false,0.033
f6a3ef131a096b0eede2,string_similarity,3,/gen1/<platform>/build-a-backend/functions/layers,0.55066489,false,0.033
f6d118823d071996c002,string_similarity,1,/flutter/start/project-setup/upgrade-guide,0.27823529,false,0.047
f6d118823d071996c002,string_similarity,2,/angular/start/getting-started/nextsteps,0.26566265,false,0.047
f6d118823d071996c002,string_similarity,3,/404/index.html,0.24655172,false,0.047
f73ad395b1183a26855d,string_similarity,1,/providers/huaweicloud/huaweicloudstack/latest/docs/guides/:path*,0.62692407,true,0.035
f73ad395b1183a26855d,string_similarity,2,/providers/cloudflare/cloudflare/latest/docs/guides/:path*,0.54406593,false,0.035
f73ad395b1183a26855d,string_similarity,3,/providers/ovh/ovh/latest/docs/guides/:path*,0.54269841,false,0.035
f7f7fdc11c5a53b364d7,string_similarity,1,/flutter/build-a-backend/push-notifications/interact-with-notifications,0.42382550,false,0.028
f7f7fdc11c5a53b364d7,string_similarity,2,/android/build-a-backend/push-notifications/test-notifications,0.30351648,false,0.028
f7f7fdc11c5a53b364d7,string_similarity,3,/flutter/build-a-backend/push-notifications/enable-rich-notifications,0.29829932,false,0.028
f8006fd2753a6b8a1b17,string_similarity,1,/flutter/build-a-backend/graphqlapi/existing-resources,0.40017520,false,0.030
f8006fd2753a6b8a1b17,string_similarity,2,/gen1/flutter/prev/build-a-backend/graphqlapi/existing-resources,0.35555419,false,0.030
f8006fd2753a6b8a1b17,string_similarity,3,/android/build-a-backend/restapi/existing-resources,0.30786534,false,0.030
f810647d22c71e0ae468,string_similarity,1,/examples/writing_files,0.85760870,true,0.030
f810647d22c71e0ae468,string_similarity,2,/examples/watching_files,0.59042553,false,0.030
f810647d22c71e0ae468,string_similarity,3,/examples/writing_tests,0.56654589,false,0.030
f8bb5601963419428b3d,string_similarity,1,/providers/oracle/oci/latest/docs/guides/:path*,0.61142857,true,0.035
f8bb5601963419428b3d,string_similarity,2,/providers/ovh/ovh/latest/docs/guides/:path*,0.54766234,false,0.035
f8bb5601963419428b3d,string_similarity,3,/providers/fastly/fastly/latest/docs/guides/:path*,0.52738382,false,0.035
f8d9db9bd4ebee5f1db3,string_similarity,1,/providers/packethost/packet/latest/docs/data-sources/:path*,0.46357143,true,0.031
f8d9db9bd4ebee5f1db3,string_similarity,2,/providers/ovh/ovh/latest/docs/guides/:path*,0.44819048,false,0.031
f8d9db9bd4ebee5f1db3,string_similarity,3,/providers/akamai/akamai/latest/docs/resources/:path*,0.43142857,false,0.031
f8fbdeb4c03da7b3c979,string_similarity,1,/gen1/javascript/build-ui/uibuilder,0.81786713,true,0.045
f8fbdeb4c03da7b3c979,string_similarity,2,/gen1/javascript/prev/build-a-backend/auth/auth-events,0.38126294,false,0.045
f8fbdeb4c03da7b3c979,string_similarity,3,/gen1/javascript/prev/build-a-backend/auth/switch-auth,0.36309524,false,0.045
f903a463f4b20134c49a,string_similarity,1,/android/build-a-backend/auth/set-up-auth,0.24500665,false,0.029
f903a463f4b20134c49a,string_similarity,2,/flutter/build-a-backend/auth/set-up-auth,0.24500665,false,0.029
f903a463f4b20134c49a,string_similarity,3,/android/build-a-backend/auth/delete-user-account,0.23861111,false,0.029
f926cc2f37ef11d76ae1,string_similarity,1,/en/concepts/why-astro,0.38670173,false,0.037
f926cc2f37ef11d76ae1,string_similarity,2,/en/concepts/islands,0.38638838,true,0.037
f926cc2f37ef11d76ae1,string_similarity,3,/de/concepts/why-astro,0.30611331,false,0.037
f9564d26c6796b84d57b,string_similarity,1,/android/start/getting-started/generate-model,0.68484580,true,0.032
f9564d26c6796b84d57b,string_similarity,2,/android/start/getting-started/integrate,0.50764791,false,0.032
f9564d26c6796b84d57b,string_similarity,3,/android/start/getting-started/installation,0.47254902,false,0.032
f97a7293acb92180f976,string_similarity,1,/language/upgrade-guides/0-14,0.57129630,true,0.032
f97a7293acb92180f976,string_similarity,2,/language/upgrade-guides/0-8,0.45669811,false,0.032
f97a7293acb92180f976,string_similarity,3,/language/upgrade-guides/0-9,0.45669811,false,0.032
f97c9c94a1b9f61bb00e,string_similarity,1,/gen1/<platform>/build-a-backend/storage/import,0.85480082,true,0.034
f97c9c94a1b9f61bb00e,string_similarity,2,/gen1/<platform>/build-a-backend/storage/configure-storage,0.63025397,false,0.034
f97c9c94a1b9f61bb00e,string_similarity,3,/gen1/<platform>/build-a-backend/restapi,0.55905226,false,0.034
f99575a02bf537423ce8,string_similarity,1,/angular/start/getting-started/nextsteps,0.69478331,false,0.034
f99575a02bf537423ce8,string_similarity,2,/android/start/getting-started/nextsteps,0.54478331,false,0.034
f99575a02bf537423ce8,string_similarity,3,/flutter/start/getting-started/nextsteps,0.54478331,false,0.034
f99777adb90d1b664b3f,string_similarity,1,/providers/hashicorp/time/latest/docs/guides/:path*,0.60436975,true,0.036
f99777adb90d1b664b3f,string_similarity,2,/providers/ovh/ovh/latest/docs/guides/:path*,0.54406593,false,0.036
f99777adb90d1b664b3f,string_similarity,3,/providers/fastly/fastly/latest/docs/guides/:path*,0.52428571,false,0.036
fa3e26a9da05dc0f2d73,string_similarity,1,/flux/installation,0.44374368,true,0.042
fa3e26a9da05dc0f2d73,string_similarity,2,/en/flux/installation/_index,0.36868335,false,0.042
fa3e26a9da05dc0f2d73,string_similarity,3,/en/flux/installation/upgrade,0.35403704,false,0.042
faa0159fd5bd646e0904,string_similarity,1,/angular/start/getting-started/nextsteps,0.27307692,false,0.037
faa0159fd5bd646e0904,string_similarity,2,/android/sdk/analytics/endpoints,0.23910714,false,0.037
faa0159fd5bd646e0904,string_similarity,3,/android/sdk/analytics/kinesis,0.23272059,false,0.037
faf10d14621e00f67ce9,string_similarity,1,/android/sdk/auth/federated-identities,0.23357143,false,0.034
faf10d14621e00f67ce9,string_similarity,2,/android/sdk/auth/getting-started,0.22919355,false,0.034
faf10d14621e00f67ce9,string_similarity,3,/flutter/build-a-backend/auth/auth-events,0.22813253,false,0.034
faf8e42eca47b79c99d8,string_similarity,1,/angular/start/getting-started/nextsteps,0.45728395,false,0.030
faf8e42eca47b79c99d8,string_similarity,2,/angular/getting-started/migration,0.33466667,false,0.030
faf8e42eca47b79c99d8,string_similarity,3,/android/start/getting-started/installation,0.31857143,false,0.030
fb1caeb3c3ec12febcdd,string_similarity,1,/gen1/<platform>/tools/console,0.18466387,false,0.029
fb1caeb3c3ec12febcdd,string_similarity,2,/android/build-a-backend/push-notifications/test-notifications,0.17834225,false,0.029
fb1caeb3c3ec12febcdd,string_similarity,3,/gen1/<platform>/tools/libraries,0.17523810,false,0.029
fb2bf2b3a7057f002ae1,string_similarity,1,/angular/start/getting-started/nextsteps,0.29000000,false,0.034
fb2bf2b3a7057f002ae1,string_similarity,2,/gen1/flutter/prev/build-a-backend/restapi/customize-authz,0.27782931,true,0.034
fb2bf2b3a7057f002ae1,string_similarity,3,/flutter/build-a-backend/restapi/fetch-data,0.25385542,false,0.034
fb54184fa62d0d454587,string_similarity,1,/android/build-a-backend/auth/sign-in-custom-flow,0.30848263,false,0.030
fb54184fa62d0d454587,string_similarity,2,/flutter/build-a-backend/auth/sign-in-custom-flow,0.30848263,false,0.030
fb54184fa62d0d454587,string_similarity,3,/android/build-a-backend/auth/sign-in-with-web-ui,0.23630405,false,0.030
fb7fd9de6b0a578b50cd,string_similarity,1,/android/sdk/analytics/endpoints,0.33794643,false,0.042
fb7fd9de6b0a578b50cd,string_similarity,2,/android/sdk/analytics/kinesis,0.30483871,false,0.042
fb7fd9de6b0a578b50cd,string_similarity,3,/android/build-a-backend/more-features/analytics/record-events,0.30425134,true,0.042
fb8b21f2cca18f3ec55b,string_similarity,1,/examples/openai_chat_completion,0.82500000,true,0.028
fb8b21f2cca18f3ec55b,string_similarity,2,/examples/tutorials/chat_app,0.37666667,false,0.028
fb8b21f2cca18f3ec55b,string_similarity,3,/examples/byte_manipulation,0.33262712,false,0.028
fb8c331bd8b17e24d31a,string_similarity,1,/en/flux/cheatsheets/troubleshooting,0.45936508,false,0.035
fb8c331bd8b17e24d31a,string_similarity,2,/en/flux/cheatsheets/_index,0.44666667,false,0.035
fb8c331bd8b17e24d31a,string_similarity,3,/en/flux/cheatsheets/oci-artifacts,0.42540984,false,0.035
fbb44eeb88b40b79ed8a,string_similarity,1,/angular/build-a-backend/troubleshooting/cdktoolkit-stack,0.74056554,true,0.029
fbb44eeb88b40b79ed8a,string_similarity,2,/flutter/build-a-backend/troubleshooting/cdktoolkit-stack,0.62205779,false,0.029
fbb44eeb88b40b79ed8a,string_similarity,3,/gen1/flutter/build-a-backend/troubleshooting/upgrade-amplify-packages,0.46563266,false,0.029
fbc7483e004113050822,string_similarity,1,/gen1/<platform>/prev/build-a-backend/<category>/<page>,0.50707071,false,0.035
fbc7483e004113050822,string_similarity,2,/gen1/<platform>/build-a-backend/graphqlapi/<page>,0.40531915,false,0.035
fbc7483e004113050822,string_similarity,3,/gen1/<platform>/prev/build-a-backend/<page>,0.39545455,false,0.035
fbf1cb499f68096c4fc6,string_similarity,1,/gen1/angular/prev/start/project-setup/create-application,0.39827586,false,0.030
fbf1cb499f68096c4fc6,string_similarity,2,/flutter/start/project-setup/escape-hatch,0.30672727,false,0.030
fbf1cb499f68096c4fc6,string_similarity,3,/flutter/start/project-setup/upgrade-guide,0.30490549,false,0.030
fc3ca6bf83d4ccfc9e2b,string_similarity,1,/angular/start/getting-started/nextsteps,0.26803279,false,0.037
fc3ca6bf83d4ccfc9e2b,string_similarity,2,/404/index.html,0.26111111,false,0.037
fc3ca6bf83d4ccfc9e2b,string_similarity,3,/gen1/<platform>/tools/cli-legacy,0.19761905,false,0.037
fc4e135cc07b5f02a62d,string_similarity,1,/404/index.html,0.19210526,true,0.028
fc4e135cc07b5f02a62d,string_similarity,2,/angular/start/getting-started/nextsteps,0.16818182,false,0.028
fc4e135cc07b5f02a62d,string_similarity,3,/,0.16000000,false,0.028
fc746a53136157591072,string_similarity,1,/providers/grafana/grafana/latest/docs/resources/:path*,0.55827586,false,0.053
fc746a53136157591072,string_similarity,2,/providers/grafana/grafana/latest/docs,0.53142857,false,0.053
fc746a53136157591072,string_similarity,3,/providers/grafana/grafana/latest/docs/data-sources/:path*,0.50714286,true,0.053
fc74ce5c6fcc10277c27,string_similarity,1,/examples/udp_listener,0.83181818,true,0.028
fc74ce5c6fcc10277c27,string_similarity,2,/examples,0.38225806,false,0.028
fc74ce5c6fcc10277c27,string_similarity,3,/examples/deno_version,0.36272727,false,0.028
fc88319279eaea7fb49f,string_similarity,1,/providers/gridscale/gridscale/latest/docs/guides/:path*,0.56777778,false,0.034
fc88319279eaea7fb49f,string_similarity,2,/providers/gridscale/gridscale/latest/docs,0.54315789,false,0.034
fc88319279eaea7fb49f,string_similarity,3,/providers/gridscale/gridscale/latest/docs/data-sources/:path*,0.50880952,true,0.034
fc89bfcf75d9be0780b7,string_similarity,1,/angular/start/getting-started/nextsteps,0.28827160,false,0.031
fc89bfcf75d9be0780b7,string_similarity,2,/android/sdk/analytics/endpoints,0.25351027,false,0.031
fc89bfcf75d9be0780b7,string_similarity,3,/404/index.html,0.25000000,false,0.031
fcf46ebbe82e517067e0,string_similarity,1,/providers/DNSMadeEasy/dme/latest/docs/guides/:path*,0.49714286,false,0.034
fcf46ebbe82e517067e0,string_similarity,2,/providers/DNSMadeEasy/dme/latest/docs/data-sources/:path*,0.44895349,true,0.034
fcf46ebbe82e517067e0,string_similarity,3,/providers/ovh/ovh/latest/docs/guides/:path*,0.43619048,false,0.034
fd1975fa7752d6d6013a,string_similarity,1,/flutter/build-a-backend/storage/configure-access,0.27669856,false,0.033
fd1975fa7752d6d6013a,string_similarity,2,/gen1/<platform>/build-a-backend/storage/configure-storage,0.24948052,false,0.033
fd1975fa7752d6d6013a,string_similarity,3,/flutter/build-a-backend/storage/get-properties,0.21723782,false,0.033
fd75af1ef9cf06bfaa9f,string_similarity,1,/language/upgrade-guides/0-9,0.52230769,true,0.028
fd75af1ef9cf06bfaa9f,string_similarity,2,/language/upgrade-guides/0-8,0.50692308,false,0.028
fd75af1ef9cf06bfaa9f,string_similarity,3,/language/upgrade-guides/0-13,0.45669811,false,0.028
fd7dc7fa22a81a4aba94,string_similarity,1,/angular/start/getting-started/nextsteps,0.27203390,false,0.025
fd7dc7fa22a81a4aba94,string_similarity,2,/android/build-a-backend/auth/sign-in-with-web-ui,0.26647059,false,0.025
fd7dc7fa22a81a4aba94,string_similarity,3,/android/build-a-backend/storage/list,0.26428571,false,0.025
fda18708340fe495781e,string_similarity,1,/language/upgrade-guides/0-15,0.57129630,true,0.032
fda18708340fe495781e,string_similarity,2,/language/v1.1.x/upgrade-guides/0-15,0.49229508,false,0.032
fda18708340fe495781e,string_similarity,3,/language/upgrade-guides/0-8,0.45669811,false,0.032
fdca15e6babe1dc81a97,string_similarity,1,/android/sdk/auth/getting-started,0.39964986,false,0.033
fdca15e6babe1dc81a97,string_similarity,2,/angular/getting-started/migration,0.39827586,false,0.033
fdca15e6babe1dc81a97,string_similarity,3,/android/start/getting-started/setup,0.39023810,false,0.033
fe2461f7604a82d6370e,string_similarity,1,/providers/heroku/heroku/latest/docs,0.36392354,true,0.032
fe2461f7604a82d6370e,string_similarity,2,/providers/linode/linode/latest/docs,0.34138833,false,0.032
fe2461f7604a82d6370e,string_similarity,3,/providers/hetznercloud/hcloud/latest/docs,0.33029221,false,0.032
ff3807b2cec0edc5de9d,string_similarity,1,/providers/exoscale/exoscale/latest/docs/resources/:path*,0.55888889,true,0.032
ff3807b2cec0edc5de9d,string_similarity,2,/providers/scaleway/scaleway/latest/docs/resources/:path*,0.43396825,false,0.032
ff3807b2cec0edc5de9d,string_similarity,3,/providers/scaleway/scaleway/latest/docs/guides/:path*,0.43274220,false,0.032
ff49e24b66963d4039ca,string_similarity,1,/blog/2025/07/time-based-deployments,0.73710317,true,0.041
ff49e24b66963d4039ca,string_similarity,2,/en/blog/2025-07-07-time-based-deployments,0.64649725,false,0.041
ff49e24b66963d4039ca,string_similarity,3,/en/blog/2021-01-06-january-update,0.41467532,false,0.041
ff60cf6174c9294c1eef,string_similarity,1,/flutter/build-a-backend/graphqlapi/query-data,0.29652778,false,0.039
ff60cf6174c9294c1eef,string_similarity,2,/flutter/build-a-backend/graphqlapi/subscribe-data,0.27611336,false,0.039
ff60cf6174c9294c1eef,string_similarity,3,/gen1/<platform>/tools/cli-legacy,0.27358436,false,0.039
ff783efabb9eb9483717,string_similarity,1,/android/build-a-backend/restapi/set-up-rest-api,0.51640704,false,0.030
ff783efabb9eb9483717,string_similarity,2,/android/build-a-backend/functions,0.51290584,false,0.030
ff783efabb9eb9483717,string_similarity,3,/angular/build-a-backend/functions,0.51290584,false,0.030
ff7e1c721142b018fab5,string_similarity,1,/flutter/start/project-setup/escape-hatch,0.20882353,false,0.032
ff7e1c721142b018fab5,string_similarity,2,/angular/build-a-backend/more-features/predictions/identify-text,0.19612362,false,0.032
ff7e1c721142b018fab5,string_similarity,3,/gen1/android/prev/build-a-backend/more-features/predictions/set-up-predictions,0.19357396,false,0.032
ffcb95a14923a697c2c7,string_similarity,1,/gen1/<platform>/prev/build-a-backend/<category>/<page>,0.83333333,true,0.029
ffcb95a14923a697c2c7,string_similarity,2,/gen1/<platform>/prev/build-a-backend/<page>,0.72001013,false,0.029
ffcb95a14923a697c2c7,string_similarity,3,/gen1/<platform>/build-a-backend/graphqlapi/<page>,0.58766667,false,0.029
ffde24bf0a4ee05bfc6f,string_similarity,1,/gen1/javascript/prev,0.40127005,false,0.029
ffde24bf0a4ee05bfc6f,string_similarity,2,/gen1/angular/prev,0.36975490,false,0.029
ffde24bf0a4ee05bfc6f,string_similarity,3,/gen1/<platform>/prev/start/<page>,0.28471867,false,0.029
