pair_id,method,rank,candidate_url_path,score,is_correct,runtime_ms
001cb53b16c607df87b6,content_based,1,/android/start/getting-started/setup,0.66276616,false,5518.795
001cb53b16c607df87b6,content_based,2,/android/build-a-backend/more-features/logging/flush-logs,0.42751843,true,5518.795
001cb53b16c607df87b6,content_based,3,/android/build-a-backend/storage/upload,0.40185213,false,5518.795
004d614e717e6cf84e19,content_based,1,/gen1/android/prev/build-a-backend/storage,0.78674150,false,1889.413
004d614e717e6cf84e19,content_based,2,/gen1/<platform>/build-a-backend/storage/configure-storage,0.77613747,false,1889.413
004d614e717e6cf84e19,content_based,3,/gen1/flutter/prev/build-a-backend/storage/set-up-storage,0.73554734,false,1889.413
00853681aa1108183968,content_based,1,/examples/tutorials/module_metadata,0.92545831,false,1835.998
00853681aa1108183968,content_based,2,/examples/module_metadata_tutorial,0.92545831,true,1835.998
00853681aa1108183968,content_based,3,/examples/tutorials/fetch_data,0.34103274,false,1835.998
00f03d49daca0d2692d4,content_based,1,/gen1/javascript/prev/build-a-backend/more-features/analytics/record-events,0.43797421,false,1359.967
00f03d49daca0d2692d4,content_based,2,/flutter/build-a-backend/more-features/analytics/identify-user,0.41461110,false,1359.967
00f03d49daca0d2692d4,content_based,3,/android/build-a-backend/more-features/analytics/identify-user,0.41461110,false,1359.967
00fa09a9cedcc9fd0768,content_based,1,/docs/extend/writing-custom-providers.html,0.59183007,false,131.767
00fa09a9cedcc9fd0768,content_based,2,/providers/linode/linode/latest/docs,0.56474638,false,131.767
00fa09a9cedcc9fd0768,content_based,3,/providers/aliyun/alicloud/latest/docs,0.56474638,false,131.767
010e6c850d34c5eb762f,content_based,1,/gen1/<platform>/tools/console,0.66726089,false,880.904
010e6c850d34c5eb762f,content_based,2,/android/build-a-backend/graphqlapi/client-code-generation,0.62594330,false,880.904
010e6c850d34c5eb762f,content_based,3,/flutter/build-a-backend/more-features/datastore/additional-methods,0.60438305,false,880.904
02889599579c92896fa8,content_based,1,/android/build-a-backend/restapi/existing-resources,0.65050018,false,619.971
02889599579c92896fa8,content_based,2,/android/build-a-backend/restapi/gen-ai,0.60715783,false,619.971
02889599579c92896fa8,content_based,3,/android/build-a-backend/restapi/set-up-rest-api,0.45400310,false,619.971
0293d463a0d4b9ea0219,content_based,1,/providers/huaweicloud/huaweicloudstack/latest/docs/resources/:path*,0.48502830,true,0.450
0293d463a0d4b9ea0219,content_based,2,/providers/huaweicloud/huaweicloudstack/latest/docs/guides/:path*,0.48502830,false,0.450
0293d463a0d4b9ea0219,content_based,3,/providers/cloudflare/cloudflare/latest/docs/resources/:path*,0.48502830,false,0.450
0298ecd8cb6702312664,content_based,1,/flutter,0.98717976,false,3870.479
0298ecd8cb6702312664,content_based,2,/flutter/build-a-backend/more-features/datastore/set-up-datastore,0.52507114,false,3870.479
0298ecd8cb6702312664,content_based,3,/flutter/build-a-backend/more-features/datastore/datastore-events,0.49712613,false,3870.479
02eaa3001fdc29386822,content_based,1,/flutter,0.98717976,false,856.958
02eaa3001fdc29386822,content_based,2,/flutter/build-a-backend/auth/set-up-auth,0.61676925,false,856.958
02eaa3001fdc29386822,content_based,3,/flutter/build-a-backend/auth/auth-events,0.54370016,false,856.958
02ed5c29b5cc187afe9e,content_based,1,/providers/cloudflare/cloudflare/latest/docs/guides/:path*,0.48502830,true,0.428
02ed5c29b5cc187afe9e,content_based,2,/providers/ovh/ovh/latest/docs/guides/:path*,0.48502830,false,0.428
02ed5c29b5cc187afe9e,content_based,3,/providers/fastly/fastly/latest/docs/guides/:path*,0.48502830,false,0.428
0300474bd4a6c40be5a8,content_based,1,/gen1/android/prev/build-a-backend/storage/lambda-triggers,0.62526017,false,458.020
0300474bd4a6c40be5a8,content_based,2,/android/build-a-backend/storage/lambda-triggers,0.54795486,false,458.020
0300474bd4a6c40be5a8,content_based,3,/gen1/<platform>/build-a-backend/functions/layers,0.50413752,false,458.020
0314596dc31f9992764f,content_based,1,/providers/hetznercloud/hcloud/latest/docs/resources/:path*,0.48502830,true,0.414
0314596dc31f9992764f,content_based,2,/providers/hetznercloud/hcloud/latest/docs,0.48502830,false,0.414
0314596dc31f9992764f,content_based,3,/providers/ovh/ovh/latest/docs/guides/:path*,0.48502830,false,0.414
035378592a6dd15192f8,content_based,1,/providers/vancluever/acme/latest/docs/resources/:path*,0.48502830,true,0.406
035378592a6dd15192f8,content_based,2,/providers/vancluever/acme/latest/docs/data-sources/:path*,0.48502830,false,0.406
035378592a6dd15192f8,content_based,3,/providers/ovh/ovh/latest/docs/guides/:path*,0.48502830,false,0.406
037262bb7b7ca6a13092,content_based,1,/android/start/getting-started/setup,0.65359163,false,1270.698
037262bb7b7ca6a13092,content_based,2,/android/start/getting-started/nextsteps,0.62942062,false,1270.698
037262bb7b7ca6a13092,content_based,3,/gen1/flutter/prev/start/project-setup,0.62247825,false,1270.698
03f60c72b6a795b01279,content_based,1,/angular/start/getting-started/hosting,0.81703603,false,195.717
03f60c72b6a795b01279,content_based,2,/android/start/getting-started/installation,0.68751931,false,195.717
03f60c72b6a795b01279,content_based,3,/android/start/getting-started/nextsteps,0.65539924,false,195.717
04165d74cedea7285298,content_based,1,/providers/StatusCakeDev/statuscake/latest/docs,0.56474638,true,0.404
04165d74cedea7285298,content_based,2,/providers/skytap/skytap/latest/docs,0.56474638,false,0.404
04165d74cedea7285298,content_based,3,/providers/gridscale/gridscale/latest/docs,0.56474638,false,0.404
04713758e4327137f272,content_based,1,/android/build-a-backend/restapi/gen-ai,0.45289338,false,165.412
04713758e4327137f272,content_based,2,/android/build-a-backend/restapi/existing-resources,0.40727228,false,165.412
04713758e4327137f272,content_based,3,/gen1/flutter/prev/build-a-backend/restapi/set-up-rest-api,0.36489460,false,165.412
0473600a4f88dc268f62,content_based,1,/cloud-docs/policy-enforcement/sentinel,0.89155537,true,1067.339
0473600a4f88dc268f62,content_based,2,/cloud-docs/policy-enforcement/sentinel/import/tfstate-v2,0.69040859,false,1067.339
0473600a4f88dc268f62,content_based,3,/cloud-docs/run/remote-operations,0.51326180,false,1067.339
04ca74ad1f6332b0cecf,content_based,1,/providers/AviatrixSystems/aviatrix/latest/docs/guides/:path*,0.48502830,true,0.405
04ca74ad1f6332b0cecf,content_based,2,/providers/ovh/ovh/latest/docs/guides/:path*,0.48502830,false,0.405
04ca74ad1f6332b0cecf,content_based,3,/providers/fastly/fastly/latest/docs/guides/:path*,0.48502830,false,0.405
04de8b1b5f816036a2bc,content_based,1,/docs/extend/writing-custom-providers.html,0.59183007,false,0.454
04de8b1b5f816036a2bc,content_based,2,/providers/vultr/vultr/latest/docs,0.56474638,true,0.454
04de8b1b5f816036a2bc,content_based,3,/providers/linode/linode/latest/docs,0.56474638,false,0.454
04e2a742e1a26cf006a4,content_based,1,/examples/import_export,0.43169737,false,1582.133
04e2a742e1a26cf006a4,content_based,2,/examples/spy_functions,0.42473051,false,1582.133
04e2a742e1a26cf006a4,content_based,3,/examples/kv,0.42438471,false,1582.133
05283c511ee27b79b39b,content_based,1,/providers/cloudscale-ch/cloudscale/latest/docs/resources/:path*,0.48502830,true,0.431
05283c511ee27b79b39b,content_based,2,/providers/exoscale/exoscale/latest/docs/resources/:path*,0.48502830,false,0.431
05283c511ee27b79b39b,content_based,3,/providers/cloudflare/cloudflare/latest/docs/resources/:path*,0.48502830,false,0.431
054944f3f05fa5083bdc,content_based,1,/flutter/build-a-backend/graphqlapi/existing-resources,0.53763002,false,2140.037
054944f3f05fa5083bdc,content_based,2,/android/build-a-backend/graphqlapi/client-code-generation,0.53710949,false,2140.037
054944f3f05fa5083bdc,content_based,3,/flutter/build-a-backend/graphqlapi/query-data,0.50415987,false,2140.037
0606b0094ec609100f24,content_based,1,/gen1/<platform>/tools/cli/<page>,0.70724046,false,1564.198
0606b0094ec609100f24,content_based,2,/gen1/flutter/prev/build-a-backend/storage/list,0.67582333,false,1564.198
0606b0094ec609100f24,content_based,3,/flutter/build-a-backend/storage/get-properties,0.65312910,false,1564.198
0777eeeaff625da13101,content_based,1,/providers/tencentcloudstack/tencentcloud/latest/docs,0.56474638,true,0.404
0777eeeaff625da13101,content_based,2,/providers/linode/linode/latest/docs,0.56474638,false,0.404
0777eeeaff625da13101,content_based,3,/providers/ucloud/ucloud/latest/docs,0.56474638,false,0.404
07beaaf21d2dbefb93b0,content_based,1,/runtime/reference/jsx,0.96764672,true,1870.345
07beaaf21d2dbefb93b0,content_based,2,/runtime/reference/std,0.96764672,false,1870.345
07beaaf21d2dbefb93b0,content_based,3,/runtime/reference/migration_guide,0.60399890,false,1870.345
081586ce9f497e92dc59,content_based,1,/android/build-a-backend/auth/set-up-auth,0.54790622,false,795.298
081586ce9f497e92dc59,content_based,2,/android/sdk/auth/getting-started,0.43453911,false,795.298
081586ce9f497e92dc59,content_based,3,/android/build-a-backend/auth/add-social-provider,0.40421602,false,795.298
081a3d765b551c35808f,content_based,1,/flutter/build-a-backend/graphqlapi/query-data,0.54211181,false,1385.977
081a3d765b551c35808f,content_based,2,/gen1/android/prev/build-a-backend/graphqlapi/query-data,0.54057103,false,1385.977
081a3d765b551c35808f,content_based,3,/gen1/flutter/prev/build-a-backend/graphqlapi/query-data,0.54057103,false,1385.977
0829a3f8668fedf8090a,content_based,1,/gen1/android/prev/build-a-backend/graphqlapi/set-up-graphql-api,0.41789017,false,727.858
0829a3f8668fedf8090a,content_based,2,/android/sdk/api/graphql,0.41514274,false,727.858
0829a3f8668fedf8090a,content_based,3,/android/build-a-backend/graphqlapi/api-graphql-concepts,0.40047121,false,727.858
08a051a090ee82111d67,content_based,1,/en/flux/cheatsheets/cel-healthchecks,0.20895611,false,0.567
08a051a090ee82111d67,content_based,2,/flux/migration,0.17873821,false,0.567
08a051a090ee82111d67,content_based,3,/en/flux/cheatsheets/oci-artifacts,0.16956240,false,0.567
08da8f5882f669f3c296,content_based,1,/gen1/android/prev/build-a-backend/storage/lambda-triggers,0.64859790,false,424.383
08da8f5882f669f3c296,content_based,2,/android/build-a-backend/storage/lambda-triggers,0.53765106,false,424.383
08da8f5882f669f3c296,content_based,3,/flutter/build-a-backend/storage/get-properties,0.46979481,false,424.383
08fb960e63f04143fd1d,content_based,1,/examples/tutorials/hashbang,0.90391219,false,777.242
08fb960e63f04143fd1d,content_based,2,/examples/tutorials/testing,0.50044048,false,777.242
08fb960e63f04143fd1d,content_based,3,/examples/tutorials/next,0.46033168,false,777.242
092c7e53c7c26e840f97,content_based,1,/gen1/android/prev/start/project-setup/prerequisites,0.53276354,false,1084.124
092c7e53c7c26e840f97,content_based,2,/gen1/flutter/prev/start/project-setup,0.52231759,false,1084.124
092c7e53c7c26e840f97,content_based,3,/android/start/getting-started/setup,0.51467669,false,1084.124
09391bc2e488f4aec6e7,content_based,1,/flutter/build-a-backend/more-features/datastore/set-up-datastore,0.39299276,false,521.738
09391bc2e488f4aec6e7,content_based,2,/flutter/build-a-backend/more-features/datastore/additional-methods,0.30637196,false,521.738
09391bc2e488f4aec6e7,content_based,3,/flutter/build-a-backend/more-features/datastore/datastore-events,0.30591744,false,521.738
09f78315996b8e973a2d,content_based,1,/providers/mongodb/mongodbatlas/latest/docs/resources/:path*,0.48502830,true,0.517
09f78315996b8e973a2d,content_based,2,/providers/DataDog/datadog/latest/docs/resources/:path*,0.48502830,false,0.517
09f78315996b8e973a2d,content_based,3,/providers/ovh/ovh/latest/docs/guides/:path*,0.48502830,false,0.517
0a4e706aa1db9e37ac6e,content_based,1,/flutter,0.98717976,false,252.135
0a4e706aa1db9e37ac6e,content_based,2,/flutter/start/project-setup/upgrade-guide,0.53795963,false,252.135
0a4e706aa1db9e37ac6e,content_based,3,/flutter/start/getting-started/nextsteps,0.51205468,false,252.135
0a7ff03f0bc1e3f5c012,content_based,1,/gen1/flutter/prev/build-a-backend/graphqlapi/mutate-data,0.67983937,false,154.612
0a7ff03f0bc1e3f5c012,content_based,2,/gen1/android/prev/build-a-backend/graphqlapi/subscribe-data,0.56949091,false,154.612
0a7ff03f0bc1e3f5c012,content_based,3,/flutter/build-a-backend/graphqlapi/query-data,0.55030376,false,154.612
0ab6f43e3d320a1de7d2,content_based,1,/android/start/getting-started/setup,0.66276616,false,381.501
0ab6f43e3d320a1de7d2,content_based,2,/gen1/android/prev/build-a-backend/storage/existing-resources,0.41667417,false,381.501
0ab6f43e3d320a1de7d2,content_based,3,/gen1/android/prev/build-a-backend/storage/sdk,0.40456827,false,381.501
0b8fecf5013aa23d6fc4,content_based,1,/flutter/build-a-backend/more-features/datastore/datastore-events,0.67762136,false,261.458
0b8fecf5013aa23d6fc4,content_based,2,/flutter/build-a-backend/more-features/datastore/sync-to-cloud,0.60775077,false,261.458
0b8fecf5013aa23d6fc4,content_based,3,/android/build-a-backend/more-features/datastore/sync-to-cloud,0.60775077,false,261.458
0b9278049f7883b31b23,content_based,1,/gen1/javascript/prev/build-a-backend/more-features/datastore/relational-models,0.55633620,false,1150.238
0b9278049f7883b31b23,content_based,2,/gen1/javascript/prev/build-a-backend/more-features/datastore/real-time,0.51675454,false,1150.238
0b9278049f7883b31b23,content_based,3,/gen1/flutter/prev/build-a-backend/more-features/datastore/real-time,0.51675454,false,1150.238
0bd4077c5423a5c37d1a,content_based,1,/android/start/getting-started/setup,0.66276616,false,321.198
0bd4077c5423a5c37d1a,content_based,2,/android/start/getting-started/installation,0.55099845,false,321.198
0bd4077c5423a5c37d1a,content_based,3,/android/start/getting-started/nextsteps,0.51288503,false,321.198
0c8f2815cc41fd66a8e4,content_based,1,/gen1/javascript/prev/build-a-backend/graphqlapi/customize-authz-modes,0.98219079,false,848.035
0c8f2815cc41fd66a8e4,content_based,2,/gen1/flutter/prev/build-a-backend/restapi/customize-authz,0.94649231,false,848.035
0c8f2815cc41fd66a8e4,content_based,3,/gen1/flutter/prev/build-a-backend/graphqlapi/offline,0.84286654,false,848.035
0cad0f54afbafb245b25,content_based,1,/android/start/getting-started/installation,0.48007551,false,183.731
0cad0f54afbafb245b25,content_based,2,/android/start/getting-started/setup,0.47973633,false,183.731
0cad0f54afbafb245b25,content_based,3,/android/start/getting-started/integrate,0.47198182,false,183.731
0cb3f453f294af042969,content_based,1,/android/start/getting-started/setup,0.66276616,false,0.438
0cb3f453f294af042969,content_based,2,/android/start/getting-started/installation,0.55099845,false,0.438
0cb3f453f294af042969,content_based,3,/android/start/getting-started/nextsteps,0.51288503,false,0.438
0cc95a7d27cc58f6bc12,content_based,1,/gen1/javascript/prev/build-a-backend/auth/enable-sign-up,0.98967040,false,393.879
0cc95a7d27cc58f6bc12,content_based,2,/<platform>/build-a-backend/auth/connect-your-frontend/sign-up,0.78966498,true,393.879
0cc95a7d27cc58f6bc12,content_based,3,/flutter/build-a-backend/auth/set-up-auth,0.78229511,false,393.879
0d3fbfe86fedb110f062,content_based,1,/language/upgrade-guides/0-13,0.65826446,false,1332.911
0d3fbfe86fedb110f062,content_based,2,/language/v1.1.x/upgrade-guides/0-15,0.65231484,false,1332.911
0d3fbfe86fedb110f062,content_based,3,/language/v1.1.x/upgrade-guides/0-11,0.64905953,false,1332.911
0dc4371edf26705dce8b,content_based,1,/flutter,0.98717976,false,966.461
0dc4371edf26705dce8b,content_based,2,/flutter/build-a-backend/more-features/analytics/identify-user,0.45794824,false,966.461
0dc4371edf26705dce8b,content_based,3,/flutter/build-a-backend/push-notifications/enable-rich-notifications,0.44523910,false,966.461
0dfbd2a8112553531237,content_based,1,/providers/nutanix/nutanix/latest/docs/resources/:path*,0.48502830,false,0.881
0dfbd2a8112553531237,content_based,2,/providers/nutanix/nutanix/latest/docs/data-sources/:path*,0.48502830,true,0.881
0dfbd2a8112553531237,content_based,3,/providers/Venafi/venafi/latest/docs/resources/:path*,0.48502830,false,0.881
0e0ee77212b9a4b28eee,content_based,1,/gen1/android/prev/build-a-backend/storage/lambda-triggers,0.62526017,false,0.555
0e0ee77212b9a4b28eee,content_based,2,/android/build-a-backend/storage/lambda-triggers,0.54795486,false,0.555
0e0ee77212b9a4b28eee,content_based,3,/gen1/<platform>/build-a-backend/functions/layers,0.50413752,false,0.555
0e103d0501ab1bfdd80e,content_based,1,/gen1/<platform>/build-a-backend/push-notifications,0.96279168,true,681.179
0e103d0501ab1bfdd80e,content_based,2,/gen1/<platform>/build-a-backend/push-notifications/<page>,0.96279168,false,681.179
0e103d0501ab1bfdd80e,content_based,3,/gen1/<platform>/build-a-backend/restapi,0.90913427,false,681.179
0e23c138bdabfb6b97b7,content_based,1,/providers/cobber/cobbler/latest/docs,0.48502830,false,0.445
0e23c138bdabfb6b97b7,content_based,2,/providers/cobber/cobbler/latest/docs/data-sources/:path*,0.48502830,true,0.445
0e23c138bdabfb6b97b7,content_based,3,/providers/ovh/ovh/latest/docs/guides/:path*,0.48502830,false,0.445
0ed847f65329df3dc0e7,content_based,1,/android/start/getting-started/installation,0.55099845,false,728.098
0ed847f65329df3dc0e7,content_based,2,/android/start/getting-started/generate-model,0.38185224,false,728.098
0ed847f65329df3dc0e7,content_based,3,/gen1/android/prev/build-a-backend/more-features/predictions/interpret-sentiment,0.37322402,false,728.098
0f4ee9ebd19f639e5811,content_based,1,/android/build-a-backend/restapi/existing-resources,0.64399511,false,1228.415
0f4ee9ebd19f639e5811,content_based,2,/gen1/<platform>/build-a-backend/graphqlapi/connect-api-to-existing-database,0.61379069,false,1228.415
0f4ee9ebd19f639e5811,content_based,3,/flutter/build-a-backend/graphqlapi/existing-resources,0.54293024,false,1228.415
0f6a5f6b224914d11d59,content_based,1,/gen1/javascript/build-ui/uibuilder,0.74264228,false,235.354
0f6a5f6b224914d11d59,content_based,2,/gen1/<platform>/tools/console,0.69899625,false,235.354
0f6a5f6b224914d11d59,content_based,3,/android/build-a-backend/restapi/gen-ai,0.65734208,false,235.354
0fb4c822dc3d7cd699ff,content_based,1,/providers/scaleway/scaleway/latest/docs/resources/:path*,0.48502830,true,0.445
0fb4c822dc3d7cd699ff,content_based,2,/providers/scaleway/scaleway/latest/docs/guides/:path*,0.48502830,false,0.445
0fb4c822dc3d7cd699ff,content_based,3,/providers/scaleway/scaleway/latest/docs/data-sources/:path*,0.48502830,false,0.445
0fd57ae51b347e550125,content_based,1,/android/start/getting-started/installation,0.54123569,false,315.786
0fd57ae51b347e550125,content_based,2,/gen1/<platform>/build-a-backend/functions/layers,0.40601009,false,315.786
0fd57ae51b347e550125,content_based,3,/angular/start/connect-to-aws-resources,0.38499200,false,315.786
100e227726994caea679,content_based,1,/:lang/reference/modules/astro-config,0.75540629,false,0.652
100e227726994caea679,content_based,2,/en/basics/astro-components,0.70393926,false,0.652
100e227726994caea679,content_based,3,/:lang/guides/migrate-to-astro,0.66249335,true,0.652
10a0c54301e199fa74d4,content_based,1,/android/build-a-backend/restapi/existing-resources,0.70140368,false,240.502
10a0c54301e199fa74d4,content_based,2,/android/build-a-backend/restapi/gen-ai,0.70041490,false,240.502
10a0c54301e199fa74d4,content_based,3,/android/build-a-backend/restapi/set-up-rest-api,0.53807455,false,240.502
10af0f22725240cb43de,content_based,1,/gen1/javascript/prev/build-a-backend/more-features/datastore/additional-methods,0.77963531,false,714.856
10af0f22725240cb43de,content_based,2,/gen1/javascript/prev/build-a-backend/graphqlapi/offline,0.77247959,false,714.856
10af0f22725240cb43de,content_based,3,/gen1/javascript/prev/build-a-backend/more-features/datastore,0.76070770,false,714.856
10b410c084cc7c99a44f,content_based,1,/providers/fastly/fastly/latest/docs/guides/:path*,0.48502830,true,0.466
10b410c084cc7c99a44f,content_based,2,/providers/ovh/ovh/latest/docs/guides/:path*,0.48502830,false,0.466
10b410c084cc7c99a44f,content_based,3,/providers/turbot/turbot/latest/docs/guides/:path*,0.48502830,false,0.466
10ed6d90a0c561802930,content_based,1,/examples/tutorials/file_server,0.59677601,false,1665.878
10ed6d90a0c561802930,content_based,2,/examples/tcp_echo_server,0.59677601,true,1665.878
10ed6d90a0c561802930,content_based,3,/examples/tutorials/trpc,0.50502419,false,1665.878
10f7f017be91c9ae6f10,content_based,1,/docs/extend/writing-custom-providers.html,0.59183007,false,0.487
10f7f017be91c9ae6f10,content_based,2,/providers/turbot/turbot/latest/docs,0.56474638,true,0.487
10f7f017be91c9ae6f10,content_based,3,/providers/linode/linode/latest/docs,0.56474638,false,0.487
11568e4abd2859da8699,content_based,1,/android/sdk/auth/federated-identities,0.75506571,false,939.350
11568e4abd2859da8699,content_based,2,/android/sdk/auth/working-with-api,0.67828123,false,939.350
11568e4abd2859da8699,content_based,3,/android/sdk/auth/getting-started,0.60910755,false,939.350
11c3b0d4ce1923fb90f9,content_based,1,/android/start/getting-started/setup,0.66276616,false,0.413
11c3b0d4ce1923fb90f9,content_based,2,/android/start/getting-started/installation,0.55099845,false,0.413
11c3b0d4ce1923fb90f9,content_based,3,/android/start/getting-started/nextsteps,0.51288503,false,0.413
11d4814862ab66f85137,content_based,1,/android/sdk/auth/getting-started,0.43453911,false,274.998
11d4814862ab66f85137,content_based,2,/android/sdk/api/graphql,0.41514274,false,274.998
11d4814862ab66f85137,content_based,3,/android/build-a-backend/auth/sign-in-with-web-ui,0.39380777,false,274.998
120f2ffef15f0db13c9a,content_based,1,/flutter/build-a-backend/more-features/datastore/additional-methods,0.80178893,false,0.460
120f2ffef15f0db13c9a,content_based,2,/flutter/build-a-backend/graphqlapi,0.76747257,false,0.460
120f2ffef15f0db13c9a,content_based,3,/flutter/build-a-backend/restapi/fetch-data,0.76029149,false,0.460
121554be45b50212f6cd,content_based,1,/flux/components/notification,1.00000012,false,0.509
121554be45b50212f6cd,content_based,2,/flux/components/notification/receivers,1.00000012,false,0.509
121554be45b50212f6cd,content_based,3,/flux/components/notification/providers,1.00000012,false,0.509
121c6f6ab1c9ef7a5459,content_based,1,/android/build-a-backend/auth/app-uninstall,0.82747340,false,1049.002
121c6f6ab1c9ef7a5459,content_based,2,/android/start/getting-started/integrate,0.53649652,false,1049.002
121c6f6ab1c9ef7a5459,content_based,3,/android/start/getting-started/setup,0.50688285,false,1049.002
12247d601d994d37d340,content_based,1,/flutter/build-a-backend/push-notifications/interact-with-notifications,0.99703467,false,170.340
12247d601d994d37d340,content_based,2,/flutter/build-a-backend/push-notifications/enable-rich-notifications,0.94722450,false,170.340
12247d601d994d37d340,content_based,3,/android/build-a-backend/push-notifications/test-notifications,0.94055594,false,170.340
1233fb77e11f7ae10fdb,content_based,1,/gen1/<platform>/start/getting-started,0.86677849,false,222.220
1233fb77e11f7ae10fdb,content_based,2,/gen1/<platform>/start/getting-started/<page>,0.86677849,false,222.220
1233fb77e11f7ae10fdb,content_based,3,/angular/getting-started/migration,0.78141183,false,222.220
1241489af8c8a3208069,content_based,1,/gen1/android/prev/start/project-setup/prerequisites,0.53276354,false,0.536
1241489af8c8a3208069,content_based,2,/gen1/flutter/prev/start/project-setup,0.52231759,false,0.536
1241489af8c8a3208069,content_based,3,/android/start/getting-started/setup,0.51467669,false,0.536
1298fdb2635a26713369,content_based,1,/flutter/build-a-backend/storage/download,0.54064828,false,326.075
1298fdb2635a26713369,content_based,2,/gen1/android/prev/build-a-backend/storage,0.53993231,false,326.075
1298fdb2635a26713369,content_based,3,/gen1/<platform>/build-a-backend/storage/configure-storage,0.53446412,false,326.075
12aa61b71c0eac02bd06,content_based,1,/gen1/<platform>/tools/cli/<page>,0.72869134,false,388.043
12aa61b71c0eac02bd06,content_based,2,/angular/start/connect-to-aws-resources,0.62693572,false,388.043
12aa61b71c0eac02bd06,content_based,3,/android/build-a-backend/graphqlapi/client-code-generation,0.61756462,false,388.043
12c61619ffcded51490d,content_based,1,/gen1/android/prev/build-a-backend/more-features/datastore/additional-methods,0.41903976,true,0.489
12c61619ffcded51490d,content_based,2,/gen1/javascript/prev/build-a-backend/more-features/datastore/additional-methods,0.41903976,false,0.489
12c61619ffcded51490d,content_based,3,/android/sdk/auth/drop-in-auth,0.39037681,false,0.489
1303fabc4bc3ec87632f,content_based,1,/android/build-a-backend/auth/set-up-auth,0.54790622,false,0.485
1303fabc4bc3ec87632f,content_based,2,/android/sdk/auth/getting-started,0.43453911,false,0.485
1303fabc4bc3ec87632f,content_based,3,/android/build-a-backend/auth/sign-in-with-web-ui,0.39380777,false,0.485
13e41a598db59574325d,content_based,1,/:lang/guides/deploy/aws-via-flightcontrol,0.98596406,true,0.566
13e41a598db59574325d,content_based,2,/en/guides/deploy/aws-via-flightcontrol,0.98596406,false,0.566
13e41a598db59574325d,content_based,3,/de/guides/deploy/aws-via-flightcontrol,0.82996923,false,0.566
141ba75db53e30751f3e,content_based,1,/cloud-docs/policy-enforcement/sentinel/import/tfstate-v2,0.72179651,false,0.769
141ba75db53e30751f3e,content_based,2,/cloud-docs/policy-enforcement/sentinel,0.66712445,false,0.769
141ba75db53e30751f3e,content_based,3,/cloud-docs/run/remote-operations,0.49476302,false,0.769
1426b16b526bce8e58c2,content_based,1,/gen1/javascript/prev/build-a-backend/more-features/datastore,0.87964572,false,423.139
1426b16b526bce8e58c2,content_based,2,/gen1/javascript/prev/build-a-backend/more-features/datastore/manipulate-data,0.77949125,false,423.139
1426b16b526bce8e58c2,content_based,3,/gen1/android/prev/build-a-backend/restapi/fetch-data,0.77370777,false,423.139
144d3c606a9138891075,content_based,1,/gen1/android/prev/build-a-backend/graphqlapi/set-up-graphql-api,0.41789017,false,125.242
144d3c606a9138891075,content_based,2,/android/sdk/api/graphql,0.41514274,true,125.242
144d3c606a9138891075,content_based,3,/android/build-a-backend/graphqlapi/api-graphql-concepts,0.40047121,false,125.242
14f860b5c6f83425bcb6,content_based,1,/docs/extend/writing-custom-providers.html,0.59183007,false,0.442
14f860b5c6f83425bcb6,content_based,2,/providers/cobber/cobbler/latest/docs,0.56474638,true,0.442
14f860b5c6f83425bcb6,content_based,3,/providers/linode/linode/latest/docs,0.56474638,false,0.442
15b9928b054ce96ebf07,content_based,1,/gen1/<platform>/deploy-and-host/deployment/<page>,0.87758267,false,630.272
15b9928b054ce96ebf07,content_based,2,/gen1/angular/deploy-and-host/deployment,0.87758267,false,630.272
15b9928b054ce96ebf07,content_based,3,/gen1/angular/deploy-and-host/custom-configuration,0.84388840,false,630.272
15c4d59d62e97dfdfe50,content_based,1,/gen1/<platform>/tools/cli/<page>,0.61740696,false,159.415
15c4d59d62e97dfdfe50,content_based,2,/gen1/<platform>/tools/libraries,0.60230327,false,159.415
15c4d59d62e97dfdfe50,content_based,3,/gen1/<platform>/tools/console,0.58634293,false,159.415
15ec0e975e5ed9071931,content_based,1,/docs/extend/writing-custom-providers.html,0.59183007,false,0.436
15ec0e975e5ed9071931,content_based,2,/providers/linode/linode/latest/docs,0.56474638,false,0.436
15ec0e975e5ed9071931,content_based,3,/providers/fortinetdev/fortios/latest/docs,0.56474638,true,0.436
1612069b21210be57f73,content_based,1,/examples/importing_json,0.59762299,false,505.208
1612069b21210be57f73,content_based,2,/examples/tutorials/next,0.52064961,false,505.208
1612069b21210be57f73,content_based,3,/examples/unix_cat,0.52064961,false,505.208
16cae477060299632806,content_based,1,/language/upgrade-guides/0-13,0.65826446,false,0.472
16cae477060299632806,content_based,2,/language/upgrade-guides/0-15,0.65231484,false,0.472
16cae477060299632806,content_based,3,/language/v1.1.x/upgrade-guides/0-11,0.64905953,false,0.472
16d56cdebfecec8d551d,content_based,1,/gen1/<platform>/prev/start/<page>,0.93244284,true,827.681
16d56cdebfecec8d551d,content_based,2,/gen1/<platform>/start/getting-started/<page>,0.91348404,false,827.681
16d56cdebfecec8d551d,content_based,3,/gen1/<platform>/start/project-setup/<page>,0.91155165,false,827.681
171e3b4170b0792c8725,content_based,1,/docs/extend/writing-custom-providers.html,0.59183007,false,0.461
171e3b4170b0792c8725,content_based,2,/providers/hashicorp/azuread/latest/docs,0.56474638,true,0.461
171e3b4170b0792c8725,content_based,3,/providers/linode/linode/latest/docs,0.56474638,false,0.461
176a11d03793b140e568,content_based,1,/providers/hashicorp/azurestack/latest/docs/resources/:path*,0.48502830,true,0.443
176a11d03793b140e568,content_based,2,/providers/hashicorp/azurestack/latest/docs/guides/:path*,0.48502830,false,0.443
176a11d03793b140e568,content_based,3,/providers/hashicorp/azurestack/latest/docs/data-sources/:path*,0.48502830,false,0.443
177fff7f0b0eccd03fd8,content_based,1,/gen1/javascript/prev/build-a-backend/more-features/datastore/relational-models,0.42209381,false,403.103
177fff7f0b0eccd03fd8,content_based,2,/gen1/javascript/prev/build-a-backend/more-features/datastore,0.40278776,false,403.103
177fff7f0b0eccd03fd8,content_based,3,/flutter/build-a-backend/more-features/datastore/set-up-datastore,0.40059105,false,403.103
17a90a8462bb14b96f67,content_based,1,/gen1/<platform>/tools/cli-legacy,0.73320985,false,286.884
17a90a8462bb14b96f67,content_based,2,/android/build-a-backend/restapi,0.72772777,false,286.884
17a90a8462bb14b96f67,content_based,3,/gen1/<platform>/build-a-backend/restapi,0.72772777,false,286.884
17b153f9cb24de7b20c5,content_based,1,/providers/circonus-labs/circonus/latest/docs/resources/:path*,0.48502830,true,0.443
17b153f9cb24de7b20c5,content_based,2,/providers/circonus-labs/circonus/latest/docs,0.48502830,false,0.443
17b153f9cb24de7b20c5,content_based,3,/providers/turbot/turbot/latest/docs/resources/:path*,0.48502830,false,0.443
17b264ab5edc53e03ceb,content_based,1,/deploy/classic/firebase,0.70649660,false,2704.070
17b264ab5edc53e03ceb,content_based,2,/deploy/classic/dynamodb,0.66627705,false,2704.070
17b264ab5edc53e03ceb,content_based,3,/deploy/classic/*,0.57111877,false,2704.070
17cf1130843e097c2f6e,content_based,1,/gen1/<platform>/tools/cli/<page>,0.76947272,false,357.601
17cf1130843e097c2f6e,content_based,2,/gen1/android/prev/build-a-backend/graphqlapi/set-up-graphql-api,0.75793365,false,357.601
17cf1130843e097c2f6e,content_based,3,/gen1/<platform>/tools/libraries,0.75046158,false,357.601
184659483710bebf1df7,content_based,1,/examples/tutorials/mongoose,0.98495054,false,842.851
184659483710bebf1df7,content_based,2,/examples/tutorials/apollo,0.68379617,false,842.851
184659483710bebf1df7,content_based,3,/examples/tutorials/mysql2,0.65782404,false,842.851
187252af1abe3017743a,content_based,1,/gen1/javascript/prev/build-a-backend/graphqlapi/customize-authz-modes,0.98219079,false,0.466
187252af1abe3017743a,content_based,2,/gen1/flutter/prev/build-a-backend/restapi/customize-authz,0.94649231,false,0.466
187252af1abe3017743a,content_based,3,/gen1/android/prev/build-a-backend/graphqlapi/advanced-workflows,0.88456494,false,0.466
18f525ef2cd4446fc8a8,content_based,1,/gen1/<platform>/build-a-backend/debugging,0.84208387,false,852.022
18f525ef2cd4446fc8a8,content_based,2,/gen1/<platform>/build-a-backend/utilities,0.83695507,true,852.022
18f525ef2cd4446fc8a8,content_based,3,/gen1/<platform>/prev/build-a-backend/<page>,0.79462433,false,852.022
19dc50098b7fad797193,content_based,1,/providers/PagerDuty/pagerduty/latest/docs/guides/:path*,0.48502830,true,0.466
19dc50098b7fad797193,content_based,2,/providers/ovh/ovh/latest/docs/guides/:path*,0.48502830,false,0.466
19dc50098b7fad797193,content_based,3,/providers/gridscale/gridscale/latest/docs/guides/:path*,0.48502830,false,0.466
1a5c33d1bbfc3f78fa23,content_based,1,/gen1/<platform>/build-a-backend/storage/import,0.43561751,false,0.481
1a5c33d1bbfc3f78fa23,content_based,2,/gen1/<platform>/build-a-backend/storage/configure-storage,0.41979092,false,0.481
1a5c33d1bbfc3f78fa23,content_based,3,/gen1/android/prev/build-a-backend/storage/sdk,0.39901547,false,0.481
1a62b2b2c3e9400739a9,content_based,1,/en/guides/client-side-scripts,0.98232734,false,0.561
1a62b2b2c3e9400739a9,content_based,2,/:lang/guides/imports,0.73224688,false,0.561
1a62b2b2c3e9400739a9,content_based,3,/:lang/guides/images,0.71514022,false,0.561
1a745c697a5d832e634e,content_based,1,/gen1/javascript/prev/build-a-backend/more-features/datastore/sync-to-cloud,0.71804443,true,367.802
1a745c697a5d832e634e,content_based,2,/gen1/flutter/prev/build-a-backend/more-features/datastore/sync-to-cloud,0.71804443,false,367.802
1a745c697a5d832e634e,content_based,3,/gen1/android/prev/build-a-backend/more-features/datastore/sync-to-cloud,0.71804443,false,367.802
1a852e037cc504c6cb37,content_based,1,/gen1/<platform>/tools/cli/<page>,0.50009513,false,318.847
1a852e037cc504c6cb37,content_based,2,/gen1/<platform>/tools/console,0.46926653,false,318.847
1a852e037cc504c6cb37,content_based,3,/gen1/<platform>/tools/libraries,0.45442605,false,318.847
1a92e6c9dde6c0ecc226,content_based,1,/flutter/build-a-backend/more-features/datastore/datastore-events,0.67762136,false,0.425
1a92e6c9dde6c0ecc226,content_based,2,/flutter/build-a-backend/more-features/datastore/set-up-datastore,0.56350589,false,0.425
1a92e6c9dde6c0ecc226,content_based,3,/flutter/build-a-backend/more-features/datastore/manipulate-data,0.51442742,false,0.425
1ab0a5bee7e262be8cf3,content_based,1,/providers/DataDog/datadog/latest/docs/resources/:path*,0.48502830,true,0.414
1ab0a5bee7e262be8cf3,content_based,2,/providers/DataDog/datadog/latest/docs,0.48502830,false,0.414
1ab0a5bee7e262be8cf3,content_based,3,/providers/ovh/ovh/latest/docs/guides/:path*,0.48502830,false,0.414
1acd1f25a065f2593d1d,content_based,1,/android/deploy-and-host,0.95379388,false,199.566
1acd1f25a065f2593d1d,content_based,2,/gen1/<platform>/deploy-and-host/frameworks/<page>,0.94931138,true,199.566
1acd1f25a065f2593d1d,content_based,3,/gen1/<platform>/deploy-and-host/deployment/<page>,0.93904090,false,199.566
1b267e7c1166da2952ee,content_based,1,/providers/hashicorp/http/latest/docs/data-sources/:path*,0.48502830,true,0.410
1b267e7c1166da2952ee,content_based,2,/providers/ovh/ovh/latest/docs/guides/:path*,0.48502830,false,0.410
1b267e7c1166da2952ee,content_based,3,/providers/fastly/fastly/latest/docs/guides/:path*,0.48502830,false,0.410
1b524b1088dbd32d2dbd,content_based,1,/flutter/build-a-backend/more-features/datastore/datastore-events,0.67762136,false,0.446
1b524b1088dbd32d2dbd,content_based,2,/flutter/build-a-backend/more-features/datastore/sync-to-cloud,0.60775077,false,0.446
1b524b1088dbd32d2dbd,content_based,3,/android/build-a-backend/more-features/datastore/sync-to-cloud,0.60775077,false,0.446
1b5baed2b80e086ea7b9,content_based,1,/gen1/flutter/build-a-backend/troubleshooting/upgrade-amplify-packages,0.82907748,false,158.970
1b5baed2b80e086ea7b9,content_based,2,/gen1/javascript/build-a-backend/troubleshooting/upgrade-amplify-packages,0.82907748,false,158.970
1b5baed2b80e086ea7b9,content_based,3,/gen1/android/prev/start/project-setup/prerequisites,0.56071794,false,158.970
1b66f70aba9fdb93e36d,content_based,1,/docs/extend/writing-custom-providers.html,0.59183007,false,0.397
1b66f70aba9fdb93e36d,content_based,2,/providers/linode/linode/latest/docs,0.56474638,false,0.397
1b66f70aba9fdb93e36d,content_based,3,/providers/ucloud/ucloud/latest/docs,0.56474638,false,0.397
1be98512765ad1eaf7aa,content_based,1,/gen1/android/prev/build-a-backend/auth/delete-user-account,0.75733924,false,517.902
1be98512765ad1eaf7aa,content_based,2,/flutter/build-a-backend/auth/delete-user-account,0.74628603,false,517.902
1be98512765ad1eaf7aa,content_based,3,/android/build-a-backend/auth/delete-user-account,0.74628603,false,517.902
1bfe8c8d19e9f6787d88,content_based,1,/gen1/android/prev/build-a-backend/auth/sdk,0.81588781,false,329.541
1bfe8c8d19e9f6787d88,content_based,2,/gen1/<platform>/build-a-backend/utilities,0.78217483,false,329.541
1bfe8c8d19e9f6787d88,content_based,3,/gen1/flutter/prev/build-a-backend/storage/set-up-storage,0.77829024,false,329.541
1c417516fde442b44da4,content_based,1,/gen1/android/prev/build-a-backend/more-features/analytics/existing-resources,0.52205002,false,404.543
1c417516fde442b44da4,content_based,2,/flutter/start/project-setup/escape-hatch,0.47266051,false,404.543
1c417516fde442b44da4,content_based,3,/flutter/build-a-backend/more-features/analytics/identify-user,0.41461110,false,404.543
1c4ec1f50f23d050c5da,content_based,1,/android/build-a-backend/auth/set-up-auth,0.54790622,false,0.450
1c4ec1f50f23d050c5da,content_based,2,/android/sdk/auth/getting-started,0.43453911,false,0.450
1c4ec1f50f23d050c5da,content_based,3,/android/build-a-backend/auth/sign-in-with-web-ui,0.39380777,true,0.450
1c9ffa576fd17e20b3d5,content_based,1,/flutter,0.98717976,false,0.399
1c9ffa576fd17e20b3d5,content_based,2,/android/build-a-backend/push-notifications/set-up-push-notifications,0.51247400,false,0.399
1c9ffa576fd17e20b3d5,content_based,3,/flutter/build-a-backend/push-notifications/enable-rich-notifications,0.44523910,false,0.399
1d0aa7f16245c06e6f32,content_based,1,/providers/digitalocean/digitalocean/latest/docs,0.56474638,true,0.400
1d0aa7f16245c06e6f32,content_based,2,/providers/linode/linode/latest/docs,0.56474638,false,0.400
1d0aa7f16245c06e6f32,content_based,3,/providers/gridscale/gridscale/latest/docs,0.56474638,false,0.400
1d62fcea492f719a9f80,content_based,1,/gen1/<platform>/start/project-setup/<page>,0.94401813,true,145.770
1d62fcea492f719a9f80,content_based,2,/gen1/<platform>/prev/start/<page>,0.91911663,false,145.770
1d62fcea492f719a9f80,content_based,3,/gen1/<platform>/start/getting-started/<page>,0.90434493,false,145.770
1dbe301bc7d90928b4cf,content_based,1,/gen1/android/prev/build-a-backend/storage,0.92841303,false,190.206
1dbe301bc7d90928b4cf,content_based,2,/android/build-a-backend/storage/upload,0.75771737,false,190.206
1dbe301bc7d90928b4cf,content_based,3,/gen1/flutter/prev/build-a-backend/storage/set-up-storage,0.73785874,false,190.206
1e64e4d1429cc6a04bc1,content_based,1,/gen1/<platform>/tools/console,0.99861509,false,0.535
1e64e4d1429cc6a04bc1,content_based,2,/gen1/<platform>/tools/cli/<page>,0.81918204,false,0.535
1e64e4d1429cc6a04bc1,content_based,3,/angular/start/connect-to-aws-resources,0.72048861,false,0.535
1e83b10e92df471c7895,content_based,1,/deploy/classic/api/compression,0.97188616,false,1793.926
1e83b10e92df471c7895,content_based,2,/examples/deno_deploy_tutorial,0.54052198,false,1793.926
1e83b10e92df471c7895,content_based,3,/examples/tutorials/deno_deploy,0.54052198,false,1793.926
1f63bbfab77f5cb6062d,content_based,1,/android/build-a-backend/more-features/analytics/identify-user,0.39398342,false,138.147
1f63bbfab77f5cb6062d,content_based,2,/flutter/build-a-backend/more-features/analytics/identify-user,0.39398342,false,138.147
1f63bbfab77f5cb6062d,content_based,3,/angular/build-a-backend/more-features/predictions/identify-text,0.37445813,false,138.147
1fac3f0c62b5675b5ef3,content_based,1,/android/sdk/auth/getting-started,0.43453911,false,322.201
1fac3f0c62b5675b5ef3,content_based,2,/gen1/flutter/prev/build-a-backend/auth/add-social-provider,0.41009309,false,322.201
1fac3f0c62b5675b5ef3,content_based,3,/android/build-a-backend/auth/add-social-provider,0.40421602,false,322.201
2048475d5858b4b2e49c,content_based,1,/gen1/<platform>/tools/cli/<page>,0.93255049,false,365.648
2048475d5858b4b2e49c,content_based,2,/,0.80529374,false,365.648
2048475d5858b4b2e49c,content_based,3,/flutter,0.54298830,false,365.648
20bd2987885c4daeba52,content_based,1,/gen1/<platform>/tools/cli/<page>,0.50009513,false,3.462
20bd2987885c4daeba52,content_based,2,/gen1/<platform>/tools/console,0.46926653,false,3.462
20bd2987885c4daeba52,content_based,3,/gen1/<platform>/tools/libraries,0.45442605,false,3.462
20c323414f73fbd11dce,content_based,1,/android/build-a-backend/restapi/existing-resources,0.65050018,false,189.629
20c323414f73fbd11dce,content_based,2,/gen1/<platform>/build-a-backend/auth/existing-resources,0.54218137,false,189.629
20c323414f73fbd11dce,content_based,3,/gen1/android/prev/build-a-backend/auth/existing-resources,0.54095334,false,189.629
211c30914ae11408262e,content_based,1,/gen1/<platform>/build-a-backend/storage/import,0.43561751,false,0.502
211c30914ae11408262e,content_based,2,/gen1/<platform>/build-a-backend/storage/configure-storage,0.41979092,false,0.502
211c30914ae11408262e,content_based,3,/android/build-a-backend/storage/upload,0.38860857,false,0.502
212777ab2d3fff7cb094,content_based,1,/gen1/<platform>/tools/cli/<page>,0.74607766,false,172.703
212777ab2d3fff7cb094,content_based,2,/android/build-a-backend/auth/set-up-auth,0.68488002,false,172.703
212777ab2d3fff7cb094,content_based,3,/flutter/build-a-backend/auth/set-up-auth,0.68488002,false,172.703
216125626ed878e44ddd,content_based,1,/android/build-a-backend/graphqlapi/client-code-generation,0.47587922,false,1.257
216125626ed878e44ddd,content_based,2,/flutter/build-a-backend/graphqlapi/advanced-workflows,0.41821852,false,1.257
216125626ed878e44ddd,content_based,3,/gen1/android/prev/build-a-backend/graphqlapi/set-up-graphql-api,0.41789017,false,1.257
2172f3d76994213a1952,content_based,1,/android/build-a-backend/auth/set-up-auth,0.66150534,false,331.190
2172f3d76994213a1952,content_based,2,/flutter/build-a-backend/auth/set-up-auth,0.66150534,false,331.190
2172f3d76994213a1952,content_based,3,/gen1/<platform>/build-a-backend/auth/auth-events,0.62652767,false,331.190
21980dcf89e3d4087985,content_based,1,/flux/components/notification,1.00000012,false,28.376
21980dcf89e3d4087985,content_based,2,/flux/components/notification/providers,1.00000012,true,28.376
21980dcf89e3d4087985,content_based,3,/flux/components/notification/receivers,1.00000012,false,28.376
21fb6f191c2c3cae29de,content_based,1,/android/build-a-backend/auth/set-up-auth,0.67817509,false,0.888
21fb6f191c2c3cae29de,content_based,2,/android/build-a-backend/auth/add-social-provider,0.59043184,false,0.888
21fb6f191c2c3cae29de,content_based,3,/android/sdk/auth/getting-started,0.56710100,false,0.888
23069d5b2b40e3777d05,content_based,1,/gen1/javascript/build-ui/uibuilder,0.74264228,false,1.167
23069d5b2b40e3777d05,content_based,2,/gen1/<platform>/build-a-backend/storage/configure-storage,0.61930221,false,1.167
23069d5b2b40e3777d05,content_based,3,/gen1/<platform>/build-a-backend/auth/auth-events,0.59061730,false,1.167
2393688b5d8a0b1bca1a,content_based,1,/gen1/angular/prev/start/project-setup/create-application,0.94355488,true,203.119
2393688b5d8a0b1bca1a,content_based,2,/gen1/<platform>/start/project-setup/<page>,0.87343287,false,203.119
2393688b5d8a0b1bca1a,content_based,3,/gen1/android/prev/start/project-setup/use-existing-resources,0.86886883,false,203.119
23cfbc306b795f4618e1,content_based,1,/android/build-a-backend/push-notifications/set-up-push-notifications,0.36219725,false,0.482
23cfbc306b795f4618e1,content_based,2,/flutter/build-a-backend/push-notifications/enable-rich-notifications,0.28169346,false,0.482
23cfbc306b795f4618e1,content_based,3,/android/build-a-backend/push-notifications/record-notifications,0.27925867,false,0.482
241b7a821fee5df29510,content_based,1,/android/start/getting-started/generate-model,0.55953246,false,1.007
241b7a821fee5df29510,content_based,2,/android/start/getting-started/integrate,0.55748820,true,1.007
241b7a821fee5df29510,content_based,3,/android/start/getting-started/setup,0.49770352,false,1.007
2443194e981891a24f74,content_based,1,/android/start/getting-started/integrate,0.83655381,false,156.509
2443194e981891a24f74,content_based,2,/android/start/getting-started/generate-model,0.66837502,false,156.509
2443194e981891a24f74,content_based,3,/android/start/getting-started/setup,0.65046132,false,156.509
245d00574e89bf2eb774,content_based,1,/gen1/angular/deploy-and-host/custom-configuration,0.93706846,true,423.869
245d00574e89bf2eb774,content_based,2,/gen1/javascript/deploy-and-host/custom-configuration,0.93706846,false,423.869
245d00574e89bf2eb774,content_based,3,/gen1/<platform>/deploy-and-host/frameworks/<page>,0.93384039,false,423.869
247ff9ba88244d06c03d,content_based,1,/android/sdk/auth/getting-started,0.43453911,false,0.920
247ff9ba88244d06c03d,content_based,2,/android/sdk/api/graphql,0.41514274,false,0.920
247ff9ba88244d06c03d,content_based,3,/android/sdk/auth/federated-identities,0.36613871,false,0.920
2487bca79476fa00ba87,content_based,1,/providers/pan-net/powerdns/latest/docs/guides/:path*,0.48502830,true,13.872
2487bca79476fa00ba87,content_based,2,/providers/ovh/ovh/latest/docs/guides/:path*,0.48502830,false,13.872
2487bca79476fa00ba87,content_based,3,/providers/turbot/turbot/latest/docs/guides/:path*,0.48502830,false,13.872
250f3c6b80c9819b44c2,content_based,1,/providers/aliyun/alicloud/latest/docs/resources/:path*,0.48502830,false,0.972
250f3c6b80c9819b44c2,content_based,2,/providers/aliyun/alicloud/latest/docs,0.48502830,false,0.972
250f3c6b80c9819b44c2,content_based,3,/providers/aliyun/alicloud/latest/docs/data-sources/:path*,0.48502830,true,0.972
258367e32c4086a2b89a,content_based,1,/providers/hashicorp/azuread/latest/docs/guides/:path*,0.48502830,true,0.648
258367e32c4086a2b89a,content_based,2,/providers/ovh/ovh/latest/docs/guides/:path*,0.48502830,false,0.648
258367e32c4086a2b89a,content_based,3,/providers/turbot/turbot/latest/docs/guides/:path*,0.48502830,false,0.648
2594863546eeab933416,content_based,1,/gen1/javascript/build-a-backend/troubleshooting/upgrade-amplify-packages,0.84589779,false,0.742
2594863546eeab933416,content_based,2,/gen1/flutter/build-a-backend/troubleshooting/upgrade-amplify-packages,0.84589779,false,0.742
2594863546eeab933416,content_based,3,/android/build-a-backend/restapi/set-up-rest-api,0.83352518,false,0.742
259aeedce43193f23b94,content_based,1,/enterprise/install/pre-install-checklist,0.81252736,true,1599.340
259aeedce43193f23b94,content_based,2,/enterprise/requirements/os-specific/centos-requirements,0.66956282,false,1599.340
259aeedce43193f23b94,content_based,3,/enterprise/install/automated/active-active,0.66037220,false,1599.340
25a94d00594a2c653d9e,content_based,1,/android/build-a-backend/auth/set-up-auth,0.54790622,false,5.695
25a94d00594a2c653d9e,content_based,2,/android/sdk/auth/getting-started,0.43453911,false,5.695
25a94d00594a2c653d9e,content_based,3,/android/build-a-backend/auth/under-the-hood,0.37548411,false,5.695
26b230f45aab8a1c31ec,content_based,1,/android/sdk/auth/federated-identities,0.61750977,false,156.763
26b230f45aab8a1c31ec,content_based,2,/android/build-a-backend/restapi/gen-ai,0.57234740,false,156.763
26b230f45aab8a1c31ec,content_based,3,/gen1/flutter/prev/build-a-backend/restapi/customize-authz,0.52215433,false,156.763
26bb8c6289bce5fdb03e,content_based,1,/android/deploy-and-host,0.96038985,false,331.268
26bb8c6289bce5fdb03e,content_based,2,/gen1/<platform>/deploy-and-host/frameworks/<page>,0.94747847,false,331.268
26bb8c6289bce5fdb03e,content_based,3,/gen1/angular/deploy-and-host/deployment,0.94017303,false,331.268
2848a1106ccf1595b918,content_based,1,/android/build-a-backend/graphqlapi/client-code-generation,0.47750938,false,0.483
2848a1106ccf1595b918,content_based,2,/flutter/build-a-backend/graphqlapi/advanced-workflows,0.39987791,false,0.483
2848a1106ccf1595b918,content_based,3,/gen1/android/prev/build-a-backend/graphqlapi/set-up-graphql-api,0.39923630,false,0.483
28a234c08dc8db0471d9,content_based,1,/providers/hashicorp/vsphere/latest/docs/resources/:path*,0.48502830,true,1.328
28a234c08dc8db0471d9,content_based,2,/providers/hashicorp/vsphere/latest/docs/guides/:path*,0.48502830,false,1.328
28a234c08dc8db0471d9,content_based,3,/providers/hashicorp/vsphere/latest/docs/data-sources/:path*,0.48502830,false,1.328
290aad54f93c815f1ed3,content_based,1,/flutter/build-a-backend/more-features/datastore/schema-updates,0.49626067,false,246.622
290aad54f93c815f1ed3,content_based,2,/flutter/build-a-backend/more-features/datastore/datastore-events,0.49528983,false,246.622
290aad54f93c815f1ed3,content_based,3,/android/build-a-backend/more-features/datastore/manipulate-data,0.38161659,false,246.622
295654d09e05f1b86e19,content_based,1,/en/flux/_index,0.97262084,false,1.467
295654d09e05f1b86e19,content_based,2,/ecosystem,0.87804335,false,1.467
295654d09e05f1b86e19,content_based,3,/en/flux/concepts,0.82752752,false,1.467
299654544194c006316d,content_based,1,/providers/nutanix/nutanix/latest/docs/resources/:path*,0.48502830,true,1.102
299654544194c006316d,content_based,2,/providers/nutanix/nutanix/latest/docs/data-sources/:path*,0.48502830,false,1.102
299654544194c006316d,content_based,3,/providers/Venafi/venafi/latest/docs/resources/:path*,0.48502830,false,1.102
2a75c3d78b5688296c2b,content_based,1,/flutter/build-a-backend/push-notifications/receive-device-token,0.82302666,false,12.028
2a75c3d78b5688296c2b,content_based,2,/flutter/build-a-backend/more-features/datastore/sync-to-cloud,0.73293483,false,12.028
2a75c3d78b5688296c2b,content_based,3,/gen1/javascript/prev/build-a-backend/more-features/datastore/sync-to-cloud,0.72561887,false,12.028
2a988cb0e68e0cd52108,content_based,1,/gen1/android/prev/build-a-backend/storage/lambda-triggers,0.72100306,false,39.513
2a988cb0e68e0cd52108,content_based,2,/gen1/<platform>/tools/cli/<page>,0.69837523,false,39.513
2a988cb0e68e0cd52108,content_based,3,/android/build-a-backend/storage/lambda-triggers,0.68110085,false,39.513
2af26f46bda484fa766a,content_based,1,/:lang/guides/markdown-content,0.80329496,true,0.709
2af26f46bda484fa766a,content_based,2,/:lang/guides/imports,0.70717794,false,0.709
2af26f46bda484fa766a,content_based,3,/:lang/guides/images,0.69973177,false,0.709
2b0b184613d6df7774b7,content_based,1,/language/upgrade-guides/0-13,0.65826446,false,1.298
2b0b184613d6df7774b7,content_based,2,/language/upgrade-guides/0-15,0.65231484,false,1.298
2b0b184613d6df7774b7,content_based,3,/language/v1.1.x/upgrade-guides/0-11,0.64905953,false,1.298
2c25a1e71065a98ead03,content_based,1,/gen1/javascript/build-ui/uibuilder,0.70046973,false,254.504
2c25a1e71065a98ead03,content_based,2,/gen1/<platform>/tools/console,0.64945644,false,254.504
2c25a1e71065a98ead03,content_based,3,/android/build-a-backend/auth/set-up-auth,0.59194577,false,254.504
2c4861cd6712ea61c340,content_based,1,/android/sdk/auth/getting-started,0.39846644,false,1.842
2c4861cd6712ea61c340,content_based,2,/android/sdk/auth/federated-identities,0.38250597,false,1.842
2c4861cd6712ea61c340,content_based,3,/android/build-a-backend/auth/sdk,0.30004236,false,1.842
2c9051056a7b300d8415,content_based,1,/providers/scaleway/scaleway/latest/docs/guides/:path*,0.48502830,true,11.235
2c9051056a7b300d8415,content_based,2,/providers/gridscale/gridscale/latest/docs/guides/:path*,0.48502830,false,11.235
2c9051056a7b300d8415,content_based,3,/providers/fastly/fastly/latest/docs/guides/:path*,0.48502830,false,11.235
2ca9f041407ff5738c5e,content_based,1,/flux/components/notification,1.00000012,false,0.705
2ca9f041407ff5738c5e,content_based,2,/flux/components/notification/receivers,1.00000012,true,0.705
2ca9f041407ff5738c5e,content_based,3,/flux/components/notification/providers,1.00000012,false,0.705
2cb6453f424be0509cbc,content_based,1,/android/build-a-backend/restapi/set-up-rest-api,0.72224885,false,193.046
2cb6453f424be0509cbc,content_based,2,/gen1/flutter/prev/build-a-backend/restapi/set-up-rest-api,0.69371545,false,193.046
2cb6453f424be0509cbc,content_based,3,/android/build-a-backend/restapi/existing-resources,0.68827260,false,193.046
2cdd698e759cdbce36f4,content_based,1,/providers/aliyun/alicloud/latest/docs/resources/:path*,0.48502830,true,0.488
2cdd698e759cdbce36f4,content_based,2,/providers/aliyun/alicloud/latest/docs,0.48502830,false,0.488
2cdd698e759cdbce36f4,content_based,3,/providers/aliyun/alicloud/latest/docs/data-sources/:path*,0.48502830,false,0.488
2cfdfe8b5ce1bf1ca748,content_based,1,/docs/extend/writing-custom-providers.html,0.59183007,false,2.260
2cfdfe8b5ce1bf1ca748,content_based,2,/providers/Icinga/icinga2/latest/docs,0.56474638,true,2.260
2cfdfe8b5ce1bf1ca748,content_based,3,/providers/linode/linode/latest/docs,0.56474638,false,2.260
2cffd71e68c215ed3895,content_based,1,/gen1/flutter/prev/build-a-backend/auth/remember-device,0.95158780,false,653.186
2cffd71e68c215ed3895,content_based,2,/gen1/javascript/prev/build-a-backend/auth/remember-device,0.95158780,false,653.186
2cffd71e68c215ed3895,content_based,3,/flutter/build-a-backend/auth/manage-mfa,0.58247042,false,653.186
2d00fb156b9056b4f97e,content_based,1,/flutter/build-a-backend/graphqlapi/existing-resources,0.98409748,false,259.897
2d00fb156b9056b4f97e,content_based,2,/gen1/flutter/prev/build-a-backend/graphqlapi/existing-resources,0.97963703,false,259.897
2d00fb156b9056b4f97e,content_based,3,/gen1/<platform>/build-a-backend/auth/existing-resources,0.95358622,false,259.897
2d43cf3122717f64f386,content_based,1,/gen1/<platform>/tools/cli/<page>,0.66488890,false,138.754
2d43cf3122717f64f386,content_based,2,/gen1/android/prev/build-a-backend/storage/lambda-triggers,0.61709593,false,138.754
2d43cf3122717f64f386,content_based,3,/gen1/<platform>/build-a-backend/existing-resources,0.56430542,false,138.754
2d59542811a2c1eaa7c9,content_based,1,/gen1/javascript/build-a-backend/server-side-rendering/nuxt,0.73289005,true,187.861
2d59542811a2c1eaa7c9,content_based,2,/gen1/angular/build-a-backend/server-side-rendering/nextjs,0.65756112,false,187.861
2d59542811a2c1eaa7c9,content_based,3,/angular/build-a-backend/server-side-rendering,0.64894402,false,187.861
2da7ba2a83e4a334e8a3,content_based,1,/android/build-a-backend/storage/upload,0.40185213,false,1.803
2da7ba2a83e4a334e8a3,content_based,2,/gen1/android/prev/build-a-backend/more-features/datastore/sync-to-cloud,0.25994211,false,1.803
2da7ba2a83e4a334e8a3,content_based,3,/gen1/flutter/prev/build-a-backend/more-features/datastore/sync-to-cloud,0.25994211,false,1.803
2dbf0416368b06fc5a36,content_based,1,/android/start/getting-started/installation,0.54123569,false,1.689
2dbf0416368b06fc5a36,content_based,2,/gen1/<platform>/tools/console,0.46926653,false,1.689
2dbf0416368b06fc5a36,content_based,3,/android/build-a-backend/restapi/gen-ai,0.45289338,false,1.689
2e81eef04bd5816e902e,content_based,1,/flutter/start/getting-started/nextsteps,0.52961552,false,2.827
2e81eef04bd5816e902e,content_based,2,/android/start/getting-started/nextsteps,0.49111590,false,2.827
2e81eef04bd5816e902e,content_based,3,/android/start/getting-started/integrate,0.46599263,false,2.827
2f0e768a4e2bddf27f29,content_based,1,/gen1/android/prev/build-a-backend/storage/existing-resources,0.41667417,false,2.262
2f0e768a4e2bddf27f29,content_based,2,/gen1/android/prev/build-a-backend/storage/sdk,0.40456827,false,2.262
2f0e768a4e2bddf27f29,content_based,3,/android/build-a-backend/storage/upload,0.40185213,true,2.262
30220b2e6139d16b6e7b,content_based,1,/providers/dnsimple/dnsimple/latest/docs,0.56474638,true,14.954
30220b2e6139d16b6e7b,content_based,2,/providers/linode/linode/latest/docs,0.56474638,false,14.954
30220b2e6139d16b6e7b,content_based,3,/providers/gridscale/gridscale/latest/docs,0.56474638,false,14.954
302512ff59a98d069acc,content_based,1,/gen1/<platform>/tools/libraries,0.46982461,false,580.485
302512ff59a98d069acc,content_based,2,/gen1/<platform>/tools/console,0.46959549,false,580.485
302512ff59a98d069acc,content_based,3,/android/build-a-backend/more-features/geo/amazon-location-sdk,0.39565325,false,580.485
30dad2e72ed9c8ead4a0,content_based,1,/android/build-a-backend/restapi/existing-resources,0.45156223,false,146.975
30dad2e72ed9c8ead4a0,content_based,2,/gen1/<platform>/tools/libraries/<page>,0.43564361,false,146.975
30dad2e72ed9c8ead4a0,content_based,3,/flutter,0.38553011,false,146.975
30fd9d1556f82d67d080,content_based,1,/de/concepts/islands,0.70586520,false,2.009
30fd9d1556f82d67d080,content_based,2,/en/concepts/why-astro,0.65187067,false,2.009
30fd9d1556f82d67d080,content_based,3,/:lang/concepts/islands,0.62047958,false,2.009
3133b3680c34ec9125ac,content_based,1,/providers/hashicorp/azurerm/latest/docs/resources/:path*,0.48502830,true,0.519
3133b3680c34ec9125ac,content_based,2,/providers/hashicorp/azurerm/latest/docs/data-sources/:path*,0.48502830,false,0.519
3133b3680c34ec9125ac,content_based,3,/providers/hashicorp/azurerm/latest/docs,0.48502830,false,0.519
31549fba3a930ecb86b8,content_based,1,/android/build-a-backend/auth/set-up-auth,0.54790622,false,1.110
31549fba3a930ecb86b8,content_based,2,/android/sdk/auth/getting-started,0.43453911,false,1.110
31549fba3a930ecb86b8,content_based,3,/android/build-a-backend/auth/add-social-provider,0.40421602,false,1.110
323870ce99cd20c559bf,content_based,1,/gen1/javascript/prev,0.98995864,true,594.860
323870ce99cd20c559bf,content_based,2,/gen1/angular/prev,0.98995864,false,594.860
323870ce99cd20c559bf,content_based,3,/gen1/javascript/prev/build-a-backend/more-features/datastore,0.87729622,false,594.860
3244355ec237548805f3,content_based,1,/providers/gitlabhq/gitlab/latest/docs/guides/:path*,0.48502830,true,0.505
3244355ec237548805f3,content_based,2,/providers/ovh/ovh/latest/docs/guides/:path*,0.48502830,false,0.505
3244355ec237548805f3,content_based,3,/providers/fastly/fastly/latest/docs/guides/:path*,0.48502830,false,0.505
32502c6562e8bafc183b,content_based,1,/android/build-a-backend/restapi/set-up-rest-api,0.76806128,false,285.706
32502c6562e8bafc183b,content_based,2,/android/build-a-backend/restapi,0.75587833,false,285.706
32502c6562e8bafc183b,content_based,3,/gen1/<platform>/build-a-backend/restapi,0.75587833,false,285.706
328643c5b0201541091b,content_based,1,/flutter,0.98717976,false,174.595
328643c5b0201541091b,content_based,2,/flutter/build-a-backend/auth/set-up-auth,0.61676925,false,174.595
328643c5b0201541091b,content_based,3,/gen1/flutter/prev/build-a-backend/auth/set-up-auth,0.56672090,false,174.595
32998804340605f555a8,content_based,1,/flutter,0.98717976,false,1.584
32998804340605f555a8,content_based,2,/android/build-a-backend/storage/upload,0.50981939,false,1.584
32998804340605f555a8,content_based,3,/gen1/flutter/prev/build-a-backend/storage/set-up-storage,0.49442479,false,1.584
32a1c0cb5a6ee44ac627,content_based,1,/android/start/getting-started/setup,0.66276616,false,1.561
32a1c0cb5a6ee44ac627,content_based,2,/android/start/getting-started/installation,0.55099845,false,1.561
32a1c0cb5a6ee44ac627,content_based,3,/android/start/getting-started/nextsteps,0.51288503,false,1.561
32bb71dab95174d93ff6,content_based,1,/gen1/<platform>/tools/cli/<page>,0.83568925,false,210.748
32bb71dab95174d93ff6,content_based,2,/flutter/build-a-backend/graphqlapi/existing-resources,0.72412786,false,210.748
32bb71dab95174d93ff6,content_based,3,/<platform>/build-a-backend/auth/modify-resources-with-cdk,0.70326459,false,210.748
32e89d096eae3a3c786b,content_based,1,/gen1/<platform>/build-a-backend/auth/existing-resources,0.78718722,false,185.151
32e89d096eae3a3c786b,content_based,2,/gen1/<platform>/build-a-backend/utilities,0.78588259,false,185.151
32e89d096eae3a3c786b,content_based,3,/angular/build-a-backend/auth,0.73080587,false,185.151
332083dbe31b500b76c1,content_based,1,/gen1/android/build-a-backend/auth/add-social-provider,0.59043184,false,168.751
332083dbe31b500b76c1,content_based,2,/gen1/android/prev/build-a-backend/more-features/analytics/existing-resources,0.52707732,false,168.751
332083dbe31b500b76c1,content_based,3,/android/build-a-backend/storage/upload,0.48714077,false,168.751
33dd742e67bd0b258982,content_based,1,/docs/extend/writing-custom-providers.html,0.59183007,false,0.776
33dd742e67bd0b258982,content_based,2,/providers/Venafi/venafi/latest/docs,0.56474638,true,0.776
33dd742e67bd0b258982,content_based,3,/providers/linode/linode/latest/docs,0.56474638,false,0.776
3423a86f477ab757a355,content_based,1,/:lang/install-and-setup,0.78601003,true,0.671
3423a86f477ab757a355,content_based,2,/en/install-and-setup,0.78601003,false,0.671
3423a86f477ab757a355,content_based,3,/:lang/recipes,0.55195510,false,0.671
348e973c97f8de514bfe,content_based,1,/android/start/getting-started/installation,0.68834782,false,132.637
348e973c97f8de514bfe,content_based,2,/android/start/getting-started/setup,0.67138296,false,132.637
348e973c97f8de514bfe,content_based,3,/flutter/start/getting-started/nextsteps,0.65091342,false,132.637
349c5ff3448ffcb4e67d,content_based,1,/providers/vmware/nsxt/latest/docs/guides/:path*,0.48502830,true,1.021
349c5ff3448ffcb4e67d,content_based,2,/providers/ovh/ovh/latest/docs/guides/:path*,0.48502830,false,1.021
349c5ff3448ffcb4e67d,content_based,3,/providers/fastly/fastly/latest/docs/guides/:path*,0.48502830,false,1.021
34beed6729405993db67,content_based,1,/cloud-docs/run/remote-operations,0.78779566,true,311.534
34beed6729405993db67,content_based,2,/cloud-docs/workspaces/health,0.54670233,false,311.534
34beed6729405993db67,content_based,3,/enterprise/api-docs/admin/runs,0.53477061,false,311.534
34ec270839a7944cf340,content_based,1,/enterprise/install/pre-install-checklist,0.60999230,false,384.994
34ec270839a7944cf340,content_based,2,/enterprise/install/automated/active-active,0.59849409,false,384.994
34ec270839a7944cf340,content_based,3,/enterprise/requirements/network,0.59186343,false,384.994
351375d6eef656d1cb0e,content_based,1,/gen1/angular/prev,0.98995864,true,1.211
351375d6eef656d1cb0e,content_based,2,/gen1/javascript/prev,0.98995864,false,1.211
351375d6eef656d1cb0e,content_based,3,/angular/getting-started/migration,0.92996281,false,1.211
35171715be67cdaaa9c1,content_based,1,/android/start/getting-started/setup,0.66276616,false,0.898
35171715be67cdaaa9c1,content_based,2,/android/start/getting-started/installation,0.55099845,false,0.898
35171715be67cdaaa9c1,content_based,3,/android/start/getting-started/nextsteps,0.51288503,false,0.898
35440376931aaad121c6,content_based,1,/gen1/javascript/prev/build-a-backend/graphqlapi/api-graphql-concepts,0.86186725,false,0.559
35440376931aaad121c6,content_based,2,/gen1/javascript/build-a-backend/troubleshooting/upgrade-amplify-packages,0.84589779,true,0.559
35440376931aaad121c6,content_based,3,/gen1/flutter/build-a-backend/troubleshooting/upgrade-amplify-packages,0.84589779,false,0.559
35a1bd18728d862e0193,content_based,1,/providers/kreuzwerker/docker/latest/docs/data-sources/:path*,0.48502830,true,1.237
35a1bd18728d862e0193,content_based,2,/providers/kreuzwerker/docker/latest/docs,0.48502830,false,1.237
35a1bd18728d862e0193,content_based,3,/providers/ovh/ovh/latest/docs/guides/:path*,0.48502830,false,1.237
35e88caa4ddf307d330e,content_based,1,/providers/CiscoDevNet/aci/latest/docs/data-sources/:path*,0.48502830,true,0.545
35e88caa4ddf307d330e,content_based,2,/providers/ovh/ovh/latest/docs/guides/:path*,0.48502830,false,0.545
35e88caa4ddf307d330e,content_based,3,/providers/fastly/fastly/latest/docs/guides/:path*,0.48502830,false,0.545
35ff0a3e986dd144dd9d,content_based,1,/angular/build-a-backend/more-features/predictions/identify-text,0.49178407,true,272.555
35ff0a3e986dd144dd9d,content_based,2,/android/build-a-backend/more-features/predictions/identify-text,0.49178407,false,272.555
35ff0a3e986dd144dd9d,content_based,3,/gen1/android/prev/build-a-backend/more-features/predictions/identify-text,0.47180033,false,272.555
36306b9d4fd83c2f4a19,content_based,1,/flutter,0.98717976,false,10.263
36306b9d4fd83c2f4a19,content_based,2,/gen1/flutter/prev/build-a-backend/graphqlapi/mutate-data,0.56365103,false,10.263
36306b9d4fd83c2f4a19,content_based,3,/flutter/build-a-backend/graphqlapi/advanced-workflows,0.50540656,false,10.263
3708802c7cdcdfb803b5,content_based,1,/android/build-a-backend/more-features/logging/change-log-levels,0.89069390,false,328.951
3708802c7cdcdfb803b5,content_based,2,/android/build-a-backend/more-features/logging/configure-user,0.88081884,false,328.951
3708802c7cdcdfb803b5,content_based,3,/gen1/javascript/prev/build-a-backend/more-features/analytics/record-events,0.84196371,false,328.951
3730a1d12091f8da9078,content_based,1,/gen1/<platform>/tools/cli/<page>,0.73933661,false,190.917
3730a1d12091f8da9078,content_based,2,/android/build-a-backend/restapi/gen-ai,0.68284690,false,190.917
3730a1d12091f8da9078,content_based,3,/android/build-a-backend/restapi/existing-resources,0.67855895,false,190.917
380b0da0db72714b0989,content_based,1,/:lang/guides/view-transitions,0.84492451,true,14.604
380b0da0db72714b0989,content_based,2,/:lang/guides/routing,0.68134296,false,14.604
380b0da0db72714b0989,content_based,3,/:lang/tutorial/6-islands/4,0.67721558,false,14.604
38ceab89d8fda2be9ad1,content_based,1,/providers/CiscoDevNet/mso/latest/docs/guides/:path*,0.48502830,false,1.551
38ceab89d8fda2be9ad1,content_based,2,/providers/CiscoDevNet/mso/latest/docs/resources/:path*,0.48502830,false,1.551
38ceab89d8fda2be9ad1,content_based,3,/providers/CiscoDevNet/mso/latest/docs/data-sources/:path*,0.48502830,true,1.551
38d04ccf5c20f474a72f,content_based,1,/gen1/<platform>/tools/console,0.84011406,false,215.075
38d04ccf5c20f474a72f,content_based,2,/android/start/getting-started/installation,0.83921367,false,215.075
38d04ccf5c20f474a72f,content_based,3,/gen1/<platform>/tools/cli/<page>,0.83366919,false,215.075
390ecc443369350f80b2,content_based,1,/providers/newrelic/newrelic/latest/docs/resources/:path*,0.48502830,true,1.052
390ecc443369350f80b2,content_based,2,/providers/dome9/dome9/latest/docs/resources/:path*,0.48502830,false,1.052
390ecc443369350f80b2,content_based,3,/providers/Venafi/venafi/latest/docs/resources/:path*,0.48502830,false,1.052
3991b3971284a551bd45,content_based,1,/gen1/<platform>/tools/libraries/<page>,0.94605255,true,338.552
3991b3971284a551bd45,content_based,2,/gen1/<platform>/tools/libraries,0.94605255,false,338.552
3991b3971284a551bd45,content_based,3,/gen1/<platform>/prev/tools/<category>/<page>,0.85290986,false,338.552
39efcd87c095bbd4201d,content_based,1,/examples/tutorials/redis,0.50244331,false,210.132
39efcd87c095bbd4201d,content_based,2,/examples/tutorials/volumes,0.49680221,false,210.132
39efcd87c095bbd4201d,content_based,3,/examples/tutorials/trpc,0.48909846,false,210.132
3ad78b60c572605f0981,content_based,1,/deploy/classic/*,0.92764652,true,1181.238
3ad78b60c572605f0981,content_based,2,/deploy/classic,0.92764652,false,1181.238
3ad78b60c572605f0981,content_based,3,/deploy/*,0.82699132,false,1181.238
3b51100f5fb1edc4f858,content_based,1,/flutter/build-a-backend/auth/manage-mfa,0.83125114,false,1.845
3b51100f5fb1edc4f858,content_based,2,/android/sdk/auth/working-with-api,0.74351022,false,1.845
3b51100f5fb1edc4f858,content_based,3,/gen1/javascript/prev/build-a-backend/auth/switch-auth,0.65371382,false,1.845
3b6841d4cbf719221a9c,content_based,1,/gen1/<platform>/build-a-backend/graphqlapi/<page>,0.93926811,false,1.008
3b6841d4cbf719221a9c,content_based,2,/gen1/<platform>/build-a-backend/restapi,0.93555951,false,1.008
3b6841d4cbf719221a9c,content_based,3,/gen1/<platform>/build-a-backend/more-features/<page>,0.92640692,false,1.008
3bce904aade12188c8c5,content_based,1,/android/sdk/auth/federated-identities,0.75322166,false,192.417
3bce904aade12188c8c5,content_based,2,/flutter/build-a-backend/auth/set-up-auth,0.68510866,false,192.417
3bce904aade12188c8c5,content_based,3,/flutter/build-a-backend/auth/manage-mfa,0.68095082,false,192.417
3bdbc1fcc7855e22f410,content_based,1,/providers/hashicorp/null/latest/docs/guides/:path*,0.48502830,true,1.002
3bdbc1fcc7855e22f410,content_based,2,/providers/ovh/ovh/latest/docs/guides/:path*,0.48502830,false,1.002
3bdbc1fcc7855e22f410,content_based,3,/providers/fastly/fastly/latest/docs/guides/:path*,0.48502830,false,1.002
3ca384f4f6809119d4aa,content_based,1,/providers/CiscoDevNet/mso/latest/docs/resources/:path*,0.48502830,true,1.712
3ca384f4f6809119d4aa,content_based,2,/providers/CiscoDevNet/mso/latest/docs/guides/:path*,0.48502830,false,1.712
3ca384f4f6809119d4aa,content_based,3,/providers/CiscoDevNet/mso/latest/docs/data-sources/:path*,0.48502830,false,1.712
3cab49bc0e59fdd15886,content_based,1,/docs/extend/writing-custom-providers.html,0.59183007,false,0.780
3cab49bc0e59fdd15886,content_based,2,/providers/linode/linode/latest/docs,0.56474638,false,0.780
3cab49bc0e59fdd15886,content_based,3,/providers/ucloud/ucloud/latest/docs,0.56474638,false,0.780
3cb15b3f6c106fffac40,content_based,1,/gen1/android/prev/build-a-backend/storage,0.92841303,false,176.724
3cb15b3f6c106fffac40,content_based,2,/android/build-a-backend/storage/upload,0.75771737,false,176.724
3cb15b3f6c106fffac40,content_based,3,/gen1/javascript/prev/build-a-backend/auth/under-the-hood,0.74437261,false,176.724
3cec18e7c0e85ca37e60,content_based,1,/:lang/basics/astro-syntax,0.89663941,false,18.264
3cec18e7c0e85ca37e60,content_based,2,/:lang/reference/astro-syntax,0.89663941,true,18.264
3cec18e7c0e85ca37e60,content_based,3,/en/basics/astro-components,0.85426760,false,18.264
3d0adff9fca9e7725f74,content_based,1,/gen1/flutter/prev/start/project-setup,0.52231759,false,1.523
3d0adff9fca9e7725f74,content_based,2,/gen1/<platform>/tools/console,0.46926653,false,1.523
3d0adff9fca9e7725f74,content_based,3,/gen1/angular/prev/start/project-setup/create-application,0.41981981,false,1.523
3d7569ef3f6cbfe5e573,content_based,1,/providers/nttcom/ecl/latest/docs/resources/:path*,0.48502830,true,0.438
3d7569ef3f6cbfe5e573,content_based,2,/providers/nttcom/ecl/latest/docs/guides/:path*,0.48502830,false,0.438
3d7569ef3f6cbfe5e573,content_based,3,/providers/nttcom/ecl/latest/docs,0.48502830,false,0.438
3def6aaf606321a9b4fd,content_based,1,/flutter/build-a-backend/more-features/datastore/datastore-events,0.68707061,false,152.963
3def6aaf606321a9b4fd,content_based,2,/gen1/javascript/prev/build-a-backend/more-features/datastore/real-time,0.66109943,false,152.963
3def6aaf606321a9b4fd,content_based,3,/gen1/flutter/prev/build-a-backend/more-features/datastore/real-time,0.66109943,false,152.963
3e0e6b51a3b7a0e5dd44,content_based,1,/providers/huaweicloud/huaweicloudstack/latest/docs/guides/:path*,0.48502830,false,0.997
3e0e6b51a3b7a0e5dd44,content_based,2,/providers/huaweicloud/huaweicloud/latest/docs/data-sources/:path*,0.48502830,true,0.997
3e0e6b51a3b7a0e5dd44,content_based,3,/providers/huaweicloud/huaweicloudstack/latest/docs/resources/:path*,0.48502830,false,0.997
3e84e7bc69164ef8fbd4,content_based,1,/docs/extend/writing-custom-providers.html,0.59183007,false,0.464
3e84e7bc69164ef8fbd4,content_based,2,/providers/akamai/akamai/latest/docs,0.56474638,true,0.464
3e84e7bc69164ef8fbd4,content_based,3,/providers/linode/linode/latest/docs,0.56474638,false,0.464
3f25d4e65f63995421e4,content_based,1,/gen1/android/prev/build-a-backend,0.38016921,false,141.712
3f25d4e65f63995421e4,content_based,2,/gen1/angular/prev/build-a-backend,0.38016921,false,141.712
3f25d4e65f63995421e4,content_based,3,/gen1/javascript/build-ui/uibuilder,0.35391599,false,141.712
3f8ee5fda4d6f7d63bfb,content_based,1,/language/upgrade-guides/0-13,0.65826446,true,0.621
3f8ee5fda4d6f7d63bfb,content_based,2,/language/upgrade-guides/0-15,0.65231484,false,0.621
3f8ee5fda4d6f7d63bfb,content_based,3,/language/v1.1.x/upgrade-guides/0-15,0.65231484,false,0.621
40065817d4691eccc8d7,content_based,1,/enterprise/requirements/os-specific/centos-requirements,0.95490152,true,142.271
40065817d4691eccc8d7,content_based,2,/enterprise/requirements/os-specific/rhel-requirements,0.88215578,false,142.271
40065817d4691eccc8d7,content_based,3,/enterprise/install/pre-install-checklist,0.73284614,false,142.271
40c8c7b830b52e83f90d,content_based,1,/providers/hashicorp/google/latest/docs/resources/:path*,0.48502830,true,0.452
40c8c7b830b52e83f90d,content_based,2,/providers/hashicorp/google/latest/docs/data-sources/:path*,0.48502830,false,0.452
40c8c7b830b52e83f90d,content_based,3,/providers/ovh/ovh/latest/docs/guides/:path*,0.48502830,false,0.452
410d32a398a8bfcdb9b7,content_based,1,/providers/hashicorp/template/latest/docs/guides/:path*,0.42728794,true,224.735
410d32a398a8bfcdb9b7,content_based,2,/providers/ovh/ovh/latest/docs/guides/:path*,0.42728794,false,224.735
410d32a398a8bfcdb9b7,content_based,3,/providers/fastly/fastly/latest/docs/guides/:path*,0.42728794,false,224.735
412b70b8a9716dd164cc,content_based,1,/:lang/reference/publish-to-npm,0.53070140,false,0.937
412b70b8a9716dd164cc,content_based,2,/:lang/reference/modules/astro-config,0.51688063,false,0.937
412b70b8a9716dd164cc,content_based,3,/:lang/reference/astro-syntax,0.47976172,false,0.937
4183658eaa243b73c89b,content_based,1,/android/start/getting-started/installation,0.56491864,false,2001.758
4183658eaa243b73c89b,content_based,2,/flutter/start/getting-started/nextsteps,0.54168397,false,2001.758
4183658eaa243b73c89b,content_based,3,/android/sdk/auth/getting-started,0.52688205,false,2001.758
41b7a1ab0aa210abff3a,content_based,1,/language/upgrade-guides/0-13,0.65826446,false,1.058
41b7a1ab0aa210abff3a,content_based,2,/language/upgrade-guides/0-15,0.65231484,false,1.058
41b7a1ab0aa210abff3a,content_based,3,/language/v1.1.x/upgrade-guides/0-11,0.64905953,false,1.058
41bc97c8361f8c214fcc,content_based,1,/gen1/android/prev/start/project-setup/prerequisites,0.53276354,false,2.848
41bc97c8361f8c214fcc,content_based,2,/gen1/flutter/prev/start/project-setup,0.52231759,false,2.848
41bc97c8361f8c214fcc,content_based,3,/android/start/getting-started/setup,0.51467669,false,2.848
41dacecb8a17b54922a4,content_based,1,/flux/components/notification,1.00000012,false,0.537
41dacecb8a17b54922a4,content_based,2,/flux/components/notification/providers,1.00000012,false,0.537
41dacecb8a17b54922a4,content_based,3,/flux/components/notification/receivers,1.00000012,false,0.537
420e8a6728219e8a72dc,content_based,1,/android/build-a-backend/auth/set-up-auth,0.54790622,false,1.529
420e8a6728219e8a72dc,content_based,2,/android/sdk/auth/getting-started,0.43453911,false,1.529
420e8a6728219e8a72dc,content_based,3,/android/build-a-backend/auth/add-social-provider,0.40421602,false,1.529
4244f5392d474d193abc,content_based,1,/flutter,0.98717976,false,0.605
4244f5392d474d193abc,content_based,2,/flutter/build-a-backend/graphqlapi/advanced-workflows,0.50540656,false,0.605
4244f5392d474d193abc,content_based,3,/flutter/build-a-backend/graphqlapi/api-graphql-concepts,0.47782248,true,0.605
42ad3a352db93b966717,content_based,1,/providers/skytap/skytap/latest/docs,0.48502830,false,1.362
42ad3a352db93b966717,content_based,2,/providers/skytap/skytap/latest/docs/data-sources/:path*,0.48502830,true,1.362
42ad3a352db93b966717,content_based,3,/providers/fastly/fastly/latest/docs/guides/:path*,0.48502830,false,1.362
42f10281907ef9fa30fd,content_based,1,/gen1/javascript/prev/build-a-backend/auth/switch-auth,0.93890369,false,1.125
42f10281907ef9fa30fd,content_based,2,/gen1/android/prev/build-a-backend/auth/set-up-auth,0.54704958,false,1.125
42f10281907ef9fa30fd,content_based,3,/android/build-a-backend/auth/set-up-auth,0.49767205,false,1.125
430c7be15d56681fbe3e,content_based,1,/gen1/<platform>/start/getting-started,0.92794997,true,116.010
430c7be15d56681fbe3e,content_based,2,/gen1/<platform>/start/getting-started/<page>,0.92794997,false,116.010
430c7be15d56681fbe3e,content_based,3,/angular/getting-started/migration,0.91883814,false,116.010
43775d2faaf0e02186dc,content_based,1,/android/build-a-backend/auth/set-up-auth,0.69626743,false,0.587
43775d2faaf0e02186dc,content_based,2,/flutter/build-a-backend/auth/set-up-auth,0.69626743,false,0.587
43775d2faaf0e02186dc,content_based,3,/android/sdk/auth/federated-identities,0.57422238,false,0.587
437f71921babb9f7edf6,content_based,1,/flutter/build-a-backend/more-features/datastore/manipulate-data,0.86661346,false,256.504
437f71921babb9f7edf6,content_based,2,/android/build-a-backend/more-features/datastore/manipulate-data,0.86661346,false,256.504
437f71921babb9f7edf6,content_based,3,/gen1/javascript/prev/build-a-backend/more-features/datastore/manipulate-data,0.86612286,false,256.504
439f078eb7d480fcc4da,content_based,1,/android/start/getting-started/installation,0.55099845,false,1.424
439f078eb7d480fcc4da,content_based,2,/gen1/android/prev/build-a-backend/graphqlapi/set-up-graphql-api,0.41789017,false,1.424
439f078eb7d480fcc4da,content_based,3,/android/sdk/api/graphql,0.41514274,false,1.424
43be4c6bb618929235f8,content_based,1,/gen1/javascript/build-ui/uibuilder,0.76465678,false,144.472
43be4c6bb618929235f8,content_based,2,/gen1/<platform>/tools/console,0.66398811,false,144.472
43be4c6bb618929235f8,content_based,3,/gen1/flutter/prev/build-a-backend/restapi/customize-authz,0.58390176,false,144.472
43c30fb57dabe5640614,content_based,1,/gen1/android/build-a-backend/storage/query-transfers,0.99862874,false,197.901
43c30fb57dabe5640614,content_based,2,/flutter/build-a-backend/storage/get-properties,0.79964670,false,197.901
43c30fb57dabe5640614,content_based,3,/gen1/android/prev/build-a-backend/storage,0.67968539,false,197.901
43cc6958c638b608ae24,content_based,1,/android/start/getting-started/installation,0.72708595,false,3.564
43cc6958c638b608ae24,content_based,2,/android/start/getting-started/integrate,0.57663071,false,3.564
43cc6958c638b608ae24,content_based,3,/android/start/getting-started/generate-model,0.49998853,false,3.564
43cf19f3eb590a6abf53,content_based,1,/android/sdk/auth/getting-started,0.58413625,false,1.045
43cf19f3eb590a6abf53,content_based,2,/android/sdk/auth/federated-identities,0.51613456,false,1.045
43cf19f3eb590a6abf53,content_based,3,/android/sdk/auth/drop-in-auth,0.46800160,false,1.045
441b3fc5b642b1846a56,content_based,1,/android/start/getting-started/integrate,0.73067006,false,167.433
441b3fc5b642b1846a56,content_based,2,/android/start/getting-started/setup,0.72984895,false,167.433
441b3fc5b642b1846a56,content_based,3,/android/start/getting-started/generate-model,0.71488389,false,167.433
44443d79ff3f33b083aa,content_based,1,/flutter/start/getting-started/nextsteps,0.52961552,false,7.670
44443d79ff3f33b083aa,content_based,2,/android/start/getting-started/nextsteps,0.49111590,false,7.670
44443d79ff3f33b083aa,content_based,3,/android/start/getting-started/integrate,0.46599263,false,7.670
44f32161f3bdf914df9f,content_based,1,/gen1/<platform>/start/project-setup/<page>,0.71124965,false,0.613
44f32161f3bdf914df9f,content_based,2,/gen1/<platform>/tools/cli/<page>,0.70724046,false,0.613
44f32161f3bdf914df9f,content_based,3,/gen1/angular/prev/start/project-setup/create-application,0.69697473,false,0.613
45f2516976ae8780b406,content_based,1,/enterprise/api-docs/admin/users,0.65520573,false,189.219
45f2516976ae8780b406,content_based,2,/enterprise/api-docs/admin/runs,0.60528994,false,189.219
45f2516976ae8780b406,content_based,3,/cloud-docs/users-teams-organizations/users,0.53286850,false,189.219
4638dd463f4ec1cf3dd9,content_based,1,/gen1/javascript/prev/build-a-backend/more-features/geo/location-search,0.42133132,false,465.503
4638dd463f4ec1cf3dd9,content_based,2,/gen1/flutter/prev/build-a-backend/more-features/analytics/auto-track-sessions,0.41379392,false,465.503
4638dd463f4ec1cf3dd9,content_based,3,/flutter/build-a-backend/more-features/analytics/auto-track-sessions,0.39724532,false,465.503
46876c0a337f6ec2dc37,content_based,1,/angular/build-a-backend/more-features/predictions/identify-text,0.43790948,false,219.455
46876c0a337f6ec2dc37,content_based,2,/android/build-a-backend/more-features/predictions/identify-text,0.43790948,false,219.455
46876c0a337f6ec2dc37,content_based,3,/gen1/android/prev/build-a-backend/more-features/predictions/identify-text,0.41212708,false,219.455
46e831c4161a05e29243,content_based,1,/android/start/getting-started/installation,0.54123569,false,1.396
46e831c4161a05e29243,content_based,2,/gen1/<platform>/tools/cli/<page>,0.50009513,false,1.396
46e831c4161a05e29243,content_based,3,/gen1/<platform>/tools/console,0.46926653,false,1.396
46f3d5a26fc59d58d70e,content_based,1,/en/guides/imports,0.45896891,true,0.641
46f3d5a26fc59d58d70e,content_based,2,/en/guides/backend,0.34366167,false,0.641
46f3d5a26fc59d58d70e,content_based,3,/en/guides/images,0.34180355,false,0.641
4700a464b58f448c17f4,content_based,1,/gen1/<platform>/build-a-backend/push-notifications/<page>,0.95911717,false,114.734
4700a464b58f448c17f4,content_based,2,/gen1/<platform>/build-a-backend/push-notifications,0.95911717,false,114.734
4700a464b58f448c17f4,content_based,3,/gen1/<platform>/sdk/push-notifications/<page>,0.95059264,true,114.734
4717160e908a3a44b471,content_based,1,/providers/selectel/selectel/latest/docs/data-sources/:path*,0.48502830,true,0.941
4717160e908a3a44b471,content_based,2,/providers/scaleway/scaleway/latest/docs/guides/:path*,0.48502830,false,0.941
4717160e908a3a44b471,content_based,3,/providers/ovh/ovh/latest/docs/guides/:path*,0.48502830,false,0.941
480c8bf6543e153e4e9a,content_based,1,/android/start/getting-started/installation,0.55099845,false,0.950
480c8bf6543e153e4e9a,content_based,2,/android/build-a-backend/push-notifications/set-up-push-notifications,0.39018729,false,0.950
480c8bf6543e153e4e9a,content_based,3,/gen1/android/prev/build-a-backend/more-features/predictions/interpret-sentiment,0.37322402,false,0.950
482a27e48bf447d0b10e,content_based,1,/gen1/<platform>/tools/cli/<page>,0.84340590,false,1.048
482a27e48bf447d0b10e,content_based,2,/android/start/getting-started/installation,0.83429843,false,1.048
482a27e48bf447d0b10e,content_based,3,/gen1/flutter/prev/start/project-setup,0.68943191,false,1.048
483f83e5a7eaa2a0a544,content_based,1,/providers/akamai/akamai/latest/docs/resources/:path*,0.48502830,true,0.470
483f83e5a7eaa2a0a544,content_based,2,/providers/akamai/akamai/latest/docs,0.48502830,false,0.470
483f83e5a7eaa2a0a544,content_based,3,/providers/Venafi/venafi/latest/docs/resources/:path*,0.48502830,false,0.470
4878a72bdc57806e123f,content_based,1,/providers/hashicorp/azuread/latest/docs/resources/:path*,0.48502830,true,0.476
4878a72bdc57806e123f,content_based,2,/providers/hashicorp/azuread/latest/docs/guides/:path*,0.48502830,false,0.476
4878a72bdc57806e123f,content_based,3,/providers/hashicorp/azuread/latest/docs,0.48502830,false,0.476
488ecd72a8e417600ab5,content_based,1,/flux/components/image,1.00000000,true,0.442
488ecd72a8e417600ab5,content_based,2,/en/flux/components/image/_index,1.00000000,false,0.442
488ecd72a8e417600ab5,content_based,3,/flux/components/source,0.62496215,false,0.442
4898fdcf2db7a2906f15,content_based,1,/android/start/getting-started/installation,0.54123569,false,0.893
4898fdcf2db7a2906f15,content_based,2,/angular/start/getting-started/hosting,0.51522458,false,0.893
4898fdcf2db7a2906f15,content_based,3,/android/start/getting-started/setup,0.51467669,false,0.893
48a54ec7e758560113c6,content_based,1,/android/build-a-backend/auth/add-social-provider,0.85962927,false,155.124
48a54ec7e758560113c6,content_based,2,/gen1/flutter/build-a-backend/auth/add-social-provider,0.85962927,false,155.124
48a54ec7e758560113c6,content_based,3,/gen1/android/build-a-backend/auth/add-social-provider,0.85962927,false,155.124
48ca4c8423573409dfb5,content_based,1,/flutter/build-a-backend/more-features/datastore/set-up-datastore,0.47226870,false,0.993
48ca4c8423573409dfb5,content_based,2,/flutter/build-a-backend/more-features/datastore/additional-methods,0.38925418,false,0.993
48ca4c8423573409dfb5,content_based,3,/flutter/build-a-backend/more-features/datastore/sync-to-cloud,0.34843931,false,0.993
48eb29c0cc9541c9a14c,content_based,1,/cloud-docs/policy-enforcement/sentinel,0.64815152,false,144.482
48eb29c0cc9541c9a14c,content_based,2,/cloud-docs/run/remote-operations,0.62792349,false,144.482
48eb29c0cc9541c9a14c,content_based,3,/cloud-docs/workspaces/health,0.56948096,false,144.482
4955ce62a0b109dd35ee,content_based,1,/gen1/<platform>/tools/cli/<page>,0.76434875,false,178.364
4955ce62a0b109dd35ee,content_based,2,/gen1/<platform>/tools/console,0.68059766,false,178.364
4955ce62a0b109dd35ee,content_based,3,/gen1/<platform>/build-a-backend/storage/configure-storage,0.66908503,false,178.364
4992436ff4cf5e58d025,content_based,1,/providers/hashicorp/random/latest/docs/guides/:path*,0.48502830,false,1.243
4992436ff4cf5e58d025,content_based,2,/providers/hashicorp/random/latest/docs/data-sources/:path*,0.48502830,true,1.243
4992436ff4cf5e58d025,content_based,3,/providers/ovh/ovh/latest/docs/guides/:path*,0.48502830,false,1.243
49cd3f67695a2eac8cad,content_based,1,/providers/linode/linode/latest/docs,0.56474638,false,0.489
49cd3f67695a2eac8cad,content_based,2,/providers/ucloud/ucloud/latest/docs,0.56474638,false,0.489
49cd3f67695a2eac8cad,content_based,3,/providers/aliyun/alicloud/latest/docs,0.56474638,true,0.489
4a2e702e55da85abdffe,content_based,1,/providers/vmware/vcd/latest/docs/resources/:path*,0.48502830,true,0.994
4a2e702e55da85abdffe,content_based,2,/providers/vmware/vcd/latest/docs/guides/:path*,0.48502830,false,0.994
4a2e702e55da85abdffe,content_based,3,/providers/vmware/vcd/latest/docs/data-sources/:path*,0.48502830,false,0.994
4a5e2d02954d5bd752d4,content_based,1,/:lang/recipes/rss,0.99293798,false,1.384
4a5e2d02954d5bd752d4,content_based,2,/:lang/guides/imports,0.67662621,false,1.384
4a5e2d02954d5bd752d4,content_based,3,/:lang/guides/images,0.62734473,true,1.384
4a614b31a6d99cd7eed5,content_based,1,/android/build-a-backend/restapi/existing-resources,0.63567243,false,155.329
4a614b31a6d99cd7eed5,content_based,2,/gen1/android/prev/build-a-backend/auth/existing-resources,0.48501763,false,155.329
4a614b31a6d99cd7eed5,content_based,3,/gen1/android/prev/build-a-backend/storage/existing-resources,0.48246404,false,155.329
4a862461b48d336e0ff4,content_based,1,/flutter/build-a-backend/more-features/datastore/authz-rules-setup,0.68621790,false,361.292
4a862461b48d336e0ff4,content_based,2,/gen1/flutter/prev/build-a-backend/more-features/datastore/authz-rules-setup,0.65905974,false,361.292
4a862461b48d336e0ff4,content_based,3,/android/build-a-backend/auth/accessing-credentials,0.51655161,false,361.292
4b50b94b72a449d19359,content_based,1,/android/start/getting-started/installation,0.73715699,false,161.390
4b50b94b72a449d19359,content_based,2,/android/start/getting-started/setup,0.69464344,false,161.390
4b50b94b72a449d19359,content_based,3,/flutter/start/getting-started/nextsteps,0.67106259,false,161.390
4b600e8bce118e6cc66d,content_based,1,/de/basics/astro-components,0.87802804,false,0.728
4b600e8bce118e6cc66d,content_based,2,/en/basics/astro-components,0.78904802,false,0.728
4b600e8bce118e6cc66d,content_based,3,/:lang/reference/astro-syntax,0.75352550,false,0.728
4b847696f8a2b45066d8,content_based,1,/gen1/android/prev/start/project-setup/prerequisites,0.56478679,false,0.479
4b847696f8a2b45066d8,content_based,2,/gen1/android/prev/start/project-setup/rxjava,0.46069261,false,0.479
4b847696f8a2b45066d8,content_based,3,/gen1/android/prev/build-a-backend/graphqlapi/set-up-graphql-api,0.41789017,false,0.479
4b88fb7f25fbe940667f,content_based,1,/gen1/flutter/prev/build-a-backend/graphqlapi/mutate-data,0.59059560,false,198.830
4b88fb7f25fbe940667f,content_based,2,/flutter/build-a-backend/graphqlapi/subscribe-data,0.54765749,false,198.830
4b88fb7f25fbe940667f,content_based,3,/gen1/flutter/prev/build-a-backend/graphqlapi/query-data,0.52665037,false,198.830
4bd64330535af1e3b721,content_based,1,/runtime/reference/migration_guide,0.69186908,false,1858.742
4bd64330535af1e3b721,content_based,2,/deploy/reference/runtime,0.66466558,false,1858.742
4bd64330535af1e3b721,content_based,3,/runtime/reference/jsx,0.55714053,false,1858.742
4c939cfe27360958ec13,content_based,1,/intro,0.74540257,false,750.888
4c939cfe27360958ec13,content_based,2,/providers/linode/linode/latest/docs,0.69534534,false,750.888
4c939cfe27360958ec13,content_based,3,/providers/fortinetdev/fortios/latest/docs,0.69534534,false,750.888
4c959a6a66f6fa0b0ae6,content_based,1,/:lang/install-and-setup,0.80296612,true,0.541
4c959a6a66f6fa0b0ae6,content_based,2,/en/install-and-setup,0.80296612,false,0.541
4c959a6a66f6fa0b0ae6,content_based,3,/:lang/guides/imports,0.61973441,false,0.541
4ce77b8b8674f614a32e,content_based,1,/android/sdk/auth/getting-started,0.43453911,false,0.487
4ce77b8b8674f614a32e,content_based,2,/android/build-a-backend/auth/add-social-provider,0.40421602,true,0.487
4ce77b8b8674f614a32e,content_based,3,/gen1/android/build-a-backend/auth/add-social-provider,0.40421602,false,0.487
4d46c681b00c694f0d84,content_based,1,/android/start/getting-started/installation,0.54123569,false,0.390
4d46c681b00c694f0d84,content_based,2,/angular/start/getting-started/hosting,0.51522458,false,0.390
4d46c681b00c694f0d84,content_based,3,/android/start/getting-started/setup,0.51467669,false,0.390
4d6bb4ec5cdee172d164,content_based,1,/language/upgrade-guides/0-13,0.65826446,false,0.540
4d6bb4ec5cdee172d164,content_based,2,/language/v1.1.x/upgrade-guides/0-15,0.65231484,false,0.540
4d6bb4ec5cdee172d164,content_based,3,/language/v1.1.x/upgrade-guides/0-11,0.64905953,false,0.540
4d7127837a0a9e3744b3,content_based,1,/android/build-a-backend/restapi/existing-resources,0.45308447,false,137.197
4d7127837a0a9e3744b3,content_based,2,/android/build-a-backend/restapi/gen-ai,0.41832793,false,137.197
4d7127837a0a9e3744b3,content_based,3,/android/build-a-backend/restapi/set-up-rest-api,0.37960595,false,137.197
4d8b7213b1170f103664,content_based,1,/gen1/javascript/deploy-and-host/custom-configuration,0.93706846,false,0.550
4d8b7213b1170f103664,content_based,2,/gen1/angular/deploy-and-host/custom-configuration,0.93706846,false,0.550
4d8b7213b1170f103664,content_based,3,/gen1/<platform>/deploy-and-host/frameworks/<page>,0.93384039,false,0.550
4e1962ea423100a03cda,content_based,1,/providers/ovh/ovh/latest/docs/guides/:path*,0.48502830,false,0.455
4e1962ea423100a03cda,content_based,2,/providers/fastly/fastly/latest/docs/guides/:path*,0.48502830,false,0.455
4e1962ea423100a03cda,content_based,3,/providers/turbot/turbot/latest/docs/guides/:path*,0.48502830,false,0.455
4e2cf528517a09f02094,content_based,1,/flutter/build-a-backend/auth/auth-events,0.54269493,false,0.662
4e2cf528517a09f02094,content_based,2,/gen1/javascript/prev/build-a-backend/auth/auth-events,0.53521752,false,0.662
4e2cf528517a09f02094,content_based,3,/flutter/build-a-backend/more-features/datastore/set-up-datastore,0.47226870,false,0.662
4e5dc84c36ba44fc8b94,content_based,1,/gen1/<platform>/tools/cli-legacy,0.96276826,false,223.068
4e5dc84c36ba44fc8b94,content_based,2,/gen1/<platform>/build-a-backend/graphqlapi/<page>,0.94148660,false,223.068
4e5dc84c36ba44fc8b94,content_based,3,/gen1/<platform>/deploy-and-host/frameworks/<page>,0.92261440,false,223.068
4e6e6feea74a5efe0625,content_based,1,/gen1/angular/prev/start/project-setup/create-application,0.94355488,false,0.651
4e6e6feea74a5efe0625,content_based,2,/gen1/<platform>/start/project-setup/<page>,0.87343287,false,0.651
4e6e6feea74a5efe0625,content_based,3,/gen1/android/prev/start/project-setup/use-existing-resources,0.86886883,false,0.651
4eb970640a26cc950d15,content_based,1,/runtime/contributing,0.51481485,true,614.871
4eb970640a26cc950d15,content_based,2,/runtime/reference/jsx,0.39727527,false,614.871
4eb970640a26cc950d15,content_based,3,/runtime/reference/std,0.39727527,false,614.871
4ed183c690024272c016,content_based,1,/flutter/build-a-backend/graphqlapi/advanced-workflows,0.39987791,false,0.602
4ed183c690024272c016,content_based,2,/gen1/javascript/prev/build-a-backend/graphqlapi/advanced-workflows,0.37763697,false,0.602
4ed183c690024272c016,content_based,3,/gen1/android/prev/build-a-backend/graphqlapi/advanced-workflows,0.37763697,false,0.602
4ee514b497f32e6b2c70,content_based,1,/gen1/<platform>/tools/cli-legacy,0.93816668,false,252.176
4ee514b497f32e6b2c70,content_based,2,/gen1/<platform>/sdk/analytics/<page>,0.89772487,false,252.176
4ee514b497f32e6b2c70,content_based,3,/gen1/<platform>/prev/start/<page>,0.88174820,false,252.176
4ff03356ca53e9376d14,content_based,1,/gen1/android/prev/start/project-setup/rxjava,0.99856895,true,1471.436
4ff03356ca53e9376d14,content_based,2,/gen1/angular/prev/start/project-setup/create-application,0.85121693,false,1471.436
4ff03356ca53e9376d14,content_based,3,/gen1/android/prev/start/project-setup/use-existing-resources,0.83136803,false,1471.436
500357394ab0d4a4d391,content_based,1,/flutter/build-a-backend/more-features/datastore/set-up-datastore,0.39299276,false,0.608
500357394ab0d4a4d391,content_based,2,/flutter/build-a-backend/auth/auth-events,0.36377007,false,0.608
500357394ab0d4a4d391,content_based,3,/gen1/javascript/prev/build-a-backend/more-features/datastore/additional-methods,0.32763359,false,0.608
5109caa0a2a6f184209e,content_based,1,/android/build-a-backend/restapi/existing-resources,0.40727228,false,0.467
5109caa0a2a6f184209e,content_based,2,/gen1/android/prev/build-a-backend/auth/existing-resources,0.39009386,false,0.467
5109caa0a2a6f184209e,content_based,3,/gen1/android/prev/build-a-backend/storage/existing-resources,0.38721809,false,0.467
5138ba44a50269f11c22,content_based,1,/gen1/android/prev/build-a-backend/storage/existing-resources,0.52128017,false,0.539
5138ba44a50269f11c22,content_based,2,/android/build-a-backend/storage/upload,0.48714077,false,0.539
5138ba44a50269f11c22,content_based,3,/gen1/android/prev/build-a-backend/storage,0.48289090,true,0.539
515bd6904f6237909108,content_based,1,/gen1/android/prev/build-a-backend/restapi/fetch-data,0.39706953,false,0.447
515bd6904f6237909108,content_based,2,/gen1/android/prev/build-a-backend/restapi/delete-data,0.36981195,false,0.447
515bd6904f6237909108,content_based,3,/gen1/android/prev/build-a-backend/graphqlapi/query-data,0.36251244,false,0.447
517a1ba26c5387489d4d,content_based,1,/android/build-a-backend/auth/managing-attributes,0.57428781,false,181.402
517a1ba26c5387489d4d,content_based,2,/flutter/build-a-backend/auth/set-up-auth,0.51693586,false,181.402
517a1ba26c5387489d4d,content_based,3,/flutter/build-a-backend/auth/delete-user-account,0.51666638,false,181.402
5184e1a7e084639228cc,content_based,1,/providers/hashicorp/vsphere/latest/docs/guides/:path*,0.48502830,true,0.455
5184e1a7e084639228cc,content_based,2,/providers/ovh/ovh/latest/docs/guides/:path*,0.48502830,false,0.455
5184e1a7e084639228cc,content_based,3,/providers/opsgenie/opsgenie/latest/docs/guides/:path*,0.48502830,false,0.455
519295c94761ba2f3d93,content_based,1,/gen1/angular/build-a-backend/server-side-rendering/nextjs,0.73722911,false,0.581
519295c94761ba2f3d93,content_based,2,/angular/build-a-backend/server-side-rendering,0.72467899,false,0.581
519295c94761ba2f3d93,content_based,3,/gen1/javascript/build-a-backend/server-side-rendering/nuxt,0.69966916,false,0.581
51df7672757ebc589235,content_based,1,/gen1/<platform>/prev/start/<page>,0.93314934,false,0.388
51df7672757ebc589235,content_based,2,/gen1/<platform>/start/getting-started/<page>,0.92794997,true,0.388
51df7672757ebc589235,content_based,3,/gen1/<platform>/start/getting-started,0.92794997,false,0.388
52009da7454f0400202b,content_based,1,/gen1/<platform>/tools/cli/<page>,0.70586991,false,374.040
52009da7454f0400202b,content_based,2,/flutter/build-a-backend,0.61120903,false,374.040
52009da7454f0400202b,content_based,3,/gen1/javascript/deploy-and-host/custom-configuration,0.60706317,false,374.040
52131d6f2d0f6dc719de,content_based,1,/android/build-a-backend/auth/add-social-provider,0.59043184,false,0.602
52131d6f2d0f6dc719de,content_based,2,/gen1/android/build-a-backend/auth/add-social-provider,0.59043184,false,0.602
52131d6f2d0f6dc719de,content_based,3,/android/sdk/auth/getting-started,0.56710100,false,0.602
521ec24b0832f6da851e,content_based,1,/android/build-a-backend/restapi/existing-resources,0.57949537,false,176.764
521ec24b0832f6da851e,content_based,2,/gen1/android/prev/build-a-backend/more-features/analytics/existing-resources,0.48690993,false,176.764
521ec24b0832f6da851e,content_based,3,/flutter/build-a-backend/graphqlapi/existing-resources,0.47104371,false,176.764
527e495c1ba1f4ddb6bf,content_based,1,/gen1/angular/prev/start/project-setup/create-application,0.96411872,false,266.171
527e495c1ba1f4ddb6bf,content_based,2,/gen1/javascript/prev/build-a-backend/more-features/geo/set-up-geo,0.86793363,false,266.171
527e495c1ba1f4ddb6bf,content_based,3,/gen1/<platform>/start/project-setup/<page>,0.84076124,false,266.171
53fe5e95db130c40fbea,content_based,1,/docs/extend/writing-custom-providers.html,0.59183007,false,0.456
53fe5e95db130c40fbea,content_based,2,/providers/DataDog/datadog/latest/docs,0.56474638,true,0.456
53fe5e95db130c40fbea,content_based,3,/providers/linode/linode/latest/docs,0.56474638,false,0.456
54549888a29a4f4a3baa,content_based,1,/android/start/getting-started/installation,0.54123569,false,0.792
54549888a29a4f4a3baa,content_based,2,/angular/start/getting-started/hosting,0.51522458,false,0.792
54549888a29a4f4a3baa,content_based,3,/android/start/getting-started/setup,0.51467669,false,0.792
546269cda1e717225a66,content_based,1,/docs/extend/writing-custom-providers.html,0.59183007,false,0.482
546269cda1e717225a66,content_based,2,/providers/linode/linode/latest/docs,0.56474638,false,0.482
546269cda1e717225a66,content_based,3,/providers/hashicorp/nomad/latest/docs,0.56474638,false,0.482
54721773db7e1b547380,content_based,1,/providers/FlexibleEngineCloud/flexibleengine/latest/docs/resources/:path*,0.56474638,true,0.416
54721773db7e1b547380,content_based,2,/providers/FlexibleEngineCloud/flexibleengine/latest/docs,0.56474638,false,0.416
54721773db7e1b547380,content_based,3,/providers/gridscale/gridscale/latest/docs/guides/:path*,0.56474638,false,0.416
5481822057b124c4be67,content_based,1,/flutter/build-a-backend/graphqlapi,0.97199500,false,217.073
5481822057b124c4be67,content_based,2,/gen1/<platform>/build-a-backend/graphqlapi/<page>,0.97199500,false,217.073
5481822057b124c4be67,content_based,3,/flutter/build-a-backend/graphqlapi/advanced-workflows,0.80457616,false,217.073
549a5995a6cc4333f077,content_based,1,/providers/hashicorp/random/latest/docs/guides/:path*,0.48502830,true,0.472
549a5995a6cc4333f077,content_based,2,/providers/ovh/ovh/latest/docs/guides/:path*,0.48502830,false,0.472
549a5995a6cc4333f077,content_based,3,/providers/turbot/turbot/latest/docs/guides/:path*,0.48502830,false,0.472
54d69da09f0c359bb73d,content_based,1,/guides,0.74540257,true,0.504
54d69da09f0c359bb73d,content_based,2,/providers/ovh/ovh/latest/docs/guides/:path*,0.69534534,false,0.504
54d69da09f0c359bb73d,content_based,3,/language/v1.1.x/upgrade-guides/1-0,0.59232765,false,0.504
5545e3b0e8f5409f69c4,content_based,1,/gen1/<platform>/tools/cli-legacy,0.96276826,false,0.489
5545e3b0e8f5409f69c4,content_based,2,/gen1/<platform>/build-a-backend/restapi,0.91512358,false,0.489
5545e3b0e8f5409f69c4,content_based,3,/gen1/<platform>/build-a-backend/utilities,0.90699089,false,0.489
556d6bc3e4945e58690e,content_based,1,/:lang/guides/on-demand-rendering,0.86560692,true,0.551
556d6bc3e4945e58690e,content_based,2,/:lang/guides/routing,0.76782641,false,0.551
556d6bc3e4945e58690e,content_based,3,/:lang/concepts/islands,0.74470475,false,0.551
55a9022d7b2135ee6632,content_based,1,/android/build-a-backend/storage/upload,0.77911860,false,125.683
55a9022d7b2135ee6632,content_based,2,/gen1/<platform>/build-a-backend/storage/configure-storage,0.75169253,false,125.683
55a9022d7b2135ee6632,content_based,3,/gen1/<platform>/tools/console,0.74550712,false,125.683
55b8ea2f072fd9d9c7bc,content_based,1,/android/sdk/auth/getting-started,0.43453911,false,0.546
55b8ea2f072fd9d9c7bc,content_based,2,/android/sdk/auth/federated-identities,0.36613871,true,0.546
55b8ea2f072fd9d9c7bc,content_based,3,/android/build-a-backend/auth/sdk,0.28661525,false,0.546
55ebba82c1abe9553193,content_based,1,/gen1/<platform>/build-a-backend/storage/import,0.43561751,false,0.467
55ebba82c1abe9553193,content_based,2,/gen1/<platform>/build-a-backend/storage/configure-storage,0.41979092,false,0.467
55ebba82c1abe9553193,content_based,3,/android/build-a-backend/storage/upload,0.38860857,false,0.467
55f6704e519648e77d55,content_based,1,/providers/ovh/ovh/latest/docs/guides/:path*,0.48502830,true,0.425
55f6704e519648e77d55,content_based,2,/providers/fastly/fastly/latest/docs/guides/:path*,0.48502830,false,0.425
55f6704e519648e77d55,content_based,3,/providers/turbot/turbot/latest/docs/guides/:path*,0.48502830,false,0.425
55fb3e1e445168ccf864,content_based,1,/flutter,0.98717976,false,0.415
55fb3e1e445168ccf864,content_based,2,/android/build-a-backend/restapi/existing-resources,0.53237271,false,0.415
55fb3e1e445168ccf864,content_based,3,/flutter/build-a-backend/graphqlapi/advanced-workflows,0.50540656,false,0.415
56407f98f58479273e65,content_based,1,/gen1/<platform>/build-a-backend/auth/auth-events,0.46768207,false,235.243
56407f98f58479273e65,content_based,2,/android/sdk/pubsub/working-api,0.37345800,false,235.243
56407f98f58479273e65,content_based,3,/gen1/flutter/prev/build-a-backend/more-features/datastore/real-time,0.30443420,false,235.243
56aa6d7c6cfd8d6efe86,content_based,1,/angular/start/getting-started/hosting,1.00000000,true,0.486
56aa6d7c6cfd8d6efe86,content_based,2,/android/start/getting-started/installation,0.67999303,false,0.486
56aa6d7c6cfd8d6efe86,content_based,3,/android/start/getting-started/nextsteps,0.66549365,false,0.486
56c6dfd06852dc787460,content_based,1,/android/build-a-backend/restapi/set-up-rest-api,0.76806128,false,0.467
56c6dfd06852dc787460,content_based,2,/android/build-a-backend/restapi,0.75587833,false,0.467
56c6dfd06852dc787460,content_based,3,/gen1/<platform>/build-a-backend/restapi,0.75587833,false,0.467
56cded35cf62d509f9d2,content_based,1,/en/guides/integrations-guide,0.99192345,false,0.685
56cded35cf62d509f9d2,content_based,2,/en/guides/integrations-guide/react,0.78196967,false,0.685
56cded35cf62d509f9d2,content_based,3,/en/guides/integrations-guide/node,0.73353761,false,0.685
575aeed94d5e54b8c88b,content_based,1,/gen1/<platform>/build-a-backend/functions/layers,0.40601009,false,0.554
575aeed94d5e54b8c88b,content_based,2,/android/build-a-backend/more-features/geo/amazon-location-sdk,0.34396845,false,0.554
575aeed94d5e54b8c88b,content_based,3,/gen1/javascript/prev/build-a-backend/more-features/geo/location-search,0.32514223,false,0.554
576f13f91841edf388ac,content_based,1,/:lang/guides/migrate-to-astro,0.99296093,false,0.481
576f13f91841edf388ac,content_based,2,/en/guides/migrate-to-astro,0.99296093,false,0.481
576f13f91841edf388ac,content_based,3,/:lang/guides/imports,0.66043746,false,0.481
57c6ce80e800210aef91,content_based,1,/flutter/build-a-backend/auth/set-up-auth,0.54379535,false,0.745
57c6ce80e800210aef91,content_based,2,/android/build-a-backend/auth/set-up-auth,0.54379535,false,0.745
57c6ce80e800210aef91,content_based,3,/android/sdk/auth/getting-started,0.39846644,false,0.745
57eafb5c459978df3173,content_based,1,/:lang/guides/routing,0.73876435,false,0.609
57eafb5c459978df3173,content_based,2,/de/concepts/islands,0.60800874,false,0.609
57eafb5c459978df3173,content_based,3,/:lang/recipes/rss,0.47711217,false,0.609
57f0ddc606d38497dad5,content_based,1,/android/build-a-backend/auth/set-up-auth,0.54790622,false,0.443
57f0ddc606d38497dad5,content_based,2,/android/sdk/auth/getting-started,0.43453911,false,0.443
57f0ddc606d38497dad5,content_based,3,/android/build-a-backend/auth/add-social-provider,0.40421602,false,0.443
58a22e60eab45d45a41e,content_based,1,/android/sdk,0.97143591,false,0.450
58a22e60eab45d45a41e,content_based,2,/android/build-a-backend/auth/sdk,0.94832408,false,0.450
58a22e60eab45d45a41e,content_based,3,/gen1/android/prev/build-a-backend/auth/sdk,0.92813438,false,0.450
58cfcfd546c232de02cb,content_based,1,/angular/build-a-backend,0.95053363,false,0.445
58cfcfd546c232de02cb,content_based,2,/flutter/build-a-backend,0.95053363,false,0.445
58cfcfd546c232de02cb,content_based,3,/angular/build-a-backend/functions,0.90759265,false,0.445
595b8959c367637aa64f,content_based,1,/android/sdk/api/graphql,0.59379065,false,0.468
595b8959c367637aa64f,content_based,2,/android/sdk/auth/getting-started,0.39735633,false,0.468
595b8959c367637aa64f,content_based,3,/android/sdk/analytics/kinesis,0.34192511,false,0.468
595d9ee17953cad1092b,content_based,1,/gen1/<platform>/build-a-backend/existing-resources,0.89402229,false,186.683
595d9ee17953cad1092b,content_based,2,/gen1/<platform>/build-a-backend/auth/existing-resources,0.78215671,false,186.683
595d9ee17953cad1092b,content_based,3,/flutter/build-a-backend/graphqlapi/existing-resources,0.78187450,false,186.683
595e809712140c64b8fd,content_based,1,/enterprise/install/pre-install-checklist,0.72834870,false,191.735
595e809712140c64b8fd,content_based,2,/enterprise/install/automated/active-active,0.67684440,true,191.735
595e809712140c64b8fd,content_based,3,/enterprise/requirements/network,0.65742568,false,191.735
59d472f7a60c7e33a79f,content_based,1,/gen1/<platform>/tools/console,0.66094697,false,0.571
59d472f7a60c7e33a79f,content_based,2,/gen1/<platform>/build-a-backend/storage/import,0.59024727,false,0.571
59d472f7a60c7e33a79f,content_based,3,/gen1/flutter/prev/build-a-backend/auth/remember-device,0.52465975,false,0.571
5a0feb2ce61dcd9e4ae2,content_based,1,/flutter/build-a-backend/storage/get-properties,0.68007040,false,163.023
5a0feb2ce61dcd9e4ae2,content_based,2,/gen1/<platform>/build-a-backend/utilities,0.64399296,false,163.023
5a0feb2ce61dcd9e4ae2,content_based,3,/gen1/<platform>/build-a-backend/existing-resources,0.63025522,false,163.023
5b1426d712b41f5fb279,content_based,1,/flux/installation/configuration/openshift,0.88598603,true,0.647
5b1426d712b41f5fb279,content_based,2,/en/flux/installation/configuration/openshift,0.88598603,false,0.647
5b1426d712b41f5fb279,content_based,3,/flux/installation,0.81939328,false,0.647
5b1e0722fcb97695366d,content_based,1,/flutter/start/getting-started/nextsteps,0.52961552,false,0.449
5b1e0722fcb97695366d,content_based,2,/android/start/getting-started/nextsteps,0.49111590,false,0.449
5b1e0722fcb97695366d,content_based,3,/android/start/getting-started/integrate,0.46599263,false,0.449
5b503a49fcccf1067a3d,content_based,1,/flutter/build-a-backend/auth/sign-out,0.84970188,false,1509.223
5b503a49fcccf1067a3d,content_based,2,/gen1/<platform>/build-a-backend/auth/delete-user-account,0.79427236,true,1509.223
5b503a49fcccf1067a3d,content_based,3,/flutter/build-a-backend/auth/delete-user-account,0.79427236,false,1509.223
5b7602f8305d8e690c83,content_based,1,/gen1/<platform>/tools/cli/<page>,0.72707260,false,386.244
5b7602f8305d8e690c83,content_based,2,/gen1/<platform>/build-a-backend/storage/configure-storage,0.68776673,false,386.244
5b7602f8305d8e690c83,content_based,3,/gen1/<platform>/tools/libraries,0.65527493,false,386.244
5bd8c270b3f702020aaf,content_based,1,/language/upgrade-guides/0-13,0.65826446,false,0.488
5bd8c270b3f702020aaf,content_based,2,/language/v1.1.x/upgrade-guides/0-15,0.65231484,false,0.488
5bd8c270b3f702020aaf,content_based,3,/language/v1.1.x/upgrade-guides/0-11,0.64905953,false,0.488
5bea286cf1e801bc7b60,content_based,1,/gen1/angular/prev/start/project-setup/create-application,0.94355488,false,0.474
5bea286cf1e801bc7b60,content_based,2,/gen1/<platform>/start/project-setup/<page>,0.87343287,false,0.474
5bea286cf1e801bc7b60,content_based,3,/gen1/android/prev/start/project-setup/use-existing-resources,0.86886883,false,0.474
5c36ab2d92dd8220e8cd,content_based,1,/roadmap,0.85000134,true,0.621
5c36ab2d92dd8220e8cd,content_based,2,/en/contributing/docs/google-season-of-docs-2023,0.70056367,false,0.621
5c36ab2d92dd8220e8cd,content_based,3,/en/contributing/docs/style-guide,0.64704049,false,0.621
5cc85ea169131595d77b,content_based,1,/gen1/<platform>/tools/cli-legacy,0.91727233,false,154.505
5cc85ea169131595d77b,content_based,2,/angular/getting-started/migration,0.91313154,false,154.505
5cc85ea169131595d77b,content_based,3,/android/build-a-backend/functions,0.90021598,false,154.505
5d2858197a22b28fd2c9,content_based,1,/:lang/guides/framework-components,0.98819602,true,0.495
5d2858197a22b28fd2c9,content_based,2,/en/guides/framework-components,0.98819602,false,0.495
5d2858197a22b28fd2c9,content_based,3,/en/basics/astro-components,0.83233988,false,0.495
5d3b8c302a2e636fa376,content_based,1,/flutter/build-a-backend/more-features/datastore/datastore-events,0.55530560,false,175.899
5d3b8c302a2e636fa376,content_based,2,/gen1/javascript/prev/build-a-backend/more-features/datastore/sync-to-cloud,0.44136114,false,175.899
5d3b8c302a2e636fa376,content_based,3,/gen1/javascript/prev/build-a-backend/more-features/datastore/manipulate-data,0.36363381,false,175.899
5dd795e006b6d8b9c789,content_based,1,/android/build-a-backend/graphqlapi/client-code-generation,0.67733192,false,171.068
5dd795e006b6d8b9c789,content_based,2,/flutter/build-a-backend/graphqlapi/query-data,0.66000926,false,171.068
5dd795e006b6d8b9c789,content_based,3,/flutter/build-a-backend/graphqlapi/subscribe-data,0.54664969,false,171.068
5df1652310b00fb9e1ac,content_based,1,/providers/StatusCakeDev/statuscake/latest/docs/data-sources/:path*,0.48502830,true,0.442
5df1652310b00fb9e1ac,content_based,2,/providers/StatusCakeDev/statuscake/latest/docs,0.48502830,false,0.442
5df1652310b00fb9e1ac,content_based,3,/providers/fastly/fastly/latest/docs/guides/:path*,0.48502830,false,0.442
5e8a64476b664638f1ae,content_based,1,/examples/tutorials/file_server,0.87089354,false,510.294
5e8a64476b664638f1ae,content_based,2,/examples/file_server_tutorial,0.87089354,true,510.294
5e8a64476b664638f1ae,content_based,3,/examples/tutorials/file_based_routing,0.69626516,false,510.294
5f154d39ef4953ee4a98,content_based,1,/gen1/javascript/prev/build-a-backend/auth/switch-auth,0.93890369,false,0.472
5f154d39ef4953ee4a98,content_based,2,/flutter/build-a-backend/auth/manage-mfa,0.58484638,false,0.472
5f154d39ef4953ee4a98,content_based,3,/flutter/build-a-backend/auth/set-up-auth,0.49767205,false,0.472
605749445f4aa256a9d8,content_based,1,/gen1/<platform>/tools/cli/<page>,0.74078566,false,208.222
605749445f4aa256a9d8,content_based,2,/gen1/<platform>/build-a-backend/functions/layers,0.73425281,false,208.222
605749445f4aa256a9d8,content_based,3,/android/sdk/api/graphql,0.58223152,false,208.222
60aeaa135c7830a91903,content_based,1,/gen1/android/prev/build-a-backend/storage/lambda-triggers,0.62527525,false,196.263
60aeaa135c7830a91903,content_based,2,/android/build-a-backend/storage/lambda-triggers,0.59935671,false,196.263
60aeaa135c7830a91903,content_based,3,/android/build-a-backend/auth/set-up-auth,0.56587297,false,196.263
60f609ff501ad2da6fe9,content_based,1,/enterprise/install/pre-install-checklist,0.87514448,true,154.043
60f609ff501ad2da6fe9,content_based,2,/enterprise/requirements/network,0.78496641,false,154.043
60f609ff501ad2da6fe9,content_based,3,/enterprise/install/automated/active-active,0.74578625,false,154.043
60fa86a2096d20ced040,content_based,1,/android/build-a-backend/push-notifications/set-up-push-service,0.99671561,false,0.677
60fa86a2096d20ced040,content_based,2,/android/build-a-backend/push-notifications/test-notifications,0.94360858,false,0.677
60fa86a2096d20ced040,content_based,3,/android/build-a-backend/push-notifications/set-up-push-notifications,0.94297373,false,0.677
616811fe059073820a64,content_based,1,/docs/extend/writing-custom-providers.html,0.59183007,false,0.442
616811fe059073820a64,content_based,2,/providers/hashicorp/azurerm/latest/docs,0.56474638,true,0.442
616811fe059073820a64,content_based,3,/providers/linode/linode/latest/docs,0.56474638,false,0.442
61c9ddc83a506931f2fd,content_based,1,/android/start/getting-started/installation,0.61137938,false,130.001
61c9ddc83a506931f2fd,content_based,2,/android/start/getting-started/nextsteps,0.58624284,false,130.001
61c9ddc83a506931f2fd,content_based,3,/android/sdk/auth/getting-started,0.55818117,false,130.001
61eb77d9f615752e1b83,content_based,1,/providers/hashicorp/azurerm/latest/docs/resources/:path*,0.48502830,false,0.469
61eb77d9f615752e1b83,content_based,2,/providers/hashicorp/azurerm/latest/docs/data-sources/:path*,0.48502830,true,0.469
61eb77d9f615752e1b83,content_based,3,/providers/hashicorp/azurerm/latest/docs,0.48502830,false,0.469
61fc982a6bf992ab6f7d,content_based,1,/flutter/build-a-backend/auth/set-up-auth,0.54379535,false,0.446
61fc982a6bf992ab6f7d,content_based,2,/android/build-a-backend/auth/sign-in-with-web-ui,0.42332497,false,0.446
61fc982a6bf992ab6f7d,content_based,3,/android/sdk/auth/getting-started,0.39846644,false,0.446
6239f16416eb38583134,content_based,1,/:lang/recipes/rss,0.99293798,true,0.810
6239f16416eb38583134,content_based,2,/:lang/guides/imports,0.67662621,false,0.810
6239f16416eb38583134,content_based,3,/:lang/guides/images,0.62734473,false,0.810
626e75f0be877cb02488,content_based,1,/android/build-a-backend/auth/set-up-auth,0.67817509,false,0.476
626e75f0be877cb02488,content_based,2,/android/build-a-backend/auth/add-social-provider,0.59043184,false,0.476
626e75f0be877cb02488,content_based,3,/android/sdk/auth/getting-started,0.56710100,false,0.476
62f38830a29eab7917c2,content_based,1,/cloud-docs/users-teams-organizations/users,0.54925156,false,127.234
62f38830a29eab7917c2,content_based,2,/guides,0.52126086,false,127.234
62f38830a29eab7917c2,content_based,3,/intro,0.52126086,false,127.234
63119045f77e84f9231d,content_based,1,/gen1/<platform>/tools/cli/<page>,0.69323432,false,162.914
63119045f77e84f9231d,content_based,2,/gen1/flutter/prev/build-a-backend/storage/set-up-storage,0.67049114,false,162.914
63119045f77e84f9231d,content_based,3,/flutter/build-a-backend/more-features/datastore/set-up-datastore,0.66414106,false,162.914
63ba30465aedf5461c88,content_based,1,/:lang/guides/imports,0.45896891,true,0.526
63ba30465aedf5461c88,content_based,2,/:lang/guides/routing,0.39244956,false,0.526
63ba30465aedf5461c88,content_based,3,/:lang/guides/astro-db,0.36220735,false,0.526
6464017c73108eb35984,content_based,1,/gen1/<platform>/tools/console,0.46926653,false,0.550
6464017c73108eb35984,content_based,2,/gen1/<platform>/build-a-backend/storage/configure-storage,0.41979092,false,0.550
6464017c73108eb35984,content_based,3,/flutter/build-a-backend/storage/configure-access,0.36343428,false,0.550
6467007955cfb75ccae7,content_based,1,/flutter/start/project-setup/upgrade-guide,0.46657938,false,0.449
6467007955cfb75ccae7,content_based,2,/gen1/angular/prev/start/project-setup/create-application,0.41981981,false,0.449
6467007955cfb75ccae7,content_based,3,/android/build-a-backend/restapi/existing-resources,0.40727228,false,0.449
646a28f7429531407cf1,content_based,1,/deploy/reference/runtime,0.75402915,false,345.087
646a28f7429531407cf1,content_based,2,/runtime/contributing,0.61357868,false,345.087
646a28f7429531407cf1,content_based,3,/runtime/reference/std,0.61271775,false,345.087
64de657008682e5515ed,content_based,1,/gen1/angular/build-a-backend/server-side-rendering/nextjs,0.73722911,true,0.547
64de657008682e5515ed,content_based,2,/angular/build-a-backend/server-side-rendering,0.72467899,false,0.547
64de657008682e5515ed,content_based,3,/gen1/javascript/build-a-backend/server-side-rendering/nuxt,0.69966916,false,0.547
64eb59b69b532039f4b5,content_based,1,/android/build-a-backend/restapi/set-up-rest-api,0.74962085,false,130.465
64eb59b69b532039f4b5,content_based,2,/android/build-a-backend/restapi/existing-resources,0.73681557,false,130.465
64eb59b69b532039f4b5,content_based,3,/gen1/flutter/prev/build-a-backend/restapi/set-up-rest-api,0.73525333,false,130.465
6512ed6ddd370b71501e,content_based,1,/android/build-a-backend/auth/add-social-provider,0.59043184,false,0.533
6512ed6ddd370b71501e,content_based,2,/android/sdk/auth/getting-started,0.56710100,false,0.533
6512ed6ddd370b71501e,content_based,3,/android/sdk/auth/federated-identities,0.56189793,false,0.533
655617accef26be956ea,content_based,1,/gen1/<platform>/build-a-backend/debugging,0.84208387,false,0.473
655617accef26be956ea,content_based,2,/gen1/<platform>/build-a-backend/utilities,0.83695507,false,0.473
655617accef26be956ea,content_based,3,/gen1/<platform>/build-a-backend/restapi,0.77844471,false,0.473
656ea431465e90eef333,content_based,1,/gen1/<platform>/build-a-backend/storage/import,0.58071488,false,0.433
656ea431465e90eef333,content_based,2,/gen1/android/prev/build-a-backend/storage/existing-resources,0.51552570,false,0.433
656ea431465e90eef333,content_based,3,/android/start/getting-started/generate-model,0.47813660,false,0.433
657a28d753362c6806be,content_based,1,/:lang/guides/deploy/firebase,0.99394071,true,0.717
657a28d753362c6806be,content_based,2,/en/guides/deploy/firebase,0.99394071,false,0.717
657a28d753362c6806be,content_based,3,/de/guides/deploy/firebase,0.83984566,false,0.717
65f8dc1c08741d487c2b,content_based,1,/flux/contributing/flux,0.65765935,true,0.446
65f8dc1c08741d487c2b,content_based,2,/en/contributing/flux-adopters,0.65765935,false,0.446
65f8dc1c08741d487c2b,content_based,3,/en/contributing/docs/style-guide,0.64917147,false,0.446
66a43ed058322ffc80fc,content_based,1,/android/build-a-backend/restapi/existing-resources,0.64099187,false,0.422
66a43ed058322ffc80fc,content_based,2,/gen1/<platform>/build-a-backend/auth/existing-resources,0.53880548,false,0.422
66a43ed058322ffc80fc,content_based,3,/flutter/build-a-backend/graphqlapi/existing-resources,0.53763002,false,0.422
685030df9863aeb44e27,content_based,1,/flutter/build-a-backend/more-features/datastore/set-up-datastore,0.47226870,false,0.418
685030df9863aeb44e27,content_based,2,/flutter/build-a-backend/more-features/datastore/additional-methods,0.38925418,false,0.418
685030df9863aeb44e27,content_based,3,/gen1/flutter/prev/build-a-backend/more-features/datastore/real-time,0.34057614,false,0.418
68c47ad7f5316cd9dff2,content_based,1,/gen1/<platform>/tools/cli/<page>,0.61740696,false,0.429
68c47ad7f5316cd9dff2,content_based,2,/gen1/<platform>/tools/libraries,0.60230327,false,0.429
68c47ad7f5316cd9dff2,content_based,3,/gen1/<platform>/tools/libraries/<page>,0.60230327,false,0.429
68cdf791be963ca3b438,content_based,1,/flutter/build-a-backend/graphqlapi/query-data,0.72294676,false,626.117
68cdf791be963ca3b438,content_based,2,/gen1/<platform>/tools/cli/<page>,0.65209907,false,626.117
68cdf791be963ca3b438,content_based,3,/android/sdk/api/graphql,0.61277777,false,626.117
68cff72c9c30dc975791,content_based,1,/:lang/recipes,0.78660369,true,0.561
68cff72c9c30dc975791,content_based,2,/:lang/guides/imports,0.68038976,false,0.561
68cff72c9c30dc975791,content_based,3,/:lang/recipes/rss,0.66035813,false,0.561
68d78988281c47a1b313,content_based,1,/enterprise/saml/configuration,0.81302154,true,133.996
68d78988281c47a1b313,content_based,2,/enterprise/install/pre-install-checklist,0.58095694,false,133.996
68d78988281c47a1b313,content_based,3,/enterprise/requirements/network,0.52375853,false,133.996
68fd7918466b4f37af22,content_based,1,/android/build-a-backend/more-features/logging/flush-logs,0.42751843,false,0.540
68fd7918466b4f37af22,content_based,2,/gen1/<platform>/build-a-backend/storage/configure-storage,0.41917026,false,0.540
68fd7918466b4f37af22,content_based,3,/android/start/getting-started/generate-model,0.38185224,false,0.540
6933790f866f51ccf011,content_based,1,/android/build-a-backend/more-features/geo/maps,0.84465730,false,0.481
6933790f866f51ccf011,content_based,2,/android/build-a-backend/more-features/geo/amazon-location-sdk,0.83962238,false,0.481
6933790f866f51ccf011,content_based,3,/gen1/<platform>/build-a-backend/more-features,0.82801604,false,0.481
69472eb00ed292c8230e,content_based,1,/gen1/<platform>/tools/cli/<page>,0.61740696,false,0.549
69472eb00ed292c8230e,content_based,2,/gen1/<platform>/tools/libraries,0.60230327,false,0.549
69472eb00ed292c8230e,content_based,3,/gen1/<platform>/tools/libraries/<page>,0.60230327,false,0.549
6a0ce8e6a4021f61ffb9,content_based,1,/gen1/<platform>/build-a-backend/functions/layers,0.40601009,false,0.558
6a0ce8e6a4021f61ffb9,content_based,2,/gen1/android/prev/build-a-backend/storage/lambda-triggers,0.33139569,false,0.558
6a0ce8e6a4021f61ffb9,content_based,3,/gen1/android/prev/build-a-backend/more-features/analytics/auto-track-sessions,0.33015981,false,0.558
6a56c3884d0de5d8fd03,content_based,1,/docs/extend/writing-custom-providers.html,0.59183007,false,0.471
6a56c3884d0de5d8fd03,content_based,2,/providers/linode/linode/latest/docs,0.56474638,false,0.471
6a56c3884d0de5d8fd03,content_based,3,/providers/DataDog/datadog/latest/docs,0.56474638,false,0.471
6af096ad2702aa1282ec,content_based,1,/gen1/javascript/prev/build-a-backend/graphqlapi/offline,0.52158499,false,0.431
6af096ad2702aa1282ec,content_based,2,/angular/build-a-backend/more-features/datastore/conflict-resolution,0.50892967,false,0.431
6af096ad2702aa1282ec,content_based,3,/android/build-a-backend/more-features/datastore/conflict-resolution,0.50892967,false,0.431
6b104f19d6992c8a3c06,content_based,1,/gen1/javascript/build-ui/uibuilder,0.53506318,false,158.810
6b104f19d6992c8a3c06,content_based,2,/gen1/<platform>/build-a-backend/push-notifications,0.49225861,false,158.810
6b104f19d6992c8a3c06,content_based,3,/gen1/javascript/build-a-backend/storage/storage-v5-to-v6-migration-guide,0.47961172,false,158.810
6b1346ff07728825e82e,content_based,1,/gen1/<platform>/build-a-backend/push-notifications/<page>,0.96279168,true,0.519
6b1346ff07728825e82e,content_based,2,/gen1/<platform>/build-a-backend/push-notifications,0.96279168,false,0.519
6b1346ff07728825e82e,content_based,3,/gen1/<platform>/sdk/push-notifications/<page>,0.94865948,false,0.519
6b2486fd409fcb699d22,content_based,1,/flutter,0.98717976,false,0.521
6b2486fd409fcb699d22,content_based,2,/flutter/build-a-backend/auth/set-up-auth,0.61676925,false,0.521
6b2486fd409fcb699d22,content_based,3,/flutter/build-a-backend/auth/auth-events,0.54370016,true,0.521
6b49a2b95de39a7192d1,content_based,1,/android/sdk/auth/getting-started,0.39846644,false,0.525
6b49a2b95de39a7192d1,content_based,2,/android/sdk/auth/federated-identities,0.38250597,false,0.525
6b49a2b95de39a7192d1,content_based,3,/android/build-a-backend/more-features/geo/amazon-location-sdk,0.34396845,false,0.525
6b5b9f8e28e6115111c5,content_based,1,/gen1/<platform>/tools/libraries,0.72093987,false,359.826
6b5b9f8e28e6115111c5,content_based,2,/gen1/angular/prev/build-a-backend,0.68369788,false,359.826
6b5b9f8e28e6115111c5,content_based,3,/gen1/<platform>/start/getting-started,0.59546888,false,359.826
6bcb23193384a3bf1b02,content_based,1,/flux/installation,0.81939328,false,0.605
6bcb23193384a3bf1b02,content_based,2,/flux/installation/bootstrap/aws-codecommit,0.64966045,true,0.605
6bcb23193384a3bf1b02,content_based,3,/en/flux/cheatsheets/oci-artifacts,0.62850481,false,0.605
6c10d86de0dd5b4fd2c3,content_based,1,/gen1/android/prev/start/project-setup/use-existing-resources,0.97348887,false,120.199
6c10d86de0dd5b4fd2c3,content_based,2,/flutter/build-a-backend/graphqlapi/existing-resources,0.92347819,false,120.199
6c10d86de0dd5b4fd2c3,content_based,3,/gen1/<platform>/build-a-backend/auth/existing-resources,0.91902637,false,120.199
6c6fc45d67721e6d94bd,content_based,1,/android/sdk/auth/getting-started,0.43453911,false,0.559
6c6fc45d67721e6d94bd,content_based,2,/android/sdk/api/graphql,0.41514274,false,0.559
6c6fc45d67721e6d94bd,content_based,3,/android/sdk/auth/federated-identities,0.36613871,false,0.559
6ccda3f9e9f794861b38,content_based,1,/android/build-a-backend/auth/set-up-auth,0.69626743,false,0.414
6ccda3f9e9f794861b38,content_based,2,/flutter/build-a-backend/auth/set-up-auth,0.69626743,false,0.414
6ccda3f9e9f794861b38,content_based,3,/android/build-a-backend/auth/add-social-provider,0.61391089,false,0.414
6ce30a3021c6c932c0ff,content_based,1,/gen1/javascript/prev/build-a-backend/more-features/geo/location-search,0.57816637,false,196.333
6ce30a3021c6c932c0ff,content_based,2,/flutter/build-a-backend/graphqlapi/api-graphql-concepts,0.48476791,false,196.333
6ce30a3021c6c932c0ff,content_based,3,/android/build-a-backend/graphqlapi/api-graphql-concepts,0.48476791,false,196.333
6d1056e583b2e6ec22aa,content_based,1,/de/basics/astro-pages,0.85405302,false,0.652
6d1056e583b2e6ec22aa,content_based,2,/de/concepts/why-astro,0.77571285,false,0.652
6d1056e583b2e6ec22aa,content_based,3,/en/basics/astro-pages,0.77181023,false,0.652
6d3f9847578481ad414d,content_based,1,/docs/extend/writing-custom-providers.html,0.59183007,false,0.418
6d3f9847578481ad414d,content_based,2,/providers/linode/linode/latest/docs,0.56474638,false,0.418
6d3f9847578481ad414d,content_based,3,/providers/vultr/vultr/latest/docs,0.56474638,false,0.418
6d7a9ce4400cf2848f38,content_based,1,/android/sdk/pubsub/working-api,0.28966188,false,166.357
6d7a9ce4400cf2848f38,content_based,2,/flutter/build-a-backend/push-notifications/interact-with-notifications,0.23798786,false,166.357
6d7a9ce4400cf2848f38,content_based,3,/android/build-a-backend/push-notifications/register-device,0.23074038,false,166.357
6d8026259577221ed27e,content_based,1,/cloud-docs/policy-enforcement/sentinel/import/tfstate-v2,0.78573954,false,248.268
6d8026259577221ed27e,content_based,2,/cloud-docs/policy-enforcement/sentinel,0.66451401,false,248.268
6d8026259577221ed27e,content_based,3,/cloud-docs/run/remote-operations,0.44346982,false,248.268
6d8b5ea240ac35f71465,content_based,1,/android/sdk/auth/working-with-api,0.55017673,false,201.162
6d8b5ea240ac35f71465,content_based,2,/gen1/flutter/prev/build-a-backend/auth/set-up-auth,0.44536003,false,201.162
6d8b5ea240ac35f71465,content_based,3,/gen1/flutter/prev/build-a-backend/auth/enable-sign-in,0.44389349,false,201.162
6dddaa4c58653b0988aa,content_based,1,/providers/linode/linode/latest/docs,0.56474638,false,0.461
6dddaa4c58653b0988aa,content_based,2,/providers/Venafi/venafi/latest/docs,0.56474638,false,0.461
6dddaa4c58653b0988aa,content_based,3,/providers/skytap/skytap/latest/docs,0.56474638,false,0.461
6e67718d51700c5bc02e,content_based,1,/de/basics/project-structure,0.90452152,false,0.546
6e67718d51700c5bc02e,content_based,2,/en/basics/project-structure,0.77060169,false,0.546
6e67718d51700c5bc02e,content_based,3,/de/concepts/why-astro,0.75115418,false,0.546
6edfb168ee9c2d341718,content_based,1,/flutter/build-a-backend/graphqlapi/subscribe-data,0.76001477,false,0.602
6edfb168ee9c2d341718,content_based,2,/flutter/build-a-backend/graphqlapi/query-data,0.75037444,false,0.602
6edfb168ee9c2d341718,content_based,3,/gen1/<platform>/tools/cli/<page>,0.65609479,false,0.602
6f7e0114d8a673c261a3,content_based,1,/android/build-a-backend/auth/add-social-provider,0.59043184,false,0.414
6f7e0114d8a673c261a3,content_based,2,/gen1/android/build-a-backend/auth/add-social-provider,0.59043184,false,0.414
6f7e0114d8a673c261a3,content_based,3,/android/sdk/auth/getting-started,0.56710100,false,0.414
6f8a81a3e3ab0ab937a4,content_based,1,/gen1/android/prev/start/project-setup/prerequisites,0.53276354,false,0.450
6f8a81a3e3ab0ab937a4,content_based,2,/gen1/flutter/prev/start/project-setup,0.52231759,false,0.450
6f8a81a3e3ab0ab937a4,content_based,3,/android/start/getting-started/setup,0.51467669,false,0.450
6fb1dc2e90e624572430,content_based,1,/docs/extend/writing-custom-providers.html,0.59183007,false,0.414
6fb1dc2e90e624572430,content_based,2,/providers/linode/linode/latest/docs,0.56474638,false,0.414
6fb1dc2e90e624572430,content_based,3,/providers/hashicorp/nomad/latest/docs,0.56474638,true,0.414
6fbd71e6f55511614da8,content_based,1,/android/start/getting-started/installation,0.59833097,false,1472.667
6fbd71e6f55511614da8,content_based,2,/android/start/getting-started/nextsteps,0.57072436,false,1472.667
6fbd71e6f55511614da8,content_based,3,/android/sdk/auth/getting-started,0.54901475,false,1472.667
6fda3b8f9a7f7ac82bd4,content_based,1,/gen1/android/prev/start/project-setup/prerequisites,0.53276354,false,1.210
6fda3b8f9a7f7ac82bd4,content_based,2,/gen1/flutter/prev/start/project-setup,0.52231759,false,1.210
6fda3b8f9a7f7ac82bd4,content_based,3,/gen1/angular/prev/start/project-setup/create-application,0.41981981,false,1.210
6fe34ad1322305241dd4,content_based,1,/android/build-a-backend/more-features/analytics/identify-user,0.46005547,false,436.897
6fe34ad1322305241dd4,content_based,2,/flutter/build-a-backend/more-features/analytics/identify-user,0.46005547,false,436.897
6fe34ad1322305241dd4,content_based,3,/flutter/build-a-backend/push-notifications/identify-user,0.35865721,false,436.897
711b7ab4956e58d774ec,content_based,1,/gen1/android/prev/build-a-backend/more-features/analytics/existing-resources,0.42239076,false,0.461
711b7ab4956e58d774ec,content_based,2,/android/build-a-backend/storage/upload,0.40185213,false,0.461
711b7ab4956e58d774ec,content_based,3,/gen1/android/prev/build-a-backend/more-features/analytics/enable-disable,0.37640110,false,0.461
714ef80817512d2d6103,content_based,1,/providers/gitlabhq/gitlab/latest/docs/guides/:path*,0.48502830,false,0.427
714ef80817512d2d6103,content_based,2,/providers/gitlabhq/gitlab/latest/docs/data-sources/:path*,0.48502830,true,0.427
714ef80817512d2d6103,content_based,3,/providers/ovh/ovh/latest/docs/guides/:path*,0.48502830,false,0.427
71ccd93cb3e54a1881cc,content_based,1,/gen1/flutter/prev/build-a-backend/graphqlapi/mutate-data,0.83897036,false,136.480
71ccd93cb3e54a1881cc,content_based,2,/flutter/build-a-backend/graphqlapi/query-data,0.69938803,false,136.480
71ccd93cb3e54a1881cc,content_based,3,/gen1/flutter/prev/build-a-backend/graphqlapi/query-data,0.68787003,false,136.480
72478062ab6bfb88474b,content_based,1,/gen1/<platform>/build-a-backend/storage/configure-storage,0.63868928,false,0.430
72478062ab6bfb88474b,content_based,2,/gen1/<platform>/build-a-backend/storage/import,0.59024727,false,0.430
72478062ab6bfb88474b,content_based,3,/flutter/build-a-backend/storage/configure-access,0.55962861,false,0.430
729fe0119d3251d16350,content_based,1,/gen1/android/prev/build-a-backend/graphqlapi/subscribe-data,0.79513031,false,157.851
729fe0119d3251d16350,content_based,2,/flutter/build-a-backend/graphqlapi/subscribe-data,0.78510219,false,157.851
729fe0119d3251d16350,content_based,3,/flutter/build-a-backend/graphqlapi/query-data,0.62250447,false,157.851
737de1862fc9d7de33b9,content_based,1,/gen1/angular/prev,0.94395250,false,133.004
737de1862fc9d7de33b9,content_based,2,/gen1/<platform>/tools/cli-legacy,0.93720102,false,133.004
737de1862fc9d7de33b9,content_based,3,/android/build-a-backend/restapi,0.92963380,false,133.004
73c907aa0506c2efb66f,content_based,1,/android/build-a-backend/more-features/analytics/record-events,0.74853039,false,0.459
73c907aa0506c2efb66f,content_based,2,/android/sdk/analytics/endpoints,0.48627236,false,0.459
73c907aa0506c2efb66f,content_based,3,/android/sdk/analytics/kinesis,0.45493186,false,0.459
73ece4084b1380b19280,content_based,1,/gen1/angular/prev/start/project-setup/create-application,0.96411872,false,0.452
73ece4084b1380b19280,content_based,2,/gen1/<platform>/start/project-setup/<page>,0.84076124,false,0.452
73ece4084b1380b19280,content_based,3,/gen1/android/prev/start/project-setup/use-existing-resources,0.83482039,false,0.452
73f0f1967926100e50ba,content_based,1,/android/start/getting-started/integrate,0.73213863,false,210.944
73f0f1967926100e50ba,content_based,2,/android/start/getting-started/setup,0.73133236,false,210.944
73f0f1967926100e50ba,content_based,3,/android/start/getting-started/generate-model,0.71752316,false,210.944
742545f050e435305c21,content_based,1,/gen1/android/prev/build-a-backend/more-features/predictions/interpret-sentiment,0.79787326,false,176.968
742545f050e435305c21,content_based,2,/gen1/android/prev/build-a-backend/more-features/predictions/set-up-predictions,0.77269965,false,176.968
742545f050e435305c21,content_based,3,/gen1/android/prev/build-a-backend/more-features/predictions/identify-text,0.76599383,false,176.968
742c8fa054b74e308de1,content_based,1,/android/start/getting-started/installation,0.55099845,false,0.440
742c8fa054b74e308de1,content_based,2,/android/build-a-backend/storage/upload,0.40185213,false,0.440
742c8fa054b74e308de1,content_based,3,/gen1/android/prev/build-a-backend/more-features/datastore/additional-methods,0.34463549,false,0.440
74c6c663d0f22c08ff52,content_based,1,/flutter,0.98717976,false,0.394
74c6c663d0f22c08ff52,content_based,2,/android/start/getting-started/setup,0.65359163,false,0.394
74c6c663d0f22c08ff52,content_based,3,/android/start/getting-started/nextsteps,0.62942062,false,0.394
74cced5f620ea0eeee0b,content_based,1,/examples/importing_json,0.55085862,false,274.691
74cced5f620ea0eeee0b,content_based,2,/examples/kv,0.52734172,false,274.691
74cced5f620ea0eeee0b,content_based,3,/examples/walking_directories,0.52002418,false,274.691
7524d9af8f3cb4daabe9,content_based,1,/android/start/getting-started/setup,0.66276616,true,0.411
7524d9af8f3cb4daabe9,content_based,2,/android/start/getting-started/installation,0.55099845,false,0.411
7524d9af8f3cb4daabe9,content_based,3,/android/start/getting-started/nextsteps,0.51288503,false,0.411
7569ca90848dc549264d,content_based,1,/android/build-a-backend/push-notifications/set-up-push-notifications,0.39018729,false,0.391
7569ca90848dc549264d,content_based,2,/flutter/build-a-backend/push-notifications/enable-rich-notifications,0.30213496,false,0.391
7569ca90848dc549264d,content_based,3,/android/build-a-backend/push-notifications/record-notifications,0.30057806,false,0.391
7584c3054408748e7bd2,content_based,1,/android/start/getting-started/installation,0.54123569,false,0.396
7584c3054408748e7bd2,content_based,2,/angular/start/getting-started/hosting,0.51522458,false,0.396
7584c3054408748e7bd2,content_based,3,/android/start/getting-started/setup,0.51467669,false,0.396
75978a96b5a53689174e,content_based,1,/android/build-a-backend/restapi/existing-resources,0.46423537,true,0.832
75978a96b5a53689174e,content_based,2,/gen1/android/prev/build-a-backend/more-features/analytics/existing-resources,0.42239076,false,0.832
75978a96b5a53689174e,content_based,3,/gen1/android/prev/build-a-backend/storage/existing-resources,0.41667417,false,0.832
75be646b8c78d59288c9,content_based,1,/gen1/flutter/prev/build-a-backend/graphqlapi/mutate-data,0.56306911,false,0.445
75be646b8c78d59288c9,content_based,2,/android/build-a-backend/graphqlapi/client-code-generation,0.53064239,false,0.445
75be646b8c78d59288c9,content_based,3,/gen1/android/prev/build-a-backend/graphqlapi/query-data,0.51136756,false,0.445
7657b753e9da5d3156f9,content_based,1,/gen1/<platform>/build-a-backend/functions/layers,0.99982435,false,0.466
7657b753e9da5d3156f9,content_based,2,/gen1/<platform>/tools/cli/<page>,0.65007029,false,0.466
7657b753e9da5d3156f9,content_based,3,/gen1/<platform>/tools/libraries,0.54025665,false,0.466
7688a217449dd33853a7,content_based,1,/gen1/<platform>/build-a-backend/functions/layers,0.79522556,false,171.910
7688a217449dd33853a7,content_based,2,/gen1/android/prev/build-a-backend/storage/lambda-triggers,0.62572372,false,171.910
7688a217449dd33853a7,content_based,3,/flutter/build-a-backend/more-features/datastore/sync-to-cloud,0.55166399,false,171.910
76bf4cf82706cc0571b4,content_based,1,/gen1/javascript/build-ui/uibuilder,0.88456643,false,133.964
76bf4cf82706cc0571b4,content_based,2,/gen1/<platform>/tools/console,0.78485703,false,133.964
76bf4cf82706cc0571b4,content_based,3,/gen1/flutter/prev/build-a-backend,0.63546157,false,133.964
76f6c40ac7f5ed65b74c,content_based,1,/providers/gridscale/gridscale/latest/docs/guides/:path*,0.48502830,true,0.409
76f6c40ac7f5ed65b74c,content_based,2,/providers/fastly/fastly/latest/docs/guides/:path*,0.48502830,false,0.409
76f6c40ac7f5ed65b74c,content_based,3,/providers/ovh/ovh/latest/docs/guides/:path*,0.48502830,false,0.409
77371ad367a83cbabf15,content_based,1,/examples/os_signals,0.95892596,true,357.535
77371ad367a83cbabf15,content_based,2,/examples/tutorials/os_signals,0.95892596,false,357.535
77371ad367a83cbabf15,content_based,3,/examples/tutorials/snapshots,0.32195947,false,357.535
77562979ee74f8c4a933,content_based,1,/gen1/android/prev/build-a-backend/storage,0.92841303,false,0.480
77562979ee74f8c4a933,content_based,2,/gen1/<platform>/build-a-backend/storage/configure-storage,0.85316002,false,0.480
77562979ee74f8c4a933,content_based,3,/flutter/build-a-backend/storage/configure-access,0.80354774,false,0.480
77b6d508c4366f90466a,content_based,1,/flutter/start/getting-started/nextsteps,0.52961552,false,0.408
77b6d508c4366f90466a,content_based,2,/android/start/getting-started/nextsteps,0.49111590,false,0.408
77b6d508c4366f90466a,content_based,3,/android/start/getting-started/integrate,0.46599263,false,0.408
77e30515e5450cffb320,content_based,1,/gen1/<platform>/tools/cli/<page>,0.73023617,false,168.352
77e30515e5450cffb320,content_based,2,/gen1/<platform>/build-a-backend/storage/configure-storage,0.71511126,false,168.352
77e30515e5450cffb320,content_based,3,/gen1/javascript/deploy-and-host/custom-configuration,0.64099091,false,168.352
7844515664b4c3f26476,content_based,1,/android/start/sample-apps/to-do-app,0.82621741,false,199.466
7844515664b4c3f26476,content_based,2,/gen1/<platform>/start/getting-started/<page>,0.81392527,false,199.466
7844515664b4c3f26476,content_based,3,/gen1/<platform>/start/getting-started,0.81392527,false,199.466
7854bc5040e4c66359bc,content_based,1,/android/build-a-backend/auth/set-up-auth,0.67817509,false,0.410
7854bc5040e4c66359bc,content_based,2,/android/build-a-backend/auth/add-social-provider,0.59043184,false,0.410
7854bc5040e4c66359bc,content_based,3,/android/sdk/auth/getting-started,0.56710100,false,0.410
7903c8621169d9252009,content_based,1,/language/upgrade-guides/0-13,0.65826446,false,0.465
7903c8621169d9252009,content_based,2,/language/v1.1.x/upgrade-guides/0-15,0.65231484,false,0.465
7903c8621169d9252009,content_based,3,/language/v1.1.x/upgrade-guides/0-11,0.64905953,true,0.465
794f22bf43686014476b,content_based,1,/flutter/build-a-backend/more-features/datastore/set-up-datastore,0.47226870,false,0.407
794f22bf43686014476b,content_based,2,/flutter/build-a-backend/more-features/datastore/additional-methods,0.38925418,false,0.407
794f22bf43686014476b,content_based,3,/flutter/build-a-backend/more-features/datastore/authz-rules-setup,0.37303227,false,0.407
79be2b84cb270fb1362f,content_based,1,/android/build-a-backend/push-notifications/set-up-push-notifications,0.54196003,false,187.703
79be2b84cb270fb1362f,content_based,2,/android/build-a-backend/push-notifications/set-up-push-service,0.46839341,false,187.703
79be2b84cb270fb1362f,content_based,3,/flutter/build-a-backend/push-notifications/enable-rich-notifications,0.45157596,false,187.703
79ed04a740907a2bd018,content_based,1,/providers/SumoLogic/sumologic/latest/docs,0.48502830,false,0.408
79ed04a740907a2bd018,content_based,2,/providers/SumoLogic/sumologic/latest/docs/data-sources/:path*,0.48502830,true,0.408
79ed04a740907a2bd018,content_based,3,/providers/ovh/ovh/latest/docs/guides/:path*,0.48502830,false,0.408
7a4995c32685da27dc5d,content_based,1,/providers/CheckPointSW/checkpoint/latest/docs/guides/:path*,0.56474638,true,0.380
7a4995c32685da27dc5d,content_based,2,/providers/ovh/ovh/latest/docs/guides/:path*,0.56474638,false,0.380
7a4995c32685da27dc5d,content_based,3,/providers/opsgenie/opsgenie/latest/docs/guides/:path*,0.56474638,false,0.380
7abecc6afd89b98ee92d,content_based,1,/providers/circonus-labs/circonus/latest/docs,0.56474638,true,0.438
7abecc6afd89b98ee92d,content_based,2,/providers/linode/linode/latest/docs,0.56474638,false,0.438
7abecc6afd89b98ee92d,content_based,3,/providers/ucloud/ucloud/latest/docs,0.56474638,false,0.438
7b1b6ec746ee15e1ef9a,content_based,1,/android/start/getting-started/integrate,0.71632314,false,400.691
7b1b6ec746ee15e1ef9a,content_based,2,/android/start/getting-started/setup,0.69382542,false,400.691
7b1b6ec746ee15e1ef9a,content_based,3,/gen1/android/prev/start/project-setup/prerequisites,0.63432169,false,400.691
7b643106ecf4c3aa53f5,content_based,1,/android/build-a-backend/auth/set-up-auth,0.54790622,false,0.465
7b643106ecf4c3aa53f5,content_based,2,/android/sdk/auth/getting-started,0.43453911,false,0.465
7b643106ecf4c3aa53f5,content_based,3,/android/build-a-backend/auth/under-the-hood,0.37548411,false,0.465
7b9525a9c92b39da188c,content_based,1,/docs/extend/writing-custom-providers.html,0.53569514,true,0.450
7b9525a9c92b39da188c,content_based,2,/providers/terraform-provider-openstack/openstack/latest/docs/guides/:path*,0.48502830,false,0.450
7b9525a9c92b39da188c,content_based,3,/providers/ns1-terraform/ns1/latest/docs,0.48502830,false,0.450
7bbce6549391f43f4356,content_based,1,/android/start/getting-started/generate-model,0.72809589,false,161.929
7bbce6549391f43f4356,content_based,2,/gen1/<platform>/tools/console,0.72208881,false,161.929
7bbce6549391f43f4356,content_based,3,/gen1/flutter/prev/build-a-backend/graphqlapi/mutate-data,0.71927023,false,161.929
7c1c5cca809d333d51ba,content_based,1,/gen1/<platform>/build-a-backend/auth/existing-resources,0.98263550,false,0.456
7c1c5cca809d333d51ba,content_based,2,/gen1/android/prev/build-a-backend/auth/existing-resources,0.97560084,false,0.456
7c1c5cca809d333d51ba,content_based,3,/flutter/build-a-backend/graphqlapi/existing-resources,0.95933766,false,0.456
7cef27a1e303e6c80d04,content_based,1,/:lang/reference/dev-toolbar-app-reference,0.97117436,true,0.491
7cef27a1e303e6c80d04,content_based,2,/en/guides/dev-toolbar,0.71354997,false,0.491
7cef27a1e303e6c80d04,content_based,3,/:lang/reference/publish-to-npm,0.57136017,false,0.491
7d3901832aa1073ee6b0,content_based,1,/android/sdk/auth/getting-started,0.39846644,false,0.437
7d3901832aa1073ee6b0,content_based,2,/android/sdk/auth/federated-identities,0.38250597,false,0.437
7d3901832aa1073ee6b0,content_based,3,/flutter/build-a-backend/more-features/analytics/auto-track-sessions,0.31261972,false,0.437
7e41d7cfc0d7b8dd87bb,content_based,1,/providers/hashicorp/aws/latest/docs/guides/:path*,0.48502830,true,0.430
7e41d7cfc0d7b8dd87bb,content_based,2,/providers/ovh/ovh/latest/docs/guides/:path*,0.48502830,false,0.430
7e41d7cfc0d7b8dd87bb,content_based,3,/providers/fastly/fastly/latest/docs/guides/:path*,0.48502830,false,0.430
7ece0ab7a6e5710196d2,content_based,1,/gen1/<platform>/build-a-backend/storage/import,0.58071488,false,0.420
7ece0ab7a6e5710196d2,content_based,2,/gen1/android/prev/build-a-backend/storage/existing-resources,0.51552570,false,0.420
7ece0ab7a6e5710196d2,content_based,3,/android/build-a-backend/storage/upload,0.48793235,false,0.420
7f5870fdbd910053bfac,content_based,1,/android/deploy-and-host,0.96038985,false,0.399
7f5870fdbd910053bfac,content_based,2,/gen1/<platform>/deploy-and-host/frameworks/<page>,0.94747847,false,0.399
7f5870fdbd910053bfac,content_based,3,/gen1/angular/deploy-and-host/deployment,0.94017303,true,0.399
7f69afca26bc5c5e03ad,content_based,1,/gen1/android/build-a-backend/storage/query-transfers,0.99862874,true,0.401
7f69afca26bc5c5e03ad,content_based,2,/gen1/android/prev/build-a-backend/storage/sdk,0.81545471,false,0.401
7f69afca26bc5c5e03ad,content_based,3,/android/build-a-backend/restapi,0.76642373,false,0.401
7f8468aa2bda4bc6bbf7,content_based,1,/docs/extend/writing-custom-providers.html,0.59183007,false,0.440
7f8468aa2bda4bc6bbf7,content_based,2,/providers/grafana/grafana/latest/docs,0.56474638,true,0.440
7f8468aa2bda4bc6bbf7,content_based,3,/providers/Venafi/venafi/latest/docs,0.56474638,false,0.440
7fda64f02322f3cf7c70,content_based,1,/flutter/build-a-backend/auth/manage-mfa,0.83125114,false,0.428
7fda64f02322f3cf7c70,content_based,2,/android/sdk/auth/federated-identities,0.64575581,false,0.428
7fda64f02322f3cf7c70,content_based,3,/android/sdk/auth/getting-started,0.54544520,false,0.428
7fefe999234385f38c28,content_based,1,/flutter/build-a-backend/auth/set-up-auth,0.54379535,false,0.421
7fefe999234385f38c28,content_based,2,/android/sdk/auth/getting-started,0.39846644,false,0.421
7fefe999234385f38c28,content_based,3,/android/sdk/auth/federated-identities,0.38250597,false,0.421
806e86a6b4aceb993665,content_based,1,/providers/cloudamqp/cloudamqp/latest/docs,0.56474638,true,0.436
806e86a6b4aceb993665,content_based,2,/providers/linode/linode/latest/docs,0.56474638,false,0.436
806e86a6b4aceb993665,content_based,3,/providers/ucloud/ucloud/latest/docs,0.56474638,false,0.436
8106251b07f7281bdef8,content_based,1,/providers/hashicorp/consul/latest/docs/guides/:path*,0.48502830,true,0.441
8106251b07f7281bdef8,content_based,2,/providers/ovh/ovh/latest/docs/guides/:path*,0.48502830,false,0.441
8106251b07f7281bdef8,content_based,3,/providers/turbot/turbot/latest/docs/guides/:path*,0.48502830,false,0.441
810b8f99576aafd825e8,content_based,1,/docs/extend/writing-custom-providers.html,0.59183007,false,0.416
810b8f99576aafd825e8,content_based,2,/providers/linode/linode/latest/docs,0.56474638,false,0.416
810b8f99576aafd825e8,content_based,3,/providers/Venafi/venafi/latest/docs,0.56474638,false,0.416
82b2df876732a2754591,content_based,1,/providers/hashicorp/nomad/latest/docs/resources/:path*,0.48502830,true,0.442
82b2df876732a2754591,content_based,2,/providers/hashicorp/nomad/latest/docs,0.48502830,false,0.442
82b2df876732a2754591,content_based,3,/providers/ovh/ovh/latest/docs/guides/:path*,0.48502830,false,0.442
82b5f415f11e14d1f44f,content_based,1,/flutter/build-a-backend/auth/set-up-auth,0.54379535,false,0.413
82b5f415f11e14d1f44f,content_based,2,/android/build-a-backend/auth/set-up-auth,0.54379535,false,0.413
82b5f415f11e14d1f44f,content_based,3,/android/sdk/auth/getting-started,0.39846644,false,0.413
82e5c9c1020d26bd2a11,content_based,1,/flutter/build-a-backend/graphqlapi/query-data,0.69065458,false,337.077
82e5c9c1020d26bd2a11,content_based,2,/gen1/flutter/prev/build-a-backend/graphqlapi/mutate-data,0.67842102,false,337.077
82e5c9c1020d26bd2a11,content_based,3,/android/build-a-backend/graphqlapi/client-code-generation,0.64943963,false,337.077
82f2d6c13f76115f3b28,content_based,1,/flutter/build-a-backend/storage/configure-access,0.69301105,false,172.568
82f2d6c13f76115f3b28,content_based,2,/flutter/build-a-backend/storage/get-properties,0.67424703,false,172.568
82f2d6c13f76115f3b28,content_based,3,/gen1/flutter/prev/build-a-backend/storage/download,0.66442353,false,172.568
833cc75de119829841fe,content_based,1,/android/sdk/auth/getting-started,0.43453911,false,0.410
833cc75de119829841fe,content_based,2,/android/sdk/auth/federated-identities,0.36613871,false,0.410
833cc75de119829841fe,content_based,3,/android/build-a-backend/auth/sdk,0.28661525,false,0.410
83bf510a9e7ab357a27d,content_based,1,/android/start/getting-started/installation,0.76771945,false,185.503
83bf510a9e7ab357a27d,content_based,2,/flutter/start/getting-started/nextsteps,0.66557658,false,185.503
83bf510a9e7ab357a27d,content_based,3,/android/start/getting-started/setup,0.66387165,false,185.503
83c06978dea67de4d54b,content_based,1,/providers/fortinetdev/fortios/latest/docs/guides/:path*,0.48502830,true,0.458
83c06978dea67de4d54b,content_based,2,/providers/ovh/ovh/latest/docs/guides/:path*,0.48502830,false,0.458
83c06978dea67de4d54b,content_based,3,/providers/turbot/turbot/latest/docs/guides/:path*,0.48502830,false,0.458
840cd60d1c692cc4e54a,content_based,1,/flutter/build-a-backend/more-features/datastore/datastore-events,0.56076956,false,185.494
840cd60d1c692cc4e54a,content_based,2,/angular/build-a-backend/more-features/datastore/conflict-resolution,0.53805244,true,185.494
840cd60d1c692cc4e54a,content_based,3,/android/build-a-backend/more-features/datastore/conflict-resolution,0.53805244,false,185.494
84a3c1d7ce452a0b8d64,content_based,1,/gen1/<platform>/build-a-backend/storage/import,0.43561751,false,0.493
84a3c1d7ce452a0b8d64,content_based,2,/gen1/<platform>/build-a-backend/storage/configure-storage,0.41979092,false,0.493
84a3c1d7ce452a0b8d64,content_based,3,/android/build-a-backend/storage/upload,0.38860857,false,0.493
85095034a2ccada14153,content_based,1,/providers/integrations/github/latest/docs/resources/:path*,0.48502830,true,0.410
85095034a2ccada14153,content_based,2,/providers/turbot/turbot/latest/docs/guides/:path*,0.48502830,false,0.410
85095034a2ccada14153,content_based,3,/providers/turbot/turbot/latest/docs/resources/:path*,0.48502830,false,0.410
85efdca356688f4bcbf3,content_based,1,/providers/terraform-provider-openstack/openstack/latest/docs/guides/:path*,0.48502830,false,0.414
85efdca356688f4bcbf3,content_based,2,/providers/ovh/ovh/latest/docs/guides/:path*,0.48502830,false,0.414
85efdca356688f4bcbf3,content_based,3,/providers/opsgenie/opsgenie/latest/docs/guides/:path*,0.48502830,false,0.414
8603d8b2de67d48a9471,content_based,1,/gen1/javascript/build-ui/uibuilder,0.75034142,false,0.436
8603d8b2de67d48a9471,content_based,2,/gen1/<platform>/tools/console,0.73575258,false,0.436
8603d8b2de67d48a9471,content_based,3,/android/build-a-backend/restapi/gen-ai,0.64313829,false,0.436
8643f6e5c1ebae6f9e2b,content_based,1,/providers/oktadeveloper/oktaasa/latest/docs/data-sources/:path*,0.48502830,true,0.441
8643f6e5c1ebae6f9e2b,content_based,2,/providers/oktadeveloper/oktaasa/latest/docs,0.48502830,false,0.441
8643f6e5c1ebae6f9e2b,content_based,3,/providers/ovh/ovh/latest/docs/guides/:path*,0.48502830,false,0.441
86523265279c1a305c7f,content_based,1,/docs/extend/writing-custom-providers.html,0.59183007,false,0.450
86523265279c1a305c7f,content_based,2,/providers/skytap/skytap/latest/docs,0.56474638,false,0.450
86523265279c1a305c7f,content_based,3,/providers/akamai/akamai/latest/docs,0.56474638,false,0.450
8694cba8c5aa861dbaa1,content_based,1,/providers/AviatrixSystems/aviatrix/latest/docs/resources/:path*,0.48502830,true,0.446
8694cba8c5aa861dbaa1,content_based,2,/providers/AviatrixSystems/aviatrix/latest/docs/guides/:path*,0.48502830,false,0.446
8694cba8c5aa861dbaa1,content_based,3,/providers/AviatrixSystems/aviatrix/latest/docs/data-sources/:path*,0.48502830,false,0.446
87105fd7c57ce9b60372,content_based,1,/flux/components/kustomize,0.99460280,false,0.434
87105fd7c57ce9b60372,content_based,2,/en/flux/components/kustomize/_index,0.99460280,false,0.434
87105fd7c57ce9b60372,content_based,3,/flux/components/notification,0.75008178,false,0.434
87b0751e470f280c63f0,content_based,1,/providers/imperva/incapsula/latest/docs/resources/:path*,0.48502830,true,0.410
87b0751e470f280c63f0,content_based,2,/providers/Venafi/venafi/latest/docs/resources/:path*,0.48502830,false,0.410
87b0751e470f280c63f0,content_based,3,/providers/nutanix/nutanix/latest/docs/resources/:path*,0.48502830,false,0.410
87d10fe9be65de0f18de,content_based,1,/providers/ovh/ovh/latest/docs/guides/:path*,0.48502830,false,0.413
87d10fe9be65de0f18de,content_based,2,/providers/fastly/fastly/latest/docs/guides/:path*,0.48502830,false,0.413
87d10fe9be65de0f18de,content_based,3,/providers/turbot/turbot/latest/docs/guides/:path*,0.48502830,false,0.413
87ee2fde4da514e6825e,content_based,1,/providers/pan-net/powerdns/latest/docs/guides/:path*,0.48502830,false,0.407
87ee2fde4da514e6825e,content_based,2,/providers/pan-net/powerdns/latest/docs/data-sources/:path*,0.48502830,true,0.407
87ee2fde4da514e6825e,content_based,3,/providers/ovh/ovh/latest/docs/guides/:path*,0.48502830,false,0.407
8830fae0e11bce5a5d41,content_based,1,/android/start/getting-started/setup,0.66276616,false,0.562
8830fae0e11bce5a5d41,content_based,2,/android/start/getting-started/installation,0.55099845,false,0.562
8830fae0e11bce5a5d41,content_based,3,/android/build-a-backend/restapi/gen-ai,0.47174937,true,0.562
89335a046d6400fa3e21,content_based,1,/flutter/build-a-backend/auth/set-up-auth,0.53585082,false,128.816
89335a046d6400fa3e21,content_based,2,/android/build-a-backend/auth/set-up-auth,0.53585082,false,128.816
89335a046d6400fa3e21,content_based,3,/flutter/start/project-setup/escape-hatch,0.40286654,false,128.816
89c175da75ddb655d37d,content_based,1,/flutter,0.98717976,false,0.434
89c175da75ddb655d37d,content_based,2,/gen1/<platform>/build-a-backend/storage/configure-storage,0.52405548,false,0.434
89c175da75ddb655d37d,content_based,3,/flutter/start/getting-started/nextsteps,0.51205468,false,0.434
89eb33ec984cc7d9aad5,content_based,1,/flutter/build-a-backend/graphqlapi/query-data,0.66000926,false,0.429
89eb33ec984cc7d9aad5,content_based,2,/flutter/build-a-backend/graphqlapi/subscribe-data,0.54664969,false,0.429
89eb33ec984cc7d9aad5,content_based,3,/flutter/build-a-backend/graphqlapi/existing-resources,0.52998626,false,0.429
8a63e9e0883c0eba671f,content_based,1,/android/build-a-backend/auth/add-social-provider,0.71874057,false,0.435
8a63e9e0883c0eba671f,content_based,2,/android/build-a-backend/auth/set-up-auth,0.70554733,false,0.435
8a63e9e0883c0eba671f,content_based,3,/gen1/android/prev/build-a-backend/auth/existing-resources,0.68261468,false,0.435
8a7dc6f720348ddc5b18,content_based,1,/flutter,0.98717976,false,0.450
8a7dc6f720348ddc5b18,content_based,2,/gen1/flutter/prev/build-a-backend/graphqlapi/mutate-data,0.56365103,false,0.450
8a7dc6f720348ddc5b18,content_based,3,/flutter/build-a-backend/graphqlapi/advanced-workflows,0.50540656,false,0.450
8ab6efaa722abd77a844,content_based,1,/providers/hashicorp/vsphere/latest/docs/guides/:path*,0.48502830,false,0.468
8ab6efaa722abd77a844,content_based,2,/providers/hashicorp/vsphere/latest/docs/resources/:path*,0.48502830,false,0.468
8ab6efaa722abd77a844,content_based,3,/providers/hashicorp/vsphere/latest/docs/data-sources/:path*,0.48502830,true,0.468
8af77fd7e1583a5c5069,content_based,1,/enterprise/install/automated/active-active,0.72533256,true,149.035
8af77fd7e1583a5c5069,content_based,2,/enterprise/requirements/network,0.72238648,false,149.035
8af77fd7e1583a5c5069,content_based,3,/enterprise/install/pre-install-checklist,0.72042704,false,149.035
8b510a2885df6d083dbf,content_based,1,/providers/vancluever/acme/latest/docs/resources/:path*,0.48502830,false,0.408
8b510a2885df6d083dbf,content_based,2,/providers/vancluever/acme/latest/docs/data-sources/:path*,0.48502830,true,0.408
8b510a2885df6d083dbf,content_based,3,/providers/ovh/ovh/latest/docs/guides/:path*,0.48502830,false,0.408
8c0612b719f51e627006,content_based,1,/providers/gridscale/gridscale/latest/docs,0.56474638,true,0.411
8c0612b719f51e627006,content_based,2,/providers/linode/linode/latest/docs,0.56474638,false,0.411
8c0612b719f51e627006,content_based,3,/providers/digitalocean/digitalocean/latest/docs,0.56474638,false,0.411
8c39ffe16d7f520b9f46,content_based,1,/providers/ucloud/ucloud/latest/docs,0.56474638,false,0.405
8c39ffe16d7f520b9f46,content_based,2,/providers/baidubce/baiducloud/latest/docs,0.56474638,true,0.405
8c39ffe16d7f520b9f46,content_based,3,/providers/linode/linode/latest/docs,0.56474638,false,0.405
8c4b0db9873a3a8044b8,content_based,1,/gen1/flutter/prev/build-a-backend/auth/sign-out,0.85725357,false,0.416
8c4b0db9873a3a8044b8,content_based,2,/gen1/android/prev/build-a-backend/auth/sign-out,0.85725357,false,0.416
8c4b0db9873a3a8044b8,content_based,3,/flutter/build-a-backend/auth/sign-out,0.84970188,false,0.416
8c52a0047abf2930fe80,content_based,1,/providers/vmware/vcd/latest/docs/guides/:path*,0.48502830,false,0.403
8c52a0047abf2930fe80,content_based,2,/providers/vmware/vcd/latest/docs/resources/:path*,0.48502830,false,0.403
8c52a0047abf2930fe80,content_based,3,/providers/vmware/vcd/latest/docs/data-sources/:path*,0.48502830,true,0.403
8c64252a30afe92a5704,content_based,1,/gen1/javascript/prev/build-a-backend/more-features/in-app-messaging/display-messages,0.47218621,false,129.824
8c64252a30afe92a5704,content_based,2,/android/sdk/auth/drop-in-auth,0.42071602,false,129.824
8c64252a30afe92a5704,content_based,3,/android/build-a-backend/auth/app-uninstall,0.40035534,false,129.824
8d2b6f4e7ba3af26ebfa,content_based,1,/android/build-a-backend/restapi/existing-resources,0.46423537,false,0.421
8d2b6f4e7ba3af26ebfa,content_based,2,/gen1/android/prev/build-a-backend/more-features/analytics/existing-resources,0.42239076,false,0.421
8d2b6f4e7ba3af26ebfa,content_based,3,/gen1/android/prev/build-a-backend/storage/existing-resources,0.41667417,false,0.421
8df25a1851ba93f8e355,content_based,1,/gen1/android/prev/build-a-backend/more-features/predictions/set-up-predictions,0.87932622,false,188.197
8df25a1851ba93f8e355,content_based,2,/gen1/android/prev/build-a-backend/more-features/predictions/interpret-sentiment,0.79010391,false,188.197
8df25a1851ba93f8e355,content_based,3,/android/build-a-backend/more-features/geo/maps,0.78766412,false,188.197
8fcaa7f0117d4881e256,content_based,1,/flutter,0.98717976,false,0.459
8fcaa7f0117d4881e256,content_based,2,/flutter/build-a-backend/auth/set-up-auth,0.61676925,false,0.459
8fcaa7f0117d4881e256,content_based,3,/flutter/build-a-backend/auth/auth-events,0.54370016,false,0.459
8fdd1fa0e94049a90bce,content_based,1,/providers/hashicorp/null/latest/docs/guides/:path*,0.48502830,false,0.414
8fdd1fa0e94049a90bce,content_based,2,/providers/hashicorp/null/latest/docs/data-sources/:path*,0.48502830,true,0.414
8fdd1fa0e94049a90bce,content_based,3,/providers/ovh/ovh/latest/docs/guides/:path*,0.48502830,false,0.414
8ffaeb7409426b84086c,content_based,1,/android/build-a-backend/storage/upload,0.48714077,false,0.415
8ffaeb7409426b84086c,content_based,2,/android/sdk/auth/drop-in-auth,0.39037681,false,0.415
8ffaeb7409426b84086c,content_based,3,/gen1/android/prev/build-a-backend/more-features/datastore/sync-to-cloud,0.33651303,true,0.415
902fa7f4994c503c7a98,content_based,1,/gen1/javascript/prev,0.98995864,false,0.428
902fa7f4994c503c7a98,content_based,2,/gen1/angular/prev,0.98995864,false,0.428
902fa7f4994c503c7a98,content_based,3,/gen1/<platform>/prev/start/<page>,0.89686370,false,0.428
9072929269180e514697,content_based,1,/gen1/<platform>/build-a-backend/storage/configure-storage,0.41979092,false,0.406
9072929269180e514697,content_based,2,/gen1/android/prev/build-a-backend/storage/sdk,0.39901547,false,0.406
9072929269180e514697,content_based,3,/android/build-a-backend/storage/upload,0.38860857,false,0.406
909538304c95fe9cf10d,content_based,1,/gen1/android/prev/start/project-setup/use-existing-resources,0.99833000,true,170.114
909538304c95fe9cf10d,content_based,2,/gen1/android/prev/build-a-backend/more-features/analytics/existing-resources,0.91392523,false,170.114
909538304c95fe9cf10d,content_based,3,/gen1/android/prev/build-a-backend/storage/existing-resources,0.91374969,false,170.114
90c146e75eb56438b32e,content_based,1,/android/start/getting-started/integrate,0.71632314,false,0.423
90c146e75eb56438b32e,content_based,2,/android/start/getting-started/setup,0.69382542,false,0.423
90c146e75eb56438b32e,content_based,3,/flutter/start/getting-started/nextsteps,0.68297076,false,0.423
90c8a86e8833ed041457,content_based,1,/providers/kingsoftcloud/ksyun/latest/docs/resources/:path*,0.48502830,true,0.403
90c8a86e8833ed041457,content_based,2,/providers/kingsoftcloud/ksyun/latest/docs,0.48502830,false,0.403
90c8a86e8833ed041457,content_based,3,/providers/ovh/ovh/latest/docs/guides/:path*,0.48502830,false,0.403
9157ea108266afd4a215,content_based,1,/android/build-a-backend/auth/set-up-auth,0.67817509,false,0.433
9157ea108266afd4a215,content_based,2,/android/build-a-backend/auth/add-social-provider,0.59043184,false,0.433
9157ea108266afd4a215,content_based,3,/android/sdk/auth/getting-started,0.56710100,false,0.433
91f40c85550b7219e548,content_based,1,/:lang/guides/on-demand-rendering,0.97336197,true,0.558
91f40c85550b7219e548,content_based,2,/:lang/guides/endpoints,0.72529280,false,0.558
91f40c85550b7219e548,content_based,3,/:lang/guides/routing,0.70801681,false,0.558
92a28c3480cbe56ba15b,content_based,1,/gen1/flutter/prev/start/project-setup,0.45896727,false,171.870
92a28c3480cbe56ba15b,content_based,2,/gen1/<platform>/start/project-setup/<page>,0.36713243,false,171.870
92a28c3480cbe56ba15b,content_based,3,/gen1/<platform>/start/getting-started,0.34028769,false,171.870
92a3fe2df49ee2bae5ab,content_based,1,/providers/baidubce/baiducloud/latest/docs/guides/:path*,0.48502830,true,0.419
92a3fe2df49ee2bae5ab,content_based,2,/providers/ovh/ovh/latest/docs/guides/:path*,0.48502830,false,0.419
92a3fe2df49ee2bae5ab,content_based,3,/providers/gridscale/gridscale/latest/docs/guides/:path*,0.48502830,false,0.419
92cad3b867cb9d339e70,content_based,1,/android/sdk,0.97143591,false,0.428
92cad3b867cb9d339e70,content_based,2,/gen1/<platform>/sdk/analytics/<page>,0.82258999,false,0.428
92cad3b867cb9d339e70,content_based,3,/flutter/build-a-backend/graphqlapi,0.80473399,false,0.428
92eda496ee7dced906aa,content_based,1,/providers/vmware/wavefront/latest/docs/resources/:path*,0.48502830,true,0.401
92eda496ee7dced906aa,content_based,2,/providers/vmware/wavefront/latest/docs/guides/:path*,0.48502830,false,0.401
92eda496ee7dced906aa,content_based,3,/providers/Venafi/venafi/latest/docs/resources/:path*,0.48502830,false,0.401
93b1eeaae8a4c28f9203,content_based,1,/android/build-a-backend/auth/set-up-auth,0.54379535,false,0.443
93b1eeaae8a4c28f9203,content_based,2,/flutter/build-a-backend/auth/set-up-auth,0.54379535,false,0.443
93b1eeaae8a4c28f9203,content_based,3,/android/build-a-backend/auth/sign-in-with-web-ui,0.42332497,false,0.443
94246c48002d64726087,content_based,1,/android/start/getting-started/setup,0.75763655,false,0.413
94246c48002d64726087,content_based,2,/android/start/getting-started/installation,0.72708595,false,0.413
94246c48002d64726087,content_based,3,/android/start/getting-started/nextsteps,0.67943303,false,0.413
94279bb5ec4666551d21,content_based,1,/flutter/build-a-backend/more-features/datastore/authz-rules-setup,0.56594884,false,227.392
94279bb5ec4666551d21,content_based,2,/gen1/flutter/prev/build-a-backend/more-features/datastore/authz-rules-setup,0.55795542,false,227.392
94279bb5ec4666551d21,content_based,3,/flutter/build-a-backend/more-features/datastore/set-up-datastore,0.49849939,false,227.392
942fc1f67607b9a4d026,content_based,1,/gen1/javascript/prev/build-a-backend/auth/switch-auth,0.93890369,false,0.429
942fc1f67607b9a4d026,content_based,2,/android/build-a-backend/auth/set-up-auth,0.49767205,false,0.429
942fc1f67607b9a4d026,content_based,3,/flutter/build-a-backend/auth/set-up-auth,0.49767205,false,0.429
94e865153aa13f25a10b,content_based,1,/providers/microsoft/azuredevops/latest/docs/resources/:path*,0.48502830,false,0.396
94e865153aa13f25a10b,content_based,2,/providers/microsoft/azuredevops/latest/docs/data-sources/:path*,0.48502830,true,0.396
94e865153aa13f25a10b,content_based,3,/providers/ovh/ovh/latest/docs/guides/:path*,0.48502830,false,0.396
94ea8cfd822841a7437c,content_based,1,/gen1/flutter/build-a-backend/troubleshooting/upgrade-amplify-packages,0.84589779,false,0.432
94ea8cfd822841a7437c,content_based,2,/gen1/javascript/build-a-backend/troubleshooting/upgrade-amplify-packages,0.84589779,false,0.432
94ea8cfd822841a7437c,content_based,3,/gen1/<platform>/build-a-backend/utilities,0.81923223,false,0.432
95926bf56d7f71d80ad6,content_based,1,/providers/SumoLogic/sumologic/latest/docs,0.56474638,true,0.435
95926bf56d7f71d80ad6,content_based,2,/providers/linode/linode/latest/docs,0.56474638,false,0.435
95926bf56d7f71d80ad6,content_based,3,/providers/ucloud/ucloud/latest/docs,0.56474638,false,0.435
95c0d724e5f068acea53,content_based,1,/gen1/flutter/prev/build-a-backend/restapi/delete-data,0.68737954,false,142.881
95c0d724e5f068acea53,content_based,2,/gen1/android/prev/build-a-backend/restapi/delete-data,0.68737954,false,142.881
95c0d724e5f068acea53,content_based,3,/gen1/android/prev/build-a-backend/restapi/fetch-data,0.67372195,false,142.881
95fe207d6abb21bacf13,content_based,1,/gen1/android/prev/build-a-backend/storage/existing-resources,0.52128017,false,0.433
95fe207d6abb21bacf13,content_based,2,/android/start/getting-started/generate-model,0.49998853,false,0.433
95fe207d6abb21bacf13,content_based,3,/android/build-a-backend/storage/upload,0.48714077,false,0.433
960831ede1878038502c,content_based,1,/flutter/build-a-backend/more-features/datastore/set-up-datastore,0.39299276,false,0.443
960831ede1878038502c,content_based,2,/android/build-a-backend/graphqlapi/relational-models,0.33146062,false,0.443
960831ede1878038502c,content_based,3,/gen1/android/prev/build-a-backend/more-features/datastore/additional-methods,0.32763359,false,0.443
961a4f8d27aefbcbbbca,content_based,1,/flutter,0.98717976,false,0.401
961a4f8d27aefbcbbbca,content_based,2,/flutter/build-a-backend/auth/auth-events,0.54370016,false,0.401
961a4f8d27aefbcbbbca,content_based,3,/flutter/build-a-backend/more-features/datastore/set-up-datastore,0.52507114,false,0.401
9643e96647e7eec5c788,content_based,1,/providers/cyrilgdn/rabbitmq/latest/docs/guides/:path*,0.48502830,true,0.406
9643e96647e7eec5c788,content_based,2,/providers/turbot/turbot/latest/docs/guides/:path*,0.48502830,false,0.406
9643e96647e7eec5c788,content_based,3,/providers/ovh/ovh/latest/docs/guides/:path*,0.48502830,false,0.406
96847b7eeb3705372eec,content_based,1,/gen1/<platform>/tools/cli-legacy,0.93720102,false,0.419
96847b7eeb3705372eec,content_based,2,/gen1/<platform>/sdk/analytics/<page>,0.90675056,false,0.419
96847b7eeb3705372eec,content_based,3,/gen1/<platform>/start/project-setup/<page>,0.90202796,false,0.419
96900f611863c75874c7,content_based,1,/android/start/getting-started/integrate,0.67466044,false,197.554
96900f611863c75874c7,content_based,2,/android/start/getting-started/setup,0.64146364,false,197.554
96900f611863c75874c7,content_based,3,/android/start/getting-started/installation,0.57831848,false,197.554
96cb3060472e6b6aeaf4,content_based,1,/android/sdk/analytics/kinesis,0.71673262,false,0.436
96cb3060472e6b6aeaf4,content_based,2,/gen1/javascript/prev/build-a-backend/more-features/analytics/storing-data,0.41287130,false,0.436
96cb3060472e6b6aeaf4,content_based,3,/android/sdk/analytics/endpoints,0.33638269,false,0.436
96f98ff1977cf0e587c7,content_based,1,/docs/extend/writing-custom-providers.html,0.59183007,false,0.410
96f98ff1977cf0e587c7,content_based,2,/providers/linode/linode/latest/docs,0.56474638,true,0.410
96f98ff1977cf0e587c7,content_based,3,/providers/ucloud/ucloud/latest/docs,0.56474638,false,0.410
9700220f2dd9cf64e353,content_based,1,/flux/components/notification,1.00000012,true,0.433
9700220f2dd9cf64e353,content_based,2,/flux/components/notification/providers,1.00000012,false,0.433
9700220f2dd9cf64e353,content_based,3,/flux/components/notification/receivers,1.00000012,false,0.433
972b368058252bc0382f,content_based,1,/providers/logicmonitor/logicmonitor/latest/docs/guides/:path*,0.48502830,true,0.454
972b368058252bc0382f,content_based,2,/providers/opsgenie/opsgenie/latest/docs/guides/:path*,0.48502830,false,0.454
972b368058252bc0382f,content_based,3,/providers/ovh/ovh/latest/docs/guides/:path*,0.48502830,false,0.454
982482d82f76f4bfc47d,content_based,1,/flutter/build-a-backend/graphqlapi/existing-resources,0.53763002,false,0.478
982482d82f76f4bfc47d,content_based,2,/android/build-a-backend/graphqlapi/client-code-generation,0.53710949,false,0.478
982482d82f76f4bfc47d,content_based,3,/flutter/build-a-backend/graphqlapi/query-data,0.50415987,false,0.478
985179282d29224613b6,content_based,1,/android/build-a-backend/more-features/analytics/record-events,0.74853039,false,0.410
985179282d29224613b6,content_based,2,/android/sdk/analytics/endpoints,0.48627236,false,0.410
985179282d29224613b6,content_based,3,/android/sdk/analytics/kinesis,0.45493186,false,0.410
991ee809837e188a823d,content_based,1,/gen1/<platform>/tools/console,0.99861509,false,0.438
991ee809837e188a823d,content_based,2,/gen1/<platform>/tools/cli/<page>,0.81918204,false,0.438
991ee809837e188a823d,content_based,3,/gen1/<platform>/build-a-backend/storage/configure-storage,0.72762173,false,0.438
99672c4a8e4bfea92f1d,content_based,1,/enterprise/api-docs/admin/users,0.58324397,true,0.296
99672c4a8e4bfea92f1d,content_based,2,/cloud-docs/users-teams-organizations/users,0.54925156,false,0.296
99672c4a8e4bfea92f1d,content_based,3,/enterprise/api-docs/admin/runs,0.45785666,false,0.296
99890ce62b515d956726,content_based,1,/docs/extend/writing-custom-providers.html,0.59183007,false,0.400
99890ce62b515d956726,content_based,2,/providers/linode/linode/latest/docs,0.56474638,false,0.400
99890ce62b515d956726,content_based,3,/providers/akamai/akamai/latest/docs,0.56474638,false,0.400
9a368818daba026cee6a,content_based,1,/enterprise/api-docs/admin/runs,0.54783177,false,265.951
9a368818daba026cee6a,content_based,2,/enterprise/api-docs/admin/users,0.52802879,false,265.951
9a368818daba026cee6a,content_based,3,/cloud-docs/users-teams-organizations/users,0.50716841,false,265.951
9a60039b04c969146bc7,content_based,1,/providers/hashicorp/vault/latest/docs/data-sources/:path*,0.48502830,true,0.406
9a60039b04c969146bc7,content_based,2,/providers/hashicorp/vault/latest/docs,0.48502830,false,0.406
9a60039b04c969146bc7,content_based,3,/providers/ovh/ovh/latest/docs/guides/:path*,0.48502830,false,0.406
9afcb31fe0d8123df4ad,content_based,1,/gen1/javascript/prev/build-a-backend/more-features/datastore,0.87729622,false,0.459
9afcb31fe0d8123df4ad,content_based,2,/gen1/<platform>/prev/build-a-backend/<page>,0.84000552,false,0.459
9afcb31fe0d8123df4ad,content_based,3,/gen1/flutter/prev/build-a-backend/storage/remove,0.76270455,false,0.459
9b05590f6e0e5b4f1cf8,content_based,1,/android/build-a-backend/push-notifications/set-up-push-notifications,0.36219725,false,0.505
9b05590f6e0e5b4f1cf8,content_based,2,/flutter/build-a-backend/push-notifications/enable-rich-notifications,0.28169346,false,0.505
9b05590f6e0e5b4f1cf8,content_based,3,/android/build-a-backend/push-notifications/record-notifications,0.27925867,false,0.505
9b67d8c095d8d0a7c0b9,content_based,1,/android/deploy-and-host,0.96038985,false,0.400
9b67d8c095d8d0a7c0b9,content_based,2,/gen1/<platform>/deploy-and-host/frameworks/<page>,0.94747847,false,0.400
9b67d8c095d8d0a7c0b9,content_based,3,/gen1/<platform>/deploy-and-host/deployment/<page>,0.94017303,true,0.400
9bc2f3d31ff7506837e4,content_based,1,/flutter/build-a-backend/storage/get-properties,0.68007040,false,0.427
9bc2f3d31ff7506837e4,content_based,2,/gen1/<platform>/build-a-backend/auth/existing-resources,0.65554011,false,0.427
9bc2f3d31ff7506837e4,content_based,3,/gen1/<platform>/tools/libraries,0.65475702,false,0.427
9be623a5d37fe1dfed02,content_based,1,/gen1/<platform>/tools/cli-legacy,0.93309182,false,181.974
9be623a5d37fe1dfed02,content_based,2,/gen1/<platform>/prev/start/<page>,0.87265944,false,181.974
9be623a5d37fe1dfed02,content_based,3,/gen1/<platform>/prev/tools/<category>/<page>,0.78802538,false,181.974
9d41dea203acef60a51c,content_based,1,/providers/hashicorp/tls/latest/docs/guides/:path*,0.48502830,true,0.406
9d41dea203acef60a51c,content_based,2,/providers/ovh/ovh/latest/docs/guides/:path*,0.48502830,false,0.406
9d41dea203acef60a51c,content_based,3,/providers/fastly/fastly/latest/docs/guides/:path*,0.48502830,false,0.406
9d5c1a96b78b4142e5f2,content_based,1,/flutter,0.98717976,false,0.450
9d5c1a96b78b4142e5f2,content_based,2,/android/build-a-backend/restapi/existing-resources,0.53237271,false,0.450
9d5c1a96b78b4142e5f2,content_based,3,/flutter/start/getting-started/nextsteps,0.51205468,false,0.450
9dc6888c244668af8cea,content_based,1,/gen1/android/prev/build-a-backend/storage/lambda-triggers,0.62526017,false,0.451
9dc6888c244668af8cea,content_based,2,/android/build-a-backend/storage/lambda-triggers,0.54795486,false,0.451
9dc6888c244668af8cea,content_based,3,/gen1/<platform>/build-a-backend/functions/layers,0.50413752,false,0.451
9dcf0e3e95e9189b8951,content_based,1,/gen1/<platform>/sdk/analytics/<page>,0.96931887,true,865.659
9dcf0e3e95e9189b8951,content_based,2,/gen1/<platform>/build-a-backend/graphqlapi/<page>,0.92310703,false,865.659
9dcf0e3e95e9189b8951,content_based,3,/gen1/<platform>/deploy-and-host/deployment/<page>,0.89074016,false,865.659
9e0f79e27b215cc0a630,content_based,1,/de/concepts/why-astro,0.63604069,false,0.518
9e0f79e27b215cc0a630,content_based,2,/de/concepts/islands,0.60800874,false,0.518
9e0f79e27b215cc0a630,content_based,3,/en/concepts/why-astro,0.46235561,false,0.518
9e6794704480135b142c,content_based,1,/android/build-a-backend/auth/set-up-auth,0.67817509,false,0.424
9e6794704480135b142c,content_based,2,/android/build-a-backend/auth/add-social-provider,0.59043184,false,0.424
9e6794704480135b142c,content_based,3,/android/sdk/auth/getting-started,0.56710100,false,0.424
9e8b9cd1e0818665adb8,content_based,1,/flutter/build-a-backend/more-features/datastore/authz-rules-setup,0.68621790,false,0.414
9e8b9cd1e0818665adb8,content_based,2,/gen1/flutter/prev/build-a-backend/more-features/datastore/authz-rules-setup,0.65905974,false,0.414
9e8b9cd1e0818665adb8,content_based,3,/gen1/flutter/prev/build-a-backend/restapi/customize-authz,0.60748857,false,0.414
9e9c78f8ac41257384ea,content_based,1,/gen1/<platform>/build-a-backend/auth/existing-resources,0.98263550,false,0.442
9e9c78f8ac41257384ea,content_based,2,/gen1/android/prev/build-a-backend/auth/existing-resources,0.97560084,false,0.442
9e9c78f8ac41257384ea,content_based,3,/flutter/build-a-backend/graphqlapi/existing-resources,0.95933766,false,0.442
9eb4d34cfb9c848db483,content_based,1,/de/getting-started,0.82273012,false,0.504
9eb4d34cfb9c848db483,content_based,2,/en/install-and-setup,0.75330341,true,0.504
9eb4d34cfb9c848db483,content_based,3,/en/getting-started,0.67321932,false,0.504
9ecf9b61c068cb6ee2d4,content_based,1,/gen1/<platform>/build-a-backend/functions/layers,0.79522556,false,0.415
9ecf9b61c068cb6ee2d4,content_based,2,/gen1/<platform>/build-a-backend/graphqlapi/connect-api-to-existing-database,0.64891791,false,0.415
9ecf9b61c068cb6ee2d4,content_based,3,/gen1/android/prev/build-a-backend/storage/lambda-triggers,0.62572372,false,0.415
9ee03bb7184fe55d096c,content_based,1,/flux/components/notification/alerts,0.94829708,false,0.478
9ee03bb7184fe55d096c,content_based,2,/flux/monitoring/alerts,0.94829708,true,0.478
9ee03bb7184fe55d096c,content_based,3,/en/flux/guides/webhook-receivers,0.72033209,false,0.478
9ee37a44a819fc1ba63a,content_based,1,/:lang/guides/routing,0.73353910,false,0.467
9ee37a44a819fc1ba63a,content_based,2,/:lang/reference/publish-to-npm,0.67420781,false,0.467
9ee37a44a819fc1ba63a,content_based,3,/:lang/reference/modules/astro-config,0.66229133,true,0.467
9ee4166ea82775cfa1cc,content_based,1,/gen1/<platform>/build-a-backend/debugging,0.98347306,true,1555.731
9ee4166ea82775cfa1cc,content_based,2,/gen1/<platform>/build-a-backend/utilities,0.82290435,false,1555.731
9ee4166ea82775cfa1cc,content_based,3,/gen1/<platform>/build-a-backend/more-features,0.80809033,false,1555.731
9f2d723c0eb71095a389,content_based,1,/providers/microsoft/azuredevops/latest/docs/resources/:path*,0.48502830,true,0.405
9f2d723c0eb71095a389,content_based,2,/providers/microsoft/azuredevops/latest/docs/data-sources/:path*,0.48502830,false,0.405
9f2d723c0eb71095a389,content_based,3,/providers/ovh/ovh/latest/docs/guides/:path*,0.48502830,false,0.405
9f44041fa86b809dd018,content_based,1,/flux/contributing/flux,0.65765935,false,0.358
9f44041fa86b809dd018,content_based,2,/en/contributing/flux-adopters,0.65765935,false,0.358
9f44041fa86b809dd018,content_based,3,/en/contributing/docs/style-guide,0.64917147,false,0.358
9f53af8564e9499d32fa,content_based,1,/providers/OpenNebula/opennebula/latest/docs,0.56474638,true,0.423
9f53af8564e9499d32fa,content_based,2,/providers/linode/linode/latest/docs,0.56474638,false,0.423
9f53af8564e9499d32fa,content_based,3,/providers/dnsimple/dnsimple/latest/docs,0.56474638,false,0.423
9f6518f536e079caff65,content_based,1,/android/sdk,0.97143591,false,0.501
9f6518f536e079caff65,content_based,2,/android/build-a-backend/auth/sdk,0.94832408,false,0.501
9f6518f536e079caff65,content_based,3,/flutter/build-a-backend/graphqlapi,0.80473399,false,0.501
9f9ff64a4c6abfbf92f2,content_based,1,/providers/opsgenie/opsgenie/latest/docs/guides/:path*,0.48502830,true,0.432
9f9ff64a4c6abfbf92f2,content_based,2,/providers/ovh/ovh/latest/docs/guides/:path*,0.48502830,false,0.432
9f9ff64a4c6abfbf92f2,content_based,3,/providers/Constellix/constellix/latest/docs/guides/:path*,0.48502830,false,0.432
9fa6fae2d12ca7fc2ec9,content_based,1,/gen1/<platform>/tools/console,0.70397675,false,287.754
9fa6fae2d12ca7fc2ec9,content_based,2,/gen1/javascript/build-ui/uibuilder,0.69544542,false,287.754
9fa6fae2d12ca7fc2ec9,content_based,3,/angular/build-a-backend/server-side-rendering,0.68516636,false,287.754
9fd0302368183548c561,content_based,1,/flutter/build-a-backend/auth/manage-mfa,0.83125114,false,0.418
9fd0302368183548c561,content_based,2,/android/sdk/auth/working-with-api,0.74351022,false,0.418
9fd0302368183548c561,content_based,3,/android/sdk/auth/federated-identities,0.64575581,false,0.418
a02b2ecf07d4474c37f2,content_based,1,/android/build-a-backend/graphqlapi/client-code-generation,0.47587922,false,0.435
a02b2ecf07d4474c37f2,content_based,2,/flutter/build-a-backend/graphqlapi/advanced-workflows,0.41821852,false,0.435
a02b2ecf07d4474c37f2,content_based,3,/gen1/android/prev/build-a-backend/graphqlapi/set-up-graphql-api,0.41789017,false,0.435
a06d4c619ced2bb013ac,content_based,1,/flutter,0.98717976,false,0.398
a06d4c619ced2bb013ac,content_based,2,/android/start/getting-started/setup,0.65359163,false,0.398
a06d4c619ced2bb013ac,content_based,3,/android/start/getting-started/nextsteps,0.62942062,false,0.398
a0c8d8d760b398f277fc,content_based,1,/android/sdk/auth/getting-started,0.43453911,false,0.422
a0c8d8d760b398f277fc,content_based,2,/android/build-a-backend/more-features/geo/amazon-location-sdk,0.39565325,false,0.422
a0c8d8d760b398f277fc,content_based,3,/android/sdk/auth/federated-identities,0.36613871,false,0.422
a12de4cb559bd5c1e8a3,content_based,1,/providers/cyrilgdn/rabbitmq/latest/docs/resources/:path*,0.48502830,true,0.414
a12de4cb559bd5c1e8a3,content_based,2,/providers/cyrilgdn/rabbitmq/latest/docs/guides/:path*,0.48502830,false,0.414
a12de4cb559bd5c1e8a3,content_based,3,/providers/turbot/turbot/latest/docs/resources/:path*,0.48502830,false,0.414
a14c19b2d7f1d2e4685b,content_based,1,/:lang/guides/backend/firebase,0.99825877,true,0.490
a14c19b2d7f1d2e4685b,content_based,2,/en/guides/backend/firebase,0.99825877,false,0.490
a14c19b2d7f1d2e4685b,content_based,3,/en/guides/backend/supabase,0.78717929,false,0.490
a17cf1b7d748a0fe3cfb,content_based,1,/android/build-a-backend/restapi/existing-resources,0.40727228,false,0.426
a17cf1b7d748a0fe3cfb,content_based,2,/gen1/android/prev/build-a-backend/more-features/analytics/existing-resources,0.39310157,false,0.426
a17cf1b7d748a0fe3cfb,content_based,3,/gen1/android/prev/build-a-backend/auth/existing-resources,0.39009386,false,0.426
a189b1f94c9b5791a21b,content_based,1,/providers/rancher/rancher2/latest/docs/guides/:path*,0.48502830,true,0.423
a189b1f94c9b5791a21b,content_based,2,/providers/ovh/ovh/latest/docs/guides/:path*,0.48502830,false,0.423
a189b1f94c9b5791a21b,content_based,3,/providers/turbot/turbot/latest/docs/guides/:path*,0.48502830,false,0.423
a1dff2960131a779ea64,content_based,1,/:lang/guides/on-demand-rendering,0.86560692,true,0.420
a1dff2960131a779ea64,content_based,2,/en/basics/astro-components,0.72290925,false,0.420
a1dff2960131a779ea64,content_based,3,/:lang/guides/endpoints,0.72064236,false,0.420
a1ee7b207e80b7a7c99a,content_based,1,/flux/components/kustomize,0.99460280,true,0.397
a1ee7b207e80b7a7c99a,content_based,2,/en/flux/components/kustomize/_index,0.99460280,false,0.397
a1ee7b207e80b7a7c99a,content_based,3,/en/flux/components/helm/_index,0.77576065,false,0.397
a1eeb6400b06448fd327,content_based,1,/gen1/javascript/build-ui/uibuilder,0.74264228,false,0.474
a1eeb6400b06448fd327,content_based,2,/gen1/<platform>/tools/console,0.69899625,false,0.474
a1eeb6400b06448fd327,content_based,3,/gen1/android/prev/build-a-backend/storage/existing-resources,0.59313458,false,0.474
a1ef8e2a3a4e5f7714dc,content_based,1,/android/start/getting-started/installation,0.82060254,false,354.767
a1ef8e2a3a4e5f7714dc,content_based,2,/android/start/getting-started/setup,0.74071884,false,354.767
a1ef8e2a3a4e5f7714dc,content_based,3,/flutter/start/getting-started/nextsteps,0.72500873,false,354.767
a1f89454942bda1bc4f5,content_based,1,/docs/extend/writing-custom-providers.html,0.59183007,false,0.416
a1f89454942bda1bc4f5,content_based,2,/providers/linode/linode/latest/docs,0.56474638,false,0.416
a1f89454942bda1bc4f5,content_based,3,/providers/ucloud/ucloud/latest/docs,0.56474638,false,0.416
a2010bd067c62eef59b0,content_based,1,/providers/vmware/wavefront/latest/docs/guides/:path*,0.48502830,true,0.418
a2010bd067c62eef59b0,content_based,2,/providers/ovh/ovh/latest/docs/guides/:path*,0.48502830,false,0.418
a2010bd067c62eef59b0,content_based,3,/providers/fastly/fastly/latest/docs/guides/:path*,0.48502830,false,0.418
a25859d4c329c4271640,content_based,1,/android/build-a-backend/graphqlapi/client-code-generation,0.53064239,false,0.418
a25859d4c329c4271640,content_based,2,/gen1/android/prev/build-a-backend/graphqlapi/query-data,0.51136756,false,0.418
a25859d4c329c4271640,content_based,3,/gen1/android/prev/build-a-backend/graphqlapi/set-up-graphql-api,0.47482869,false,0.418
a26d442544fbc3730058,content_based,1,/gen1/javascript/prev/build-a-backend/more-features/geo/location-search,0.96268952,false,298.340
a26d442544fbc3730058,content_based,2,/android/build-a-backend/more-features/geo/set-up-geo,0.91765904,false,298.340
a26d442544fbc3730058,content_based,3,/gen1/android/prev/build-a-backend/more-features/geo/existing-resources,0.90298647,false,298.340
a288eb5b1bedd10f06ff,content_based,1,/providers/PagerDuty/pagerduty/latest/docs/guides/:path*,0.48502830,false,0.426
a288eb5b1bedd10f06ff,content_based,2,/providers/PagerDuty/pagerduty/latest/docs/data-sources/:path*,0.48502830,true,0.426
a288eb5b1bedd10f06ff,content_based,3,/providers/ovh/ovh/latest/docs/guides/:path*,0.48502830,false,0.426
a28e41221c74a537d772,content_based,1,/android/start/getting-started/installation,0.70217228,false,156.011
a28e41221c74a537d772,content_based,2,/flutter/start/getting-started/nextsteps,0.63649321,false,156.011
a28e41221c74a537d772,content_based,3,/android/start/getting-started/setup,0.62895226,false,156.011
a2d4774d3c4bfc8e3fc4,content_based,1,/gen1/flutter/prev/build-a-backend/graphqlapi/mutate-data,0.56815541,false,0.449
a2d4774d3c4bfc8e3fc4,content_based,2,/flutter/build-a-backend/graphqlapi/existing-resources,0.53763002,false,0.449
a2d4774d3c4bfc8e3fc4,content_based,3,/gen1/android/prev/build-a-backend/graphqlapi/query-data,0.51229072,false,0.449
a304c4ae8d3502783844,content_based,1,/providers/rancher/rancher2/latest/docs/guides/:path*,0.48502830,false,0.417
a304c4ae8d3502783844,content_based,2,/providers/rancher/rancher2/latest/docs,0.48502830,false,0.417
a304c4ae8d3502783844,content_based,3,/providers/rancher/rancher2/latest/docs/data-sources/:path*,0.48502830,true,0.417
a35f4c45e73f514613f5,content_based,1,/docs/extend/writing-custom-providers.html,0.59183007,false,0.433
a35f4c45e73f514613f5,content_based,2,/providers/linode/linode/latest/docs,0.56474638,false,0.433
a35f4c45e73f514613f5,content_based,3,/providers/dnsimple/dnsimple/latest/docs,0.56474638,false,0.433
a3c11e8f9e6ea90c7957,content_based,1,/android/start/getting-started/installation,0.54123569,false,0.404
a3c11e8f9e6ea90c7957,content_based,2,/angular/start/getting-started/hosting,0.51522458,false,0.404
a3c11e8f9e6ea90c7957,content_based,3,/android/start/getting-started/setup,0.51467669,false,0.404
a3d9be9addc4d5cbc38b,content_based,1,/gen1/javascript/deploy-and-host/custom-configuration,0.93706846,true,0.498
a3d9be9addc4d5cbc38b,content_based,2,/gen1/angular/deploy-and-host/custom-configuration,0.93706846,false,0.498
a3d9be9addc4d5cbc38b,content_based,3,/gen1/<platform>/deploy-and-host/frameworks/<page>,0.93384039,false,0.498
a47b21292139c271c14b,content_based,1,/examples/http_server_streaming,0.71463406,true,852.489
a47b21292139c271c14b,content_based,2,/examples/tcp_echo_server,0.71463406,false,852.489
a47b21292139c271c14b,content_based,3,/examples/file_server_tutorial,0.71463406,false,852.489
a4a4c54af1ced7362771,content_based,1,/gen1/<platform>/build-a-backend/storage/import,0.43561751,false,0.413
a4a4c54af1ced7362771,content_based,2,/gen1/<platform>/build-a-backend/storage/configure-storage,0.41979092,false,0.413
a4a4c54af1ced7362771,content_based,3,/gen1/android/prev/build-a-backend/storage/existing-resources,0.38721809,false,0.413
a4cbda73f9f8458c1e65,content_based,1,/android/build-a-backend/restapi/existing-resources,0.65050018,false,0.448
a4cbda73f9f8458c1e65,content_based,2,/gen1/<platform>/build-a-backend/auth/existing-resources,0.54218137,false,0.448
a4cbda73f9f8458c1e65,content_based,3,/gen1/android/prev/build-a-backend/auth/existing-resources,0.54095334,false,0.448
a502d00511d5c8921f15,content_based,1,/providers/ovh/ovh/latest/docs/guides/:path*,0.48502830,false,0.416
a502d00511d5c8921f15,content_based,2,/providers/terraform-provider-openstack/openstack/latest/docs/guides/:path*,0.48502830,true,0.416
a502d00511d5c8921f15,content_based,3,/providers/opsgenie/opsgenie/latest/docs/guides/:path*,0.48502830,false,0.416
a527d73b4bbe8378f134,content_based,1,/providers/nttcom/ecl/latest/docs/guides/:path*,0.48502830,true,0.444
a527d73b4bbe8378f134,content_based,2,/providers/ovh/ovh/latest/docs/guides/:path*,0.48502830,false,0.444
a527d73b4bbe8378f134,content_based,3,/providers/fastly/fastly/latest/docs/guides/:path*,0.48502830,false,0.444
a554aa3f779fdcf548fd,content_based,1,/gen1/javascript/prev/build-a-backend/more-features/in-app-messaging/display-messages,0.32757904,false,0.484
a554aa3f779fdcf548fd,content_based,2,/gen1/javascript/prev/build-a-backend/more-features/in-app-messaging/clear-messages,0.27178891,false,0.484
a554aa3f779fdcf548fd,content_based,3,/android/build-a-backend/more-features/datastore/conflict-resolution,0.22786672,false,0.484
a601f61cc3444f1d6f58,content_based,1,/gen1/android/prev/start/project-setup/use-existing-resources,0.99833000,false,0.422
a601f61cc3444f1d6f58,content_based,2,/gen1/android/prev/build-a-backend/storage/existing-resources,0.91374969,false,0.422
a601f61cc3444f1d6f58,content_based,3,/gen1/flutter/prev/build-a-backend/graphqlapi/existing-resources,0.90777504,false,0.422
a603c642a37d7f3e2eb5,content_based,1,/flutter/build-a-backend/more-features/analytics/identify-user,0.34185573,false,0.443
a603c642a37d7f3e2eb5,content_based,2,/flutter/start/project-setup/escape-hatch,0.33359542,false,0.443
a603c642a37d7f3e2eb5,content_based,3,/gen1/flutter/prev/build-a-backend/more-features/analytics/auto-track-sessions,0.33015981,false,0.443
a62cef4f3efeb83f09c9,content_based,1,/flutter,0.98717976,false,0.410
a62cef4f3efeb83f09c9,content_based,2,/gen1/flutter/prev/start/project-setup,0.62247825,false,0.410
a62cef4f3efeb83f09c9,content_based,3,/gen1/android/prev/start/project-setup/prerequisites,0.54162669,false,0.410
a6461308ea57c6e964e5,content_based,1,/flutter,0.98717976,false,0.444
a6461308ea57c6e964e5,content_based,2,/flutter/build-a-backend/auth/set-up-auth,0.61676925,false,0.444
a6461308ea57c6e964e5,content_based,3,/gen1/flutter/prev/build-a-backend/auth/set-up-auth,0.56672090,false,0.444
a6d7983e16e7b5e49554,content_based,1,/gen1/android/prev/build-a-backend/storage/lambda-triggers,0.64859790,false,0.476
a6d7983e16e7b5e49554,content_based,2,/android/build-a-backend/storage/lambda-triggers,0.53765106,false,0.476
a6d7983e16e7b5e49554,content_based,3,/android/build-a-backend/storage/list,0.49421912,false,0.476
a75f42c138d9bf886979,content_based,1,/flutter,0.98717976,false,0.424
a75f42c138d9bf886979,content_based,2,/flutter/build-a-backend/auth/set-up-auth,0.61676925,false,0.424
a75f42c138d9bf886979,content_based,3,/flutter/build-a-backend/more-features/analytics/identify-user,0.45794824,true,0.424
a76bca98c22418daf207,content_based,1,/gen1/<platform>/build-a-backend/storage/import,0.74834430,false,182.799
a76bca98c22418daf207,content_based,2,/gen1/<platform>/build-a-backend/storage/configure-storage,0.71673316,false,182.799
a76bca98c22418daf207,content_based,3,/flutter/build-a-backend/storage/configure-access,0.57376438,false,182.799
a7b105770efe245252b7,content_based,1,/android/build-a-backend/graphqlapi/relational-models,0.60319966,false,448.421
a7b105770efe245252b7,content_based,2,/flutter/build-a-backend/graphqlapi/query-data,0.56926084,false,448.421
a7b105770efe245252b7,content_based,3,/gen1/javascript/prev/build-a-backend/graphqlapi/customize-authz-modes,0.55453351,false,448.421
a7de5d5b36554c03c55a,content_based,1,/gen1/<platform>/build-a-backend/more-features,0.97771311,true,185.733
a7de5d5b36554c03c55a,content_based,2,/gen1/<platform>/build-a-backend/more-features/<page>,0.97771311,false,185.733
a7de5d5b36554c03c55a,content_based,3,/gen1/<platform>/build-a-backend/restapi,0.92897481,false,185.733
a7f70dfd8f03f0d75160,content_based,1,/providers/vultr/vultr/latest/docs,0.48502830,false,0.457
a7f70dfd8f03f0d75160,content_based,2,/providers/vultr/vultr/latest/docs/data-sources/:path*,0.48502830,true,0.457
a7f70dfd8f03f0d75160,content_based,3,/providers/ovh/ovh/latest/docs/guides/:path*,0.48502830,false,0.457
a81448e86ca491029560,content_based,1,/flux/installation/bootstrap/google-cloud-source,0.71893096,true,0.479
a81448e86ca491029560,content_based,2,/en/flux/installation/bootstrap/google-cloud-source,0.71893096,false,0.479
a81448e86ca491029560,content_based,3,/en/flux/installation/bootstrap/oracle-vbs-git-repositories,0.68056858,false,0.479
a823cbd9205438cae812,content_based,1,/providers/hashicorp/azurestack/latest/docs/guides/:path*,0.48502830,true,0.412
a823cbd9205438cae812,content_based,2,/providers/ovh/ovh/latest/docs/guides/:path*,0.48502830,false,0.412
a823cbd9205438cae812,content_based,3,/providers/turbot/turbot/latest/docs/guides/:path*,0.48502830,false,0.412
a830701ee66dd279afa1,content_based,1,/gen1/angular/prev/start/project-setup/create-application,0.94355488,false,0.391
a830701ee66dd279afa1,content_based,2,/gen1/<platform>/start/project-setup/<page>,0.87343287,false,0.391
a830701ee66dd279afa1,content_based,3,/gen1/android/prev/start/project-setup/use-existing-resources,0.86886883,false,0.391
a837001bec06cba767a2,content_based,1,/providers/turbot/turbot/latest/docs/guides/:path*,0.48502830,true,0.405
a837001bec06cba767a2,content_based,2,/providers/ovh/ovh/latest/docs/guides/:path*,0.48502830,false,0.405
a837001bec06cba767a2,content_based,3,/providers/turbot/turbot/latest/docs/resources/:path*,0.48502830,false,0.405
a83ccd269f49d4a181bc,content_based,1,/flutter/build-a-backend/more-features/datastore/additional-methods,0.80178893,false,0.441
a83ccd269f49d4a181bc,content_based,2,/android/build-a-backend/push-notifications/test-notifications,0.79000157,false,0.441
a83ccd269f49d4a181bc,content_based,3,/android/build-a-backend/auth/managing-attributes,0.78437436,false,0.441
a8bbb723db49b7754688,content_based,1,/gen1/<platform>/tools/libraries,0.58813733,false,0.512
a8bbb723db49b7754688,content_based,2,/android/sdk/api/graphql,0.57012022,false,0.512
a8bbb723db49b7754688,content_based,3,/android/sdk/auth/federated-identities,0.56189793,false,0.512
a8c7978dba0857ae7265,content_based,1,/flutter/build-a-backend/storage/configure-access,0.98115468,false,194.184
a8c7978dba0857ae7265,content_based,2,/gen1/<platform>/build-a-backend/storage/configure-storage,0.75899017,true,194.184
a8c7978dba0857ae7265,content_based,3,/android/build-a-backend/storage/list,0.70729280,false,194.184
a8e5e87f727e44ec0db1,content_based,1,/examples/tutorials/testing,0.57030672,false,160.796
a8e5e87f727e44ec0db1,content_based,2,/examples/importing_json,0.44314921,false,160.796
a8e5e87f727e44ec0db1,content_based,3,/examples/writing_tests,0.40470052,true,160.796
a8feb5850627faa65f47,content_based,1,/examples/videos/what_is_deno,0.75039332,false,561.139
a8feb5850627faa65f47,content_based,2,/examples/tutorials/deno_deploy,0.74472702,false,561.139
a8feb5850627faa65f47,content_based,3,/examples/videos/deploying_deno_with_docker,0.72360724,false,561.139
a91b94d60fbdbc5b6c09,content_based,1,/providers/fortinetdev/fortios/latest/docs/guides/:path*,0.48502830,false,0.438
a91b94d60fbdbc5b6c09,content_based,2,/providers/fortinetdev/fortios/latest/docs/data-sources/:path*,0.48502830,true,0.438
a91b94d60fbdbc5b6c09,content_based,3,/providers/fortinetdev/fortios/latest/docs,0.48502830,false,0.438
a92c4c0752b8ac22638b,content_based,1,/providers/logicmonitor/logicmonitor/latest/docs/guides/:path*,0.48502830,false,0.454
a92c4c0752b8ac22638b,content_based,2,/providers/logicmonitor/logicmonitor/latest/docs/data-sources/:path*,0.48502830,true,0.454
a92c4c0752b8ac22638b,content_based,3,/providers/opsgenie/opsgenie/latest/docs/guides/:path*,0.48502830,false,0.454
a97fa90ddbf93b600148,content_based,1,/flutter,0.98717976,false,0.402
a97fa90ddbf93b600148,content_based,2,/android/start/getting-started/setup,0.65359163,false,0.402
a97fa90ddbf93b600148,content_based,3,/android/start/getting-started/nextsteps,0.62942062,false,0.402
aa0186af799f0498a9b2,content_based,1,/flutter/start/getting-started/nextsteps,0.52961552,false,0.393
aa0186af799f0498a9b2,content_based,2,/android/start/getting-started/nextsteps,0.49111590,false,0.393
aa0186af799f0498a9b2,content_based,3,/android/start/getting-started/integrate,0.46599263,false,0.393
aa1052cbb02683a82139,content_based,1,/providers/fastly/fastly/latest/docs/resources/:path*,0.48502830,true,0.461
aa1052cbb02683a82139,content_based,2,/providers/fastly/fastly/latest/docs/guides/:path*,0.48502830,false,0.461
aa1052cbb02683a82139,content_based,3,/providers/ovh/ovh/latest/docs/guides/:path*,0.48502830,false,0.461
aa39c30974653c1b403a,content_based,1,/gen1/<platform>/build-a-backend/storage/import,0.43561751,false,0.437
aa39c30974653c1b403a,content_based,2,/gen1/android/prev/build-a-backend/storage/sdk,0.39901547,false,0.437
aa39c30974653c1b403a,content_based,3,/android/build-a-backend/storage/upload,0.38860857,false,0.437
aa95f771b1e5881eb445,content_based,1,/flutter/build-a-backend/storage/configure-access,0.39826554,false,146.307
aa95f771b1e5881eb445,content_based,2,/android/build-a-backend/storage/lambda-triggers,0.31771916,false,146.307
aa95f771b1e5881eb445,content_based,3,/flutter/build-a-backend/storage/download,0.31327403,false,146.307
aaa0210d8649d8b40af0,content_based,1,/android/build-a-backend/more-features/datastore,0.90980840,false,161.233
aaa0210d8649d8b40af0,content_based,2,/gen1/javascript/prev/build-a-backend/more-features/datastore,0.87092818,false,161.233
aaa0210d8649d8b40af0,content_based,3,/android/build-a-backend/more-features/datastore/sync-to-cloud,0.73790622,false,161.233
aad960fd8842c7b17404,content_based,1,/gen1/javascript/build-ui/uibuilder,0.74264228,false,0.688
aad960fd8842c7b17404,content_based,2,/gen1/<platform>/tools/console,0.69899625,false,0.688
aad960fd8842c7b17404,content_based,3,/android/build-a-backend/storage/upload,0.58042550,false,0.688
ab1b46f737ba32b87089,content_based,1,/providers/hashicorp/ciscoasa/latest/docs/resources/:path*,0.48502830,true,0.437
ab1b46f737ba32b87089,content_based,2,/providers/ovh/ovh/latest/docs/guides/:path*,0.48502830,false,0.437
ab1b46f737ba32b87089,content_based,3,/providers/gridscale/gridscale/latest/docs/guides/:path*,0.48502830,false,0.437
ab6076641a20b3ebbe97,content_based,1,/android/start/getting-started/setup,0.66276616,false,0.442
ab6076641a20b3ebbe97,content_based,2,/android/start/getting-started/installation,0.55099845,false,0.442
ab6076641a20b3ebbe97,content_based,3,/android/build-a-backend/graphqlapi/client-code-generation,0.47587922,false,0.442
ab91e3820cddc2801475,content_based,1,/gen1/javascript/prev/build-a-backend/more-features/in-app-messaging/display-messages,0.93995106,false,144.857
ab91e3820cddc2801475,content_based,2,/gen1/javascript/prev/build-a-backend/more-features/in-app-messaging/clear-messages,0.89012808,false,144.857
ab91e3820cddc2801475,content_based,3,/flutter/build-a-backend/more-features/datastore/set-up-datastore,0.78914034,false,144.857
abc51a9f69f6185a2dbc,content_based,1,/flutter/build-a-backend/graphqlapi/existing-resources,0.53763002,false,0.445
abc51a9f69f6185a2dbc,content_based,2,/android/build-a-backend/graphqlapi/client-code-generation,0.53710949,false,0.445
abc51a9f69f6185a2dbc,content_based,3,/flutter/build-a-backend/graphqlapi/query-data,0.50415987,false,0.445
abcbd79c8845cc9f5ca5,content_based,1,/gen1/javascript/prev/build-a-backend/auth/switch-auth,0.90615028,false,151.379
abcbd79c8845cc9f5ca5,content_based,2,/android/build-a-backend/auth/set-up-auth,0.53355104,false,151.379
abcbd79c8845cc9f5ca5,content_based,3,/gen1/android/build-a-backend/auth/switch-auth,0.49143896,true,151.379
ac154ed22809cf39a05d,content_based,1,/flutter,0.98717976,false,0.517
ac154ed22809cf39a05d,content_based,2,/gen1/flutter/build-a-backend/troubleshooting/upgrade-amplify-packages,0.56471086,true,0.517
ac154ed22809cf39a05d,content_based,3,/gen1/javascript/build-a-backend/troubleshooting/upgrade-amplify-packages,0.56471086,false,0.517
ac1abc3ef724ffeff26b,content_based,1,/gen1/<platform>/build-a-backend/graphqlapi/connect-api-to-existing-database,0.65724915,false,311.491
ac1abc3ef724ffeff26b,content_based,2,/flutter/build-a-backend/graphqlapi/query-data,0.62198335,false,311.491
ac1abc3ef724ffeff26b,content_based,3,/android/build-a-backend/graphqlapi/client-code-generation,0.56011856,false,311.491
ac7605b5edf0403c4146,content_based,1,/flutter/build-a-backend/graphqlapi/existing-resources,0.86035700,false,0.538
ac7605b5edf0403c4146,content_based,2,/gen1/flutter/build-a-backend/troubleshooting/upgrade-amplify-packages,0.84589779,false,0.538
ac7605b5edf0403c4146,content_based,3,/gen1/javascript/build-a-backend/troubleshooting/upgrade-amplify-packages,0.84589779,false,0.538
acba543f6a460024528f,content_based,1,/android/build-a-backend/auth/set-up-auth,0.54790622,false,0.419
acba543f6a460024528f,content_based,2,/android/sdk/auth/getting-started,0.43453911,false,0.419
acba543f6a460024528f,content_based,3,/android/build-a-backend/auth/add-social-provider,0.40421602,false,0.419
ad3608111ff2c07da785,content_based,1,/de/concepts/why-astro,0.86378181,false,0.581
ad3608111ff2c07da785,content_based,2,/de/concepts/islands,0.85877800,false,0.581
ad3608111ff2c07da785,content_based,3,/en/concepts/islands,0.74890822,true,0.581
ad73ac76822aa0a38b9c,content_based,1,/gen1/android/prev/build-a-backend/more-features/predictions/set-up-predictions,0.37440711,false,0.507
ad73ac76822aa0a38b9c,content_based,2,/gen1/android/prev/build-a-backend/more-features/predictions/interpret-sentiment,0.35119277,false,0.507
ad73ac76822aa0a38b9c,content_based,3,/flutter/build-a-backend/more-features/analytics/identify-user,0.34185573,false,0.507
adc5986633ba87781aea,content_based,1,/providers/CheckPointSW/checkpoint/latest/docs/guides/:path*,0.48502830,false,0.474
adc5986633ba87781aea,content_based,2,/providers/CheckPointSW/checkpoint/latest/docs/data-sources/:path*,0.48502830,true,0.474
adc5986633ba87781aea,content_based,3,/providers/ovh/ovh/latest/docs/guides/:path*,0.48502830,false,0.474
ae51b93570e2ac510eb0,content_based,1,/de/concepts/islands,0.90682912,false,0.545
ae51b93570e2ac510eb0,content_based,2,/de/concepts/why-astro,0.81247675,false,0.545
ae51b93570e2ac510eb0,content_based,3,/:lang/concepts/islands,0.77889109,true,0.545
ae6ab46bab455a08c4bc,content_based,1,/android/start/getting-started/installation,0.69978058,false,219.931
ae6ab46bab455a08c4bc,content_based,2,/flutter/start/getting-started/nextsteps,0.65947449,false,219.931
ae6ab46bab455a08c4bc,content_based,3,/android/start/getting-started/integrate,0.64525968,false,219.931
af14e4e85af4f2a0f8d7,content_based,1,/providers/ovh/ovh/latest/docs/guides/:path*,0.48502830,false,0.462
af14e4e85af4f2a0f8d7,content_based,2,/providers/dome9/dome9/latest/docs/resources/:path*,0.48502830,false,0.462
af14e4e85af4f2a0f8d7,content_based,3,/providers/Venafi/venafi/latest/docs/resources/:path*,0.48502830,false,0.462
af643f5eaf2eac52624d,content_based,1,/flutter,0.98717976,false,0.455
af643f5eaf2eac52624d,content_based,2,/android/build-a-backend/push-notifications/set-up-push-notifications,0.51247400,false,0.455
af643f5eaf2eac52624d,content_based,3,/flutter/build-a-backend/push-notifications/enable-rich-notifications,0.44523910,false,0.455
af8ae355ae923f8872c9,content_based,1,/android/sdk/auth/federated-identities,0.75322166,false,0.449
af8ae355ae923f8872c9,content_based,2,/android/build-a-backend/auth/add-social-provider,0.72208039,false,0.449
af8ae355ae923f8872c9,content_based,3,/flutter/build-a-backend/auth/auth-events,0.63652211,false,0.449
af937e900cc327d1a44d,content_based,1,/gen1/<platform>/tools/console,0.48872513,false,0.426
af937e900cc327d1a44d,content_based,2,/android/start/getting-started/integrate,0.46599263,false,0.426
af937e900cc327d1a44d,content_based,3,/android/start/getting-started/setup,0.44818991,false,0.426
b00f72c39812e3e41906,content_based,1,/cloud-docs/users-teams-organizations/users,0.61721450,true,122.263
b00f72c39812e3e41906,content_based,2,/providers/ionos-cloud/profitbricks/latest/docs/guides/:path*,0.51188254,false,122.263
b00f72c39812e3e41906,content_based,3,/enterprise/api-docs/admin/users,0.49360660,false,122.263
b091ad4e5a2e796e89d2,content_based,1,/android/build-a-backend/graphqlapi/relational-models,0.39740762,false,0.438
b091ad4e5a2e796e89d2,content_based,2,/flutter/build-a-backend/more-features/datastore/set-up-datastore,0.37696648,false,0.438
b091ad4e5a2e796e89d2,content_based,3,/android/build-a-backend/more-features/datastore,0.35034734,false,0.438
b0bcee33e4c6cfd022ef,content_based,1,/:lang/reference/astro-syntax,0.56979752,false,0.462
b0bcee33e4c6cfd022ef,content_based,2,/:lang/reference/publish-to-npm,0.56446844,false,0.462
b0bcee33e4c6cfd022ef,content_based,3,/:lang/reference/modules/astro-config,0.55971747,false,0.462
b0c461d6ef95f5da1832,content_based,1,/en/flux/components/helm/_index,1.00000012,false,0.488
b0c461d6ef95f5da1832,content_based,2,/flux/components/kustomize,0.77365839,false,0.488
b0c461d6ef95f5da1832,content_based,3,/en/flux/components/kustomize/_index,0.77365839,false,0.488
b0e3254e51f914b2efd3,content_based,1,/android/sdk/auth/federated-identities,0.59492217,false,144.451
b0e3254e51f914b2efd3,content_based,2,/android/build-a-backend/auth/sign-out,0.55821353,false,144.451
b0e3254e51f914b2efd3,content_based,3,/flutter/build-a-backend/auth/sign-out,0.55821353,false,144.451
b0e5a22da3f5f26f8108,content_based,1,/android/build-a-backend/restapi/existing-resources,0.65050018,false,0.540
b0e5a22da3f5f26f8108,content_based,2,/gen1/<platform>/build-a-backend/auth/existing-resources,0.54218137,false,0.540
b0e5a22da3f5f26f8108,content_based,3,/gen1/android/prev/build-a-backend/auth/existing-resources,0.54095334,false,0.540
b11cfee7b98264dc0aa5,content_based,1,/android/build-a-backend/storage/list,0.90693516,false,198.502
b11cfee7b98264dc0aa5,content_based,2,/gen1/flutter/prev/build-a-backend/storage/list,0.77614295,false,198.502
b11cfee7b98264dc0aa5,content_based,3,/gen1/android/prev/build-a-backend/storage,0.74180913,false,198.502
b1373bb9aa4040dd880d,content_based,1,/providers/dome9/dome9/latest/docs/resources/:path*,0.48502830,true,0.476
b1373bb9aa4040dd880d,content_based,2,/providers/dome9/dome9/latest/docs/data-sources/:path*,0.48502830,false,0.476
b1373bb9aa4040dd880d,content_based,3,/providers/ovh/ovh/latest/docs/guides/:path*,0.48502830,false,0.476
b17990f0cfd33b48b9b4,content_based,1,/gen1/<platform>/tools/console,0.46926653,false,0.418
b17990f0cfd33b48b9b4,content_based,2,/gen1/angular/prev/start/project-setup/create-application,0.41981981,false,0.418
b17990f0cfd33b48b9b4,content_based,3,/flutter/start/getting-started/nextsteps,0.38326770,false,0.418
b1b0cb111eb990c20817,content_based,1,/gen1/<platform>/tools/cli/<page>,0.76977265,false,0.459
b1b0cb111eb990c20817,content_based,2,/android/start/getting-started/installation,0.69939935,false,0.459
b1b0cb111eb990c20817,content_based,3,/android/build-a-backend/storage/list,0.54776609,false,0.459
b26e5cdb8aac64ac561f,content_based,1,/docs/extend/writing-custom-providers.html,0.79418290,false,167.698
b26e5cdb8aac64ac561f,content_based,2,/intro,0.60273355,false,167.698
b26e5cdb8aac64ac561f,content_based,3,/providers/turbot/turbot/latest/docs,0.56695479,false,167.698
b29354635a1f7995fe20,content_based,1,/providers/hashicorp/kubernetes/latest/docs/resources/:path*,0.48502830,true,0.513
b29354635a1f7995fe20,content_based,2,/providers/Venafi/venafi/latest/docs/resources/:path*,0.48502830,false,0.513
b29354635a1f7995fe20,content_based,3,/providers/turbot/turbot/latest/docs/resources/:path*,0.48502830,false,0.513
b2d651ecdfea9f562d2a,content_based,1,/android/build-a-backend/auth/sign-out,0.78518391,false,293.660
b2d651ecdfea9f562d2a,content_based,2,/flutter/build-a-backend/auth/sign-out,0.78518391,false,293.660
b2d651ecdfea9f562d2a,content_based,3,/android/build-a-backend/auth/multi-step-sign-in,0.78042178,false,293.660
b388539443e12f4a1b03,content_based,1,/flutter/build-a-backend/storage/get-properties,0.95069903,false,128.316
b388539443e12f4a1b03,content_based,2,/gen1/flutter/prev/build-a-backend/storage/list,0.85976911,false,128.316
b388539443e12f4a1b03,content_based,3,/gen1/android/build-a-backend/storage/query-transfers,0.82835609,false,128.316
b3c0e48759ef6ac3b953,content_based,1,/providers/hashicorp/azurestack/latest/docs/guides/:path*,0.48502830,false,0.432
b3c0e48759ef6ac3b953,content_based,2,/providers/hashicorp/azurestack/latest/docs/resources/:path*,0.48502830,false,0.432
b3c0e48759ef6ac3b953,content_based,3,/providers/hashicorp/azurestack/latest/docs/data-sources/:path*,0.48502830,true,0.432
b4b9504d3e89011ce3df,content_based,1,/gen1/android/prev/build-a-backend/storage/lambda-triggers,0.64859790,false,0.451
b4b9504d3e89011ce3df,content_based,2,/gen1/<platform>/build-a-backend/functions/layers,0.58119792,false,0.451
b4b9504d3e89011ce3df,content_based,3,/android/build-a-backend/storage/lambda-triggers,0.53765106,false,0.451
b5198746f5fc350ee5e3,content_based,1,/gen1/flutter/build-a-backend/troubleshooting/upgrade-amplify-packages,0.84589779,false,0.511
b5198746f5fc350ee5e3,content_based,2,/gen1/javascript/build-a-backend/troubleshooting/upgrade-amplify-packages,0.84589779,false,0.511
b5198746f5fc350ee5e3,content_based,3,/android/build-a-backend/restapi/set-up-rest-api,0.83352518,false,0.511
b51b69fb3c0d763e3aed,content_based,1,/gen1/flutter/build-a-backend/troubleshooting/upgrade-amplify-packages,0.48036647,false,0.408
b51b69fb3c0d763e3aed,content_based,2,/gen1/javascript/build-a-backend/troubleshooting/upgrade-amplify-packages,0.48036647,false,0.408
b51b69fb3c0d763e3aed,content_based,3,/gen1/angular/deploy-and-host/deployment,0.36799869,false,0.408
b51cdab096e7e63f3aa1,content_based,1,/providers/CiscoDevNet/mso/latest/docs/guides/:path*,0.48502830,true,0.404
b51cdab096e7e63f3aa1,content_based,2,/providers/ovh/ovh/latest/docs/guides/:path*,0.48502830,false,0.404
b51cdab096e7e63f3aa1,content_based,3,/providers/fastly/fastly/latest/docs/guides/:path*,0.48502830,false,0.404
b54b87e5e2e1ce283927,content_based,1,/gen1/<platform>/build-a-backend/storage/configure-storage,0.85316002,false,0.505
b54b87e5e2e1ce283927,content_based,2,/flutter/build-a-backend/storage/configure-access,0.80354774,false,0.505
b54b87e5e2e1ce283927,content_based,3,/android/build-a-backend/storage/upload,0.75771737,false,0.505
b5bdddd6f3d37986b6f0,content_based,1,/flutter/build-a-backend/graphqlapi/query-data,0.70873368,false,188.048
b5bdddd6f3d37986b6f0,content_based,2,/gen1/<platform>/build-a-backend/graphqlapi/connect-api-to-existing-database,0.65945023,false,188.048
b5bdddd6f3d37986b6f0,content_based,3,/android/build-a-backend/graphqlapi/relational-models,0.65882254,false,188.048
b5e77bb58c27696732a5,content_based,1,/android/start/getting-started/setup,0.65359163,false,0.585
b5e77bb58c27696732a5,content_based,2,/android/start/getting-started/nextsteps,0.62942062,false,0.585
b5e77bb58c27696732a5,content_based,3,/android/start/getting-started/installation,0.59825969,false,0.585
b5f67a64c8a84d841def,content_based,1,/flutter,0.98717976,false,0.498
b5f67a64c8a84d841def,content_based,2,/flutter/build-a-backend/auth/set-up-auth,0.61676925,false,0.498
b5f67a64c8a84d841def,content_based,3,/gen1/flutter/prev/build-a-backend/auth/set-up-auth,0.56672090,false,0.498
b64e4f4d6478e3011777,content_based,1,/flutter/build-a-backend/auth/manage-mfa,0.83125114,false,0.495
b64e4f4d6478e3011777,content_based,2,/android/sdk/auth/federated-identities,0.64575581,false,0.495
b64e4f4d6478e3011777,content_based,3,/android/sdk/auth/getting-started,0.54544520,false,0.495
b6cb23b87efd204833fd,content_based,1,/providers/linode/linode/latest/docs,0.56474638,false,0.435
b6cb23b87efd204833fd,content_based,2,/providers/ucloud/ucloud/latest/docs,0.56474638,false,0.435
b6cb23b87efd204833fd,content_based,3,/providers/cloudamqp/cloudamqp/latest/docs,0.56474638,false,0.435
b6cf7887fc380e0e480f,content_based,1,/providers/hashicorp/tfe/latest/docs/guides/:path*,0.48502830,true,0.471
b6cf7887fc380e0e480f,content_based,2,/providers/ovh/ovh/latest/docs/guides/:path*,0.48502830,false,0.471
b6cf7887fc380e0e480f,content_based,3,/providers/fastly/fastly/latest/docs/guides/:path*,0.48502830,false,0.471
b6e38a69c46cc0ac5741,content_based,1,/:lang/guides/framework-components,0.58136249,false,0.574
b6e38a69c46cc0ac5741,content_based,2,/:lang/guides/imports,0.57384145,false,0.574
b6e38a69c46cc0ac5741,content_based,3,/:lang/recipes,0.56299818,true,0.574
b6fdc695bbaafb119bdf,content_based,1,/android/start/getting-started/installation,0.61137938,false,0.434
b6fdc695bbaafb119bdf,content_based,2,/android/start/getting-started/nextsteps,0.58624284,false,0.434
b6fdc695bbaafb119bdf,content_based,3,/android/sdk/auth/getting-started,0.55818117,false,0.434
b74a7fd6354c15a7ab62,content_based,1,/android/start/getting-started/installation,0.54123569,false,0.437
b74a7fd6354c15a7ab62,content_based,2,/gen1/<platform>/tools/console,0.46926653,false,0.437
b74a7fd6354c15a7ab62,content_based,3,/gen1/angular/prev/start/project-setup/create-application,0.41981981,false,0.437
b8cf1d3ceb5ea9acbcc8,content_based,1,/providers/ucloud/ucloud/latest/docs,0.56474638,true,0.410
b8cf1d3ceb5ea9acbcc8,content_based,2,/providers/linode/linode/latest/docs,0.56474638,false,0.410
b8cf1d3ceb5ea9acbcc8,content_based,3,/providers/cloudamqp/cloudamqp/latest/docs,0.56474638,false,0.410
b8f5bc05789cf42c7543,content_based,1,/android/build-a-backend/graphqlapi/client-code-generation,0.47750938,false,0.470
b8f5bc05789cf42c7543,content_based,2,/flutter/build-a-backend/graphqlapi/advanced-workflows,0.39987791,false,0.470
b8f5bc05789cf42c7543,content_based,3,/flutter/build-a-backend/graphqlapi/existing-resources,0.37438525,false,0.470
b92cda653459de348636,content_based,1,/gen1/<platform>/tools/console,0.62095952,false,173.005
b92cda653459de348636,content_based,2,/android/build-a-backend/auth/set-up-auth,0.59469163,false,173.005
b92cda653459de348636,content_based,3,/flutter/build-a-backend/auth/set-up-auth,0.59469163,false,173.005
b9de188741dddca7ac23,content_based,1,/android/build-a-backend/auth/sign-in-with-web-ui,0.42332497,false,0.422
b9de188741dddca7ac23,content_based,2,/gen1/<platform>/build-a-backend/functions/layers,0.40601009,false,0.422
b9de188741dddca7ac23,content_based,3,/gen1/flutter/prev/build-a-backend/storage/list,0.36879051,false,0.422
ba5c07649980e01506f9,content_based,1,/providers/hashicorp/time/latest/docs/guides/:path*,0.48502830,false,0.411
ba5c07649980e01506f9,content_based,2,/providers/hashicorp/time/latest/docs/data-sources/:path*,0.48502830,true,0.411
ba5c07649980e01506f9,content_based,3,/providers/ovh/ovh/latest/docs/guides/:path*,0.48502830,false,0.411
ba72133a38068a71d8cb,content_based,1,/android/build-a-backend/push-notifications/register-device,0.99902421,false,161.158
ba72133a38068a71d8cb,content_based,2,/android/build-a-backend/push-notifications/record-notifications,0.89657533,false,161.158
ba72133a38068a71d8cb,content_based,3,/flutter/build-a-backend/push-notifications/receive-device-token,0.88262457,false,161.158
bbc577c9d6bb35993545,content_based,1,/examples/tutorials/mysql2,0.97517276,false,352.942
bbc577c9d6bb35993545,content_based,2,/examples/tutorials/mongoose,0.63714063,false,352.942
bbc577c9d6bb35993545,content_based,3,/examples/tutorials/apollo,0.60350853,false,352.942
bbd67c1db6e071ef0dfd,content_based,1,/android/build-a-backend/storage/upload,0.40185213,false,0.437
bbd67c1db6e071ef0dfd,content_based,2,/flutter/build-a-backend/more-features/datastore/set-up-datastore,0.37958294,false,0.437
bbd67c1db6e071ef0dfd,content_based,3,/gen1/android/prev/build-a-backend/more-features/datastore/additional-methods,0.34463549,false,0.437
bbd863c82a545f9d0335,content_based,1,/deploy/kv,0.72445107,false,1601.687
bbd863c82a545f9d0335,content_based,2,/deploy/kv/node,0.68932116,false,1601.687
bbd863c82a545f9d0335,content_based,3,/examples/tutorials/deno_deploy,0.61973029,false,1601.687
bbf0c1f1e096bdf5efce,content_based,1,/gen1/<platform>/build-a-backend/functions/layers,0.58119792,false,0.487
bbf0c1f1e096bdf5efce,content_based,2,/android/build-a-backend/storage/lambda-triggers,0.53765106,false,0.487
bbf0c1f1e096bdf5efce,content_based,3,/gen1/javascript/prev/build-a-backend/auth/switch-auth,0.48574251,false,0.487
bbf9781366127ca35754,content_based,1,/android/build-a-backend/auth/set-up-auth,0.54379535,false,0.462
bbf9781366127ca35754,content_based,2,/flutter/build-a-backend/auth/set-up-auth,0.54379535,false,0.462
bbf9781366127ca35754,content_based,3,/android/sdk/auth/federated-identities,0.38250597,false,0.462
bc0dbe6f804c22c1a0e6,content_based,1,/providers/AviatrixSystems/aviatrix/latest/docs/guides/:path*,0.48502830,false,0.434
bc0dbe6f804c22c1a0e6,content_based,2,/providers/AviatrixSystems/aviatrix/latest/docs/resources/:path*,0.48502830,false,0.434
bc0dbe6f804c22c1a0e6,content_based,3,/providers/AviatrixSystems/aviatrix/latest/docs/data-sources/:path*,0.48502830,true,0.434
bc1d25a18820032dc940,content_based,1,/gen1/<platform>/tools/cli/<page>,0.50009513,false,0.517
bc1d25a18820032dc940,content_based,2,/gen1/<platform>/tools/console,0.46926653,false,0.517
bc1d25a18820032dc940,content_based,3,/gen1/<platform>/tools/libraries,0.45442605,false,0.517
bc3052d2ed225919643f,content_based,1,/gen1/android/prev/build-a-backend/storage/lambda-triggers,0.62572372,false,0.397
bc3052d2ed225919643f,content_based,2,/android/build-a-backend/auth/set-up-auth,0.61227345,false,0.397
bc3052d2ed225919643f,content_based,3,/android/build-a-backend/storage/upload,0.55326056,false,0.397
bc5651a950a062054705,content_based,1,/android/build-a-backend/storage/lambda-triggers,0.54795486,false,0.476
bc5651a950a062054705,content_based,2,/gen1/<platform>/build-a-backend/functions/layers,0.50413752,false,0.476
bc5651a950a062054705,content_based,3,/angular/build-a-backend/functions,0.49782377,true,0.476
bcd9bc23d43a163040d1,content_based,1,/providers/joyent/triton/latest/docs/guides/:path*,0.56474638,true,0.411
bcd9bc23d43a163040d1,content_based,2,/providers/ovh/ovh/latest/docs/guides/:path*,0.56474638,false,0.411
bcd9bc23d43a163040d1,content_based,3,/providers/turbot/turbot/latest/docs/guides/:path*,0.56474638,false,0.411
bd00e5f73aeb2139bc53,content_based,1,/flutter/build-a-backend/auth/manage-mfa,0.83125114,false,0.426
bd00e5f73aeb2139bc53,content_based,2,/gen1/javascript/prev/build-a-backend/auth/manage-mfa,0.82687467,false,0.426
bd00e5f73aeb2139bc53,content_based,3,/android/sdk/auth/working-with-api,0.74351022,false,0.426
bd05640b9d2a856c196c,content_based,1,/providers/linode/linode/latest/docs,0.56474638,false,0.423
bd05640b9d2a856c196c,content_based,2,/providers/ucloud/ucloud/latest/docs,0.56474638,false,0.423
bd05640b9d2a856c196c,content_based,3,/providers/gridscale/gridscale/latest/docs,0.56474638,false,0.423
bdae834a9db821c5b0d3,content_based,1,/gen1/android/prev/build-a-backend/graphqlapi/set-up-graphql-api,0.39923630,false,0.444
bdae834a9db821c5b0d3,content_based,2,/gen1/<platform>/build-a-backend/graphqlapi/connect-api-to-existing-database,0.38159239,false,0.444
bdae834a9db821c5b0d3,content_based,3,/android/build-a-backend/graphqlapi/api-graphql-concepts,0.36485484,false,0.444
bddcf890b4f942dc5a75,content_based,1,/flutter/build-a-backend/more-features/analytics/identify-user,0.34185573,false,0.408
bddcf890b4f942dc5a75,content_based,2,/android/build-a-backend/more-features/analytics/identify-user,0.34185573,false,0.408
bddcf890b4f942dc5a75,content_based,3,/gen1/flutter/prev/build-a-backend/more-features/analytics/auto-track-sessions,0.33015981,false,0.408
be4bc8acd19fef064daa,content_based,1,/enterprise/api-docs/admin/runs,0.86634821,true,210.686
be4bc8acd19fef064daa,content_based,2,/cloud-docs/run/remote-operations,0.65027106,false,210.686
be4bc8acd19fef064daa,content_based,3,/enterprise/api-docs/admin/users,0.61962306,false,210.686
be7b8093d07d79886337,content_based,1,/:lang/guides/deploy/aws-via-sst,0.98160815,true,0.494
be7b8093d07d79886337,content_based,2,/en/guides/deploy/aws-via-sst,0.98160815,false,0.494
be7b8093d07d79886337,content_based,3,/:lang/guides/deploy/aws-via-flightcontrol,0.82181287,false,0.494
bf82f76a7cf7358a37bd,content_based,1,/android/start/getting-started/installation,0.68834782,false,0.500
bf82f76a7cf7358a37bd,content_based,2,/android/start/getting-started/setup,0.67138296,false,0.500
bf82f76a7cf7358a37bd,content_based,3,/flutter/start/getting-started/nextsteps,0.65091342,false,0.500
bfb17ee5339e4ad268d1,content_based,1,/android/sdk/api/graphql,0.52156568,false,0.446
bfb17ee5339e4ad268d1,content_based,2,/gen1/<platform>/build-a-backend/graphqlapi/connect-api-to-existing-database,0.48047701,false,0.446
bfb17ee5339e4ad268d1,content_based,3,/flutter/build-a-backend/graphqlapi/subscribe-data,0.47550648,false,0.446
bffe4c2236928ac4167a,content_based,1,/gen1/<platform>/tools/console,0.99861509,true,0.448
bffe4c2236928ac4167a,content_based,2,/gen1/<platform>/tools/cli/<page>,0.81918204,false,0.448
bffe4c2236928ac4167a,content_based,3,/gen1/<platform>/tools/libraries,0.70774806,false,0.448
c06e136e11dbf983fd42,content_based,1,/android/sdk,0.97143591,false,0.547
c06e136e11dbf983fd42,content_based,2,/android/build-a-backend/auth/sdk,0.94832408,false,0.547
c06e136e11dbf983fd42,content_based,3,/gen1/<platform>/sdk/analytics/<page>,0.82258999,false,0.547
c14041a1025be61d2128,content_based,1,/android/build-a-backend/storage/lambda-triggers,0.56541973,false,144.705
c14041a1025be61d2128,content_based,2,/gen1/<platform>/build-a-backend/functions/layers,0.55969042,false,144.705
c14041a1025be61d2128,content_based,3,/angular/build-a-backend/functions,0.46238786,true,144.705
c1654d6002089842727d,content_based,1,/gen1/<platform>/tools/cli/<page>,0.50009513,false,0.477
c1654d6002089842727d,content_based,2,/gen1/<platform>/tools/console,0.46926653,false,0.477
c1654d6002089842727d,content_based,3,/gen1/<platform>/tools/libraries,0.45442605,false,0.477
c1719a0f061b3edff4c3,content_based,1,/gen1/android/prev/build-a-backend/more-features/predictions/identify-text,0.42598084,false,175.163
c1719a0f061b3edff4c3,content_based,2,/angular/build-a-backend/more-features/predictions/identify-text,0.41261214,false,175.163
c1719a0f061b3edff4c3,content_based,3,/android/build-a-backend/more-features/predictions/identify-text,0.41261214,false,175.163
c18ca8b31ef854c15187,content_based,1,/gen1/<platform>/tools/console,0.60614860,false,126.632
c18ca8b31ef854c15187,content_based,2,/gen1/<platform>/build-a-backend/storage/configure-storage,0.54547799,false,126.632
c18ca8b31ef854c15187,content_based,3,/gen1/javascript/prev/build-a-backend/graphqlapi/customize-authz-modes,0.54411415,false,126.632
c26678138f68a4af014a,content_based,1,/flutter,0.98717976,false,0.430
c26678138f68a4af014a,content_based,2,/gen1/flutter/prev/build-a-backend/graphqlapi/mutate-data,0.56365103,false,0.430
c26678138f68a4af014a,content_based,3,/flutter/build-a-backend/more-features/datastore/set-up-datastore,0.52507114,false,0.430
c2a82dd0d910e903511e,content_based,1,/flutter/build-a-backend/auth/set-up-auth,0.54379535,false,0.418
c2a82dd0d910e903511e,content_based,2,/android/build-a-backend/auth/set-up-auth,0.54379535,false,0.418
c2a82dd0d910e903511e,content_based,3,/android/sdk/auth/federated-identities,0.38250597,false,0.418
c2d89a12bdbc237fb894,content_based,1,/android/start/getting-started/setup,0.75763655,false,0.468
c2d89a12bdbc237fb894,content_based,2,/android/start/getting-started/integrate,0.57663071,false,0.468
c2d89a12bdbc237fb894,content_based,3,/gen1/android/prev/build-a-backend/storage/existing-resources,0.52128017,false,0.468
c352c4e95afa12fe18f0,content_based,1,/android/start/getting-started/setup,0.66276616,false,0.427
c352c4e95afa12fe18f0,content_based,2,/android/start/getting-started/installation,0.55099845,false,0.427
c352c4e95afa12fe18f0,content_based,3,/android/start/getting-started/nextsteps,0.51288503,false,0.427
c3c04819e3b3e5782dc2,content_based,1,/language/v1.1.x/configuration-0-11,0.52573514,true,266.399
c3c04819e3b3e5782dc2,content_based,2,/language/modules,0.49102759,false,266.399
c3c04819e3b3e5782dc2,content_based,3,/language/upgrade-guides/0-15,0.47980130,false,266.399
c3f3aea1dd6f0329a9f5,content_based,1,/android/sdk/auth/federated-identities,0.76572326,false,210.871
c3f3aea1dd6f0329a9f5,content_based,2,/android/build-a-backend/auth/add-social-provider,0.73521320,false,210.871
c3f3aea1dd6f0329a9f5,content_based,3,/flutter/build-a-backend/auth/auth-events,0.63884252,false,210.871
c4ed333842fff8fddb4b,content_based,1,/android/start/getting-started/installation,0.73484838,false,175.965
c4ed333842fff8fddb4b,content_based,2,/flutter/start/getting-started/nextsteps,0.72094953,false,175.965
c4ed333842fff8fddb4b,content_based,3,/android/sdk/auth/getting-started,0.65293741,false,175.965
c5051e5e87895cda0982,content_based,1,/android/build-a-backend/restapi/existing-resources,0.69622654,false,225.728
c5051e5e87895cda0982,content_based,2,/flutter/build-a-backend/graphqlapi/existing-resources,0.43447752,false,225.728
c5051e5e87895cda0982,content_based,3,/gen1/flutter/prev/build-a-backend/graphqlapi/existing-resources,0.42988113,false,225.728
c51fe69c0ec147568215,content_based,1,/android/build-a-backend/push-notifications/set-up-push-notifications,0.39018729,false,0.395
c51fe69c0ec147568215,content_based,2,/flutter/build-a-backend/push-notifications/enable-rich-notifications,0.30213496,false,0.395
c51fe69c0ec147568215,content_based,3,/android/build-a-backend/push-notifications/record-notifications,0.30057806,true,0.395
c524f68b069bbba0c38c,content_based,1,/flux/components/source,0.92171776,true,0.396
c524f68b069bbba0c38c,content_based,2,/en/flux/components/source/_index,0.92171776,false,0.396
c524f68b069bbba0c38c,content_based,3,/flux/components/kustomize,0.70089841,false,0.396
c53998298709cb22a625,content_based,1,/android/build-a-backend/restapi/set-up-rest-api,0.76806128,false,0.411
c53998298709cb22a625,content_based,2,/android/build-a-backend/restapi,0.75587833,false,0.411
c53998298709cb22a625,content_based,3,/android/build-a-backend/auth/sdk,0.68866146,false,0.411
c563e41b08aca62984ab,content_based,1,/docs/extend/writing-custom-providers.html,0.59183007,false,0.437
c563e41b08aca62984ab,content_based,2,/providers/rancher/rancher2/latest/docs,0.56474638,true,0.437
c563e41b08aca62984ab,content_based,3,/providers/linode/linode/latest/docs,0.56474638,false,0.437
c60c15cea30bcd60a210,content_based,1,/providers/hashicorp/opc/latest/docs/data-sources/:path*,0.48502830,true,0.412
c60c15cea30bcd60a210,content_based,2,/providers/ovh/ovh/latest/docs/guides/:path*,0.48502830,false,0.412
c60c15cea30bcd60a210,content_based,3,/providers/fastly/fastly/latest/docs/guides/:path*,0.48502830,false,0.412
c66f2cfc37a038b3c8f1,content_based,1,/android/start/getting-started/integrate,0.72949171,false,282.558
c66f2cfc37a038b3c8f1,content_based,2,/android/start/getting-started/generate-model,0.72015053,false,282.558
c66f2cfc37a038b3c8f1,content_based,3,/android/start/getting-started/setup,0.67264557,false,282.558
c73c396fefe2fb6a73ab,content_based,1,/gen1/javascript/build-ui/uibuilder,0.74375808,false,178.016
c73c396fefe2fb6a73ab,content_based,2,/gen1/<platform>/build-a-backend/functions/layers,0.53022975,false,178.016
c73c396fefe2fb6a73ab,content_based,3,/gen1/<platform>/build-a-backend/utilities,0.49683070,false,178.016
c78a5d353fa7935ed4ac,content_based,1,/android/build-a-backend/more-features/analytics/identify-user,0.46005547,false,0.419
c78a5d353fa7935ed4ac,content_based,2,/flutter/build-a-backend/more-features/analytics/identify-user,0.46005547,false,0.419
c78a5d353fa7935ed4ac,content_based,3,/flutter/build-a-backend/push-notifications/identify-user,0.35865721,false,0.419
c7948e913a9277dfe482,content_based,1,/flutter/build-a-backend/graphqlapi/query-data,0.54211181,false,0.486
c7948e913a9277dfe482,content_based,2,/gen1/android/prev/build-a-backend/graphqlapi/query-data,0.54057103,false,0.486
c7948e913a9277dfe482,content_based,3,/gen1/flutter/prev/build-a-backend/graphqlapi/query-data,0.54057103,false,0.486
c7cd32ebd8df66955c36,content_based,1,/providers/ns1-terraform/ns1/latest/docs/resources/:path*,0.48502830,true,0.411
c7cd32ebd8df66955c36,content_based,2,/providers/ns1-terraform/ns1/latest/docs,0.48502830,false,0.411
c7cd32ebd8df66955c36,content_based,3,/providers/ovh/ovh/latest/docs/guides/:path*,0.48502830,false,0.411
c7eef4db939ab7b257b2,content_based,1,/android/start/getting-started/setup,0.66276616,false,0.416
c7eef4db939ab7b257b2,content_based,2,/android/start/getting-started/installation,0.55099845,false,0.416
c7eef4db939ab7b257b2,content_based,3,/android/start/getting-started/nextsteps,0.51288503,false,0.416
c881de4b102fa8f52235,content_based,1,/android/sdk/auth/getting-started,0.43453911,false,0.424
c881de4b102fa8f52235,content_based,2,/android/sdk/api/graphql,0.41514274,false,0.424
c881de4b102fa8f52235,content_based,3,/android/sdk/auth/federated-identities,0.36613871,false,0.424
c93d32e33c9c52506732,content_based,1,/gen1/flutter/prev/build-a-backend/graphqlapi/existing-resources,0.97583508,true,117.398
c93d32e33c9c52506732,content_based,2,/gen1/android/prev/build-a-backend/storage/existing-resources,0.97506690,false,117.398
c93d32e33c9c52506732,content_based,3,/gen1/android/prev/build-a-backend/auth/existing-resources,0.97251797,false,117.398
c9a875ae7bf67fd85704,content_based,1,/flutter/build-a-backend/auth/set-up-auth,0.54379535,false,0.441
c9a875ae7bf67fd85704,content_based,2,/gen1/flutter/prev/build-a-backend/auth/add-social-provider,0.43020361,false,0.441
c9a875ae7bf67fd85704,content_based,3,/gen1/javascript/prev/build-a-backend/auth/add-social-provider,0.43020361,false,0.441
c9b74ecf8ed778b4ddc1,content_based,1,/providers/alexkappa/auth0/latest/docs/guides/:path*,0.48502830,true,0.494
c9b74ecf8ed778b4ddc1,content_based,2,/providers/ovh/ovh/latest/docs/guides/:path*,0.48502830,false,0.494
c9b74ecf8ed778b4ddc1,content_based,3,/providers/fastly/fastly/latest/docs/guides/:path*,0.48502830,false,0.494
ca81eee904147abe8a97,content_based,1,/android/build-a-backend/push-notifications/record-notifications,0.99879855,false,0.435
ca81eee904147abe8a97,content_based,2,/android/build-a-backend/push-notifications/register-device,0.89697349,false,0.435
ca81eee904147abe8a97,content_based,3,/android/build-a-backend/push-notifications/test-notifications,0.86745340,false,0.435
caadcb1c941147bade18,content_based,1,/:lang/guides/routing,0.73876435,true,0.461
caadcb1c941147bade18,content_based,2,/de/concepts/islands,0.60800874,false,0.461
caadcb1c941147bade18,content_based,3,/:lang/basics/layouts,0.49842352,false,0.461
caeee2f8acef56ee222f,content_based,1,/flutter,0.98717976,false,0.445
caeee2f8acef56ee222f,content_based,2,/flutter/build-a-backend/auth/set-up-auth,0.61676925,false,0.445
caeee2f8acef56ee222f,content_based,3,/flutter/build-a-backend/auth/auth-events,0.54370016,false,0.445
cb2a8b8eb9b6cf8d524c,content_based,1,/android/start/getting-started/installation,0.55099845,false,0.486
cb2a8b8eb9b6cf8d524c,content_based,2,/android/build-a-backend/graphqlapi/client-code-generation,0.47587922,false,0.486
cb2a8b8eb9b6cf8d524c,content_based,3,/android/build-a-backend/storage/upload,0.40185213,false,0.486
cbc338037dc534ba2478,content_based,1,/flutter/build-a-backend/more-features/datastore/sync-to-cloud,0.39072913,false,0.416
cbc338037dc534ba2478,content_based,2,/flutter/build-a-backend/more-features/datastore/set-up-datastore,0.37696648,false,0.416
cbc338037dc534ba2478,content_based,3,/flutter/build-a-backend/more-features/datastore/manipulate-data,0.34918231,false,0.416
cbfbf59e69b601627ff9,content_based,1,/android/build-a-backend/restapi/existing-resources,0.65050018,false,0.421
cbfbf59e69b601627ff9,content_based,2,/android/sdk/auth/getting-started,0.56710100,false,0.421
cbfbf59e69b601627ff9,content_based,3,/gen1/<platform>/build-a-backend/auth/existing-resources,0.54218137,false,0.421
cc3aa0c5118784e72f14,content_based,1,/flutter,0.98717976,false,0.415
cc3aa0c5118784e72f14,content_based,2,/flutter/build-a-backend/more-features/datastore/set-up-datastore,0.52507114,false,0.415
cc3aa0c5118784e72f14,content_based,3,/flutter/build-a-backend/more-features/datastore/datastore-events,0.49712613,false,0.415
cc8cdb48f3e182027545,content_based,1,/android/build-a-backend/restapi/gen-ai,0.45289338,false,0.499
cc8cdb48f3e182027545,content_based,2,/android/build-a-backend/restapi/existing-resources,0.40727228,false,0.499
cc8cdb48f3e182027545,content_based,3,/gen1/flutter/prev/build-a-backend/restapi/customize-authz,0.38789648,false,0.499
cccb8d584e9a1988eba4,content_based,1,/angular/build-a-backend/more-features/datastore/conflict-resolution,0.99713135,false,134.397
cccb8d584e9a1988eba4,content_based,2,/android/build-a-backend/more-features/datastore/conflict-resolution,0.99713135,false,134.397
cccb8d584e9a1988eba4,content_based,3,/flutter/build-a-backend/more-features/datastore/manipulate-data,0.87981915,false,134.397
ccd4a6d79b71224f63c2,content_based,1,/gen1/android/prev/build-a-backend/storage/sdk,0.66673295,false,152.015
ccd4a6d79b71224f63c2,content_based,2,/gen1/flutter/prev/build-a-backend/storage/set-up-storage,0.53907686,false,152.015
ccd4a6d79b71224f63c2,content_based,3,/gen1/flutter/prev/build-a-backend/storage/remove,0.51478446,false,152.015
ccf18d3c57d2eadd5639,content_based,1,/:lang/recipes/sharing-state-islands,0.77707088,true,0.477
ccf18d3c57d2eadd5639,content_based,2,/:lang/reference/publish-to-npm,0.62015736,false,0.477
ccf18d3c57d2eadd5639,content_based,3,/:lang/recipes,0.60146725,false,0.477
cd7ef10e8273fbacbcdb,content_based,1,/:lang/guides/framework-components,0.71753514,false,0.393
cd7ef10e8273fbacbcdb,content_based,2,/:lang/reference/astro-syntax,0.70021415,false,0.393
cd7ef10e8273fbacbcdb,content_based,3,/:lang/guides/imports,0.69384038,false,0.393
cde6d017556e6c88e18f,content_based,1,/gen1/<platform>/build-a-backend/more-features/<page>,0.97771311,true,0.451
cde6d017556e6c88e18f,content_based,2,/gen1/<platform>/build-a-backend/more-features,0.97771311,false,0.451
cde6d017556e6c88e18f,content_based,3,/gen1/<platform>/build-a-backend/graphqlapi/<page>,0.93094724,false,0.451
ce1b763407b877941de0,content_based,1,/gen1/flutter/prev/build-a-backend/more-features/datastore/real-time,0.93999326,false,0.400
ce1b763407b877941de0,content_based,2,/gen1/javascript/prev/build-a-backend/more-features/datastore/real-time,0.93999326,false,0.400
ce1b763407b877941de0,content_based,3,/gen1/android/prev/build-a-backend/more-features/datastore/additional-methods,0.93715143,false,0.400
ce8731bc92626cc0f2f6,content_based,1,/:lang/reference/astro-syntax,0.89663941,false,0.522
ce8731bc92626cc0f2f6,content_based,2,/:lang/basics/astro-syntax,0.89663941,true,0.522
ce8731bc92626cc0f2f6,content_based,3,/en/concepts/why-astro,0.75009263,false,0.522
cea1856d74f0067fe243,content_based,1,/android/build-a-backend/restapi/existing-resources,0.65050018,false,0.436
cea1856d74f0067fe243,content_based,2,/android/build-a-backend/restapi/gen-ai,0.60715783,false,0.436
cea1856d74f0067fe243,content_based,3,/android/sdk/api/graphql,0.57012022,false,0.436
cee0a9c74d60bc66cfbc,content_based,1,/cloud-docs/run/remote-operations,0.74371636,false,182.085
cee0a9c74d60bc66cfbc,content_based,2,/cloud-docs/users-teams-organizations/users,0.63185400,false,182.085
cee0a9c74d60bc66cfbc,content_based,3,/cloud-docs/workspaces/health,0.62970924,true,182.085
cefafbb7c6764b4aa70b,content_based,1,/providers/cloudflare/cloudflare/latest/docs/guides/:path*,0.48502830,false,0.440
cefafbb7c6764b4aa70b,content_based,2,/providers/cloudflare/cloudflare/latest/docs/resources/:path*,0.48502830,false,0.440
cefafbb7c6764b4aa70b,content_based,3,/providers/cloudflare/cloudflare/latest/docs/data-sources/:path*,0.48502830,true,0.440
cf661b41515be95454c9,content_based,1,/flutter/build-a-backend/auth/set-up-auth,0.77351248,false,185.765
cf661b41515be95454c9,content_based,2,/android/build-a-backend/auth/set-up-auth,0.77351248,false,185.765
cf661b41515be95454c9,content_based,3,/flutter/build-a-backend/auth/auth-events,0.66146219,false,185.765
cfbbdae0f2f7a48286a4,content_based,1,/android/start/getting-started/installation,0.77062654,false,143.708
cfbbdae0f2f7a48286a4,content_based,2,/android/start/getting-started/nextsteps,0.64695923,false,143.708
cfbbdae0f2f7a48286a4,content_based,3,/flutter/start/getting-started/nextsteps,0.63996977,false,143.708
cfbc9bd0bb9c444b61bf,content_based,1,/providers/vmware/vcd/latest/docs/guides/:path*,0.48502830,true,0.441
cfbc9bd0bb9c444b61bf,content_based,2,/providers/ovh/ovh/latest/docs/guides/:path*,0.48502830,false,0.441
cfbc9bd0bb9c444b61bf,content_based,3,/providers/fastly/fastly/latest/docs/guides/:path*,0.48502830,false,0.441
cfd0fb3747d186f8097b,content_based,1,/android/sdk/auth/federated-identities,0.59492217,false,0.416
cfd0fb3747d186f8097b,content_based,2,/gen1/android/prev/build-a-backend/auth/sign-out,0.57244449,false,0.416
cfd0fb3747d186f8097b,content_based,3,/gen1/flutter/prev/build-a-backend/auth/sign-out,0.57244449,false,0.416
d0443243c489a2bd5637,content_based,1,/docs/extend/writing-custom-providers.html,0.59183007,false,0.411
d0443243c489a2bd5637,content_based,2,/providers/linode/linode/latest/docs,0.56474638,false,0.411
d0443243c489a2bd5637,content_based,3,/providers/heroku/heroku/latest/docs,0.56474638,false,0.411
d06115ac0c75837d1749,content_based,1,/flutter,0.98717976,false,0.427
d06115ac0c75837d1749,content_based,2,/flutter/build-a-backend/auth/set-up-auth,0.61676925,false,0.427
d06115ac0c75837d1749,content_based,3,/gen1/flutter/prev/build-a-backend/auth/set-up-auth,0.56672090,false,0.427
d07f42090aed295a4cc7,content_based,1,/gen1/android/prev/build-a-backend/more-features/analytics/existing-resources,0.82366457,false,0.498
d07f42090aed295a4cc7,content_based,2,/gen1/flutter/prev/build-a-backend/more-features/analytics/auto-track-sessions,0.80001947,false,0.498
d07f42090aed295a4cc7,content_based,3,/gen1/android/prev/build-a-backend/more-features/analytics/auto-track-sessions,0.80001947,false,0.498
d0915a540e635839ec34,content_based,1,/gen1/<platform>/tools/cli/<page>,0.74078566,false,0.498
d0915a540e635839ec34,content_based,2,/gen1/<platform>/build-a-backend/functions/layers,0.73425281,false,0.498
d0915a540e635839ec34,content_based,3,/android/build-a-backend/restapi/gen-ai,0.62628645,false,0.498
d0d9adb8134ce204c633,content_based,1,/gen1/<platform>/build-a-backend/graphqlapi/<page>,0.97199500,true,0.397
d0d9adb8134ce204c633,content_based,2,/flutter/build-a-backend/graphqlapi,0.97199500,false,0.397
d0d9adb8134ce204c633,content_based,3,/gen1/<platform>/build-a-backend/restapi,0.94373751,false,0.397
d188c210500ca8129824,content_based,1,/language/upgrade-guides/0-13,0.65826446,false,0.477
d188c210500ca8129824,content_based,2,/language/upgrade-guides/0-15,0.65231484,false,0.477
d188c210500ca8129824,content_based,3,/language/v1.1.x/upgrade-guides/0-11,0.64905953,false,0.477
d1b8b8c8016e1752ea1a,content_based,1,/android/start/getting-started/installation,0.54123569,false,0.370
d1b8b8c8016e1752ea1a,content_based,2,/angular/start/getting-started/hosting,0.51522458,false,0.370
d1b8b8c8016e1752ea1a,content_based,3,/android/start/getting-started/setup,0.51467669,false,0.370
d1d0b6289f74c4672c8f,content_based,1,/flutter/build-a-backend/auth/set-up-auth,0.54379535,false,0.414
d1d0b6289f74c4672c8f,content_based,2,/android/build-a-backend/auth/set-up-auth,0.54379535,false,0.414
d1d0b6289f74c4672c8f,content_based,3,/flutter/build-a-backend/auth/manage-mfa,0.39408994,false,0.414
d1e4955f1ff867314aa1,content_based,1,/gen1/android/prev/build-a-backend/more-features/analytics/existing-resources,0.52205002,false,0.441
d1e4955f1ff867314aa1,content_based,2,/flutter/build-a-backend/more-features/analytics/identify-user,0.41461110,false,0.441
d1e4955f1ff867314aa1,content_based,3,/android/build-a-backend/more-features/analytics/identify-user,0.41461110,false,0.441
d2199dcc480a83f0b46a,content_based,1,/providers/ionos-cloud/profitbricks/latest/docs/guides/:path*,0.48502830,true,0.424
d2199dcc480a83f0b46a,content_based,2,/providers/ovh/ovh/latest/docs/guides/:path*,0.48502830,false,0.424
d2199dcc480a83f0b46a,content_based,3,/providers/turbot/turbot/latest/docs/guides/:path*,0.48502830,false,0.424
d21d9b701e7f19676318,content_based,1,/providers/hashicorp/consul/latest/docs/guides/:path*,0.48502830,false,0.416
d21d9b701e7f19676318,content_based,2,/providers/hashicorp/consul/latest/docs/data-sources/:path*,0.48502830,true,0.416
d21d9b701e7f19676318,content_based,3,/providers/hashicorp/consul/latest/docs,0.48502830,false,0.416
d226e79590a4579fc5ff,content_based,1,/android/build-a-backend/restapi/gen-ai,0.45289338,false,0.410
d226e79590a4579fc5ff,content_based,2,/android/build-a-backend/restapi/existing-resources,0.40727228,false,0.410
d226e79590a4579fc5ff,content_based,3,/gen1/flutter/prev/build-a-backend/restapi/set-up-rest-api,0.36489460,false,0.410
d2aa4bea3473b3cc656d,content_based,1,/gen1/<platform>/tools/console,0.61893594,false,199.736
d2aa4bea3473b3cc656d,content_based,2,/gen1/<platform>/build-a-backend/auth/auth-events,0.53754115,false,199.736
d2aa4bea3473b3cc656d,content_based,3,/gen1/<platform>/build-a-backend/utilities,0.52117276,false,199.736
d2d129801b6367623527,content_based,1,/android/build-a-backend/more-features/geo/set-up-geo,0.56759733,false,206.392
d2d129801b6367623527,content_based,2,/gen1/<platform>/tools/cli/<page>,0.55510885,false,206.392
d2d129801b6367623527,content_based,3,/android/build-a-backend/more-features/geo/amazon-location-sdk,0.49796432,false,206.392
d2ecb729cf3c82312532,content_based,1,/gen1/<platform>/tools/cli/<page>,0.63416636,false,297.347
d2ecb729cf3c82312532,content_based,2,/android/build-a-backend/restapi/existing-resources,0.57744318,false,297.347
d2ecb729cf3c82312532,content_based,3,/gen1/<platform>/tools/console,0.54525065,false,297.347
d3069513903a3a296085,content_based,1,/angular/start/getting-started/hosting,0.72000229,false,0.401
d3069513903a3a296085,content_based,2,/angular/build-a-backend/auth,0.49578357,false,0.401
d3069513903a3a296085,content_based,3,/flutter,0.47729048,false,0.401
d341db7eec1c28b8f1c2,content_based,1,/gen1/javascript/prev/build-a-backend/more-features/geo/location-search,0.61693835,false,229.188
d341db7eec1c28b8f1c2,content_based,2,/android/build-a-backend/more-features/geo/set-up-geo,0.55547214,false,229.188
d341db7eec1c28b8f1c2,content_based,3,/gen1/<platform>/tools/cli/<page>,0.51477522,false,229.188
d37c167f2c430c2034d9,content_based,1,/gen1/<platform>/build-a-backend/auth/existing-resources,0.98263550,true,0.388
d37c167f2c430c2034d9,content_based,2,/gen1/android/prev/build-a-backend/auth/existing-resources,0.97560084,false,0.388
d37c167f2c430c2034d9,content_based,3,/flutter/build-a-backend/graphqlapi/existing-resources,0.95933766,false,0.388
d3c2f14ed27508417f6d,content_based,1,/gen1/android/prev/build-a-backend/storage/existing-resources,0.41667417,false,0.405
d3c2f14ed27508417f6d,content_based,2,/gen1/android/prev/build-a-backend/storage/sdk,0.40456827,false,0.405
d3c2f14ed27508417f6d,content_based,3,/android/build-a-backend/storage/upload,0.40185213,false,0.405
d3ef8697b6d3ccafff29,content_based,1,/gen1/<platform>/tools/cli/<page>,0.72349739,false,143.455
d3ef8697b6d3ccafff29,content_based,2,/angular/build-a-backend/troubleshooting/cdktoolkit-stack,0.69578266,false,143.455
d3ef8697b6d3ccafff29,content_based,3,/flutter/build-a-backend/troubleshooting/cdktoolkit-stack,0.69578266,false,143.455
d3fa82e22d744c4b6487,content_based,1,/flux/monitoring/metrics,0.85146964,true,0.402
d3fa82e22d744c4b6487,content_based,2,/en/flux/monitoring/logs,0.78740001,false,0.402
d3fa82e22d744c4b6487,content_based,3,/flux/monitoring/alerts,0.66385472,false,0.402
d4603a3e60d50dca1f5f,content_based,1,/flutter/build-a-backend/more-features/datastore/set-up-datastore,0.39299276,false,0.463
d4603a3e60d50dca1f5f,content_based,2,/gen1/javascript/prev/build-a-backend/more-features/datastore/additional-methods,0.32763359,false,0.463
d4603a3e60d50dca1f5f,content_based,3,/gen1/android/prev/build-a-backend/more-features/datastore/additional-methods,0.32763359,false,0.463
d48972aa2f702607ca88,content_based,1,/android/build-a-backend/auth/set-up-auth,0.56729853,false,233.230
d48972aa2f702607ca88,content_based,2,/flutter/build-a-backend/auth/set-up-auth,0.56729853,false,233.230
d48972aa2f702607ca88,content_based,3,/<platform>/build-a-backend/auth/connect-your-frontend/sign-up,0.49146193,false,233.230
d57fd5228b65e9112633,content_based,1,/gen1/<platform>/build-a-backend/storage/import,0.99532700,false,153.122
d57fd5228b65e9112633,content_based,2,/gen1/<platform>/tools/cli/<page>,0.74441361,false,153.122
d57fd5228b65e9112633,content_based,3,/android/build-a-backend/restapi/existing-resources,0.70468020,false,153.122
d580302b005cdd7c10e7,content_based,1,/flutter/build-a-backend/auth/set-up-auth,0.41544336,false,129.955
d580302b005cdd7c10e7,content_based,2,/android/build-a-backend/auth/set-up-auth,0.41544336,false,129.955
d580302b005cdd7c10e7,content_based,3,/gen1/flutter/prev/start/project-setup,0.40385965,false,129.955
d5b2fd9caeaab9161bc8,content_based,1,/gen1/<platform>/build-a-backend/more-features,0.97771311,false,0.415
d5b2fd9caeaab9161bc8,content_based,2,/gen1/<platform>/build-a-backend/more-features/<page>,0.97771311,false,0.415
d5b2fd9caeaab9161bc8,content_based,3,/android/build-a-backend/more-features/datastore,0.91578948,false,0.415
d5e70f4a13003de38550,content_based,1,/examples/tutorials/react,0.79982328,false,1234.989
d5e70f4a13003de38550,content_based,2,/examples/tutorials/deno_deploy,0.79708934,false,1234.989
d5e70f4a13003de38550,content_based,3,/examples/tutorials/vue,0.75362778,false,1234.989
d6159b8c2a34f9f5f70c,content_based,1,/gen1/android/prev/build-a-backend/more-features/predictions/interpret-sentiment,0.79787326,false,0.440
d6159b8c2a34f9f5f70c,content_based,2,/gen1/android/prev/build-a-backend/more-features/predictions/identify-text,0.76599383,false,0.440
d6159b8c2a34f9f5f70c,content_based,3,/gen1/<platform>/sdk/analytics/<page>,0.70240980,false,0.440
d68dbdee60b6fbaee602,content_based,1,/flux/installation/configuration,0.69804817,false,0.451
d68dbdee60b6fbaee602,content_based,2,/flux/installation/configuration/openshift,0.68602604,false,0.451
d68dbdee60b6fbaee602,content_based,3,/en/flux/installation/configuration/openshift,0.68602604,false,0.451
d69d724c4476a11872e3,content_based,1,/android/build-a-backend/more-features/datastore,0.76683325,false,150.246
d69d724c4476a11872e3,content_based,2,/android/build-a-backend/auth/app-uninstall,0.74907482,false,150.246
d69d724c4476a11872e3,content_based,3,/gen1/<platform>/build-a-backend/more-features,0.73926711,false,150.246
d74288c9f9349a7f943d,content_based,1,/android/start/getting-started/installation,0.73484838,false,0.390
d74288c9f9349a7f943d,content_based,2,/flutter/start/getting-started/nextsteps,0.72094953,false,0.390
d74288c9f9349a7f943d,content_based,3,/android/sdk/auth/getting-started,0.65293741,false,0.390
d753997a344fcf366308,content_based,1,/docs/extend/writing-custom-providers.html,0.59183007,false,0.409
d753997a344fcf366308,content_based,2,/providers/vultr/vultr/latest/docs,0.56474638,false,0.409
d753997a344fcf366308,content_based,3,/providers/linode/linode/latest/docs,0.56474638,false,0.409
d839258d099e162d2c8c,content_based,1,/providers/hashicorp/cloudinit/latest/docs/resources/:path*,0.48502830,true,0.401
d839258d099e162d2c8c,content_based,2,/providers/ovh/ovh/latest/docs/guides/:path*,0.48502830,false,0.401
d839258d099e162d2c8c,content_based,3,/providers/nutanix/nutanix/latest/docs/resources/:path*,0.48502830,false,0.401
d86132328d8e3772de0c,content_based,1,/android/build-a-backend/restapi/existing-resources,0.40727228,false,0.417
d86132328d8e3772de0c,content_based,2,/gen1/android/prev/build-a-backend/more-features/analytics/existing-resources,0.39310157,false,0.417
d86132328d8e3772de0c,content_based,3,/gen1/android/prev/build-a-backend/auth/existing-resources,0.39009386,false,0.417
d871f021116ecb03c0e5,content_based,1,/angular/getting-started/migration,0.97503173,false,0.443
d871f021116ecb03c0e5,content_based,2,/gen1/<platform>/tools/cli-legacy,0.92932379,false,0.443
d871f021116ecb03c0e5,content_based,3,/android/build-a-backend/restapi,0.89619589,false,0.443
d8d9d504b6573fe12512,content_based,1,/gen1/<platform>/tools/console,0.49022007,false,118.284
d8d9d504b6573fe12512,content_based,2,/gen1/<platform>/tools/libraries,0.47828096,false,118.284
d8d9d504b6573fe12512,content_based,3,/gen1/flutter/prev/start/project-setup,0.44958419,false,118.284
d8faf7a1c8af0f45af30,content_based,1,/providers/dome9/dome9/latest/docs/resources/:path*,0.48502830,false,0.406
d8faf7a1c8af0f45af30,content_based,2,/providers/dome9/dome9/latest/docs/data-sources/:path*,0.48502830,true,0.406
d8faf7a1c8af0f45af30,content_based,3,/providers/ovh/ovh/latest/docs/guides/:path*,0.48502830,false,0.406
d913808dd167c706e7c6,content_based,1,/en/guides/deploy/vercel,0.97001863,false,0.464
d913808dd167c706e7c6,content_based,2,/:lang/guides/deploy/:service,0.77451503,true,0.464
d913808dd167c706e7c6,content_based,3,/en/guides/deploy/sevalla,0.75282717,false,0.464
d920d2370bd2d381c4b6,content_based,1,/gen1/<platform>/tools/cli/<page>,0.79663700,false,197.311
d920d2370bd2d381c4b6,content_based,2,/flutter/build-a-backend/graphqlapi/existing-resources,0.79097858,false,197.311
d920d2370bd2d381c4b6,content_based,3,/gen1/<platform>/tools/libraries,0.77874380,false,197.311
d92beaa24c4afe938b99,content_based,1,/gen1/<platform>/tools/libraries,0.94605255,true,0.438
d92beaa24c4afe938b99,content_based,2,/gen1/<platform>/tools/libraries/<page>,0.94605255,false,0.438
d92beaa24c4afe938b99,content_based,3,/gen1/<platform>/prev/tools/<category>/<page>,0.85290986,false,0.438
d930c23f9b7ba6f8bca3,content_based,1,/gen1/<platform>/tools/console,0.71760136,false,150.677
d930c23f9b7ba6f8bca3,content_based,2,/gen1/<platform>/tools/cli/<page>,0.69592452,false,150.677
d930c23f9b7ba6f8bca3,content_based,3,/gen1/<platform>/tools/libraries,0.60800320,false,150.677
d99dd56eb2e4b8092e35,content_based,1,/enterprise/requirements/network,0.95153850,true,146.744
d99dd56eb2e4b8092e35,content_based,2,/enterprise/install/pre-install-checklist,0.75806320,false,146.744
d99dd56eb2e4b8092e35,content_based,3,/enterprise/requirements/os-specific/rhel-requirements,0.69777465,false,146.744
da1197539099e4dd49bf,content_based,1,/angular/build-a-backend/more-features/datastore/conflict-resolution,0.88538635,false,179.919
da1197539099e4dd49bf,content_based,2,/android/build-a-backend/more-features/datastore/conflict-resolution,0.88538635,false,179.919
da1197539099e4dd49bf,content_based,3,/gen1/javascript/prev/build-a-backend/more-features/in-app-messaging/clear-messages,0.86397094,false,179.919
da47b755e5ef7efb4cfd,content_based,1,/providers/hashicorp/template/latest/docs,0.56474638,true,0.409
da47b755e5ef7efb4cfd,content_based,2,/providers/linode/linode/latest/docs,0.56474638,false,0.409
da47b755e5ef7efb4cfd,content_based,3,/providers/skytap/skytap/latest/docs,0.56474638,false,0.409
da583d9dc04113a2b892,content_based,1,/gen1/<platform>/start/getting-started/<page>,0.86677849,false,0.399
da583d9dc04113a2b892,content_based,2,/gen1/<platform>/start/getting-started,0.86677849,false,0.399
da583d9dc04113a2b892,content_based,3,/angular/getting-started/migration,0.78141183,false,0.399
dac5da0bc25f1ff29987,content_based,1,/android/start/getting-started/installation,0.55099845,false,0.491
dac5da0bc25f1ff29987,content_based,2,/android/build-a-backend/restapi/gen-ai,0.47174937,false,0.491
dac5da0bc25f1ff29987,content_based,3,/android/start/sample-apps/to-do-app,0.43222076,false,0.491
daedd247e5d1619e00d9,content_based,1,/flutter,0.98717976,false,0.417
daedd247e5d1619e00d9,content_based,2,/flutter/build-a-backend/auth/set-up-auth,0.61676925,false,0.417
daedd247e5d1619e00d9,content_based,3,/flutter/build-a-backend/auth/auth-events,0.54370016,false,0.417
db09d381b903401f4781,content_based,1,/flux/installation/bootstrap/azure-devops,0.84696430,true,0.417
db09d381b903401f4781,content_based,2,/en/flux/installation/bootstrap/azure-devops,0.84696430,false,0.417
db09d381b903401f4781,content_based,3,/en/flux/guides/image-update,0.76725185,false,0.417
db3e7bf51639e010289a,content_based,1,/gen1/android/prev/build-a-backend/auth/sdk,0.91104628,false,0.442
db3e7bf51639e010289a,content_based,2,/gen1/flutter/prev/build-a-backend/auth/sign-out,0.79741924,false,0.442
db3e7bf51639e010289a,content_based,3,/gen1/android/prev/build-a-backend/auth/sign-out,0.79741924,false,0.442
db4d614ad829d46a2f20,content_based,1,/enterprise/requirements/os-specific/rhel-requirements,0.95139349,true,0.377
db4d614ad829d46a2f20,content_based,2,/enterprise/requirements/os-specific/centos-requirements,0.88353312,false,0.377
db4d614ad829d46a2f20,content_based,3,/enterprise/install/pre-install-checklist,0.69861865,false,0.377
dc15612e6acc2a526102,content_based,1,/:lang/reference/publish-to-npm,0.99203563,true,0.472
dc15612e6acc2a526102,content_based,2,/:lang/guides/imports,0.73630589,false,0.472
dc15612e6acc2a526102,content_based,3,/:lang/guides/upgrade-to/v1,0.70996216,false,0.472
dc68bf9ea22584befd2a,content_based,1,/flutter/build-a-backend/auth/set-up-auth,0.54379535,false,0.432
dc68bf9ea22584befd2a,content_based,2,/android/build-a-backend/auth/set-up-auth,0.54379535,false,0.432
dc68bf9ea22584befd2a,content_based,3,/android/sdk/auth/getting-started,0.39846644,false,0.432
dcf5363341013bf708a0,content_based,1,/:lang/reference/astro-syntax,0.56979752,false,0.434
dcf5363341013bf708a0,content_based,2,/en/guides/endpoints,0.56842303,false,0.434
dcf5363341013bf708a0,content_based,3,/:lang/reference/publish-to-npm,0.56446844,false,0.434
dd5065cb1376ac55e7b1,content_based,1,/flutter/build-a-backend/more-features/datastore/set-up-datastore,0.39299276,false,0.395
dd5065cb1376ac55e7b1,content_based,2,/gen1/javascript/prev/build-a-backend/more-features/datastore/additional-methods,0.32763359,false,0.395
dd5065cb1376ac55e7b1,content_based,3,/flutter/build-a-backend/more-features/datastore/additional-methods,0.30637196,false,0.395
dd5e50055d70789c1708,content_based,1,/gen1/<platform>/build-a-backend/more-features,0.93825675,false,128.924
dd5e50055d70789c1708,content_based,2,/gen1/<platform>/build-a-backend/more-features/<page>,0.93825675,false,128.924
dd5e50055d70789c1708,content_based,3,/android/build-a-backend/more-features/datastore,0.91305924,false,128.924
dda9c639886eb6b82c86,content_based,1,/android/start/getting-started/generate-model,0.55953246,false,0.388
dda9c639886eb6b82c86,content_based,2,/android/start/getting-started/integrate,0.55748820,false,0.388
dda9c639886eb6b82c86,content_based,3,/android/start/getting-started/setup,0.49770352,false,0.388
ddb590b82276f82400e2,content_based,1,/gen1/flutter/prev/start/project-setup,0.64710586,false,249.849
ddb590b82276f82400e2,content_based,2,/flutter/build-a-backend/auth/set-up-auth,0.59350174,false,249.849
ddb590b82276f82400e2,content_based,3,/gen1/<platform>/tools/console,0.53078657,false,249.849
ddb595d05e7925cd57b4,content_based,1,/gen1/javascript/prev/build-a-backend/auth/switch-auth,0.93890369,false,0.413
ddb595d05e7925cd57b4,content_based,2,/flutter/build-a-backend/auth/set-up-auth,0.49767205,false,0.413
ddb595d05e7925cd57b4,content_based,3,/android/build-a-backend/auth/set-up-auth,0.49767205,false,0.413
de9c0139c1a4130a00d3,content_based,1,/providers/scaleway/scaleway/latest/docs/guides/:path*,0.48502830,false,0.406
de9c0139c1a4130a00d3,content_based,2,/providers/scaleway/scaleway/latest/docs/resources/:path*,0.48502830,false,0.406
de9c0139c1a4130a00d3,content_based,3,/providers/scaleway/scaleway/latest/docs/data-sources/:path*,0.48502830,true,0.406
df09f7da88037a684e26,content_based,1,/android/start/getting-started/integrate,0.46599263,false,0.407
df09f7da88037a684e26,content_based,2,/android/sdk/analytics/kinesis,0.36595607,false,0.407
df09f7da88037a684e26,content_based,3,/gen1/javascript/prev/build-a-backend/more-features/analytics/record-events,0.32973111,false,0.407
df23c2ce44d1cd031bec,content_based,1,/language/upgrade-guides/0-13,0.65826446,false,0.455
df23c2ce44d1cd031bec,content_based,2,/language/upgrade-guides/0-15,0.65231484,false,0.455
df23c2ce44d1cd031bec,content_based,3,/language/v1.1.x/upgrade-guides/0-15,0.65231484,true,0.455
df40c30afe130e079965,content_based,1,/providers/splunk-terraform/signalfx/latest/docs/resources/:path*,0.48502830,true,0.417
df40c30afe130e079965,content_based,2,/providers/Venafi/venafi/latest/docs/resources/:path*,0.48502830,false,0.417
df40c30afe130e079965,content_based,3,/providers/opsgenie/opsgenie/latest/docs/guides/:path*,0.48502830,false,0.417
df76e6147c8cc8f1b881,content_based,1,/gen1/flutter/prev/start/project-setup,0.55461287,false,187.196
df76e6147c8cc8f1b881,content_based,2,/android/start/getting-started/integrate,0.47844929,false,187.196
df76e6147c8cc8f1b881,content_based,3,/gen1/<platform>/start/project-setup/<page>,0.43058419,false,187.196
e02b13747c13376df273,content_based,1,/flutter/start/getting-started/nextsteps,0.71810347,false,163.577
e02b13747c13376df273,content_based,2,/android/start/getting-started/installation,0.69568205,false,163.577
e02b13747c13376df273,content_based,3,/android/start/getting-started/nextsteps,0.61270033,false,163.577
e03841ed41db9cf8f259,content_based,1,/gen1/android/prev/build-a-backend/graphqlapi/query-data,0.70914090,false,133.521
e03841ed41db9cf8f259,content_based,2,/gen1/flutter/prev/build-a-backend/graphqlapi/query-data,0.70914090,false,133.521
e03841ed41db9cf8f259,content_based,3,/gen1/flutter/prev/build-a-backend/graphqlapi/mutate-data,0.64535981,false,133.521
e10c87ce210d6fc0cbc9,content_based,1,/android/build-a-backend/restapi/existing-resources,0.40727228,false,0.414
e10c87ce210d6fc0cbc9,content_based,2,/gen1/android/prev/build-a-backend/auth/existing-resources,0.39009386,false,0.414
e10c87ce210d6fc0cbc9,content_based,3,/gen1/android/prev/build-a-backend/storage/existing-resources,0.38721809,false,0.414
e126ae7d523b583444a2,content_based,1,/:lang/guides/endpoints,0.72370458,true,0.470
e126ae7d523b583444a2,content_based,2,/en/guides/endpoints,0.72370458,false,0.470
e126ae7d523b583444a2,content_based,3,/de/concepts/islands,0.60379827,false,0.470
e16eb9bf07085a7b6942,content_based,1,/gen1/android/prev/build-a-backend/storage/lambda-triggers,0.62823451,false,0.413
e16eb9bf07085a7b6942,content_based,2,/android/build-a-backend/storage/lambda-triggers,0.56541973,false,0.413
e16eb9bf07085a7b6942,content_based,3,/gen1/<platform>/build-a-backend/functions/layers,0.55969042,false,0.413
e17ff128d2a241543a21,content_based,1,/providers/DNSMadeEasy/dme/latest/docs/guides/:path*,0.48502830,true,0.460
e17ff128d2a241543a21,content_based,2,/providers/ovh/ovh/latest/docs/guides/:path*,0.48502830,false,0.460
e17ff128d2a241543a21,content_based,3,/providers/fastly/fastly/latest/docs/guides/:path*,0.48502830,false,0.460
e22e459c043a8f3f2d46,content_based,1,/gen1/<platform>/build-a-backend/functions/layers,0.79522556,false,0.429
e22e459c043a8f3f2d46,content_based,2,/gen1/android/prev/build-a-backend/storage/lambda-triggers,0.62572372,false,0.429
e22e459c043a8f3f2d46,content_based,3,/flutter/build-a-backend/more-features/datastore/sync-to-cloud,0.55166399,false,0.429
e23f12b5f36c95c2b97e,content_based,1,/:lang/guides/upgrade-to/v1,0.67357687,true,0.426
e23f12b5f36c95c2b97e,content_based,2,/:lang/guides/images,0.58894980,false,0.426
e23f12b5f36c95c2b97e,content_based,3,/:lang/guides/view-transitions,0.54830813,false,0.426
e242eed672bb24ff4c80,content_based,1,/android/build-a-backend/graphqlapi/client-code-generation,0.47750938,false,0.441
e242eed672bb24ff4c80,content_based,2,/flutter/build-a-backend/graphqlapi/advanced-workflows,0.39987791,false,0.441
e242eed672bb24ff4c80,content_based,3,/gen1/<platform>/build-a-backend/graphqlapi/connect-api-to-existing-database,0.38159239,false,0.441
e3038b0651c99819f79b,content_based,1,/providers/Constellix/constellix/latest/docs/guides/:path*,0.48502830,true,0.405
e3038b0651c99819f79b,content_based,2,/providers/ovh/ovh/latest/docs/guides/:path*,0.48502830,false,0.405
e3038b0651c99819f79b,content_based,3,/providers/fastly/fastly/latest/docs/guides/:path*,0.48502830,false,0.405
e34f83fe97058e5bdedf,content_based,1,/flutter,0.98717976,false,0.384
e34f83fe97058e5bdedf,content_based,2,/android/build-a-backend/push-notifications/set-up-push-notifications,0.51247400,false,0.384
e34f83fe97058e5bdedf,content_based,3,/flutter/build-a-backend/push-notifications/enable-rich-notifications,0.44523910,true,0.384
e38ecdf9dbcb057cd5e2,content_based,1,/android/build-a-backend/push-notifications/set-up-push-notifications,0.39018729,false,0.439
e38ecdf9dbcb057cd5e2,content_based,2,/flutter/build-a-backend/push-notifications/enable-rich-notifications,0.30213496,false,0.439
e38ecdf9dbcb057cd5e2,content_based,3,/android/build-a-backend/push-notifications/record-notifications,0.30057806,false,0.439
e48d1328828939bc3c99,content_based,1,/:lang/guides/images,0.60132033,true,0.450
e48d1328828939bc3c99,content_based,2,/:lang/reference/astro-syntax,0.53313398,false,0.450
e48d1328828939bc3c99,content_based,3,/:lang/reference/modules/astro-config,0.51883906,false,0.450
e51cc00af60a0f4c1afb,content_based,1,/gen1/angular/build-a-backend/server-side-rendering/nextjs,0.73722911,false,0.413
e51cc00af60a0f4c1afb,content_based,2,/angular/build-a-backend/server-side-rendering,0.72467899,false,0.413
e51cc00af60a0f4c1afb,content_based,3,/gen1/javascript/build-a-backend/server-side-rendering/nuxt,0.69966916,false,0.413
e56efcd2c3fae6e76ad3,content_based,1,/android/build-a-backend/restapi/set-up-rest-api,0.76806128,false,0.399
e56efcd2c3fae6e76ad3,content_based,2,/gen1/flutter/prev/build-a-backend/restapi/set-up-rest-api,0.69948453,false,0.399
e56efcd2c3fae6e76ad3,content_based,3,/angular/build-a-backend/functions,0.65550393,false,0.399
e59de135a22be4854829,content_based,1,/flutter,0.98717976,false,0.390
e59de135a22be4854829,content_based,2,/flutter/build-a-backend/more-features/datastore/set-up-datastore,0.52507114,false,0.390
e59de135a22be4854829,content_based,3,/flutter/build-a-backend/more-features/datastore/datastore-events,0.49712613,false,0.390
e5a99cc743319e9b6ec4,content_based,1,/gen1/javascript/prev/build-a-backend/more-features/analytics/update-endpoint,0.84800285,false,243.583
e5a99cc743319e9b6ec4,content_based,2,/gen1/<platform>/sdk/analytics/<page>,0.82570612,false,243.583
e5a99cc743319e9b6ec4,content_based,3,/flutter/build-a-backend/more-features/analytics/identify-user,0.80424333,false,243.583
e5c53336fb0ed107cb0e,content_based,1,/language/upgrade-guides/0-13,0.65826446,false,0.481
e5c53336fb0ed107cb0e,content_based,2,/language/v1.1.x/upgrade-guides/0-15,0.65231484,false,0.481
e5c53336fb0ed107cb0e,content_based,3,/language/v1.1.x/upgrade-guides/0-11,0.64905953,false,0.481
e5fba4c7959c9d579e8b,content_based,1,/gen1/<platform>/build-a-backend/functions/layers,0.79522556,false,0.407
e5fba4c7959c9d579e8b,content_based,2,/gen1/<platform>/build-a-backend/graphqlapi/connect-api-to-existing-database,0.64891791,false,0.407
e5fba4c7959c9d579e8b,content_based,3,/gen1/android/prev/build-a-backend/storage/lambda-triggers,0.62572372,false,0.407
e61d6b2b6b63342724c2,content_based,1,/cloud-docs/policy-enforcement/sentinel/import/tfstate-v2,0.90858591,true,222.622
e61d6b2b6b63342724c2,content_based,2,/cloud-docs/policy-enforcement/sentinel,0.62969458,false,222.622
e61d6b2b6b63342724c2,content_based,3,/cloud-docs/run/remote-operations,0.42122936,false,222.622
e662b1dc4386e8724ccd,content_based,1,/flutter/start/project-setup/upgrade-guide,0.73445872,false,122.725
e662b1dc4386e8724ccd,content_based,2,/gen1/<platform>/tools/cli/<page>,0.71565962,false,122.725
e662b1dc4386e8724ccd,content_based,3,/gen1/<platform>/tools/libraries,0.69142210,false,122.725
e6c5539a4bfb0acfa410,content_based,1,/gen1/flutter/prev/build-a-backend/more-features/analytics/enable-disable,0.97891343,false,173.417
e6c5539a4bfb0acfa410,content_based,2,/gen1/android/prev/build-a-backend/more-features/analytics/enable-disable,0.97891343,false,173.417
e6c5539a4bfb0acfa410,content_based,3,/gen1/<platform>/sdk/analytics/<page>,0.73922628,false,173.417
e84a90d671017ea9b940,content_based,1,/android/start/getting-started/setup,0.44818991,false,0.406
e84a90d671017ea9b940,content_based,2,/gen1/flutter/prev/start/project-setup,0.38430846,false,0.406
e84a90d671017ea9b940,content_based,3,/gen1/android/prev/start/project-setup/prerequisites,0.37820673,false,0.406
e858b1a44a8afc837b4f,content_based,1,/de/basics/layouts,0.93414515,false,0.537
e858b1a44a8afc837b4f,content_based,2,/en/basics/layouts,0.82651961,false,0.537
e858b1a44a8afc837b4f,content_based,3,/de/concepts/islands,0.66245055,false,0.537
e8a20968687ac0f2bb6c,content_based,1,/gen1/android/build-a-backend/auth/add-social-provider,0.59043184,false,0.455
e8a20968687ac0f2bb6c,content_based,2,/gen1/android/prev/build-a-backend/more-features/analytics/existing-resources,0.52707732,false,0.455
e8a20968687ac0f2bb6c,content_based,3,/android/build-a-backend/storage/upload,0.48714077,false,0.455
e8faa1883a419a25ee65,content_based,1,/providers/hashicorp/archive/latest/docs/resources/:path*,0.48502830,true,0.413
e8faa1883a419a25ee65,content_based,2,/providers/ovh/ovh/latest/docs/guides/:path*,0.48502830,false,0.413
e8faa1883a419a25ee65,content_based,3,/providers/Venafi/venafi/latest/docs/resources/:path*,0.48502830,false,0.413
e8fe36952c9a55dff4eb,content_based,1,/providers/vmware/nsxt/latest/docs/guides/:path*,0.48502830,false,0.407
e8fe36952c9a55dff4eb,content_based,2,/providers/vmware/nsxt/latest/docs/data-sources/:path*,0.48502830,true,0.407
e8fe36952c9a55dff4eb,content_based,3,/providers/ovh/ovh/latest/docs/guides/:path*,0.48502830,false,0.407
e9390b4c14eebf02b830,content_based,1,/deploy/classic/api/runtime-node,0.69243890,false,781.912
e9390b4c14eebf02b830,content_based,2,/runtime/reference/migration_guide,0.66802520,false,781.912
e9390b4c14eebf02b830,content_based,3,/runtime/contributing,0.63391048,false,781.912
e957cb28bd72edcfc170,content_based,1,/flutter,0.98717976,false,0.416
e957cb28bd72edcfc170,content_based,2,/gen1/flutter/prev/start/project-setup,0.62247825,false,0.416
e957cb28bd72edcfc170,content_based,3,/gen1/flutter/build-a-backend/troubleshooting/upgrade-amplify-packages,0.56471086,false,0.416
ea57f704b282f17123b3,content_based,1,/providers/turbot/turbot/latest/docs/guides/:path*,0.48502830,false,0.423
ea57f704b282f17123b3,content_based,2,/providers/turbot/turbot/latest/docs/resources/:path*,0.48502830,true,0.423
ea57f704b282f17123b3,content_based,3,/providers/turbot/turbot/latest/docs,0.48502830,false,0.423
eb40aa3c7e902a0c6e5b,content_based,1,/gen1/<platform>/tools/cli/<page>,0.80380017,false,0.434
eb40aa3c7e902a0c6e5b,content_based,2,/angular/start/connect-to-aws-resources,0.67571604,false,0.434
eb40aa3c7e902a0c6e5b,content_based,3,/<platform>/build-a-backend/auth/modify-resources-with-cdk,0.65062112,false,0.434
eba15af7aa552b81c441,content_based,1,/flutter/build-a-backend/storage/get-properties,0.95069903,false,0.415
eba15af7aa552b81c441,content_based,2,/gen1/flutter/prev/build-a-backend/storage/list,0.85976911,false,0.415
eba15af7aa552b81c441,content_based,3,/gen1/flutter/prev/build-a-backend/storage/remove,0.84940577,false,0.415
ebb915aed832a1161de6,content_based,1,/android/start/getting-started/installation,0.54123569,false,0.433
ebb915aed832a1161de6,content_based,2,/angular/start/getting-started/hosting,0.51522458,false,0.433
ebb915aed832a1161de6,content_based,3,/android/start/getting-started/setup,0.51467669,false,0.433
ebf0a18652c27d603f81,content_based,1,/gen1/<platform>/tools/cli-legacy,0.93720102,false,0.382
ebf0a18652c27d603f81,content_based,2,/android/build-a-backend/restapi,0.92963380,false,0.382
ebf0a18652c27d603f81,content_based,3,/angular/getting-started/migration,0.92881852,false,0.382
ec302288598f56645aec,content_based,1,/gen1/<platform>/build-a-backend/functions/layers,0.58119792,false,0.417
ec302288598f56645aec,content_based,2,/android/build-a-backend/storage/lambda-triggers,0.53765106,false,0.417
ec302288598f56645aec,content_based,3,/angular/build-a-backend/troubleshooting/cdktoolkit-stack,0.49604070,false,0.417
ec540e6c4a3ec357a342,content_based,1,/flutter,0.98717976,false,0.399
ec540e6c4a3ec357a342,content_based,2,/flutter/build-a-backend/auth/set-up-auth,0.61676925,false,0.399
ec540e6c4a3ec357a342,content_based,3,/gen1/flutter/prev/build-a-backend/auth/set-up-auth,0.56672090,false,0.399
ec786510a752823d7044,content_based,1,/android/start/getting-started/installation,0.54123569,false,0.425
ec786510a752823d7044,content_based,2,/angular/start/getting-started/hosting,0.51522458,false,0.425
ec786510a752823d7044,content_based,3,/android/start/getting-started/setup,0.51467669,false,0.425
ecd1ef4a2b3862e2e685,content_based,1,/android/start/getting-started/setup,0.75763655,false,0.362
ecd1ef4a2b3862e2e685,content_based,2,/android/start/getting-started/installation,0.72708595,false,0.362
ecd1ef4a2b3862e2e685,content_based,3,/android/start/getting-started/nextsteps,0.67943303,false,0.362
ed195da6e77b1482f890,content_based,1,/flutter/build-a-backend/more-features/datastore/datastore-events,0.65595269,false,169.763
ed195da6e77b1482f890,content_based,2,/gen1/javascript/prev/build-a-backend/more-features/datastore/real-time,0.62041301,false,169.763
ed195da6e77b1482f890,content_based,3,/gen1/flutter/prev/build-a-backend/more-features/datastore/real-time,0.62041301,false,169.763
ed541e6c82c00f71f3de,content_based,1,/providers/grafana/grafana/latest/docs/resources/:path*,0.48502830,true,0.417
ed541e6c82c00f71f3de,content_based,2,/providers/grafana/grafana/latest/docs,0.48502830,false,0.417
ed541e6c82c00f71f3de,content_based,3,/providers/grafana/grafana/latest/docs/data-sources/:path*,0.48502830,false,0.417
ed99a3168f38e6ad838f,content_based,1,/gen1/angular/build-a-backend/server-side-rendering/nextjs,0.70940036,false,128.905
ed99a3168f38e6ad838f,content_based,2,/gen1/<platform>/build-a-backend/functions/layers,0.64554560,false,128.905
ed99a3168f38e6ad838f,content_based,3,/angular/build-a-backend/server-side-rendering,0.63172936,false,128.905
edc9af5986a9b0a40ee4,content_based,1,/gen1/android/prev/start/project-setup/use-existing-resources,0.97348887,false,0.382
edc9af5986a9b0a40ee4,content_based,2,/flutter/build-a-backend/graphqlapi/existing-resources,0.92347819,false,0.382
edc9af5986a9b0a40ee4,content_based,3,/gen1/<platform>/build-a-backend/auth/existing-resources,0.91902637,false,0.382
edea8077f1987e375220,content_based,1,/flutter,0.98717976,false,0.411
edea8077f1987e375220,content_based,2,/flutter/build-a-backend/graphqlapi/advanced-workflows,0.50540656,true,0.411
edea8077f1987e375220,content_based,3,/gen1/flutter/prev/build-a-backend/graphqlapi/advanced-workflows,0.49852836,false,0.411
ee598184f22f68d8e692,content_based,1,/android/deploy-and-host,0.96038985,true,0.386
ee598184f22f68d8e692,content_based,2,/gen1/<platform>/deploy-and-host/frameworks/<page>,0.94747847,false,0.386
ee598184f22f68d8e692,content_based,3,/gen1/angular/deploy-and-host/deployment,0.94017303,false,0.386
eea976ca0669871cac0b,content_based,1,/android/build-a-backend/push-notifications/set-up-push-notifications,0.36219725,false,0.417
eea976ca0669871cac0b,content_based,2,/flutter/build-a-backend/push-notifications/enable-rich-notifications,0.28169346,false,0.417
eea976ca0669871cac0b,content_based,3,/android/build-a-backend/push-notifications/record-notifications,0.27925867,false,0.417
eeeb0e47a4185b7c97ed,content_based,1,/providers/hashicorp/google/latest/docs/resources/:path*,0.48502830,false,0.402
eeeb0e47a4185b7c97ed,content_based,2,/providers/hashicorp/google/latest/docs/data-sources/:path*,0.48502830,true,0.402
eeeb0e47a4185b7c97ed,content_based,3,/providers/ovh/ovh/latest/docs/guides/:path*,0.48502830,false,0.402
eef476d2eef100a4df7d,content_based,1,/en/getting-started,0.98573655,false,0.441
eef476d2eef100a4df7d,content_based,2,/de/getting-started,0.86878383,false,0.441
eef476d2eef100a4df7d,content_based,3,/ar/getting-started,0.82865191,false,0.441
ef862d8102308edb8404,content_based,1,/:lang/tutorial/6-islands/4,0.97672451,true,0.425
ef862d8102308edb8404,content_based,2,/:lang/guides/content-collections,0.76435184,false,0.425
ef862d8102308edb8404,content_based,3,/en/guides/content-collections,0.76435184,false,0.425
f09d56e0314474725f5c,content_based,1,/docs/extend/writing-custom-providers.html,0.59183007,false,0.389
f09d56e0314474725f5c,content_based,2,/providers/skytap/skytap/latest/docs,0.56474638,true,0.389
f09d56e0314474725f5c,content_based,3,/providers/akamai/akamai/latest/docs,0.56474638,false,0.389
f12e0922b388eb9b9d4f,content_based,1,/examples/tutorials/digital_ocean,0.98648441,false,544.689
f12e0922b388eb9b9d4f,content_based,2,/examples/digital_ocean_tutorial,0.98648441,true,544.689
f12e0922b388eb9b9d4f,content_based,3,/examples/tutorials/kinsta,0.62039661,false,544.689
f145264614cd81de1ac5,content_based,1,/providers/linode/linode/latest/docs,0.56474638,false,0.405
f145264614cd81de1ac5,content_based,2,/providers/FlexibleEngineCloud/flexibleengine/latest/docs,0.56474638,true,0.405
f145264614cd81de1ac5,content_based,3,/providers/OpenNebula/opennebula/latest/docs,0.56474638,false,0.405
f1eb36c03f03e59f27ed,content_based,1,/gen1/flutter/prev/build-a-backend/graphqlapi/advanced-workflows,0.92192327,false,378.141
f1eb36c03f03e59f27ed,content_based,2,/gen1/flutter/prev/build-a-backend/restapi/delete-data,0.91345875,false,378.141
f1eb36c03f03e59f27ed,content_based,3,/gen1/flutter/prev/build-a-backend/graphqlapi/offline,0.88267730,false,378.141
f21467de95e9015f2d4c,content_based,1,/providers/cloudflare/cloudflare/latest/docs/guides/:path*,0.48502830,false,0.424
f21467de95e9015f2d4c,content_based,2,/providers/cloudflare/cloudflare/latest/docs/resources/:path*,0.48502830,true,0.424
f21467de95e9015f2d4c,content_based,3,/providers/cloudflare/cloudflare/latest/docs/data-sources/:path*,0.48502830,false,0.424
f22f3cc8575ae0599e5c,content_based,1,/gen1/flutter/prev/build-a-backend/graphqlapi/mutate-data,0.56306911,false,0.438
f22f3cc8575ae0599e5c,content_based,2,/android/build-a-backend/graphqlapi/client-code-generation,0.53064239,false,0.438
f22f3cc8575ae0599e5c,content_based,3,/gen1/android/prev/build-a-backend/graphqlapi/query-data,0.51136756,true,0.438
f289824e8e6c4739ec62,content_based,1,/flutter/build-a-backend/graphqlapi/query-data,0.59894711,false,244.075
f289824e8e6c4739ec62,content_based,2,/gen1/<platform>/tools/cli/<page>,0.54424489,false,244.075
f289824e8e6c4739ec62,content_based,3,/android/sdk/api/graphql,0.54021692,false,244.075
f293ae481b64003662b1,content_based,1,/gen1/angular/build-a-backend/server-side-rendering/nextjs,0.70940036,false,0.498
f293ae481b64003662b1,content_based,2,/gen1/<platform>/build-a-backend/functions/layers,0.64554560,false,0.498
f293ae481b64003662b1,content_based,3,/angular/build-a-backend/server-side-rendering,0.63172936,false,0.498
f325d71adf40beff9d42,content_based,1,/android/build-a-backend/more-features/geo/maps,0.94766939,false,172.383
f325d71adf40beff9d42,content_based,2,/gen1/javascript/prev/build-a-backend/more-features/geo/set-up-geo,0.94223136,false,172.383
f325d71adf40beff9d42,content_based,3,/android/build-a-backend/more-features/geo/set-up-geo,0.93428148,false,172.383
f344068b548650d4306b,content_based,1,/gen1/<platform>/build-a-backend/storage/configure-storage,0.60228114,false,282.907
f344068b548650d4306b,content_based,2,/android/build-a-backend/more-features/geo/set-up-geo,0.56889289,false,282.907
f344068b548650d4306b,content_based,3,/gen1/javascript/prev/build-a-backend/more-features/geo/set-up-geo,0.56156974,false,282.907
f3502fc54ac866613e9f,content_based,1,/providers/brightbox/brightbox/latest/docs/data-sources/:path*,0.48502830,true,0.413
f3502fc54ac866613e9f,content_based,2,/providers/ovh/ovh/latest/docs/guides/:path*,0.48502830,false,0.413
f3502fc54ac866613e9f,content_based,3,/providers/turbot/turbot/latest/docs/guides/:path*,0.48502830,false,0.413
f3c9968c1f79ee706216,content_based,1,/gen1/<platform>/tools/cli/<page>,0.64742696,false,151.754
f3c9968c1f79ee706216,content_based,2,/gen1/flutter/prev/build-a-backend/graphqlapi/existing-resources,0.64318413,false,151.754
f3c9968c1f79ee706216,content_based,3,/flutter/build-a-backend/graphqlapi/existing-resources,0.62975387,false,151.754
f3f33ab4f6af192c6276,content_based,1,/providers/Venafi/venafi/latest/docs/resources/:path*,0.48502830,true,0.406
f3f33ab4f6af192c6276,content_based,2,/providers/Venafi/venafi/latest/docs,0.48502830,false,0.406
f3f33ab4f6af192c6276,content_based,3,/providers/ovh/ovh/latest/docs/guides/:path*,0.48502830,false,0.406
f4733c08623c9e2deb0a,content_based,1,/examples/tutorials/mongoose,0.98495054,false,402.433
f4733c08623c9e2deb0a,content_based,2,/examples/tutorials/planetscale,0.65730894,false,402.433
f4733c08623c9e2deb0a,content_based,3,/examples/tutorials/drizzle,0.62659997,false,402.433
f4c93dd1cf13a191b688,content_based,1,/android/start/getting-started/installation,0.54123569,false,0.526
f4c93dd1cf13a191b688,content_based,2,/angular/start/getting-started/hosting,0.51522458,false,0.526
f4c93dd1cf13a191b688,content_based,3,/android/start/getting-started/setup,0.51467669,false,0.526
f54afe520ebeb6740b3f,content_based,1,/docs/extend/writing-custom-providers.html,0.59183007,false,0.411
f54afe520ebeb6740b3f,content_based,2,/providers/linode/linode/latest/docs,0.56474638,false,0.411
f54afe520ebeb6740b3f,content_based,3,/providers/F5Networks/bigip/latest/docs,0.56474638,true,0.411
f5af94528d048c653944,content_based,1,/providers/hashicorp/dns/latest/docs/data-sources/:path*,0.48502830,true,0.413
f5af94528d048c653944,content_based,2,/providers/ovh/ovh/latest/docs/guides/:path*,0.48502830,false,0.413
f5af94528d048c653944,content_based,3,/providers/fastly/fastly/latest/docs/guides/:path*,0.48502830,false,0.413
f5b8c81d78f585b93dcb,content_based,1,/android/build-a-backend/restapi/gen-ai,0.45289338,false,0.421
f5b8c81d78f585b93dcb,content_based,2,/android/build-a-backend/restapi/existing-resources,0.40727228,false,0.421
f5b8c81d78f585b93dcb,content_based,3,/gen1/flutter/prev/build-a-backend/restapi/customize-authz,0.38789648,false,0.421
f5d60dc54f9d464a1786,content_based,1,/gen1/flutter/prev/build-a-backend/storage/set-up-storage,0.80381646,false,108.583
f5d60dc54f9d464a1786,content_based,2,/flutter/build-a-backend/restapi/fetch-data,0.80159363,false,108.583
f5d60dc54f9d464a1786,content_based,3,/flutter/build-a-backend/storage/get-properties,0.79722464,false,108.583
f5d72a7235961a18ab86,content_based,1,/gen1/<platform>/build-a-backend/functions/layers,0.99982435,true,0.569
f5d72a7235961a18ab86,content_based,2,/gen1/<platform>/build-a-backend/storage/configure-storage,0.63147316,false,0.569
f5d72a7235961a18ab86,content_based,3,/gen1/<platform>/build-a-backend/auth/auth-events,0.50888482,false,0.569
f631a7d402333d7432fd,content_based,1,/android/build-a-backend/graphqlapi/relational-models,0.73991847,false,235.540
f631a7d402333d7432fd,content_based,2,/gen1/javascript/prev/build-a-backend/more-features/datastore/relational-models,0.68566632,false,235.540
f631a7d402333d7432fd,content_based,3,/flutter/build-a-backend/more-features/datastore/datastore-events,0.64176738,false,235.540
f6a3ef131a096b0eede2,content_based,1,/gen1/<platform>/build-a-backend/functions/layers,0.66377550,false,166.527
f6a3ef131a096b0eede2,content_based,2,/gen1/<platform>/build-a-backend/auth/auth-events,0.54737633,false,166.527
f6a3ef131a096b0eede2,content_based,3,/flutter/build-a-backend/auth/auth-events,0.54737633,false,166.527
f73ad395b1183a26855d,content_based,1,/providers/huaweicloud/huaweicloudstack/latest/docs/guides/:path*,0.48502830,true,0.394
f73ad395b1183a26855d,content_based,2,/providers/cloudflare/cloudflare/latest/docs/guides/:path*,0.48502830,false,0.394
f73ad395b1183a26855d,content_based,3,/providers/ovh/ovh/latest/docs/guides/:path*,0.48502830,false,0.394
f8006fd2753a6b8a1b17,content_based,1,/android/build-a-backend/restapi/existing-resources,0.40727228,false,0.429
f8006fd2753a6b8a1b17,content_based,2,/gen1/android/prev/build-a-backend/more-features/analytics/existing-resources,0.39310157,false,0.429
f8006fd2753a6b8a1b17,content_based,3,/gen1/android/prev/build-a-backend/auth/existing-resources,0.39009386,false,0.429
f810647d22c71e0ae468,content_based,1,/examples/importing_json,0.55085862,false,0.424
f810647d22c71e0ae468,content_based,2,/examples/kv,0.52734172,false,0.424
f810647d22c71e0ae468,content_based,3,/examples/writing_files,0.47212052,true,0.424
f8bb5601963419428b3d,content_based,1,/providers/oracle/oci/latest/docs/guides/:path*,0.48502830,true,0.476
f8bb5601963419428b3d,content_based,2,/providers/ovh/ovh/latest/docs/guides/:path*,0.48502830,false,0.476
f8bb5601963419428b3d,content_based,3,/providers/fastly/fastly/latest/docs/guides/:path*,0.48502830,false,0.476
f8d9db9bd4ebee5f1db3,content_based,1,/providers/packethost/packet/latest/docs/data-sources/:path*,0.48502830,true,0.408
f8d9db9bd4ebee5f1db3,content_based,2,/providers/ovh/ovh/latest/docs/guides/:path*,0.48502830,false,0.408
f8d9db9bd4ebee5f1db3,content_based,3,/providers/akamai/akamai/latest/docs/resources/:path*,0.48502830,false,0.408
f8fbdeb4c03da7b3c979,content_based,1,/gen1/javascript/build-ui/uibuilder,0.99633551,true,0.544
f8fbdeb4c03da7b3c979,content_based,2,/gen1/javascript/prev/build-a-backend/auth/under-the-hood,0.63953829,false,0.544
f8fbdeb4c03da7b3c979,content_based,3,/gen1/javascript/build-a-backend/server-side-rendering/nuxt,0.61054841,false,0.544
f903a463f4b20134c49a,content_based,1,/android/build-a-backend/auth/managing-attributes,0.73484516,false,167.198
f903a463f4b20134c49a,content_based,2,/gen1/android/build-a-backend/auth/switch-auth,0.72500765,false,167.198
f903a463f4b20134c49a,content_based,3,/android/build-a-backend/auth/app-uninstall,0.57600081,false,167.198
f926cc2f37ef11d76ae1,content_based,1,/de/concepts/why-astro,0.86378181,false,0.506
f926cc2f37ef11d76ae1,content_based,2,/de/concepts/islands,0.85877800,false,0.506
f926cc2f37ef11d76ae1,content_based,3,/en/concepts/islands,0.74890822,true,0.506
f9564d26c6796b84d57b,content_based,1,/android/start/getting-started/generate-model,0.55953246,true,0.374
f9564d26c6796b84d57b,content_based,2,/android/start/getting-started/integrate,0.55748820,false,0.374
f9564d26c6796b84d57b,content_based,3,/android/start/getting-started/setup,0.49770352,false,0.374
f97a7293acb92180f976,content_based,1,/language/upgrade-guides/0-13,0.65826446,false,0.442
f97a7293acb92180f976,content_based,2,/language/upgrade-guides/0-15,0.65231484,false,0.442
f97a7293acb92180f976,content_based,3,/language/v1.1.x/upgrade-guides/0-15,0.65231484,false,0.442
f97c9c94a1b9f61bb00e,content_based,1,/gen1/<platform>/build-a-backend/storage/import,0.99532700,true,0.417
f97c9c94a1b9f61bb00e,content_based,2,/gen1/<platform>/build-a-backend/storage/configure-storage,0.82070363,false,0.417
f97c9c94a1b9f61bb00e,content_based,3,/android/build-a-backend/storage/upload,0.65016067,false,0.417
f99777adb90d1b664b3f,content_based,1,/providers/hashicorp/time/latest/docs/guides/:path*,0.48502830,true,0.407
f99777adb90d1b664b3f,content_based,2,/providers/ovh/ovh/latest/docs/guides/:path*,0.48502830,false,0.407
f99777adb90d1b664b3f,content_based,3,/providers/fastly/fastly/latest/docs/guides/:path*,0.48502830,false,0.407
fa3e26a9da05dc0f2d73,content_based,1,/flux/installation,0.89891255,true,0.460
fa3e26a9da05dc0f2d73,content_based,2,/en/flux/installation/_index,0.89891255,false,0.460
fa3e26a9da05dc0f2d73,content_based,3,/en/flux/installation/upgrade,0.85443246,false,0.460
faf10d14621e00f67ce9,content_based,1,/flutter/build-a-backend/auth/manage-mfa,0.83125114,false,0.474
faf10d14621e00f67ce9,content_based,2,/android/sdk/auth/federated-identities,0.64575581,false,0.474
faf10d14621e00f67ce9,content_based,3,/android/sdk/auth/getting-started,0.54544520,false,0.474
fb1caeb3c3ec12febcdd,content_based,1,/android/start/getting-started/installation,0.54123569,false,0.448
fb1caeb3c3ec12febcdd,content_based,2,/gen1/<platform>/tools/cli/<page>,0.50009513,false,0.448
fb1caeb3c3ec12febcdd,content_based,3,/gen1/<platform>/tools/console,0.46926653,false,0.448
fb54184fa62d0d454587,content_based,1,/android/build-a-backend/auth/set-up-auth,0.54379535,false,0.481
fb54184fa62d0d454587,content_based,2,/flutter/build-a-backend/auth/set-up-auth,0.54379535,false,0.481
fb54184fa62d0d454587,content_based,3,/android/build-a-backend/auth/sign-in-with-web-ui,0.42332497,false,0.481
fb7fd9de6b0a578b50cd,content_based,1,/gen1/javascript/prev/build-a-backend/more-features/analytics/record-events,0.37660602,false,0.422
fb7fd9de6b0a578b50cd,content_based,2,/android/build-a-backend/more-features/analytics/identify-user,0.37274909,false,0.422
fb7fd9de6b0a578b50cd,content_based,3,/android/sdk/auth/federated-identities,0.36613871,false,0.422
fbb44eeb88b40b79ed8a,content_based,1,/angular/build-a-backend/more-features/datastore/conflict-resolution,0.78141928,false,0.411
fbb44eeb88b40b79ed8a,content_based,2,/angular/build-a-backend/more-features/predictions/identify-text,0.74863851,false,0.411
fbb44eeb88b40b79ed8a,content_based,3,/angular/build-a-backend,0.73130345,false,0.411
fc746a53136157591072,content_based,1,/providers/grafana/grafana/latest/docs/resources/:path*,0.48502830,false,0.418
fc746a53136157591072,content_based,2,/providers/grafana/grafana/latest/docs,0.48502830,false,0.418
fc746a53136157591072,content_based,3,/providers/grafana/grafana/latest/docs/data-sources/:path*,0.48502830,true,0.418
fc88319279eaea7fb49f,content_based,1,/providers/gridscale/gridscale/latest/docs/guides/:path*,0.48502830,false,0.408
fc88319279eaea7fb49f,content_based,2,/providers/gridscale/gridscale/latest/docs,0.48502830,false,0.408
fc88319279eaea7fb49f,content_based,3,/providers/gridscale/gridscale/latest/docs/data-sources/:path*,0.48502830,true,0.408
fcf46ebbe82e517067e0,content_based,1,/providers/DNSMadeEasy/dme/latest/docs/guides/:path*,0.48502830,false,0.437
fcf46ebbe82e517067e0,content_based,2,/providers/DNSMadeEasy/dme/latest/docs/data-sources/:path*,0.48502830,true,0.437
fcf46ebbe82e517067e0,content_based,3,/providers/ovh/ovh/latest/docs/guides/:path*,0.48502830,false,0.437
fd1975fa7752d6d6013a,content_based,1,/gen1/<platform>/build-a-backend/storage/configure-storage,0.58520997,false,0.419
fd1975fa7752d6d6013a,content_based,2,/gen1/<platform>/build-a-backend/storage/import,0.58071488,false,0.419
fd1975fa7752d6d6013a,content_based,3,/gen1/android/prev/build-a-backend/storage/existing-resources,0.51552570,false,0.419
fd75af1ef9cf06bfaa9f,content_based,1,/language/upgrade-guides/0-13,0.65826446,false,0.452
fd75af1ef9cf06bfaa9f,content_based,2,/language/upgrade-guides/0-15,0.65231484,false,0.452
fd75af1ef9cf06bfaa9f,content_based,3,/language/v1.1.x/upgrade-guides/0-11,0.64905953,false,0.452
fda18708340fe495781e,content_based,1,/language/upgrade-guides/0-13,0.65826446,false,0.434
fda18708340fe495781e,content_based,2,/language/upgrade-guides/0-15,0.65231484,true,0.434
fda18708340fe495781e,content_based,3,/language/v1.1.x/upgrade-guides/0-15,0.65231484,false,0.434
fdca15e6babe1dc81a97,content_based,1,/android/start/getting-started/installation,0.72082651,false,137.425
fdca15e6babe1dc81a97,content_based,2,/android/start/getting-started/nextsteps,0.64418457,false,137.425
fdca15e6babe1dc81a97,content_based,3,/android/start/getting-started/setup,0.64182353,false,137.425
fe2461f7604a82d6370e,content_based,1,/docs/extend/writing-custom-providers.html,0.59183007,false,0.412
fe2461f7604a82d6370e,content_based,2,/providers/heroku/heroku/latest/docs,0.56474638,true,0.412
fe2461f7604a82d6370e,content_based,3,/providers/linode/linode/latest/docs,0.56474638,false,0.412
ff3807b2cec0edc5de9d,content_based,1,/providers/exoscale/exoscale/latest/docs/resources/:path*,0.48502830,true,0.529
ff3807b2cec0edc5de9d,content_based,2,/providers/scaleway/scaleway/latest/docs/resources/:path*,0.48502830,false,0.529
ff3807b2cec0edc5de9d,content_based,3,/providers/scaleway/scaleway/latest/docs/guides/:path*,0.48502830,false,0.529
ff49e24b66963d4039ca,content_based,1,/en/blog/2021-01-06-january-update,0.99722713,false,0.584
ff49e24b66963d4039ca,content_based,2,/en/blog/2021-02-01-february-update,0.92766595,false,0.584
ff49e24b66963d4039ca,content_based,3,/en/blog/2021-03-01-march-update,0.92343509,false,0.584
ff60cf6174c9294c1eef,content_based,1,/android/build-a-backend/graphqlapi/relational-models,0.78336906,false,145.786
ff60cf6174c9294c1eef,content_based,2,/gen1/flutter/prev/build-a-backend/graphqlapi/query-data,0.63172215,false,145.786
ff60cf6174c9294c1eef,content_based,3,/gen1/android/prev/build-a-backend/graphqlapi/query-data,0.63172215,false,145.786
ff783efabb9eb9483717,content_based,1,/android/build-a-backend/restapi/set-up-rest-api,0.76806128,false,0.434
ff783efabb9eb9483717,content_based,2,/android/build-a-backend/restapi,0.75587833,false,0.434
ff783efabb9eb9483717,content_based,3,/gen1/flutter/prev/build-a-backend/restapi/set-up-rest-api,0.69948453,false,0.434
ff7e1c721142b018fab5,content_based,1,/gen1/angular/prev/start/project-setup/create-application,0.41981981,false,0.445
ff7e1c721142b018fab5,content_based,2,/gen1/android/prev/build-a-backend/more-features/predictions/set-up-predictions,0.37440711,false,0.445
ff7e1c721142b018fab5,content_based,3,/android/build-a-backend/push-notifications/set-up-push-notifications,0.36219725,false,0.445
ffcb95a14923a697c2c7,content_based,1,/gen1/<platform>/build-a-backend/graphqlapi/<page>,0.93161142,false,225.000
ffcb95a14923a697c2c7,content_based,2,/gen1/<platform>/build-a-backend/restapi,0.93115377,false,225.000
ffcb95a14923a697c2c7,content_based,3,/gen1/<platform>/build-a-backend/utilities,0.93003929,false,225.000
ffde24bf0a4ee05bfc6f,content_based,1,/gen1/javascript/prev,0.98995864,false,0.429
ffde24bf0a4ee05bfc6f,content_based,2,/gen1/angular/prev,0.98995864,false,0.429
ffde24bf0a4ee05bfc6f,content_based,3,/gen1/<platform>/prev/start/<page>,0.89686370,false,0.429
