pair_id,method,rank,candidate_url_path,score,is_correct,runtime_ms
001cb53b16c607df87b6,slug_only,1,/,0.00000000,false,5.584
001cb53b16c607df87b6,slug_only,2,/404/index.html,0.00000000,false,5.584
001cb53b16c607df87b6,slug_only,3,/<platform>/build-a-backend/auth/connect-your-frontend/manage-user-sessions,0.00000000,false,5.584
004d614e717e6cf84e19,slug_only,1,/gen1/android/prev/build-a-backend/storage,0.80000000,false,2.854
004d614e717e6cf84e19,slug_only,2,/gen1/<platform>/build-a-backend/storage/configure-storage,0.12500000,false,2.854
004d614e717e6cf84e19,slug_only,3,/gen1/flutter/prev/build-a-backend/storage/set-up-storage,0.08333333,false,2.854
00853681aa1108183968,slug_only,1,/examples/tutorials/module_metadata,1.00000000,false,3.224
00853681aa1108183968,slug_only,2,/examples/module_metadata_tutorial,0.16666667,true,3.224
00853681aa1108183968,slug_only,3,/examples/tutorials/apollo,0.10000000,false,3.224
00d64736ed148f216535,slug_only,1,/gen1/flutter/build-a-backend/troubleshooting/upgrade-amplify-packages,0.05000000,false,2.923
00d64736ed148f216535,slug_only,2,/gen1/javascript/build-a-backend/troubleshooting/upgrade-amplify-packages,0.05000000,false,2.923
00d64736ed148f216535,slug_only,3,/,0.00000000,false,2.923
00f03d49daca0d2692d4,slug_only,1,/,0.00000000,false,2.978
00f03d49daca0d2692d4,slug_only,2,/404/index.html,0.00000000,false,2.978
00f03d49daca0d2692d4,slug_only,3,/<platform>/build-a-backend/auth/connect-your-frontend/manage-user-sessions,0.00000000,false,2.978
00fa09a9cedcc9fd0768,slug_only,1,/.github/pull_request_template,0.00000000,false,2.688
00fa09a9cedcc9fd0768,slug_only,2,/MIGRATION,0.00000000,false,2.688
00fa09a9cedcc9fd0768,slug_only,3,/README,0.00000000,false,2.688
010e6c850d34c5eb762f,slug_only,1,/,0.00000000,false,2.909
010e6c850d34c5eb762f,slug_only,2,/404/index.html,0.00000000,false,2.909
010e6c850d34c5eb762f,slug_only,3,/<platform>/build-a-backend/auth/connect-your-frontend/manage-user-sessions,0.00000000,false,2.909
0197e48921d188ed9419,slug_only,1,/,0.00000000,false,2.985
0197e48921d188ed9419,slug_only,2,/404/index.html,0.00000000,false,2.985
0197e48921d188ed9419,slug_only,3,/<platform>/build-a-backend/auth/connect-your-frontend/manage-user-sessions,0.00000000,false,2.985
01b23220ba48a564831e,slug_only,1,/:lang/guides/astro-db,0.10000000,false,2.726
01b23220ba48a564831e,slug_only,2,/:lang/guides/backend/appwrite,0.10000000,true,2.726
01b23220ba48a564831e,slug_only,3,/:lang/guides/backend/firebase,0.10000000,false,2.726
01bae2941f127beacb85,slug_only,1,/,0.00000000,false,2.913
01bae2941f127beacb85,slug_only,2,/404/index.html,0.00000000,false,2.913
01bae2941f127beacb85,slug_only,3,/<platform>/build-a-backend/auth/connect-your-frontend/manage-user-sessions,0.00000000,false,2.913
01e28b9ddf46396f5e2a,slug_only,1,/<platform>/build-a-backend/auth/connect-your-frontend/sign-up,0.90000000,false,3.008
01e28b9ddf46396f5e2a,slug_only,2,/gen1/javascript/prev/build-a-backend/auth/enable-sign-up,0.16666667,false,3.008
01e28b9ddf46396f5e2a,slug_only,3,/android/build-a-backend/auth/sign-out,0.08333333,false,3.008
01f98ecac95ed598cbeb,slug_only,1,/gen1/javascript/build-a-backend/storage/storage-v5-to-v6-migration-guide,0.17857143,false,3.149
01f98ecac95ed598cbeb,slug_only,2,/android/build-a-backend/restapi,0.04166667,false,3.149
01f98ecac95ed598cbeb,slug_only,3,/angular/getting-started/migration,0.04166667,false,3.149
02889599579c92896fa8,slug_only,1,/,0.00000000,false,2.944
02889599579c92896fa8,slug_only,2,/404/index.html,0.00000000,false,2.944
02889599579c92896fa8,slug_only,3,/<platform>/build-a-backend/auth/connect-your-frontend/manage-user-sessions,0.00000000,false,2.944
0293d463a0d4b9ea0219,slug_only,1,/providers/AviatrixSystems/aviatrix/latest/docs/data-sources/:path*,0.80000000,false,2.669
0293d463a0d4b9ea0219,slug_only,2,/providers/AviatrixSystems/aviatrix/latest/docs/guides/:path*,0.80000000,false,2.669
0293d463a0d4b9ea0219,slug_only,3,/providers/AviatrixSystems/aviatrix/latest/docs/resources/:path*,0.80000000,false,2.669
0298ecd8cb6702312664,slug_only,1,/flutter,0.80000000,false,2.877
0298ecd8cb6702312664,slug_only,2,/,0.00000000,false,2.877
0298ecd8cb6702312664,slug_only,3,/404/index.html,0.00000000,false,2.877
02eaa3001fdc29386822,slug_only,1,/flutter,0.80000000,false,3.316
02eaa3001fdc29386822,slug_only,2,/,0.00000000,false,3.316
02eaa3001fdc29386822,slug_only,3,/404/index.html,0.00000000,false,3.316
02ed5c29b5cc187afe9e,slug_only,1,/providers/AviatrixSystems/aviatrix/latest/docs/guides/:path*,0.90000000,false,2.660
02ed5c29b5cc187afe9e,slug_only,2,/providers/CheckPointSW/checkpoint/latest/docs/guides/:path*,0.90000000,false,2.660
02ed5c29b5cc187afe9e,slug_only,3,/providers/CiscoDevNet/mso/latest/docs/guides/:path*,0.90000000,false,2.660
0300474bd4a6c40be5a8,slug_only,1,/android/build-a-backend/storage/lambda-triggers,0.05000000,false,3.058
0300474bd4a6c40be5a8,slug_only,2,/gen1/android/prev/build-a-backend/storage/lambda-triggers,0.05000000,false,3.058
0300474bd4a6c40be5a8,slug_only,3,/,0.00000000,false,3.058
0314596dc31f9992764f,slug_only,1,/providers/AviatrixSystems/aviatrix/latest/docs/data-sources/:path*,0.80000000,false,2.608
0314596dc31f9992764f,slug_only,2,/providers/AviatrixSystems/aviatrix/latest/docs/guides/:path*,0.80000000,false,2.608
0314596dc31f9992764f,slug_only,3,/providers/AviatrixSystems/aviatrix/latest/docs/resources/:path*,0.80000000,false,2.608
035378592a6dd15192f8,slug_only,1,/providers/AviatrixSystems/aviatrix/latest/docs/data-sources/:path*,0.80000000,false,2.538
035378592a6dd15192f8,slug_only,2,/providers/AviatrixSystems/aviatrix/latest/docs/guides/:path*,0.80000000,false,2.538
035378592a6dd15192f8,slug_only,3,/providers/AviatrixSystems/aviatrix/latest/docs/resources/:path*,0.80000000,false,2.538
037262bb7b7ca6a13092,slug_only,1,/flutter,0.80000000,false,3.177
037262bb7b7ca6a13092,slug_only,2,/,0.00000000,false,3.177
037262bb7b7ca6a13092,slug_only,3,/404/index.html,0.00000000,false,3.177
03f60c72b6a795b01279,slug_only,1,/,0.00000000,false,2.963
03f60c72b6a795b01279,slug_only,2,/404/index.html,0.00000000,false,2.963
03f60c72b6a795b01279,slug_only,3,/<platform>/build-a-backend/auth/connect-your-frontend/manage-user-sessions,0.00000000,false,2.963
04165d74cedea7285298,slug_only,1,/.github/pull_request_template,0.00000000,false,2.675
04165d74cedea7285298,slug_only,2,/MIGRATION,0.00000000,false,2.675
04165d74cedea7285298,slug_only,3,/README,0.00000000,false,2.675
0439637d1accdf67cc97,slug_only,1,/en/flagger/tutorials/traefik-progressive-delivery,0.80000000,false,3.175
0439637d1accdf67cc97,slug_only,2,/flagger/tutorials/traefik-progressive-delivery,0.80000000,true,3.175
0439637d1accdf67cc97,slug_only,3,/en/flagger/tutorials/apisix-progressive-delivery,0.12500000,false,3.175
04713758e4327137f272,slug_only,1,/,0.00000000,false,2.791
04713758e4327137f272,slug_only,2,/404/index.html,0.00000000,false,2.791
04713758e4327137f272,slug_only,3,/<platform>/build-a-backend/auth/connect-your-frontend/manage-user-sessions,0.00000000,false,2.791
0473600a4f88dc268f62,slug_only,1,/.github/pull_request_template,0.00000000,false,2.526
0473600a4f88dc268f62,slug_only,2,/MIGRATION,0.00000000,false,2.526
0473600a4f88dc268f62,slug_only,3,/README,0.00000000,false,2.526
04ca74ad1f6332b0cecf,slug_only,1,/providers/AviatrixSystems/aviatrix/latest/docs/guides/:path*,0.90000000,true,2.585
04ca74ad1f6332b0cecf,slug_only,2,/providers/CheckPointSW/checkpoint/latest/docs/guides/:path*,0.90000000,false,2.585
04ca74ad1f6332b0cecf,slug_only,3,/providers/CiscoDevNet/mso/latest/docs/guides/:path*,0.90000000,false,2.585
04de8b1b5f816036a2bc,slug_only,1,/.github/pull_request_template,0.00000000,false,2.983
04de8b1b5f816036a2bc,slug_only,2,/MIGRATION,0.00000000,false,2.983
04de8b1b5f816036a2bc,slug_only,3,/README,0.00000000,false,2.983
04e2a742e1a26cf006a4,slug_only,1,/examples/unix_cat,0.25000000,true,2.698
04e2a742e1a26cf006a4,slug_only,2,/404,0.00000000,false,2.698
04e2a742e1a26cf006a4,slug_only,3,/README,0.00000000,false,2.698
05283c511ee27b79b39b,slug_only,1,/providers/AviatrixSystems/aviatrix/latest/docs/data-sources/:path*,0.80000000,false,2.813
05283c511ee27b79b39b,slug_only,2,/providers/AviatrixSystems/aviatrix/latest/docs/guides/:path*,0.80000000,false,2.813
05283c511ee27b79b39b,slug_only,3,/providers/AviatrixSystems/aviatrix/latest/docs/resources/:path*,0.80000000,false,2.813
054944f3f05fa5083bdc,slug_only,1,/,0.00000000,false,2.986
054944f3f05fa5083bdc,slug_only,2,/404/index.html,0.00000000,false,2.986
054944f3f05fa5083bdc,slug_only,3,/<platform>/build-a-backend/auth/connect-your-frontend/manage-user-sessions,0.00000000,false,2.986
05ce0be692b0dad98a06,slug_only,1,/,0.00000000,false,3.046
05ce0be692b0dad98a06,slug_only,2,/404/index.html,0.00000000,false,3.046
05ce0be692b0dad98a06,slug_only,3,/<platform>/build-a-backend/auth/connect-your-frontend/manage-user-sessions,0.00000000,false,3.046
0606b0094ec609100f24,slug_only,1,/,0.00000000,false,2.761
0606b0094ec609100f24,slug_only,2,/404/index.html,0.00000000,false,2.761
0606b0094ec609100f24,slug_only,3,/<platform>/build-a-backend/auth/connect-your-frontend/manage-user-sessions,0.00000000,false,2.761
066bb039d6ff9bb1988e,slug_only,1,/,0.00000000,false,2.948
066bb039d6ff9bb1988e,slug_only,2,/404/index.html,0.00000000,false,2.948
066bb039d6ff9bb1988e,slug_only,3,/<platform>/build-a-backend/auth/connect-your-frontend/manage-user-sessions,0.00000000,false,2.948
0777eeeaff625da13101,slug_only,1,/.github/pull_request_template,0.00000000,false,2.631
0777eeeaff625da13101,slug_only,2,/MIGRATION,0.00000000,false,2.631
0777eeeaff625da13101,slug_only,3,/README,0.00000000,false,2.631
07beaaf21d2dbefb93b0,slug_only,1,/404,0.00000000,false,2.685
07beaaf21d2dbefb93b0,slug_only,2,/README,0.00000000,false,2.685
07beaaf21d2dbefb93b0,slug_only,3,/ai,0.00000000,false,2.685
081586ce9f497e92dc59,slug_only,1,/,0.00000000,false,3.436
081586ce9f497e92dc59,slug_only,2,/404/index.html,0.00000000,false,3.436
081586ce9f497e92dc59,slug_only,3,/<platform>/build-a-backend/auth/connect-your-frontend/manage-user-sessions,0.00000000,false,3.436
081a3d765b551c35808f,slug_only,1,/flutter/build-a-backend/graphqlapi/query-data,0.90000000,false,5.434
081a3d765b551c35808f,slug_only,2,/gen1/android/prev/build-a-backend/graphqlapi/query-data,0.90000000,false,5.434
081a3d765b551c35808f,slug_only,3,/gen1/flutter/prev/build-a-backend/graphqlapi/query-data,0.90000000,false,5.434
0829a3f8668fedf8090a,slug_only,1,/,0.00000000,false,3.222
0829a3f8668fedf8090a,slug_only,2,/404/index.html,0.00000000,false,3.222
0829a3f8668fedf8090a,slug_only,3,/<platform>/build-a-backend/auth/connect-your-frontend/manage-user-sessions,0.00000000,false,3.222
08a051a090ee82111d67,slug_only,1,/en/flux/installation/configuration/sharding,0.80000000,false,2.772
08a051a090ee82111d67,slug_only,2,/flux/installation/configuration/sharding,0.80000000,true,2.772
08a051a090ee82111d67,slug_only,3,/CODE_OF_CONDUCT,0.00000000,false,2.772
08d23ee78d112ab6d9f8,slug_only,1,/:lang/tutorial/6-islands/4,0.25000000,false,2.520
08d23ee78d112ab6d9f8,slug_only,2,/de/tutorial/0-introduction/1,0.25000000,false,2.520
08d23ee78d112ab6d9f8,slug_only,3,/de/tutorial/1-setup/1,0.25000000,false,2.520
08da8f5882f669f3c296,slug_only,1,/,0.00000000,false,3.402
08da8f5882f669f3c296,slug_only,2,/404/index.html,0.00000000,false,3.402
08da8f5882f669f3c296,slug_only,3,/<platform>/build-a-backend/auth/connect-your-frontend/manage-user-sessions,0.00000000,false,3.402
08e474cbcbdd012f91d4,slug_only,1,/,0.00000000,false,3.253
08e474cbcbdd012f91d4,slug_only,2,/404/index.html,0.00000000,false,3.253
08e474cbcbdd012f91d4,slug_only,3,/<platform>/build-a-backend/auth/connect-your-frontend/manage-user-sessions,0.00000000,false,3.253
08fb960e63f04143fd1d,slug_only,1,/examples/tutorials/hashbang,1.00000000,false,15.412
08fb960e63f04143fd1d,slug_only,2,/examples/hashbang_tutorial,0.12500000,true,15.412
08fb960e63f04143fd1d,slug_only,3,/examples/tutorials/apollo,0.10000000,false,15.412
092c7e53c7c26e840f97,slug_only,1,/,0.00000000,false,2.952
092c7e53c7c26e840f97,slug_only,2,/404/index.html,0.00000000,false,2.952
092c7e53c7c26e840f97,slug_only,3,/<platform>/build-a-backend/auth/connect-your-frontend/manage-user-sessions,0.00000000,false,2.952
09391bc2e488f4aec6e7,slug_only,1,/,0.00000000,false,9.886
09391bc2e488f4aec6e7,slug_only,2,/404/index.html,0.00000000,false,9.886
09391bc2e488f4aec6e7,slug_only,3,/<platform>/build-a-backend/auth/connect-your-frontend/manage-user-sessions,0.00000000,false,9.886
09f78315996b8e973a2d,slug_only,1,/providers/AviatrixSystems/aviatrix/latest/docs/data-sources/:path*,0.80000000,false,5.410
09f78315996b8e973a2d,slug_only,2,/providers/AviatrixSystems/aviatrix/latest/docs/guides/:path*,0.80000000,false,5.410
09f78315996b8e973a2d,slug_only,3,/providers/AviatrixSystems/aviatrix/latest/docs/resources/:path*,0.80000000,false,5.410
0a2cfa024f8ad67a8b17,slug_only,1,/,0.00000000,false,4.685
0a2cfa024f8ad67a8b17,slug_only,2,/404/index.html,0.00000000,false,4.685
0a2cfa024f8ad67a8b17,slug_only,3,/<platform>/build-a-backend/auth/connect-your-frontend/manage-user-sessions,0.00000000,false,4.685
0a4e706aa1db9e37ac6e,slug_only,1,/flutter,0.80000000,false,2.942
0a4e706aa1db9e37ac6e,slug_only,2,/,0.00000000,false,2.942
0a4e706aa1db9e37ac6e,slug_only,3,/404/index.html,0.00000000,false,2.942
0a7ff03f0bc1e3f5c012,slug_only,1,/,0.00000000,false,5.263
0a7ff03f0bc1e3f5c012,slug_only,2,/404/index.html,0.00000000,false,5.263
0a7ff03f0bc1e3f5c012,slug_only,3,/<platform>/build-a-backend/auth/connect-your-frontend/manage-user-sessions,0.00000000,false,5.263
0ab6f43e3d320a1de7d2,slug_only,1,/,0.00000000,false,2.986
0ab6f43e3d320a1de7d2,slug_only,2,/404/index.html,0.00000000,false,2.986
0ab6f43e3d320a1de7d2,slug_only,3,/<platform>/build-a-backend/auth/connect-your-frontend/manage-user-sessions,0.00000000,false,2.986
0ae4f25d2448c12aa790,slug_only,1,/,0.00000000,false,2.941
0ae4f25d2448c12aa790,slug_only,2,/404/index.html,0.00000000,false,2.941
0ae4f25d2448c12aa790,slug_only,3,/<platform>/build-a-backend/auth/connect-your-frontend/manage-user-sessions,0.00000000,false,2.941
0b71df3d38e51b3702e6,slug_only,1,/gen1/<platform>/tools/cli-legacy,0.08333333,false,3.006
0b71df3d38e51b3702e6,slug_only,2,/,0.00000000,false,3.006
0b71df3d38e51b3702e6,slug_only,3,/404/index.html,0.00000000,false,3.006
0b75cf559825f49260a7,slug_only,1,/,0.00000000,false,5.172
0b75cf559825f49260a7,slug_only,2,/404/index.html,0.00000000,false,5.172
0b75cf559825f49260a7,slug_only,3,/<platform>/build-a-backend/auth/connect-your-frontend/manage-user-sessions,0.00000000,false,5.172
0b8e4a0955ef03d86450,slug_only,1,/,0.00000000,false,2.901
0b8e4a0955ef03d86450,slug_only,2,/404/index.html,0.00000000,false,2.901
0b8e4a0955ef03d86450,slug_only,3,/<platform>/build-a-backend/auth/connect-your-frontend/manage-user-sessions,0.00000000,false,2.901
0b8fecf5013aa23d6fc4,slug_only,1,/,0.00000000,false,3.067
0b8fecf5013aa23d6fc4,slug_only,2,/404/index.html,0.00000000,false,3.067
0b8fecf5013aa23d6fc4,slug_only,3,/<platform>/build-a-backend/auth/connect-your-frontend/manage-user-sessions,0.00000000,false,3.067
0b9278049f7883b31b23,slug_only,1,/,0.00000000,false,8.011
0b9278049f7883b31b23,slug_only,2,/404/index.html,0.00000000,false,8.011
0b9278049f7883b31b23,slug_only,3,/<platform>/build-a-backend/auth/connect-your-frontend/manage-user-sessions,0.00000000,false,8.011
0bd4077c5423a5c37d1a,slug_only,1,/,0.00000000,false,5.302
0bd4077c5423a5c37d1a,slug_only,2,/404/index.html,0.00000000,false,5.302
0bd4077c5423a5c37d1a,slug_only,3,/<platform>/build-a-backend/auth/connect-your-frontend/manage-user-sessions,0.00000000,false,5.302
0c463bff126b36f04656,slug_only,1,/,0.00000000,false,2.990
0c463bff126b36f04656,slug_only,2,/404/index.html,0.00000000,false,2.990
0c463bff126b36f04656,slug_only,3,/<platform>/build-a-backend/auth/connect-your-frontend/manage-user-sessions,0.00000000,false,2.990
0c8f2815cc41fd66a8e4,slug_only,1,/gen1/javascript/prev/build-a-backend/graphqlapi/customize-authz-modes,0.90000000,false,3.131
0c8f2815cc41fd66a8e4,slug_only,2,/gen1/flutter/prev/build-a-backend/restapi/customize-authz,0.16666667,false,3.131
0c8f2815cc41fd66a8e4,slug_only,3,/flutter/build-a-backend/more-features/datastore/authz-rules-setup,0.05000000,false,3.131
0cad0f54afbafb245b25,slug_only,1,/,0.00000000,false,3.551
0cad0f54afbafb245b25,slug_only,2,/404/index.html,0.00000000,false,3.551
0cad0f54afbafb245b25,slug_only,3,/<platform>/build-a-backend/auth/connect-your-frontend/manage-user-sessions,0.00000000,false,3.551
0cb3f453f294af042969,slug_only,1,/,0.00000000,false,4.134
0cb3f453f294af042969,slug_only,2,/404/index.html,0.00000000,false,4.134
0cb3f453f294af042969,slug_only,3,/<platform>/build-a-backend/auth/connect-your-frontend/manage-user-sessions,0.00000000,false,4.134
0cc95a7d27cc58f6bc12,slug_only,1,/gen1/javascript/prev/build-a-backend/auth/enable-sign-up,0.90000000,false,5.411
0cc95a7d27cc58f6bc12,slug_only,2,/<platform>/build-a-backend/auth/connect-your-frontend/sign-up,0.26666667,true,5.411
0cc95a7d27cc58f6bc12,slug_only,3,/gen1/android/prev/build-a-backend/auth/enable-sign-in,0.12500000,false,5.411
0d3fbfe86fedb110f062,slug_only,1,/language/v1.1.x/upgrade-guides/1-0,0.90000000,true,5.027
0d3fbfe86fedb110f062,slug_only,2,/language/upgrade-guides/0-8,0.25000000,false,5.027
0d3fbfe86fedb110f062,slug_only,3,/language/upgrade-guides/0-9,0.25000000,false,5.027
0d65c595712599d32031,slug_only,1,/,0.00000000,false,2.947
0d65c595712599d32031,slug_only,2,/404/index.html,0.00000000,false,2.947
0d65c595712599d32031,slug_only,3,/<platform>/build-a-backend/auth/connect-your-frontend/manage-user-sessions,0.00000000,false,2.947
0db156ab735c14b01d5c,slug_only,1,/en/flagger/tutorials/istio-ab-testing,0.16666667,false,2.953
0db156ab735c14b01d5c,slug_only,2,/flagger/tutorials/istio-ab-testing,0.16666667,true,2.953
0db156ab735c14b01d5c,slug_only,3,/flagger/usage/how-it-works,0.10000000,false,2.953
0dc4371edf26705dce8b,slug_only,1,/flutter,0.80000000,false,5.249
0dc4371edf26705dce8b,slug_only,2,/,0.00000000,false,5.249
0dc4371edf26705dce8b,slug_only,3,/404/index.html,0.00000000,false,5.249
0dfbd2a8112553531237,slug_only,1,/providers/AviatrixSystems/aviatrix/latest/docs/data-sources/:path*,0.80000000,false,3.747
0dfbd2a8112553531237,slug_only,2,/providers/AviatrixSystems/aviatrix/latest/docs/guides/:path*,0.80000000,false,3.747
0dfbd2a8112553531237,slug_only,3,/providers/AviatrixSystems/aviatrix/latest/docs/resources/:path*,0.80000000,false,3.747
0e0ee77212b9a4b28eee,slug_only,1,/android/build-a-backend/storage/lambda-triggers,0.05000000,false,3.097
0e0ee77212b9a4b28eee,slug_only,2,/gen1/android/prev/build-a-backend/storage/lambda-triggers,0.05000000,false,3.097
0e0ee77212b9a4b28eee,slug_only,3,/,0.00000000,false,3.097
0e103d0501ab1bfdd80e,slug_only,1,/gen1/<platform>/build-a-backend/push-notifications,0.90000000,true,3.098
0e103d0501ab1bfdd80e,slug_only,2,/android/build-a-backend/push-notifications/set-up-push-notifications,0.12500000,false,3.098
0e103d0501ab1bfdd80e,slug_only,3,/<platform>/build-a-backend/auth/connect-your-frontend/manage-user-sessions,0.10000000,false,3.098
0e23c138bdabfb6b97b7,slug_only,1,/providers/AviatrixSystems/aviatrix/latest/docs/data-sources/:path*,0.80000000,false,2.700
0e23c138bdabfb6b97b7,slug_only,2,/providers/AviatrixSystems/aviatrix/latest/docs/guides/:path*,0.80000000,false,2.700
0e23c138bdabfb6b97b7,slug_only,3,/providers/AviatrixSystems/aviatrix/latest/docs/resources/:path*,0.80000000,false,2.700
0ec6580aa51a97815cc5,slug_only,1,/language/v1.2.x/settings/backends/swift,0.90000000,true,2.629
0ec6580aa51a97815cc5,slug_only,2,/.github/pull_request_template,0.00000000,false,2.629
0ec6580aa51a97815cc5,slug_only,3,/MIGRATION,0.00000000,false,2.629
0ed847f65329df3dc0e7,slug_only,1,/,0.00000000,false,3.076
0ed847f65329df3dc0e7,slug_only,2,/404/index.html,0.00000000,false,3.076
0ed847f65329df3dc0e7,slug_only,3,/<platform>/build-a-backend/auth/connect-your-frontend/manage-user-sessions,0.00000000,false,3.076
0f4ee9ebd19f639e5811,slug_only,1,/,0.00000000,false,3.081
0f4ee9ebd19f639e5811,slug_only,2,/404/index.html,0.00000000,false,3.081
0f4ee9ebd19f639e5811,slug_only,3,/<platform>/build-a-backend/auth/connect-your-frontend/manage-user-sessions,0.00000000,false,3.081
0f6a5f6b224914d11d59,slug_only,1,/,0.00000000,false,2.865
0f6a5f6b224914d11d59,slug_only,2,/404/index.html,0.00000000,false,2.865
0f6a5f6b224914d11d59,slug_only,3,/<platform>/build-a-backend/auth/connect-your-frontend/manage-user-sessions,0.00000000,false,2.865
0fb4c822dc3d7cd699ff,slug_only,1,/providers/AviatrixSystems/aviatrix/latest/docs/data-sources/:path*,0.80000000,false,2.672
0fb4c822dc3d7cd699ff,slug_only,2,/providers/AviatrixSystems/aviatrix/latest/docs/guides/:path*,0.80000000,false,2.672
0fb4c822dc3d7cd699ff,slug_only,3,/providers/AviatrixSystems/aviatrix/latest/docs/resources/:path*,0.80000000,false,2.672
0fd57ae51b347e550125,slug_only,1,/,0.00000000,false,6.730
0fd57ae51b347e550125,slug_only,2,/404/index.html,0.00000000,false,6.730
0fd57ae51b347e550125,slug_only,3,/<platform>/build-a-backend/auth/connect-your-frontend/manage-user-sessions,0.00000000,false,6.730
100e227726994caea679,slug_only,1,/:lang/basics/astro-components,0.04166667,false,2.942
100e227726994caea679,slug_only,2,/:lang/basics/astro-pages,0.04166667,false,2.942
100e227726994caea679,slug_only,3,/:lang/basics/astro-syntax,0.04166667,false,2.942
10a0c54301e199fa74d4,slug_only,1,/amplify-js/api,0.08333333,false,3.235
10a0c54301e199fa74d4,slug_only,2,/android/sdk/pubsub/working-api,0.06250000,false,3.235
10a0c54301e199fa74d4,slug_only,3,/android/build-a-backend/graphqlapi/api-graphql-concepts,0.05000000,false,3.235
10af0f22725240cb43de,slug_only,1,/angular/build-a-backend/troubleshooting/cdktoolkit-stack,0.12500000,false,3.340
10af0f22725240cb43de,slug_only,2,/flutter/build-a-backend/troubleshooting/cdktoolkit-stack,0.12500000,false,3.340
10af0f22725240cb43de,slug_only,3,/,0.00000000,false,3.340
10b410c084cc7c99a44f,slug_only,1,/providers/AviatrixSystems/aviatrix/latest/docs/guides/:path*,0.90000000,false,2.744
10b410c084cc7c99a44f,slug_only,2,/providers/CheckPointSW/checkpoint/latest/docs/guides/:path*,0.90000000,false,2.744
10b410c084cc7c99a44f,slug_only,3,/providers/CiscoDevNet/mso/latest/docs/guides/:path*,0.90000000,false,2.744
10ed6d90a0c561802930,slug_only,1,/examples/tcp_echo_server,0.16666667,true,2.774
10ed6d90a0c561802930,slug_only,2,/examples/tutorials/file_server,0.08333333,false,2.774
10ed6d90a0c561802930,slug_only,3,/examples/file_server_tutorial,0.06250000,false,2.774
10f7f017be91c9ae6f10,slug_only,1,/.github/pull_request_template,0.00000000,false,2.674
10f7f017be91c9ae6f10,slug_only,2,/MIGRATION,0.00000000,false,2.674
10f7f017be91c9ae6f10,slug_only,3,/README,0.00000000,false,2.674
11568e4abd2859da8699,slug_only,1,/,0.00000000,false,3.009
11568e4abd2859da8699,slug_only,2,/404/index.html,0.00000000,false,3.009
11568e4abd2859da8699,slug_only,3,/<platform>/build-a-backend/auth/connect-your-frontend/manage-user-sessions,0.00000000,false,3.009
11c3b0d4ce1923fb90f9,slug_only,1,/,0.00000000,false,3.043
11c3b0d4ce1923fb90f9,slug_only,2,/404/index.html,0.00000000,false,3.043
11c3b0d4ce1923fb90f9,slug_only,3,/<platform>/build-a-backend/auth/connect-your-frontend/manage-user-sessions,0.00000000,false,3.043
11d4814862ab66f85137,slug_only,1,/,0.00000000,false,5.320
11d4814862ab66f85137,slug_only,2,/404/index.html,0.00000000,false,5.320
11d4814862ab66f85137,slug_only,3,/<platform>/build-a-backend/auth/connect-your-frontend/manage-user-sessions,0.00000000,false,5.320
120f2ffef15f0db13c9a,slug_only,1,/flutter/build-a-backend/troubleshooting/cdktoolkit-stack,0.22500000,true,3.186
120f2ffef15f0db13c9a,slug_only,2,/angular/build-a-backend/troubleshooting/cdktoolkit-stack,0.12500000,false,3.186
120f2ffef15f0db13c9a,slug_only,3,/flutter/build-a-backend,0.10000000,false,3.186
121554be45b50212f6cd,slug_only,1,/flux/components/helm,0.10000000,false,2.876
121554be45b50212f6cd,slug_only,2,/flux/components/image,0.10000000,false,2.876
121554be45b50212f6cd,slug_only,3,/flux/components/kustomize,0.10000000,false,2.876
121c6f6ab1c9ef7a5459,slug_only,1,/,0.00000000,false,2.917
121c6f6ab1c9ef7a5459,slug_only,2,/404/index.html,0.00000000,false,2.917
121c6f6ab1c9ef7a5459,slug_only,3,/<platform>/build-a-backend/auth/connect-your-frontend/manage-user-sessions,0.00000000,false,2.917
12247d601d994d37d340,slug_only,1,/flutter/build-a-backend/push-notifications/interact-with-notifications,0.90000000,false,3.162
12247d601d994d37d340,slug_only,2,/android/build-a-backend/push-notifications/record-notifications,0.06250000,false,3.162
12247d601d994d37d340,slug_only,3,/android/build-a-backend/push-notifications/test-notifications,0.06250000,false,3.162
1233fb77e11f7ae10fdb,slug_only,1,/,0.00000000,false,2.944
1233fb77e11f7ae10fdb,slug_only,2,/404/index.html,0.00000000,false,2.944
1233fb77e11f7ae10fdb,slug_only,3,/<platform>/build-a-backend/auth/connect-your-frontend/manage-user-sessions,0.00000000,false,2.944
1241489af8c8a3208069,slug_only,1,/,0.00000000,false,2.933
1241489af8c8a3208069,slug_only,2,/404/index.html,0.00000000,false,2.933
1241489af8c8a3208069,slug_only,3,/<platform>/build-a-backend/auth/connect-your-frontend/manage-user-sessions,0.00000000,false,2.933
1298fdb2635a26713369,slug_only,1,/,0.00000000,false,3.167
1298fdb2635a26713369,slug_only,2,/404/index.html,0.00000000,false,3.167
1298fdb2635a26713369,slug_only,3,/<platform>/build-a-backend/auth/connect-your-frontend/manage-user-sessions,0.00000000,false,3.167
12aa61b71c0eac02bd06,slug_only,1,/angular/getting-started/migration,0.08333333,false,2.954
12aa61b71c0eac02bd06,slug_only,2,/<platform>/build-a-backend/auth/modify-resources-with-cdk,0.04166667,false,2.954
12aa61b71c0eac02bd06,slug_only,3,/angular/start/connect-to-aws-resources,0.04166667,false,2.954
12c61619ffcded51490d,slug_only,1,/,0.00000000,false,3.018
12c61619ffcded51490d,slug_only,2,/404/index.html,0.00000000,false,3.018
12c61619ffcded51490d,slug_only,3,/<platform>/build-a-backend/auth/connect-your-frontend/manage-user-sessions,0.00000000,false,3.018
1303fabc4bc3ec87632f,slug_only,1,/,0.00000000,false,3.739
1303fabc4bc3ec87632f,slug_only,2,/404/index.html,0.00000000,false,3.739
1303fabc4bc3ec87632f,slug_only,3,/<platform>/build-a-backend/auth/connect-your-frontend/manage-user-sessions,0.00000000,false,3.739
13e41a598db59574325d,slug_only,1,/:lang/guides/deploy/aws-via-flightcontrol,0.18333333,true,2.823
13e41a598db59574325d,slug_only,2,/:lang/guides/astro-db,0.10000000,false,2.823
13e41a598db59574325d,slug_only,3,/:lang/guides/backend/appwrite,0.10000000,false,2.823
141ba75db53e30751f3e,slug_only,1,/cloud-docs/policy-enforcement/sentinel/import/tfplan,0.90000000,true,2.673
141ba75db53e30751f3e,slug_only,2,/.github/pull_request_template,0.00000000,false,2.673
141ba75db53e30751f3e,slug_only,3,/MIGRATION,0.00000000,false,2.673
1426b16b526bce8e58c2,slug_only,1,/gen1/android/prev/build-a-backend,0.90000000,false,7.881
1426b16b526bce8e58c2,slug_only,2,/gen1/angular/prev/build-a-backend,0.90000000,false,7.881
1426b16b526bce8e58c2,slug_only,3,/gen1/flutter/prev/build-a-backend,0.90000000,false,7.881
144d3c606a9138891075,slug_only,1,/,0.00000000,false,3.026
144d3c606a9138891075,slug_only,2,/404/index.html,0.00000000,false,3.026
144d3c606a9138891075,slug_only,3,/<platform>/build-a-backend/auth/connect-your-frontend/manage-user-sessions,0.00000000,false,3.026
14f860b5c6f83425bcb6,slug_only,1,/.github/pull_request_template,0.00000000,false,2.732
14f860b5c6f83425bcb6,slug_only,2,/MIGRATION,0.00000000,false,2.732
14f860b5c6f83425bcb6,slug_only,3,/README,0.00000000,false,2.732
1550a07d896659bf3d80,slug_only,1,/examples/parsing_serializing_csv,0.25000000,true,3.419
1550a07d896659bf3d80,slug_only,2,/examples/parsing_serializing_json,0.12500000,false,3.419
1550a07d896659bf3d80,slug_only,3,/examples/parsing_serializing_yaml,0.12500000,false,3.419
15b9928b054ce96ebf07,slug_only,1,/android/deploy-and-host,0.04166667,false,3.106
15b9928b054ce96ebf07,slug_only,2,/,0.00000000,false,3.106
15b9928b054ce96ebf07,slug_only,3,/404/index.html,0.00000000,false,3.106
15c4d59d62e97dfdfe50,slug_only,1,/,0.00000000,false,4.010
15c4d59d62e97dfdfe50,slug_only,2,/404/index.html,0.00000000,false,4.010
15c4d59d62e97dfdfe50,slug_only,3,/<platform>/build-a-backend/auth/connect-your-frontend/manage-user-sessions,0.00000000,false,4.010
15ec0e975e5ed9071931,slug_only,1,/.github/pull_request_template,0.00000000,false,2.729
15ec0e975e5ed9071931,slug_only,2,/MIGRATION,0.00000000,false,2.729
15ec0e975e5ed9071931,slug_only,3,/README,0.00000000,false,2.729
1612069b21210be57f73,slug_only,1,/examples/import_export,0.25000000,true,2.802
1612069b21210be57f73,slug_only,2,/deploy/classic/api/dynamic-import,0.08333333,false,2.802
1612069b21210be57f73,slug_only,3,/404,0.00000000,false,2.802
169b4365048804bf775c,slug_only,1,/flutter,0.80000000,false,2.966
169b4365048804bf775c,slug_only,2,/,0.00000000,false,2.966
169b4365048804bf775c,slug_only,3,/404/index.html,0.00000000,false,2.966
16a458be50b2c5d9c92b,slug_only,1,/:lang/tutorial/6-islands/4,0.25000000,false,2.565
16a458be50b2c5d9c92b,slug_only,2,/de/tutorial/0-introduction/1,0.25000000,false,2.565
16a458be50b2c5d9c92b,slug_only,3,/de/tutorial/1-setup/1,0.25000000,false,2.565
16cae477060299632806,slug_only,1,/language/v1.1.x/upgrade-guides/1-0,0.90000000,true,2.553
16cae477060299632806,slug_only,2,/language/upgrade-guides/0-8,0.35000000,false,2.553
16cae477060299632806,slug_only,3,/language/upgrade-guides/0-9,0.35000000,false,2.553
16d56cdebfecec8d551d,slug_only,1,/gen1/<platform>/prev/start/<page>,0.90000000,true,2.927
16d56cdebfecec8d551d,slug_only,2,/gen1/<platform>/build-a-backend/graphqlapi/<page>,0.80000000,false,2.927
16d56cdebfecec8d551d,slug_only,3,/gen1/<platform>/build-a-backend/more-features/<page>,0.80000000,false,2.927
16d801e2f28374b726c2,slug_only,1,/en/flagger/tutorials/linkerd-progressive-delivery,0.80000000,false,3.081
16d801e2f28374b726c2,slug_only,2,/flagger/tutorials/linkerd-progressive-delivery,0.80000000,true,3.081
16d801e2f28374b726c2,slug_only,3,/en/flagger/tutorials/apisix-progressive-delivery,0.12500000,false,3.081
16dd17779970f33d9a1d,slug_only,1,/,0.00000000,false,2.926
16dd17779970f33d9a1d,slug_only,2,/404/index.html,0.00000000,false,2.926
16dd17779970f33d9a1d,slug_only,3,/<platform>/build-a-backend/auth/connect-your-frontend/manage-user-sessions,0.00000000,false,2.926
171e3b4170b0792c8725,slug_only,1,/.github/pull_request_template,0.00000000,false,2.697
171e3b4170b0792c8725,slug_only,2,/MIGRATION,0.00000000,false,2.697
171e3b4170b0792c8725,slug_only,3,/README,0.00000000,false,2.697
1763c12473d95e729458,slug_only,1,/examples/node_built_in,0.25000000,true,2.770
1763c12473d95e729458,slug_only,2,/api/node,0.08333333,false,2.770
1763c12473d95e729458,slug_only,3,/deploy/kv/node,0.08333333,false,2.770
176a11d03793b140e568,slug_only,1,/providers/AviatrixSystems/aviatrix/latest/docs/data-sources/:path*,0.80000000,false,2.670
176a11d03793b140e568,slug_only,2,/providers/AviatrixSystems/aviatrix/latest/docs/guides/:path*,0.80000000,false,2.670
176a11d03793b140e568,slug_only,3,/providers/AviatrixSystems/aviatrix/latest/docs/resources/:path*,0.80000000,false,2.670
177fff7f0b0eccd03fd8,slug_only,1,/,0.00000000,false,3.138
177fff7f0b0eccd03fd8,slug_only,2,/404/index.html,0.00000000,false,3.138
177fff7f0b0eccd03fd8,slug_only,3,/<platform>/build-a-backend/auth/connect-your-frontend/manage-user-sessions,0.00000000,false,3.138
17a5da92af3adedfad09,slug_only,1,/,0.00000000,true,2.749
17a5da92af3adedfad09,slug_only,2,/404/index.html,0.00000000,false,2.749
17a5da92af3adedfad09,slug_only,3,/<platform>/build-a-backend/auth/connect-your-frontend/manage-user-sessions,0.00000000,false,2.749
17a90a8462bb14b96f67,slug_only,1,/android/build-a-backend/graphqlapi/client-code-generation,0.08333333,false,2.862
17a90a8462bb14b96f67,slug_only,2,/,0.00000000,false,2.862
17a90a8462bb14b96f67,slug_only,3,/404/index.html,0.00000000,false,2.862
17a9770ffa264708627f,slug_only,1,/gen1/angular/build-a-backend/server-side-rendering/nextjs,0.05000000,false,3.479
17a9770ffa264708627f,slug_only,2,/android/build-a-backend/auth/app-uninstall,0.04166667,false,3.479
17a9770ffa264708627f,slug_only,3,/android/build-a-backend/graphqlapi/client-code-generation,0.03571429,false,3.479
17b153f9cb24de7b20c5,slug_only,1,/providers/AviatrixSystems/aviatrix/latest/docs/data-sources/:path*,0.80000000,false,2.656
17b153f9cb24de7b20c5,slug_only,2,/providers/AviatrixSystems/aviatrix/latest/docs/guides/:path*,0.80000000,false,2.656
17b153f9cb24de7b20c5,slug_only,3,/providers/AviatrixSystems/aviatrix/latest/docs/resources/:path*,0.80000000,false,2.656
17b264ab5edc53e03ceb,slug_only,1,/deploy/classic,0.10000000,false,2.758
17b264ab5edc53e03ceb,slug_only,2,/deploy/classic/*,0.10000000,false,2.758
17b264ab5edc53e03ceb,slug_only,3,/deploy/classic/api,0.10000000,false,2.758
17c94aa0fa73c6af4b6d,slug_only,1,/,0.00000000,false,2.999
17c94aa0fa73c6af4b6d,slug_only,2,/404/index.html,0.00000000,false,2.999
17c94aa0fa73c6af4b6d,slug_only,3,/<platform>/build-a-backend/auth/connect-your-frontend/manage-user-sessions,0.00000000,false,2.999
17cf1130843e097c2f6e,slug_only,1,/,0.00000000,false,2.885
17cf1130843e097c2f6e,slug_only,2,/404/index.html,0.00000000,false,2.885
17cf1130843e097c2f6e,slug_only,3,/<platform>/build-a-backend/auth/connect-your-frontend/manage-user-sessions,0.00000000,false,2.885
1831c5496206afc40bbc,slug_only,1,/,0.00000000,false,2.908
1831c5496206afc40bbc,slug_only,2,/404/index.html,0.00000000,false,2.908
1831c5496206afc40bbc,slug_only,3,/<platform>/build-a-backend/auth/connect-your-frontend/manage-user-sessions,0.00000000,false,2.908
184659483710bebf1df7,slug_only,1,/examples/tutorials/mongoose,1.00000000,false,2.748
184659483710bebf1df7,slug_only,2,/examples/videos/mongoose,0.80000000,false,2.748
184659483710bebf1df7,slug_only,3,/examples/mongoose_tutorial,0.12500000,true,2.748
18524e2bc0c4cb8bfbfa,slug_only,1,/flutter,0.80000000,false,5.455
18524e2bc0c4cb8bfbfa,slug_only,2,/,0.00000000,false,5.455
18524e2bc0c4cb8bfbfa,slug_only,3,/404/index.html,0.00000000,false,5.455
187252af1abe3017743a,slug_only,1,/gen1/javascript/prev/build-a-backend/graphqlapi/customize-authz-modes,0.90000000,false,3.111
187252af1abe3017743a,slug_only,2,/gen1/flutter/prev/build-a-backend/restapi/customize-authz,0.16666667,false,3.111
187252af1abe3017743a,slug_only,3,/flutter/build-a-backend/more-features/datastore/authz-rules-setup,0.05000000,false,3.111
18f525ef2cd4446fc8a8,slug_only,1,/gen1/<platform>/build-a-backend/utilities,0.90000000,true,5.707
18f525ef2cd4446fc8a8,slug_only,2,/<platform>/build-a-backend/auth/connect-your-frontend/manage-user-sessions,0.10000000,false,5.707
18f525ef2cd4446fc8a8,slug_only,3,/<platform>/build-a-backend/auth/connect-your-frontend/sign-up,0.10000000,false,5.707
1963257f401489bd6e23,slug_only,1,/,0.00000000,false,3.163
1963257f401489bd6e23,slug_only,2,/404/index.html,0.00000000,false,3.163
1963257f401489bd6e23,slug_only,3,/<platform>/build-a-backend/auth/connect-your-frontend/manage-user-sessions,0.00000000,false,3.163
19dc50098b7fad797193,slug_only,1,/providers/AviatrixSystems/aviatrix/latest/docs/guides/:path*,0.90000000,false,3.196
19dc50098b7fad797193,slug_only,2,/providers/CheckPointSW/checkpoint/latest/docs/guides/:path*,0.90000000,false,3.196
19dc50098b7fad797193,slug_only,3,/providers/CiscoDevNet/mso/latest/docs/guides/:path*,0.90000000,false,3.196
1a0602cdbcdd93a03114,slug_only,1,/,0.00000000,false,3.430
1a0602cdbcdd93a03114,slug_only,2,/404/index.html,0.00000000,false,3.430
1a0602cdbcdd93a03114,slug_only,3,/<platform>/build-a-backend/auth/connect-your-frontend/manage-user-sessions,0.00000000,false,3.430
1a5c33d1bbfc3f78fa23,slug_only,1,/,0.00000000,false,3.004
1a5c33d1bbfc3f78fa23,slug_only,2,/404/index.html,0.00000000,false,3.004
1a5c33d1bbfc3f78fa23,slug_only,3,/<platform>/build-a-backend/auth/connect-your-frontend/manage-user-sessions,0.00000000,false,3.004
1a62b2b2c3e9400739a9,slug_only,1,/:lang/guides/routing,0.18333333,false,2.783
1a62b2b2c3e9400739a9,slug_only,2,/en/guides/client-side-scripts,0.12500000,false,2.783
1a62b2b2c3e9400739a9,slug_only,3,/:lang/guides/astro-db,0.10000000,false,2.783
1a745c697a5d832e634e,slug_only,1,/,0.00000000,false,2.906
1a745c697a5d832e634e,slug_only,2,/404/index.html,0.00000000,false,2.906
1a745c697a5d832e634e,slug_only,3,/<platform>/build-a-backend/auth/connect-your-frontend/manage-user-sessions,0.00000000,false,2.906
1a852e037cc504c6cb37,slug_only,1,/,0.00000000,false,2.791
1a852e037cc504c6cb37,slug_only,2,/404/index.html,0.00000000,false,2.791
1a852e037cc504c6cb37,slug_only,3,/<platform>/build-a-backend/auth/connect-your-frontend/manage-user-sessions,0.00000000,false,2.791
1a92e6c9dde6c0ecc226,slug_only,1,/,0.00000000,false,3.070
1a92e6c9dde6c0ecc226,slug_only,2,/404/index.html,0.00000000,false,3.070
1a92e6c9dde6c0ecc226,slug_only,3,/<platform>/build-a-backend/auth/connect-your-frontend/manage-user-sessions,0.00000000,false,3.070
1ab0a5bee7e262be8cf3,slug_only,1,/providers/AviatrixSystems/aviatrix/latest/docs/data-sources/:path*,0.80000000,false,2.580
1ab0a5bee7e262be8cf3,slug_only,2,/providers/AviatrixSystems/aviatrix/latest/docs/guides/:path*,0.80000000,false,2.580
1ab0a5bee7e262be8cf3,slug_only,3,/providers/AviatrixSystems/aviatrix/latest/docs/resources/:path*,0.80000000,false,2.580
1acd1f25a065f2593d1d,slug_only,1,/gen1/<platform>/deploy-and-host/frameworks/<page>,0.90000000,true,2.864
1acd1f25a065f2593d1d,slug_only,2,/gen1/<platform>/build-a-backend/graphqlapi/<page>,0.80000000,false,2.864
1acd1f25a065f2593d1d,slug_only,3,/gen1/<platform>/build-a-backend/more-features/<page>,0.80000000,false,2.864
1b131a61d526cb822dbd,slug_only,1,/,0.00000000,false,2.905
1b131a61d526cb822dbd,slug_only,2,/404/index.html,0.00000000,false,2.905
1b131a61d526cb822dbd,slug_only,3,/<platform>/build-a-backend/auth/connect-your-frontend/manage-user-sessions,0.00000000,false,2.905
1b267e7c1166da2952ee,slug_only,1,/providers/AviatrixSystems/aviatrix/latest/docs/data-sources/:path*,0.80000000,false,2.651
1b267e7c1166da2952ee,slug_only,2,/providers/AviatrixSystems/aviatrix/latest/docs/guides/:path*,0.80000000,false,2.651
1b267e7c1166da2952ee,slug_only,3,/providers/AviatrixSystems/aviatrix/latest/docs/resources/:path*,0.80000000,false,2.651
1b524b1088dbd32d2dbd,slug_only,1,/,0.00000000,false,2.920
1b524b1088dbd32d2dbd,slug_only,2,/404/index.html,0.00000000,false,2.920
1b524b1088dbd32d2dbd,slug_only,3,/<platform>/build-a-backend/auth/connect-your-frontend/manage-user-sessions,0.00000000,false,2.920
1b5baed2b80e086ea7b9,slug_only,1,/,0.00000000,false,2.925
1b5baed2b80e086ea7b9,slug_only,2,/404/index.html,0.00000000,false,2.925
1b5baed2b80e086ea7b9,slug_only,3,/<platform>/build-a-backend/auth/connect-your-frontend/manage-user-sessions,0.00000000,false,2.925
1b66f70aba9fdb93e36d,slug_only,1,/.github/pull_request_template,0.00000000,false,2.592
1b66f70aba9fdb93e36d,slug_only,2,/MIGRATION,0.00000000,false,2.592
1b66f70aba9fdb93e36d,slug_only,3,/README,0.00000000,false,2.592
1be98512765ad1eaf7aa,slug_only,1,/,0.00000000,false,3.877
1be98512765ad1eaf7aa,slug_only,2,/404/index.html,0.00000000,false,3.877
1be98512765ad1eaf7aa,slug_only,3,/<platform>/build-a-backend/auth/connect-your-frontend/manage-user-sessions,0.00000000,false,3.877
1bfe8c8d19e9f6787d88,slug_only,1,/android/build-a-backend/push-notifications/set-up-push-service,0.05000000,false,3.237
1bfe8c8d19e9f6787d88,slug_only,2,/,0.00000000,false,3.237
1bfe8c8d19e9f6787d88,slug_only,3,/404/index.html,0.00000000,false,3.237
1c417516fde442b44da4,slug_only,1,/,0.00000000,false,2.905
1c417516fde442b44da4,slug_only,2,/404/index.html,0.00000000,false,2.905
1c417516fde442b44da4,slug_only,3,/<platform>/build-a-backend/auth/connect-your-frontend/manage-user-sessions,0.00000000,false,2.905
1c4ec1f50f23d050c5da,slug_only,1,/,0.00000000,false,2.948
1c4ec1f50f23d050c5da,slug_only,2,/404/index.html,0.00000000,false,2.948
1c4ec1f50f23d050c5da,slug_only,3,/<platform>/build-a-backend/auth/connect-your-frontend/manage-user-sessions,0.00000000,false,2.948
1c992ab67ea6df44cd27,slug_only,1,/,0.00000000,false,2.949
1c992ab67ea6df44cd27,slug_only,2,/404/index.html,0.00000000,false,2.949
1c992ab67ea6df44cd27,slug_only,3,/<platform>/build-a-backend/auth/connect-your-frontend/manage-user-sessions,0.00000000,false,2.949
1c9ffa576fd17e20b3d5,slug_only,1,/flutter,0.80000000,false,2.983
1c9ffa576fd17e20b3d5,slug_only,2,/,0.00000000,false,2.983
1c9ffa576fd17e20b3d5,slug_only,3,/404/index.html,0.00000000,false,2.983
1cbeeb3dea16c2a32c9c,slug_only,1,/,0.00000000,false,2.813
1cbeeb3dea16c2a32c9c,slug_only,2,/404/index.html,0.00000000,false,2.813
1cbeeb3dea16c2a32c9c,slug_only,3,/<platform>/build-a-backend/auth/connect-your-frontend/manage-user-sessions,0.00000000,false,2.813
1d0aa7f16245c06e6f32,slug_only,1,/.github/pull_request_template,0.00000000,false,2.583
1d0aa7f16245c06e6f32,slug_only,2,/MIGRATION,0.00000000,false,2.583
1d0aa7f16245c06e6f32,slug_only,3,/README,0.00000000,false,2.583
1d62fcea492f719a9f80,slug_only,1,/gen1/<platform>/start/project-setup/<page>,0.90000000,true,2.779
1d62fcea492f719a9f80,slug_only,2,/gen1/<platform>/build-a-backend/graphqlapi/<page>,0.80000000,false,2.779
1d62fcea492f719a9f80,slug_only,3,/gen1/<platform>/build-a-backend/more-features/<page>,0.80000000,false,2.779
1dbe301bc7d90928b4cf,slug_only,1,/gen1/javascript/build-a-backend/storage/storage-v5-to-v6-migration-guide,0.90000000,false,3.588
1dbe301bc7d90928b4cf,slug_only,2,/angular/getting-started/migration,0.04166667,false,3.588
1dbe301bc7d90928b4cf,slug_only,3,/gen1/android/prev/build-a-backend/storage,0.04166667,false,3.588
1e53b829b9ccfdc70742,slug_only,1,/,0.00000000,false,2.976
1e53b829b9ccfdc70742,slug_only,2,/404/index.html,0.00000000,false,2.976
1e53b829b9ccfdc70742,slug_only,3,/<platform>/build-a-backend/auth/connect-your-frontend/manage-user-sessions,0.00000000,false,2.976
1e644c4d48eb54387411,slug_only,1,/,0.00000000,false,2.920
1e644c4d48eb54387411,slug_only,2,/404/index.html,0.00000000,false,2.920
1e644c4d48eb54387411,slug_only,3,/<platform>/build-a-backend/auth/connect-your-frontend/manage-user-sessions,0.00000000,false,2.920
1e64e4d1429cc6a04bc1,slug_only,1,/gen1/<platform>/tools/console,0.80000000,false,3.220
1e64e4d1429cc6a04bc1,slug_only,2,/,0.00000000,false,3.220
1e64e4d1429cc6a04bc1,slug_only,3,/404/index.html,0.00000000,false,3.220
1e83b10e92df471c7895,slug_only,1,/api/deno,0.18333333,false,2.796
1e83b10e92df471c7895,slug_only,2,/deploy/reference/deno_kv,0.06250000,false,2.796
1e83b10e92df471c7895,slug_only,3,/examples/deno_version,0.06250000,false,2.796
1f0556cf232b6cb439bf,slug_only,1,/flutter,0.80000000,false,2.921
1f0556cf232b6cb439bf,slug_only,2,/,0.00000000,false,2.921
1f0556cf232b6cb439bf,slug_only,3,/404/index.html,0.00000000,false,2.921
1f63bbfab77f5cb6062d,slug_only,1,/,0.00000000,false,3.004
1f63bbfab77f5cb6062d,slug_only,2,/404/index.html,0.00000000,false,3.004
1f63bbfab77f5cb6062d,slug_only,3,/<platform>/build-a-backend/auth/connect-your-frontend/manage-user-sessions,0.00000000,false,3.004
1fac3f0c62b5675b5ef3,slug_only,1,/,0.00000000,false,2.843
1fac3f0c62b5675b5ef3,slug_only,2,/404/index.html,0.00000000,false,2.843
1fac3f0c62b5675b5ef3,slug_only,3,/<platform>/build-a-backend/auth/connect-your-frontend/manage-user-sessions,0.00000000,false,2.843
2048475d5858b4b2e49c,slug_only,1,/gen1/<platform>/tools/cli-legacy,0.12500000,false,2.602
2048475d5858b4b2e49c,slug_only,2,/,0.00000000,false,2.602
2048475d5858b4b2e49c,slug_only,3,/404/index.html,0.00000000,false,2.602
20bd2987885c4daeba52,slug_only,1,/,0.00000000,false,8.521
20bd2987885c4daeba52,slug_only,2,/404/index.html,0.00000000,false,8.521
20bd2987885c4daeba52,slug_only,3,/<platform>/build-a-backend/auth/connect-your-frontend/manage-user-sessions,0.00000000,false,8.521
20c323414f73fbd11dce,slug_only,1,/,0.00000000,false,24.367
20c323414f73fbd11dce,slug_only,2,/404/index.html,0.00000000,false,24.367
20c323414f73fbd11dce,slug_only,3,/<platform>/build-a-backend/auth/connect-your-frontend/manage-user-sessions,0.00000000,false,24.367
211593e75810702b0ec4,slug_only,1,/,0.00000000,false,6.390
211593e75810702b0ec4,slug_only,2,/404/index.html,0.00000000,false,6.390
211593e75810702b0ec4,slug_only,3,/<platform>/build-a-backend/auth/connect-your-frontend/manage-user-sessions,0.00000000,false,6.390
211c30914ae11408262e,slug_only,1,/,0.00000000,false,4.268
211c30914ae11408262e,slug_only,2,/404/index.html,0.00000000,false,4.268
211c30914ae11408262e,slug_only,3,/<platform>/build-a-backend/auth/connect-your-frontend/manage-user-sessions,0.00000000,false,4.268
212777ab2d3fff7cb094,slug_only,1,/,0.00000000,false,6.631
212777ab2d3fff7cb094,slug_only,2,/404/index.html,0.00000000,false,6.631
212777ab2d3fff7cb094,slug_only,3,/<platform>/build-a-backend/auth/connect-your-frontend/manage-user-sessions,0.00000000,false,6.631
216125626ed878e44ddd,slug_only,1,/,0.00000000,false,5.848
216125626ed878e44ddd,slug_only,2,/404/index.html,0.00000000,false,5.848
216125626ed878e44ddd,slug_only,3,/<platform>/build-a-backend/auth/connect-your-frontend/manage-user-sessions,0.00000000,false,5.848
2172f3d76994213a1952,slug_only,1,/,0.00000000,false,6.956
2172f3d76994213a1952,slug_only,2,/404/index.html,0.00000000,false,6.956
2172f3d76994213a1952,slug_only,3,/<platform>/build-a-backend/auth/connect-your-frontend/manage-user-sessions,0.00000000,false,6.956
21980dcf89e3d4087985,slug_only,1,/flux/components/helm,0.10000000,false,19.159
21980dcf89e3d4087985,slug_only,2,/flux/components/image,0.10000000,false,19.159
21980dcf89e3d4087985,slug_only,3,/flux/components/kustomize,0.10000000,false,19.159
21fb6f191c2c3cae29de,slug_only,1,/,0.00000000,false,6.823
21fb6f191c2c3cae29de,slug_only,2,/404/index.html,0.00000000,false,6.823
21fb6f191c2c3cae29de,slug_only,3,/<platform>/build-a-backend/auth/connect-your-frontend/manage-user-sessions,0.00000000,false,6.823
22d0b6df480a9f9fa556,slug_only,1,/,0.00000000,false,6.388
22d0b6df480a9f9fa556,slug_only,2,/404/index.html,0.00000000,false,6.388
22d0b6df480a9f9fa556,slug_only,3,/<platform>/build-a-backend/auth/connect-your-frontend/manage-user-sessions,0.00000000,false,6.388
23069d5b2b40e3777d05,slug_only,1,/,0.00000000,false,8.640
23069d5b2b40e3777d05,slug_only,2,/404/index.html,0.00000000,false,8.640
23069d5b2b40e3777d05,slug_only,3,/<platform>/build-a-backend/auth/connect-your-frontend/manage-user-sessions,0.00000000,false,8.640
236bfcd21846b39de11c,slug_only,1,/flutter,0.80000000,false,6.641
236bfcd21846b39de11c,slug_only,2,/,0.00000000,false,6.641
236bfcd21846b39de11c,slug_only,3,/404/index.html,0.00000000,false,6.641
2393688b5d8a0b1bca1a,slug_only,1,/gen1/angular/prev/start/project-setup/create-application,0.90000000,true,6.137
2393688b5d8a0b1bca1a,slug_only,2,/gen1/javascript/prev/build-a-backend/more-features/analytics/create-custom-plugin,0.06250000,false,6.137
2393688b5d8a0b1bca1a,slug_only,3,/,0.00000000,false,6.137
23cfbc306b795f4618e1,slug_only,1,/,0.00000000,false,6.198
23cfbc306b795f4618e1,slug_only,2,/404/index.html,0.00000000,false,6.198
23cfbc306b795f4618e1,slug_only,3,/<platform>/build-a-backend/auth/connect-your-frontend/manage-user-sessions,0.00000000,false,6.198
241a250121ba3ffc7094,slug_only,1,/,0.00000000,false,5.714
241a250121ba3ffc7094,slug_only,2,/404/index.html,0.00000000,false,5.714
241a250121ba3ffc7094,slug_only,3,/<platform>/build-a-backend/auth/connect-your-frontend/manage-user-sessions,0.00000000,false,5.714
241b7a821fee5df29510,slug_only,1,/,0.00000000,false,7.228
241b7a821fee5df29510,slug_only,2,/404/index.html,0.00000000,false,7.228
241b7a821fee5df29510,slug_only,3,/<platform>/build-a-backend/auth/connect-your-frontend/manage-user-sessions,0.00000000,false,7.228
2443194e981891a24f74,slug_only,1,/,0.00000000,false,4.581
2443194e981891a24f74,slug_only,2,/404/index.html,0.00000000,false,4.581
2443194e981891a24f74,slug_only,3,/<platform>/build-a-backend/auth/connect-your-frontend/manage-user-sessions,0.00000000,false,4.581
245d00574e89bf2eb774,slug_only,1,/gen1/angular/deploy-and-host/custom-configuration,0.90000000,true,24.018
245d00574e89bf2eb774,slug_only,2,/gen1/javascript/deploy-and-host/custom-configuration,0.90000000,false,24.018
245d00574e89bf2eb774,slug_only,3,/gen1/javascript/prev/build-a-backend/more-features/analytics/create-custom-plugin,0.06250000,false,24.018
247ff9ba88244d06c03d,slug_only,1,/,0.00000000,false,9.775
247ff9ba88244d06c03d,slug_only,2,/404/index.html,0.00000000,false,9.775
247ff9ba88244d06c03d,slug_only,3,/<platform>/build-a-backend/auth/connect-your-frontend/manage-user-sessions,0.00000000,false,9.775
2487bca79476fa00ba87,slug_only,1,/providers/AviatrixSystems/aviatrix/latest/docs/guides/:path*,0.90000000,false,29.579
2487bca79476fa00ba87,slug_only,2,/providers/CheckPointSW/checkpoint/latest/docs/guides/:path*,0.90000000,false,29.579
2487bca79476fa00ba87,slug_only,3,/providers/CiscoDevNet/mso/latest/docs/guides/:path*,0.90000000,false,29.579
24e2f3d16731a5460592,slug_only,1,/gen1/<platform>/tools/cli-legacy,0.90000000,true,36.025
24e2f3d16731a5460592,slug_only,2,/,0.00000000,false,36.025
24e2f3d16731a5460592,slug_only,3,/404/index.html,0.00000000,false,36.025
250f3c6b80c9819b44c2,slug_only,1,/providers/AviatrixSystems/aviatrix/latest/docs/data-sources/:path*,0.80000000,false,3.675
250f3c6b80c9819b44c2,slug_only,2,/providers/AviatrixSystems/aviatrix/latest/docs/guides/:path*,0.80000000,false,3.675
250f3c6b80c9819b44c2,slug_only,3,/providers/AviatrixSystems/aviatrix/latest/docs/resources/:path*,0.80000000,false,3.675
258367e32c4086a2b89a,slug_only,1,/providers/AviatrixSystems/aviatrix/latest/docs/guides/:path*,0.90000000,false,11.702
258367e32c4086a2b89a,slug_only,2,/providers/CheckPointSW/checkpoint/latest/docs/guides/:path*,0.90000000,false,11.702
258367e32c4086a2b89a,slug_only,3,/providers/CiscoDevNet/mso/latest/docs/guides/:path*,0.90000000,false,11.702
2594863546eeab933416,slug_only,1,/gen1/flutter/build-a-backend/troubleshooting/upgrade-amplify-packages,0.90000000,false,8.882
2594863546eeab933416,slug_only,2,/gen1/javascript/build-a-backend/troubleshooting/upgrade-amplify-packages,0.90000000,false,8.882
2594863546eeab933416,slug_only,3,/flutter/start/project-setup/upgrade-guide,0.06250000,false,8.882
259aeedce43193f23b94,slug_only,1,/enterprise/install/pre-install-checklist,0.18333333,true,29.374
259aeedce43193f23b94,slug_only,2,/enterprise/install/automated/active-active,0.10000000,false,29.374
259aeedce43193f23b94,slug_only,3,/.github/pull_request_template,0.00000000,false,29.374
25a94d00594a2c653d9e,slug_only,1,/,0.00000000,false,8.631
25a94d00594a2c653d9e,slug_only,2,/404/index.html,0.00000000,false,8.631
25a94d00594a2c653d9e,slug_only,3,/<platform>/build-a-backend/auth/connect-your-frontend/manage-user-sessions,0.00000000,false,8.631
26b230f45aab8a1c31ec,slug_only,1,/,0.00000000,false,4.235
26b230f45aab8a1c31ec,slug_only,2,/404/index.html,0.00000000,false,4.235
26b230f45aab8a1c31ec,slug_only,3,/<platform>/build-a-backend/auth/connect-your-frontend/manage-user-sessions,0.00000000,false,4.235
26bb8c6289bce5fdb03e,slug_only,1,/gen1/angular/deploy-and-host/deployment,0.90000000,false,5.604
26bb8c6289bce5fdb03e,slug_only,2,/,0.00000000,false,5.604
26bb8c6289bce5fdb03e,slug_only,3,/404/index.html,0.00000000,false,5.604
28031408cb83593085dd,slug_only,1,/,0.00000000,false,20.878
28031408cb83593085dd,slug_only,2,/404/index.html,0.00000000,false,20.878
28031408cb83593085dd,slug_only,3,/<platform>/build-a-backend/auth/connect-your-frontend/manage-user-sessions,0.00000000,false,20.878
281a55e64da5e524cd91,slug_only,1,/404/index.html,0.12500000,false,10.025
281a55e64da5e524cd91,slug_only,2,/,0.00000000,true,10.025
281a55e64da5e524cd91,slug_only,3,/<platform>/build-a-backend/auth/connect-your-frontend/manage-user-sessions,0.00000000,false,10.025
2848a1106ccf1595b918,slug_only,1,/,0.00000000,false,3.007
2848a1106ccf1595b918,slug_only,2,/404/index.html,0.00000000,false,3.007
2848a1106ccf1595b918,slug_only,3,/<platform>/build-a-backend/auth/connect-your-frontend/manage-user-sessions,0.00000000,false,3.007
289da31e484d41b8fede,slug_only,1,/,0.00000000,false,6.980
289da31e484d41b8fede,slug_only,2,/404/index.html,0.00000000,false,6.980
289da31e484d41b8fede,slug_only,3,/<platform>/build-a-backend/auth/connect-your-frontend/manage-user-sessions,0.00000000,false,6.980
28a234c08dc8db0471d9,slug_only,1,/providers/AviatrixSystems/aviatrix/latest/docs/data-sources/:path*,0.80000000,false,33.151
28a234c08dc8db0471d9,slug_only,2,/providers/AviatrixSystems/aviatrix/latest/docs/guides/:path*,0.80000000,false,33.151
28a234c08dc8db0471d9,slug_only,3,/providers/AviatrixSystems/aviatrix/latest/docs/resources/:path*,0.80000000,false,33.151
2900b26314adeeb7c849,slug_only,1,/,0.00000000,false,13.944
2900b26314adeeb7c849,slug_only,2,/404/index.html,0.00000000,false,13.944
2900b26314adeeb7c849,slug_only,3,/<platform>/build-a-backend/auth/connect-your-frontend/manage-user-sessions,0.00000000,false,13.944
290aad54f93c815f1ed3,slug_only,1,/,0.00000000,false,6.832
290aad54f93c815f1ed3,slug_only,2,/404/index.html,0.00000000,false,6.832
290aad54f93c815f1ed3,slug_only,3,/<platform>/build-a-backend/auth/connect-your-frontend/manage-user-sessions,0.00000000,false,6.832
295654d09e05f1b86e19,slug_only,1,/CODE_OF_CONDUCT,0.00000000,false,10.019
295654d09e05f1b86e19,slug_only,2,/CONTRIBUTING,0.00000000,false,10.019
295654d09e05f1b86e19,slug_only,3,/README,0.00000000,false,10.019
299654544194c006316d,slug_only,1,/providers/AviatrixSystems/aviatrix/latest/docs/data-sources/:path*,0.80000000,false,10.759
299654544194c006316d,slug_only,2,/providers/AviatrixSystems/aviatrix/latest/docs/guides/:path*,0.80000000,false,10.759
299654544194c006316d,slug_only,3,/providers/AviatrixSystems/aviatrix/latest/docs/resources/:path*,0.80000000,false,10.759
29e8ddc8149fd4c17bfc,slug_only,1,/,0.00000000,false,103.660
29e8ddc8149fd4c17bfc,slug_only,2,/404/index.html,0.00000000,false,103.660
29e8ddc8149fd4c17bfc,slug_only,3,/<platform>/build-a-backend/auth/connect-your-frontend/manage-user-sessions,0.00000000,false,103.660
2a4f746b71becd572cb2,slug_only,1,/,0.00000000,false,7.935
2a4f746b71becd572cb2,slug_only,2,/404/index.html,0.00000000,false,7.935
2a4f746b71becd572cb2,slug_only,3,/<platform>/build-a-backend/auth/connect-your-frontend/manage-user-sessions,0.00000000,false,7.935
2a75c3d78b5688296c2b,slug_only,1,/gen1/javascript/build-a-backend/storage/storage-v5-to-v6-migration-guide,0.08333333,false,4.200
2a75c3d78b5688296c2b,slug_only,2,/android/build-a-backend/more-features/datastore/sync-to-cloud,0.03125000,false,4.200
2a75c3d78b5688296c2b,slug_only,3,/android/start/sample-apps/to-do-app,0.03125000,false,4.200
2a988cb0e68e0cd52108,slug_only,1,/android/build-a-backend/storage/lambda-triggers,0.80000000,false,53.093
2a988cb0e68e0cd52108,slug_only,2,/gen1/android/prev/build-a-backend/storage/lambda-triggers,0.80000000,false,53.093
2a988cb0e68e0cd52108,slug_only,3,/,0.00000000,false,53.093
2a9e802d9ac128eaa8a3,slug_only,1,/,0.00000000,false,49.708
2a9e802d9ac128eaa8a3,slug_only,2,/404/index.html,0.00000000,false,49.708
2a9e802d9ac128eaa8a3,slug_only,3,/<platform>/build-a-backend/auth/connect-your-frontend/manage-user-sessions,0.00000000,false,49.708
2af26f46bda484fa766a,slug_only,1,/:lang/guides/content-collections,0.22500000,false,4.561
2af26f46bda484fa766a,slug_only,2,/:lang/guides/markdown-content,0.22500000,true,4.561
2af26f46bda484fa766a,slug_only,3,/en/guides/content-collections,0.12500000,false,4.561
2b0b184613d6df7774b7,slug_only,1,/language/v1.1.x/upgrade-guides/0-12,0.90000000,true,46.641
2b0b184613d6df7774b7,slug_only,2,/language/upgrade-guides/0-13,0.10000000,false,46.641
2b0b184613d6df7774b7,slug_only,3,/language/upgrade-guides/0-14,0.10000000,false,46.641
2c25a1e71065a98ead03,slug_only,1,/,0.00000000,false,30.686
2c25a1e71065a98ead03,slug_only,2,/404/index.html,0.00000000,false,30.686
2c25a1e71065a98ead03,slug_only,3,/<platform>/build-a-backend/auth/connect-your-frontend/manage-user-sessions,0.00000000,false,30.686
2c4861cd6712ea61c340,slug_only,1,/,0.00000000,false,6.599
2c4861cd6712ea61c340,slug_only,2,/404/index.html,0.00000000,false,6.599
2c4861cd6712ea61c340,slug_only,3,/<platform>/build-a-backend/auth/connect-your-frontend/manage-user-sessions,0.00000000,false,6.599
2c585996b4ec18023a37,slug_only,1,/,0.00000000,false,25.538
2c585996b4ec18023a37,slug_only,2,/404/index.html,0.00000000,false,25.538
2c585996b4ec18023a37,slug_only,3,/<platform>/build-a-backend/auth/connect-your-frontend/manage-user-sessions,0.00000000,false,25.538
2c9051056a7b300d8415,slug_only,1,/providers/AviatrixSystems/aviatrix/latest/docs/guides/:path*,0.90000000,false,16.966
2c9051056a7b300d8415,slug_only,2,/providers/CheckPointSW/checkpoint/latest/docs/guides/:path*,0.90000000,false,16.966
2c9051056a7b300d8415,slug_only,3,/providers/CiscoDevNet/mso/latest/docs/guides/:path*,0.90000000,false,16.966
2ca9f041407ff5738c5e,slug_only,1,/flux/components/helm,0.10000000,false,8.651
2ca9f041407ff5738c5e,slug_only,2,/flux/components/image,0.10000000,false,8.651
2ca9f041407ff5738c5e,slug_only,3,/flux/components/kustomize,0.10000000,false,8.651
2cb6453f424be0509cbc,slug_only,1,/,0.00000000,false,4.578
2cb6453f424be0509cbc,slug_only,2,/404/index.html,0.00000000,false,4.578
2cb6453f424be0509cbc,slug_only,3,/<platform>/build-a-backend/auth/connect-your-frontend/manage-user-sessions,0.00000000,false,4.578
2cdd698e759cdbce36f4,slug_only,1,/providers/AviatrixSystems/aviatrix/latest/docs/data-sources/:path*,0.80000000,false,18.301
2cdd698e759cdbce36f4,slug_only,2,/providers/AviatrixSystems/aviatrix/latest/docs/guides/:path*,0.80000000,false,18.301
2cdd698e759cdbce36f4,slug_only,3,/providers/AviatrixSystems/aviatrix/latest/docs/resources/:path*,0.80000000,false,18.301
2cfdfe8b5ce1bf1ca748,slug_only,1,/.github/pull_request_template,0.00000000,false,12.200
2cfdfe8b5ce1bf1ca748,slug_only,2,/MIGRATION,0.00000000,false,12.200
2cfdfe8b5ce1bf1ca748,slug_only,3,/README,0.00000000,false,12.200
2cffd71e68c215ed3895,slug_only,1,/android/build-a-backend/auth/remember-device,0.08333333,false,89.266
2cffd71e68c215ed3895,slug_only,2,/android/build-a-backend/push-notifications/register-device,0.08333333,false,89.266
2cffd71e68c215ed3895,slug_only,3,/gen1/<platform>/build-a-backend/more-features,0.08333333,false,89.266
2d00fb156b9056b4f97e,slug_only,1,/gen1/<platform>/build-a-backend/graphqlapi/connect-api-to-existing-database,0.90000000,true,14.750
2d00fb156b9056b4f97e,slug_only,2,/<platform>/build-a-backend/auth/connect-your-frontend/manage-user-sessions,0.10000000,false,14.750
2d00fb156b9056b4f97e,slug_only,3,/<platform>/build-a-backend/auth/connect-your-frontend/sign-up,0.10000000,false,14.750
2d43cf3122717f64f386,slug_only,1,/android/build-a-backend/storage/lambda-triggers,0.05000000,false,19.912
2d43cf3122717f64f386,slug_only,2,/gen1/android/prev/build-a-backend/storage/lambda-triggers,0.05000000,false,19.912
2d43cf3122717f64f386,slug_only,3,/gen1/javascript/prev/build-a-backend/more-features/analytics/update-endpoint,0.05000000,false,19.912
2d59542811a2c1eaa7c9,slug_only,1,/gen1/javascript/build-a-backend/server-side-rendering/nuxt,0.90000000,true,6.257
2d59542811a2c1eaa7c9,slug_only,2,/,0.00000000,false,6.257
2d59542811a2c1eaa7c9,slug_only,3,/404/index.html,0.00000000,false,6.257
2da7ba2a83e4a334e8a3,slug_only,1,/,0.00000000,false,6.664
2da7ba2a83e4a334e8a3,slug_only,2,/404/index.html,0.00000000,false,6.664
2da7ba2a83e4a334e8a3,slug_only,3,/<platform>/build-a-backend/auth/connect-your-frontend/manage-user-sessions,0.00000000,false,6.664
2dbf0416368b06fc5a36,slug_only,1,/,0.00000000,false,6.759
2dbf0416368b06fc5a36,slug_only,2,/404/index.html,0.00000000,false,6.759
2dbf0416368b06fc5a36,slug_only,3,/<platform>/build-a-backend/auth/connect-your-frontend/manage-user-sessions,0.00000000,false,6.759
2e81eef04bd5816e902e,slug_only,1,/,0.00000000,false,68.941
2e81eef04bd5816e902e,slug_only,2,/404/index.html,0.00000000,false,68.941
2e81eef04bd5816e902e,slug_only,3,/<platform>/build-a-backend/auth/connect-your-frontend/manage-user-sessions,0.00000000,false,68.941
2ec4a78a663d4f24bebd,slug_only,1,/,0.00000000,false,47.887
2ec4a78a663d4f24bebd,slug_only,2,/404/index.html,0.00000000,false,47.887
2ec4a78a663d4f24bebd,slug_only,3,/<platform>/build-a-backend/auth/connect-your-frontend/manage-user-sessions,0.00000000,false,47.887
2f0e768a4e2bddf27f29,slug_only,1,/,0.00000000,false,114.349
2f0e768a4e2bddf27f29,slug_only,2,/404/index.html,0.00000000,false,114.349
2f0e768a4e2bddf27f29,slug_only,3,/<platform>/build-a-backend/auth/connect-your-frontend/manage-user-sessions,0.00000000,false,114.349
30220b2e6139d16b6e7b,slug_only,1,/.github/pull_request_template,0.00000000,false,38.547
30220b2e6139d16b6e7b,slug_only,2,/MIGRATION,0.00000000,false,38.547
30220b2e6139d16b6e7b,slug_only,3,/README,0.00000000,false,38.547
302512ff59a98d069acc,slug_only,1,/,0.00000000,false,28.050
302512ff59a98d069acc,slug_only,2,/404/index.html,0.00000000,false,28.050
302512ff59a98d069acc,slug_only,3,/<platform>/build-a-backend/auth/connect-your-frontend/manage-user-sessions,0.00000000,false,28.050
302e4f4680c2be0cbf28,slug_only,1,/,0.00000000,false,6.951
302e4f4680c2be0cbf28,slug_only,2,/404/index.html,0.00000000,false,6.951
302e4f4680c2be0cbf28,slug_only,3,/<platform>/build-a-backend/auth/connect-your-frontend/manage-user-sessions,0.00000000,false,6.951
30dad2e72ed9c8ead4a0,slug_only,1,/,0.00000000,false,6.954
30dad2e72ed9c8ead4a0,slug_only,2,/404/index.html,0.00000000,false,6.954
30dad2e72ed9c8ead4a0,slug_only,3,/<platform>/build-a-backend/auth/connect-your-frontend/manage-user-sessions,0.00000000,false,6.954
30e5b5e02a6bcd72fd30,slug_only,1,/flutter,0.80000000,false,4.725
30e5b5e02a6bcd72fd30,slug_only,2,/,0.00000000,false,4.725
30e5b5e02a6bcd72fd30,slug_only,3,/404/index.html,0.00000000,false,4.725
30fd9d1556f82d67d080,slug_only,1,/:lang/concepts/islands,0.10000000,false,48.826
30fd9d1556f82d67d080,slug_only,2,/:lang/concepts/why-astro,0.10000000,true,48.826
30fd9d1556f82d67d080,slug_only,3,/.github/PULL_REQUEST_TEMPLATE,0.00000000,false,48.826
3133b3680c34ec9125ac,slug_only,1,/providers/AviatrixSystems/aviatrix/latest/docs/data-sources/:path*,0.80000000,false,6.142
3133b3680c34ec9125ac,slug_only,2,/providers/AviatrixSystems/aviatrix/latest/docs/guides/:path*,0.80000000,false,6.142
3133b3680c34ec9125ac,slug_only,3,/providers/AviatrixSystems/aviatrix/latest/docs/resources/:path*,0.80000000,false,6.142
31549fba3a930ecb86b8,slug_only,1,/,0.00000000,false,46.867
31549fba3a930ecb86b8,slug_only,2,/404/index.html,0.00000000,false,46.867
31549fba3a930ecb86b8,slug_only,3,/<platform>/build-a-backend/auth/connect-your-frontend/manage-user-sessions,0.00000000,false,46.867
31a46ca9798820c50593,slug_only,1,/,0.00000000,false,71.562
31a46ca9798820c50593,slug_only,2,/404/index.html,0.00000000,false,71.562
31a46ca9798820c50593,slug_only,3,/<platform>/build-a-backend/auth/connect-your-frontend/manage-user-sessions,0.00000000,false,71.562
323870ce99cd20c559bf,slug_only,1,/gen1/javascript/prev,0.90000000,true,13.092
323870ce99cd20c559bf,slug_only,2,/gen1/angular/prev,0.80000000,false,13.092
323870ce99cd20c559bf,slug_only,3,/,0.00000000,false,13.092
323edb621db9c984c73a,slug_only,1,/,0.00000000,false,10.551
323edb621db9c984c73a,slug_only,2,/404/index.html,0.00000000,false,10.551
323edb621db9c984c73a,slug_only,3,/<platform>/build-a-backend/auth/connect-your-frontend/manage-user-sessions,0.00000000,false,10.551
3244355ec237548805f3,slug_only,1,/providers/AviatrixSystems/aviatrix/latest/docs/guides/:path*,0.90000000,false,5.263
3244355ec237548805f3,slug_only,2,/providers/CheckPointSW/checkpoint/latest/docs/guides/:path*,0.90000000,false,5.263
3244355ec237548805f3,slug_only,3,/providers/CiscoDevNet/mso/latest/docs/guides/:path*,0.90000000,false,5.263
32502c6562e8bafc183b,slug_only,1,/android/build-a-backend/restapi/set-up-rest-api,0.10000000,false,11.397
32502c6562e8bafc183b,slug_only,2,/gen1/flutter/prev/build-a-backend/restapi/set-up-rest-api,0.10000000,false,11.397
32502c6562e8bafc183b,slug_only,3,/amplify-js/api,0.08333333,false,11.397
328643c5b0201541091b,slug_only,1,/flutter,0.80000000,false,8.269
328643c5b0201541091b,slug_only,2,/,0.00000000,false,8.269
328643c5b0201541091b,slug_only,3,/404/index.html,0.00000000,false,8.269
32998804340605f555a8,slug_only,1,/flutter,0.80000000,false,4.254
32998804340605f555a8,slug_only,2,/,0.00000000,false,4.254
32998804340605f555a8,slug_only,3,/404/index.html,0.00000000,false,4.254
32a1c0cb5a6ee44ac627,slug_only,1,/,0.00000000,false,68.983
32a1c0cb5a6ee44ac627,slug_only,2,/404/index.html,0.00000000,false,68.983
32a1c0cb5a6ee44ac627,slug_only,3,/<platform>/build-a-backend/auth/connect-your-frontend/manage-user-sessions,0.00000000,false,68.983
32bb71dab95174d93ff6,slug_only,1,/<platform>/build-a-backend/auth/modify-resources-with-cdk,0.06250000,false,10.508
32bb71dab95174d93ff6,slug_only,2,/,0.00000000,false,10.508
32bb71dab95174d93ff6,slug_only,3,/404/index.html,0.00000000,false,10.508
32e89d096eae3a3c786b,slug_only,1,/flutter/build-a-backend/auth/auth-events,0.90000000,false,14.021
32e89d096eae3a3c786b,slug_only,2,/gen1/<platform>/build-a-backend/auth/auth-events,0.90000000,true,14.021
32e89d096eae3a3c786b,slug_only,3,/gen1/android/prev/build-a-backend/auth/auth-events,0.90000000,false,14.021
332083dbe31b500b76c1,slug_only,1,/,0.00000000,false,40.752
332083dbe31b500b76c1,slug_only,2,/404/index.html,0.00000000,false,40.752
332083dbe31b500b76c1,slug_only,3,/<platform>/build-a-backend/auth/connect-your-frontend/manage-user-sessions,0.00000000,false,40.752
33862c763419cec79b9d,slug_only,1,/,0.00000000,false,23.462
33862c763419cec79b9d,slug_only,2,/404/index.html,0.00000000,false,23.462
33862c763419cec79b9d,slug_only,3,/<platform>/build-a-backend/auth/connect-your-frontend/manage-user-sessions,0.00000000,false,23.462
338e7cba0ef99ab5b77a,slug_only,1,/,0.00000000,false,7.891
338e7cba0ef99ab5b77a,slug_only,2,/404/index.html,0.00000000,false,7.891
338e7cba0ef99ab5b77a,slug_only,3,/<platform>/build-a-backend/auth/connect-your-frontend/manage-user-sessions,0.00000000,false,7.891
33dd742e67bd0b258982,slug_only,1,/.github/pull_request_template,0.00000000,false,6.022
33dd742e67bd0b258982,slug_only,2,/MIGRATION,0.00000000,false,6.022
33dd742e67bd0b258982,slug_only,3,/README,0.00000000,false,6.022
3423a86f477ab757a355,slug_only,1,/.github/PULL_REQUEST_TEMPLATE,0.00000000,false,5.018
3423a86f477ab757a355,slug_only,2,/:lang/404,0.00000000,false,5.018
3423a86f477ab757a355,slug_only,3,/:lang/:splat,0.00000000,false,5.018
3438c96298846343cc04,slug_only,1,/,0.00000000,false,207.887
3438c96298846343cc04,slug_only,2,/404/index.html,0.00000000,false,207.887
3438c96298846343cc04,slug_only,3,/<platform>/build-a-backend/auth/connect-your-frontend/manage-user-sessions,0.00000000,false,207.887
3446eece8e9c9dcfd29f,slug_only,1,/,0.00000000,false,6.550
3446eece8e9c9dcfd29f,slug_only,2,/404/index.html,0.00000000,false,6.550
3446eece8e9c9dcfd29f,slug_only,3,/<platform>/build-a-backend/auth/connect-your-frontend/manage-user-sessions,0.00000000,false,6.550
3470ec3060f40a0b362f,slug_only,1,/,0.00000000,false,7.222
3470ec3060f40a0b362f,slug_only,2,/404/index.html,0.00000000,false,7.222
3470ec3060f40a0b362f,slug_only,3,/<platform>/build-a-backend/auth/connect-your-frontend/manage-user-sessions,0.00000000,false,7.222
348e973c97f8de514bfe,slug_only,1,/,0.00000000,false,22.445
348e973c97f8de514bfe,slug_only,2,/404/index.html,0.00000000,false,22.445
348e973c97f8de514bfe,slug_only,3,/<platform>/build-a-backend/auth/connect-your-frontend/manage-user-sessions,0.00000000,false,22.445
349c5ff3448ffcb4e67d,slug_only,1,/providers/AviatrixSystems/aviatrix/latest/docs/guides/:path*,0.90000000,false,4.023
349c5ff3448ffcb4e67d,slug_only,2,/providers/CheckPointSW/checkpoint/latest/docs/guides/:path*,0.90000000,false,4.023
349c5ff3448ffcb4e67d,slug_only,3,/providers/CiscoDevNet/mso/latest/docs/guides/:path*,0.90000000,false,4.023
34beed6729405993db67,slug_only,1,/cloud-docs/run/remote-operations,0.10000000,true,15.676
34beed6729405993db67,slug_only,2,/.github/pull_request_template,0.00000000,false,15.676
34beed6729405993db67,slug_only,3,/MIGRATION,0.00000000,false,15.676
34ec270839a7944cf340,slug_only,1,/.github/pull_request_template,0.00000000,false,2.689
34ec270839a7944cf340,slug_only,2,/MIGRATION,0.00000000,false,2.689
34ec270839a7944cf340,slug_only,3,/README,0.00000000,false,2.689
351375d6eef656d1cb0e,slug_only,1,/gen1/angular/prev,0.90000000,true,4.389
351375d6eef656d1cb0e,slug_only,2,/gen1/javascript/prev,0.80000000,false,4.389
351375d6eef656d1cb0e,slug_only,3,/,0.00000000,false,4.389
35171715be67cdaaa9c1,slug_only,1,/,0.00000000,false,6.500
35171715be67cdaaa9c1,slug_only,2,/404/index.html,0.00000000,false,6.500
35171715be67cdaaa9c1,slug_only,3,/<platform>/build-a-backend/auth/connect-your-frontend/manage-user-sessions,0.00000000,false,6.500
35440376931aaad121c6,slug_only,1,/gen1/flutter/build-a-backend/troubleshooting/upgrade-amplify-packages,0.90000000,false,8.241
35440376931aaad121c6,slug_only,2,/gen1/javascript/build-a-backend/troubleshooting/upgrade-amplify-packages,0.90000000,true,8.241
35440376931aaad121c6,slug_only,3,/flutter/start/project-setup/upgrade-guide,0.06250000,false,8.241
35a1bd18728d862e0193,slug_only,1,/providers/AviatrixSystems/aviatrix/latest/docs/data-sources/:path*,0.80000000,false,7.437
35a1bd18728d862e0193,slug_only,2,/providers/AviatrixSystems/aviatrix/latest/docs/guides/:path*,0.80000000,false,7.437
35a1bd18728d862e0193,slug_only,3,/providers/AviatrixSystems/aviatrix/latest/docs/resources/:path*,0.80000000,false,7.437
35e88caa4ddf307d330e,slug_only,1,/providers/AviatrixSystems/aviatrix/latest/docs/data-sources/:path*,0.80000000,false,4.129
35e88caa4ddf307d330e,slug_only,2,/providers/AviatrixSystems/aviatrix/latest/docs/guides/:path*,0.80000000,false,4.129
35e88caa4ddf307d330e,slug_only,3,/providers/AviatrixSystems/aviatrix/latest/docs/resources/:path*,0.80000000,false,4.129
35ff0a3e986dd144dd9d,slug_only,1,/,0.00000000,false,5.705
35ff0a3e986dd144dd9d,slug_only,2,/404/index.html,0.00000000,false,5.705
35ff0a3e986dd144dd9d,slug_only,3,/<platform>/build-a-backend/auth/connect-your-frontend/manage-user-sessions,0.00000000,false,5.705
36306b9d4fd83c2f4a19,slug_only,1,/flutter,0.80000000,false,12.660
36306b9d4fd83c2f4a19,slug_only,2,/,0.00000000,false,12.660
36306b9d4fd83c2f4a19,slug_only,3,/404/index.html,0.00000000,false,12.660
366efaed2c1b6bb2c7c6,slug_only,1,/,0.00000000,false,5.480
366efaed2c1b6bb2c7c6,slug_only,2,/404/index.html,0.00000000,false,5.480
366efaed2c1b6bb2c7c6,slug_only,3,/<platform>/build-a-backend/auth/connect-your-frontend/manage-user-sessions,0.00000000,false,5.480
36fd3decf2d7fa5f13a9,slug_only,1,/,0.00000000,false,5.789
36fd3decf2d7fa5f13a9,slug_only,2,/404/index.html,0.00000000,false,5.789
36fd3decf2d7fa5f13a9,slug_only,3,/<platform>/build-a-backend/auth/connect-your-frontend/manage-user-sessions,0.00000000,false,5.789
3708802c7cdcdfb803b5,slug_only,1,/android/build-a-backend/more-features/analytics/record-events,0.08333333,false,5.241
3708802c7cdcdfb803b5,slug_only,2,/flutter/build-a-backend/auth/auth-events,0.08333333,false,5.241
3708802c7cdcdfb803b5,slug_only,3,/flutter/build-a-backend/more-features/datastore/datastore-events,0.08333333,false,5.241
3730a1d12091f8da9078,slug_only,1,/android/build-a-backend/restapi,0.80000000,false,8.522
3730a1d12091f8da9078,slug_only,2,/gen1/<platform>/build-a-backend/restapi,0.80000000,false,8.522
3730a1d12091f8da9078,slug_only,3,/,0.00000000,false,8.522
380b0da0db72714b0989,slug_only,1,/:lang/guides/view-transitions,0.16666667,true,6.844
380b0da0db72714b0989,slug_only,2,/de/recipes/add-yaml-support,0.05000000,false,6.844
380b0da0db72714b0989,slug_only,3,/.github/PULL_REQUEST_TEMPLATE,0.00000000,false,6.844
38c164f30aae0df29a96,slug_only,1,/,0.00000000,false,4.420
38c164f30aae0df29a96,slug_only,2,/404/index.html,0.00000000,false,4.420
38c164f30aae0df29a96,slug_only,3,/<platform>/build-a-backend/auth/connect-your-frontend/manage-user-sessions,0.00000000,false,4.420
38ceab89d8fda2be9ad1,slug_only,1,/providers/AviatrixSystems/aviatrix/latest/docs/data-sources/:path*,0.80000000,false,15.434
38ceab89d8fda2be9ad1,slug_only,2,/providers/AviatrixSystems/aviatrix/latest/docs/guides/:path*,0.80000000,false,15.434
38ceab89d8fda2be9ad1,slug_only,3,/providers/AviatrixSystems/aviatrix/latest/docs/resources/:path*,0.80000000,false,15.434
38d04ccf5c20f474a72f,slug_only,1,/gen1/<platform>/tools/cli-legacy,0.08333333,false,6.825
38d04ccf5c20f474a72f,slug_only,2,/,0.00000000,false,6.825
38d04ccf5c20f474a72f,slug_only,3,/404/index.html,0.00000000,false,6.825
390ecc443369350f80b2,slug_only,1,/providers/AviatrixSystems/aviatrix/latest/docs/data-sources/:path*,0.80000000,false,4.048
390ecc443369350f80b2,slug_only,2,/providers/AviatrixSystems/aviatrix/latest/docs/guides/:path*,0.80000000,false,4.048
390ecc443369350f80b2,slug_only,3,/providers/AviatrixSystems/aviatrix/latest/docs/resources/:path*,0.80000000,false,4.048
3991b3971284a551bd45,slug_only,1,/gen1/<platform>/tools/libraries/<page>,0.90000000,true,6.915
3991b3971284a551bd45,slug_only,2,/gen1/<platform>/build-a-backend/graphqlapi/<page>,0.80000000,false,6.915
3991b3971284a551bd45,slug_only,3,/gen1/<platform>/build-a-backend/more-features/<page>,0.80000000,false,6.915
39cf9d1f71ce06a39a57,slug_only,1,/en/flagger/tutorials/gloo-progressive-delivery,0.80000000,false,6.841
39cf9d1f71ce06a39a57,slug_only,2,/flagger/tutorials/gloo-progressive-delivery,0.80000000,true,6.841
39cf9d1f71ce06a39a57,slug_only,3,/en/flagger/tutorials/apisix-progressive-delivery,0.12500000,false,6.841
39efcd87c095bbd4201d,slug_only,1,/examples/temporary_files,0.25000000,true,8.110
39efcd87c095bbd4201d,slug_only,2,/examples/sandbox/upload_files,0.08333333,false,8.110
39efcd87c095bbd4201d,slug_only,3,/examples/watching_files,0.08333333,false,8.110
3ad78b60c572605f0981,slug_only,1,/deploy/*,0.80000000,false,5.591
3ad78b60c572605f0981,slug_only,2,/deploy/classic/*,0.80000000,true,5.591
3ad78b60c572605f0981,slug_only,3,/404,0.00000000,false,5.591
3ada48eef3b161fdc723,slug_only,1,/en/flagger/tutorials/nginx-progressive-delivery,0.80000000,false,10.484
3ada48eef3b161fdc723,slug_only,2,/flagger/tutorials/nginx-progressive-delivery,0.80000000,true,10.484
3ada48eef3b161fdc723,slug_only,3,/en/flagger/tutorials/apisix-progressive-delivery,0.12500000,false,10.484
3ae533a60efd19252602,slug_only,1,/,0.00000000,false,3.948
3ae533a60efd19252602,slug_only,2,/404/index.html,0.00000000,false,3.948
3ae533a60efd19252602,slug_only,3,/<platform>/build-a-backend/auth/connect-your-frontend/manage-user-sessions,0.00000000,false,3.948
3b2af4fe3fa93f199e1c,slug_only,1,/,0.00000000,false,18.152
3b2af4fe3fa93f199e1c,slug_only,2,/404/index.html,0.00000000,false,18.152
3b2af4fe3fa93f199e1c,slug_only,3,/<platform>/build-a-backend/auth/connect-your-frontend/manage-user-sessions,0.00000000,false,18.152
3b51100f5fb1edc4f858,slug_only,1,/,0.00000000,false,6.806
3b51100f5fb1edc4f858,slug_only,2,/404/index.html,0.00000000,false,6.806
3b51100f5fb1edc4f858,slug_only,3,/<platform>/build-a-backend/auth/connect-your-frontend/manage-user-sessions,0.00000000,false,6.806
3b6841d4cbf719221a9c,slug_only,1,/gen1/<platform>/prev/build-a-backend/<page>,0.90000000,true,45.183
3b6841d4cbf719221a9c,slug_only,2,/gen1/<platform>/build-a-backend/graphqlapi/<page>,0.80000000,false,45.183
3b6841d4cbf719221a9c,slug_only,3,/gen1/<platform>/build-a-backend/more-features/<page>,0.80000000,false,45.183
3bce904aade12188c8c5,slug_only,1,/,0.00000000,false,8.603
3bce904aade12188c8c5,slug_only,2,/404/index.html,0.00000000,false,8.603
3bce904aade12188c8c5,slug_only,3,/<platform>/build-a-backend/auth/connect-your-frontend/manage-user-sessions,0.00000000,false,8.603
3bdbc1fcc7855e22f410,slug_only,1,/providers/AviatrixSystems/aviatrix/latest/docs/guides/:path*,0.90000000,false,6.290
3bdbc1fcc7855e22f410,slug_only,2,/providers/CheckPointSW/checkpoint/latest/docs/guides/:path*,0.90000000,false,6.290
3bdbc1fcc7855e22f410,slug_only,3,/providers/CiscoDevNet/mso/latest/docs/guides/:path*,0.90000000,false,6.290
3ca384f4f6809119d4aa,slug_only,1,/providers/AviatrixSystems/aviatrix/latest/docs/data-sources/:path*,0.80000000,false,8.995
3ca384f4f6809119d4aa,slug_only,2,/providers/AviatrixSystems/aviatrix/latest/docs/guides/:path*,0.80000000,false,8.995
3ca384f4f6809119d4aa,slug_only,3,/providers/AviatrixSystems/aviatrix/latest/docs/resources/:path*,0.80000000,false,8.995
3cab49bc0e59fdd15886,slug_only,1,/.github/pull_request_template,0.00000000,false,6.401
3cab49bc0e59fdd15886,slug_only,2,/MIGRATION,0.00000000,false,6.401
3cab49bc0e59fdd15886,slug_only,3,/README,0.00000000,false,6.401
3cb15b3f6c106fffac40,slug_only,1,/gen1/javascript/build-a-backend/storage/storage-v5-to-v6-migration-guide,0.90000000,true,13.932
3cb15b3f6c106fffac40,slug_only,2,/angular/getting-started/migration,0.04166667,false,13.932
3cb15b3f6c106fffac40,slug_only,3,/gen1/android/prev/build-a-backend/storage,0.04166667,false,13.932
3cec18e7c0e85ca37e60,slug_only,1,/:lang/basics/astro-syntax,1.00000000,false,6.612
3cec18e7c0e85ca37e60,slug_only,2,/:lang/reference/astro-syntax,0.80000000,true,6.612
3cec18e7c0e85ca37e60,slug_only,3,/:lang/basics/astro-components,0.18333333,false,6.612
3cfcf6b215b903a5b82c,slug_only,1,/,0.00000000,false,15.167
3cfcf6b215b903a5b82c,slug_only,2,/404/index.html,0.00000000,false,15.167
3cfcf6b215b903a5b82c,slug_only,3,/<platform>/build-a-backend/auth/connect-your-frontend/manage-user-sessions,0.00000000,false,15.167
3d0adff9fca9e7725f74,slug_only,1,/,0.00000000,false,5.983
3d0adff9fca9e7725f74,slug_only,2,/404/index.html,0.00000000,false,5.983
3d0adff9fca9e7725f74,slug_only,3,/<platform>/build-a-backend/auth/connect-your-frontend/manage-user-sessions,0.00000000,false,5.983
3d420b04aa767ac7b9b8,slug_only,1,/,0.00000000,false,11.515
3d420b04aa767ac7b9b8,slug_only,2,/404/index.html,0.00000000,false,11.515
3d420b04aa767ac7b9b8,slug_only,3,/<platform>/build-a-backend/auth/connect-your-frontend/manage-user-sessions,0.00000000,false,11.515
3d7569ef3f6cbfe5e573,slug_only,1,/providers/AviatrixSystems/aviatrix/latest/docs/data-sources/:path*,0.80000000,false,9.158
3d7569ef3f6cbfe5e573,slug_only,2,/providers/AviatrixSystems/aviatrix/latest/docs/guides/:path*,0.80000000,false,9.158
3d7569ef3f6cbfe5e573,slug_only,3,/providers/AviatrixSystems/aviatrix/latest/docs/resources/:path*,0.80000000,false,9.158
3def6aaf606321a9b4fd,slug_only,1,/,0.00000000,false,20.536
3def6aaf606321a9b4fd,slug_only,2,/404/index.html,0.00000000,false,20.536
3def6aaf606321a9b4fd,slug_only,3,/<platform>/build-a-backend/auth/connect-your-frontend/manage-user-sessions,0.00000000,false,20.536
3e0e6b51a3b7a0e5dd44,slug_only,1,/providers/AviatrixSystems/aviatrix/latest/docs/data-sources/:path*,0.80000000,false,6.872
3e0e6b51a3b7a0e5dd44,slug_only,2,/providers/AviatrixSystems/aviatrix/latest/docs/guides/:path*,0.80000000,false,6.872
3e0e6b51a3b7a0e5dd44,slug_only,3,/providers/AviatrixSystems/aviatrix/latest/docs/resources/:path*,0.80000000,false,6.872
3e84e7bc69164ef8fbd4,slug_only,1,/.github/pull_request_template,0.00000000,false,6.728
3e84e7bc69164ef8fbd4,slug_only,2,/MIGRATION,0.00000000,false,6.728
3e84e7bc69164ef8fbd4,slug_only,3,/README,0.00000000,false,6.728
3f25d4e65f63995421e4,slug_only,1,/angular/build-a-backend,0.12500000,false,2.850
3f25d4e65f63995421e4,slug_only,2,/flutter/build-a-backend,0.12500000,false,2.850
3f25d4e65f63995421e4,slug_only,3,/gen1/android/prev/build-a-backend,0.12500000,false,2.850
3f619c7746d09bfe7b7a,slug_only,1,/,0.00000000,false,3.142
3f619c7746d09bfe7b7a,slug_only,2,/404/index.html,0.00000000,false,3.142
3f619c7746d09bfe7b7a,slug_only,3,/<platform>/build-a-backend/auth/connect-your-frontend/manage-user-sessions,0.00000000,false,3.142
3f8ee5fda4d6f7d63bfb,slug_only,1,/language/upgrade-guides/0-13,0.12500000,true,5.096
3f8ee5fda4d6f7d63bfb,slug_only,2,/docs/extend/writing-custom-providers.html,0.05000000,false,5.096
3f8ee5fda4d6f7d63bfb,slug_only,3,/.github/pull_request_template,0.00000000,false,5.096
3fa6ef3def1138ff62b6,slug_only,1,/,0.00000000,false,3.494
3fa6ef3def1138ff62b6,slug_only,2,/404/index.html,0.00000000,false,3.494
3fa6ef3def1138ff62b6,slug_only,3,/<platform>/build-a-backend/auth/connect-your-frontend/manage-user-sessions,0.00000000,false,3.494
40065817d4691eccc8d7,slug_only,1,/enterprise/requirements/os-specific/centos-requirements,0.90000000,true,2.828
40065817d4691eccc8d7,slug_only,2,/enterprise/requirements/os-specific/rhel-requirements,0.08333333,false,2.828
40065817d4691eccc8d7,slug_only,3,/.github/pull_request_template,0.00000000,false,2.828
40512dedffd3031c014c,slug_only,1,/,0.00000000,false,3.484
40512dedffd3031c014c,slug_only,2,/404/index.html,0.00000000,false,3.484
40512dedffd3031c014c,slug_only,3,/<platform>/build-a-backend/auth/connect-your-frontend/manage-user-sessions,0.00000000,false,3.484
4073f2cca47aa6d12c7e,slug_only,1,/,0.00000000,false,8.207
4073f2cca47aa6d12c7e,slug_only,2,/404/index.html,0.00000000,false,8.207
4073f2cca47aa6d12c7e,slug_only,3,/<platform>/build-a-backend/auth/connect-your-frontend/manage-user-sessions,0.00000000,false,8.207
40c8c7b830b52e83f90d,slug_only,1,/providers/AviatrixSystems/aviatrix/latest/docs/data-sources/:path*,0.80000000,false,5.944
40c8c7b830b52e83f90d,slug_only,2,/providers/AviatrixSystems/aviatrix/latest/docs/guides/:path*,0.80000000,false,5.944
40c8c7b830b52e83f90d,slug_only,3,/providers/AviatrixSystems/aviatrix/latest/docs/resources/:path*,0.80000000,false,5.944
410d32a398a8bfcdb9b7,slug_only,1,/providers/AviatrixSystems/aviatrix/latest/docs/guides/:path*,0.90000000,false,6.978
410d32a398a8bfcdb9b7,slug_only,2,/providers/CheckPointSW/checkpoint/latest/docs/guides/:path*,0.90000000,false,6.978
410d32a398a8bfcdb9b7,slug_only,3,/providers/CiscoDevNet/mso/latest/docs/guides/:path*,0.90000000,false,6.978
412b70b8a9716dd164cc,slug_only,1,/:lang/guides/sessions,0.80000000,true,10.132
412b70b8a9716dd164cc,slug_only,2,/:lang/reference/astro-syntax,0.10000000,false,10.132
412b70b8a9716dd164cc,slug_only,3,/:lang/reference/dev-toolbar-app-reference,0.10000000,false,10.132
4183658eaa243b73c89b,slug_only,1,/android/sdk/auth/getting-started,0.80000000,false,7.128
4183658eaa243b73c89b,slug_only,2,/gen1/<platform>/start/getting-started,0.80000000,false,7.128
4183658eaa243b73c89b,slug_only,3,/,0.00000000,false,7.128
418fec2bb08f798b58ee,slug_only,1,/,0.00000000,false,7.427
418fec2bb08f798b58ee,slug_only,2,/404/index.html,0.00000000,false,7.427
418fec2bb08f798b58ee,slug_only,3,/<platform>/build-a-backend/auth/connect-your-frontend/manage-user-sessions,0.00000000,false,7.427
4190fcb1aa1d091af6d4,slug_only,1,/flutter,0.80000000,false,6.132
4190fcb1aa1d091af6d4,slug_only,2,/,0.00000000,false,6.132
4190fcb1aa1d091af6d4,slug_only,3,/404/index.html,0.00000000,false,6.132
41b7a1ab0aa210abff3a,slug_only,1,/docs/extend/writing-custom-providers.html,0.06250000,false,5.725
41b7a1ab0aa210abff3a,slug_only,2,/.github/pull_request_template,0.00000000,false,5.725
41b7a1ab0aa210abff3a,slug_only,3,/MIGRATION,0.00000000,false,5.725
41bc97c8361f8c214fcc,slug_only,1,/,0.00000000,false,5.358
41bc97c8361f8c214fcc,slug_only,2,/404/index.html,0.00000000,false,5.358
41bc97c8361f8c214fcc,slug_only,3,/<platform>/build-a-backend/auth/connect-your-frontend/manage-user-sessions,0.00000000,false,5.358
41dacecb8a17b54922a4,slug_only,1,/flux/components/helm,0.10000000,false,2.984
41dacecb8a17b54922a4,slug_only,2,/flux/components/image,0.10000000,false,2.984
41dacecb8a17b54922a4,slug_only,3,/flux/components/kustomize,0.10000000,false,2.984
420e8a6728219e8a72dc,slug_only,1,/,0.00000000,false,5.981
420e8a6728219e8a72dc,slug_only,2,/404/index.html,0.00000000,false,5.981
420e8a6728219e8a72dc,slug_only,3,/<platform>/build-a-backend/auth/connect-your-frontend/manage-user-sessions,0.00000000,false,5.981
4244f5392d474d193abc,slug_only,1,/flutter,0.80000000,false,4.422
4244f5392d474d193abc,slug_only,2,/,0.00000000,false,4.422
4244f5392d474d193abc,slug_only,3,/404/index.html,0.00000000,false,4.422
42a8a64fa8b51d735738,slug_only,1,/examples/tutorials/deploy_otel,1.00000000,false,4.467
42a8a64fa8b51d735738,slug_only,2,/examples/tutorials/deno_deploy,0.18333333,false,4.467
42a8a64fa8b51d735738,slug_only,3,/examples/tutorials/deploy_command,0.18333333,false,4.467
42ad3a352db93b966717,slug_only,1,/providers/AviatrixSystems/aviatrix/latest/docs/data-sources/:path*,0.80000000,false,8.477
42ad3a352db93b966717,slug_only,2,/providers/AviatrixSystems/aviatrix/latest/docs/guides/:path*,0.80000000,false,8.477
42ad3a352db93b966717,slug_only,3,/providers/AviatrixSystems/aviatrix/latest/docs/resources/:path*,0.80000000,false,8.477
42f10281907ef9fa30fd,slug_only,1,/gen1/android/build-a-backend/auth/switch-auth,0.90000000,false,22.691
42f10281907ef9fa30fd,slug_only,2,/gen1/javascript/prev/build-a-backend/auth/switch-auth,0.90000000,false,22.691
42f10281907ef9fa30fd,slug_only,3,/angular/build-a-backend/auth,0.12500000,false,22.691
430c7be15d56681fbe3e,slug_only,1,/gen1/<platform>/start/getting-started,0.90000000,true,3.523
430c7be15d56681fbe3e,slug_only,2,/android/sdk/auth/getting-started,0.80000000,false,3.523
430c7be15d56681fbe3e,slug_only,3,/,0.00000000,false,3.523
43775d2faaf0e02186dc,slug_only,1,/,0.00000000,false,3.432
43775d2faaf0e02186dc,slug_only,2,/404/index.html,0.00000000,false,3.432
43775d2faaf0e02186dc,slug_only,3,/<platform>/build-a-backend/auth/connect-your-frontend/manage-user-sessions,0.00000000,false,3.432
437f71921babb9f7edf6,slug_only,1,/android/build-a-backend/more-features/datastore/manipulate-data,0.06250000,false,3.262
437f71921babb9f7edf6,slug_only,2,/flutter/build-a-backend/graphqlapi/query-data,0.06250000,false,3.262
437f71921babb9f7edf6,slug_only,3,/flutter/build-a-backend/graphqlapi/subscribe-data,0.06250000,false,3.262
439f078eb7d480fcc4da,slug_only,1,/,0.00000000,false,9.861
439f078eb7d480fcc4da,slug_only,2,/404/index.html,0.00000000,false,9.861
439f078eb7d480fcc4da,slug_only,3,/<platform>/build-a-backend/auth/connect-your-frontend/manage-user-sessions,0.00000000,false,9.861
43b0a64e317099a6b86c,slug_only,1,/en/flagger/tutorials/osm-progressive-delivery,0.80000000,false,3.882
43b0a64e317099a6b86c,slug_only,2,/flagger/tutorials/osm-progressive-delivery,0.80000000,true,3.882
43b0a64e317099a6b86c,slug_only,3,/en/flagger/tutorials/apisix-progressive-delivery,0.12500000,false,3.882
43be4c6bb618929235f8,slug_only,1,/,0.00000000,false,2.887
43be4c6bb618929235f8,slug_only,2,/404/index.html,0.00000000,false,2.887
43be4c6bb618929235f8,slug_only,3,/<platform>/build-a-backend/auth/connect-your-frontend/manage-user-sessions,0.00000000,false,2.887
43c30fb57dabe5640614,slug_only,1,/gen1/android/build-a-backend/storage/query-transfers,0.90000000,false,3.061
43c30fb57dabe5640614,slug_only,2,/flutter/build-a-backend/graphqlapi/query-data,0.08333333,false,3.061
43c30fb57dabe5640614,slug_only,3,/gen1/android/prev/build-a-backend/graphqlapi/query-data,0.08333333,false,3.061
43cc6958c638b608ae24,slug_only,1,/,0.00000000,false,7.982
43cc6958c638b608ae24,slug_only,2,/404/index.html,0.00000000,false,7.982
43cc6958c638b608ae24,slug_only,3,/<platform>/build-a-backend/auth/connect-your-frontend/manage-user-sessions,0.00000000,false,7.982
43cf19f3eb590a6abf53,slug_only,1,/,0.00000000,false,3.703
43cf19f3eb590a6abf53,slug_only,2,/404/index.html,0.00000000,false,3.703
43cf19f3eb590a6abf53,slug_only,3,/<platform>/build-a-backend/auth/connect-your-frontend/manage-user-sessions,0.00000000,false,3.703
441b3fc5b642b1846a56,slug_only,1,/,0.00000000,false,3.067
441b3fc5b642b1846a56,slug_only,2,/404/index.html,0.00000000,false,3.067
441b3fc5b642b1846a56,slug_only,3,/<platform>/build-a-backend/auth/connect-your-frontend/manage-user-sessions,0.00000000,false,3.067
44443d79ff3f33b083aa,slug_only,1,/,0.00000000,false,8.040
44443d79ff3f33b083aa,slug_only,2,/404/index.html,0.00000000,false,8.040
44443d79ff3f33b083aa,slug_only,3,/<platform>/build-a-backend/auth/connect-your-frontend/manage-user-sessions,0.00000000,false,8.040
44f32161f3bdf914df9f,slug_only,1,/,0.00000000,false,2.875
44f32161f3bdf914df9f,slug_only,2,/404/index.html,0.00000000,false,2.875
44f32161f3bdf914df9f,slug_only,3,/<platform>/build-a-backend/auth/connect-your-frontend/manage-user-sessions,0.00000000,false,2.875
45f2516976ae8780b406,slug_only,1,/enterprise/api-docs/admin/terraform-versions,0.90000000,true,6.402
45f2516976ae8780b406,slug_only,2,/products/terraform,0.12500000,false,6.402
45f2516976ae8780b406,slug_only,3,/.github/pull_request_template,0.00000000,false,6.402
4638dd463f4ec1cf3dd9,slug_only,1,/,0.00000000,false,3.277
4638dd463f4ec1cf3dd9,slug_only,2,/404/index.html,0.00000000,false,3.277
4638dd463f4ec1cf3dd9,slug_only,3,/<platform>/build-a-backend/auth/connect-your-frontend/manage-user-sessions,0.00000000,false,3.277
46876c0a337f6ec2dc37,slug_only,1,/,0.00000000,false,4.855
46876c0a337f6ec2dc37,slug_only,2,/404/index.html,0.00000000,false,4.855
46876c0a337f6ec2dc37,slug_only,3,/<platform>/build-a-backend/auth/connect-your-frontend/manage-user-sessions,0.00000000,false,4.855
46e831c4161a05e29243,slug_only,1,/,0.00000000,false,7.792
46e831c4161a05e29243,slug_only,2,/404/index.html,0.00000000,false,7.792
46e831c4161a05e29243,slug_only,3,/<platform>/build-a-backend/auth/connect-your-frontend/manage-user-sessions,0.00000000,false,7.792
46f3d5a26fc59d58d70e,slug_only,1,/en/guides/actions,0.10000000,false,2.691
46f3d5a26fc59d58d70e,slug_only,2,/en/guides/astro-db,0.10000000,false,2.691
46f3d5a26fc59d58d70e,slug_only,3,/en/guides/authentication,0.10000000,false,2.691
4700a464b58f448c17f4,slug_only,1,/gen1/<platform>/build-a-backend/push-notifications/<page>,0.90000000,false,3.246
4700a464b58f448c17f4,slug_only,2,/gen1/<platform>/sdk/push-notifications/<page>,0.90000000,true,3.246
4700a464b58f448c17f4,slug_only,3,/gen1/<platform>/build-a-backend/graphqlapi/<page>,0.80000000,false,3.246
4717160e908a3a44b471,slug_only,1,/providers/AviatrixSystems/aviatrix/latest/docs/data-sources/:path*,0.80000000,false,2.703
4717160e908a3a44b471,slug_only,2,/providers/AviatrixSystems/aviatrix/latest/docs/guides/:path*,0.80000000,false,2.703
4717160e908a3a44b471,slug_only,3,/providers/AviatrixSystems/aviatrix/latest/docs/resources/:path*,0.80000000,false,2.703
47b9332058972ca0b75b,slug_only,1,/,0.00000000,false,4.857
47b9332058972ca0b75b,slug_only,2,/404/index.html,0.00000000,false,4.857
47b9332058972ca0b75b,slug_only,3,/<platform>/build-a-backend/auth/connect-your-frontend/manage-user-sessions,0.00000000,false,4.857
47d6dfd3bd6ef2ec9c8a,slug_only,1,/,0.00000000,false,3.414
47d6dfd3bd6ef2ec9c8a,slug_only,2,/404/index.html,0.00000000,false,3.414
47d6dfd3bd6ef2ec9c8a,slug_only,3,/<platform>/build-a-backend/auth/connect-your-frontend/manage-user-sessions,0.00000000,false,3.414
480c8bf6543e153e4e9a,slug_only,1,/,0.00000000,false,11.967
480c8bf6543e153e4e9a,slug_only,2,/404/index.html,0.00000000,false,11.967
480c8bf6543e153e4e9a,slug_only,3,/<platform>/build-a-backend/auth/connect-your-frontend/manage-user-sessions,0.00000000,false,11.967
482a27e48bf447d0b10e,slug_only,1,/flutter/build-a-backend/graphqlapi/advanced-workflows,0.12500000,false,7.455
482a27e48bf447d0b10e,slug_only,2,/gen1/android/prev/build-a-backend/graphqlapi/advanced-workflows,0.12500000,false,7.455
482a27e48bf447d0b10e,slug_only,3,/gen1/flutter/prev/build-a-backend/graphqlapi/advanced-workflows,0.12500000,false,7.455
483f83e5a7eaa2a0a544,slug_only,1,/providers/AviatrixSystems/aviatrix/latest/docs/data-sources/:path*,0.80000000,false,2.733
483f83e5a7eaa2a0a544,slug_only,2,/providers/AviatrixSystems/aviatrix/latest/docs/guides/:path*,0.80000000,false,2.733
483f83e5a7eaa2a0a544,slug_only,3,/providers/AviatrixSystems/aviatrix/latest/docs/resources/:path*,0.80000000,false,2.733
485f7dbdfe609024a395,slug_only,1,/flutter,0.80000000,false,2.991
485f7dbdfe609024a395,slug_only,2,/,0.00000000,false,2.991
485f7dbdfe609024a395,slug_only,3,/404/index.html,0.00000000,false,2.991
4878a72bdc57806e123f,slug_only,1,/providers/AviatrixSystems/aviatrix/latest/docs/data-sources/:path*,0.80000000,false,4.898
4878a72bdc57806e123f,slug_only,2,/providers/AviatrixSystems/aviatrix/latest/docs/guides/:path*,0.80000000,false,4.898
4878a72bdc57806e123f,slug_only,3,/providers/AviatrixSystems/aviatrix/latest/docs/resources/:path*,0.80000000,false,4.898
488ecd72a8e417600ab5,slug_only,1,/CODE_OF_CONDUCT,0.00000000,false,8.963
488ecd72a8e417600ab5,slug_only,2,/CONTRIBUTING,0.00000000,false,8.963
488ecd72a8e417600ab5,slug_only,3,/README,0.00000000,false,8.963
4898fdcf2db7a2906f15,slug_only,1,/,0.00000000,false,7.447
4898fdcf2db7a2906f15,slug_only,2,/404/index.html,0.00000000,false,7.447
4898fdcf2db7a2906f15,slug_only,3,/<platform>/build-a-backend/auth/connect-your-frontend/manage-user-sessions,0.00000000,false,7.447
48a54ec7e758560113c6,slug_only,1,/,0.00000000,false,11.110
48a54ec7e758560113c6,slug_only,2,/404/index.html,0.00000000,false,11.110
48a54ec7e758560113c6,slug_only,3,/<platform>/build-a-backend/auth/connect-your-frontend/manage-user-sessions,0.00000000,false,11.110
48ca4c8423573409dfb5,slug_only,1,/,0.00000000,false,8.707
48ca4c8423573409dfb5,slug_only,2,/404/index.html,0.00000000,false,8.707
48ca4c8423573409dfb5,slug_only,3,/<platform>/build-a-backend/auth/connect-your-frontend/manage-user-sessions,0.00000000,false,8.707
48eb29c0cc9541c9a14c,slug_only,1,/.github/pull_request_template,0.00000000,false,2.759
48eb29c0cc9541c9a14c,slug_only,2,/MIGRATION,0.00000000,false,2.759
48eb29c0cc9541c9a14c,slug_only,3,/README,0.00000000,false,2.759
4955ce62a0b109dd35ee,slug_only,1,/,0.00000000,false,5.452
4955ce62a0b109dd35ee,slug_only,2,/404/index.html,0.00000000,false,5.452
4955ce62a0b109dd35ee,slug_only,3,/<platform>/build-a-backend/auth/connect-your-frontend/manage-user-sessions,0.00000000,false,5.452
4992436ff4cf5e58d025,slug_only,1,/providers/AviatrixSystems/aviatrix/latest/docs/data-sources/:path*,0.80000000,false,6.675
4992436ff4cf5e58d025,slug_only,2,/providers/AviatrixSystems/aviatrix/latest/docs/guides/:path*,0.80000000,false,6.675
4992436ff4cf5e58d025,slug_only,3,/providers/AviatrixSystems/aviatrix/latest/docs/resources/:path*,0.80000000,false,6.675
49cd3f67695a2eac8cad,slug_only,1,/.github/pull_request_template,0.00000000,false,3.446
49cd3f67695a2eac8cad,slug_only,2,/MIGRATION,0.00000000,false,3.446
49cd3f67695a2eac8cad,slug_only,3,/README,0.00000000,false,3.446
4a2e702e55da85abdffe,slug_only,1,/providers/AviatrixSystems/aviatrix/latest/docs/data-sources/:path*,0.80000000,false,5.983
4a2e702e55da85abdffe,slug_only,2,/providers/AviatrixSystems/aviatrix/latest/docs/guides/:path*,0.80000000,false,5.983
4a2e702e55da85abdffe,slug_only,3,/providers/AviatrixSystems/aviatrix/latest/docs/resources/:path*,0.80000000,false,5.983
4a52b3bc2f43a6fc0678,slug_only,1,/,0.00000000,false,4.385
4a52b3bc2f43a6fc0678,slug_only,2,/404/index.html,0.00000000,false,4.385
4a52b3bc2f43a6fc0678,slug_only,3,/<platform>/build-a-backend/auth/connect-your-frontend/manage-user-sessions,0.00000000,false,4.385
4a5e2d02954d5bd752d4,slug_only,1,/:lang/guides/astro-db,0.10000000,false,3.907
4a5e2d02954d5bd752d4,slug_only,2,/:lang/guides/backend/appwrite,0.10000000,false,3.907
4a5e2d02954d5bd752d4,slug_only,3,/:lang/guides/backend/firebase,0.10000000,false,3.907
4a614b31a6d99cd7eed5,slug_only,1,/,0.00000000,false,3.785
4a614b31a6d99cd7eed5,slug_only,2,/404/index.html,0.00000000,false,3.785
4a614b31a6d99cd7eed5,slug_only,3,/<platform>/build-a-backend/auth/connect-your-frontend/manage-user-sessions,0.00000000,false,3.785
4a862461b48d336e0ff4,slug_only,1,/,0.00000000,false,3.009
4a862461b48d336e0ff4,slug_only,2,/404/index.html,0.00000000,false,3.009
4a862461b48d336e0ff4,slug_only,3,/<platform>/build-a-backend/auth/connect-your-frontend/manage-user-sessions,0.00000000,false,3.009
4b50b94b72a449d19359,slug_only,1,/,0.00000000,false,7.298
4b50b94b72a449d19359,slug_only,2,/404/index.html,0.00000000,false,7.298
4b50b94b72a449d19359,slug_only,3,/<platform>/build-a-backend/auth/connect-your-frontend/manage-user-sessions,0.00000000,false,7.298
4b600e8bce118e6cc66d,slug_only,1,/:lang/basics/astro-components,0.80000000,true,2.897
4b600e8bce118e6cc66d,slug_only,2,/ar/basics/astro-components,0.80000000,false,2.897
4b600e8bce118e6cc66d,slug_only,3,/de/basics/astro-components,0.80000000,false,2.897
4b6be50115897adfb2af,slug_only,1,/en/flagger/tutorials/kubernetes-blue-green,0.16666667,false,7.506
4b6be50115897adfb2af,slug_only,2,/flagger/tutorials/kubernetes-blue-green,0.16666667,true,7.506
4b6be50115897adfb2af,slug_only,3,/flagger/usage/how-it-works,0.10000000,false,7.506
4b847696f8a2b45066d8,slug_only,1,/,0.00000000,false,2.947
4b847696f8a2b45066d8,slug_only,2,/404/index.html,0.00000000,false,2.947
4b847696f8a2b45066d8,slug_only,3,/<platform>/build-a-backend/auth/connect-your-frontend/manage-user-sessions,0.00000000,false,2.947
4b88fb7f25fbe940667f,slug_only,1,/android/build-a-backend/more-features/datastore/manipulate-data,0.08333333,false,2.962
4b88fb7f25fbe940667f,slug_only,2,/flutter/build-a-backend/graphqlapi/query-data,0.08333333,false,2.962
4b88fb7f25fbe940667f,slug_only,3,/flutter/build-a-backend/graphqlapi/subscribe-data,0.08333333,false,2.962
4bd64330535af1e3b721,slug_only,1,/runtime/reference/jsx,0.10000000,false,3.320
4bd64330535af1e3b721,slug_only,2,/runtime/reference/migration_guide,0.10000000,false,3.320
4bd64330535af1e3b721,slug_only,3,/runtime/reference/std,0.10000000,false,3.320
4c46d186a4bac9da7d36,slug_only,1,/,0.00000000,false,4.168
4c46d186a4bac9da7d36,slug_only,2,/404/index.html,0.00000000,false,4.168
4c46d186a4bac9da7d36,slug_only,3,/<platform>/build-a-backend/auth/connect-your-frontend/manage-user-sessions,0.00000000,false,4.168
4c939cfe27360958ec13,slug_only,1,/intro/vs,0.10000000,true,2.864
4c939cfe27360958ec13,slug_only,2,/intro/vs/boto,0.10000000,false,2.864
4c939cfe27360958ec13,slug_only,3,/docs/extend/writing-custom-providers.html,0.05000000,false,2.864
4c959a6a66f6fa0b0ae6,slug_only,1,/.github/PULL_REQUEST_TEMPLATE,0.00000000,false,2.908
4c959a6a66f6fa0b0ae6,slug_only,2,/:lang/404,0.00000000,false,2.908
4c959a6a66f6fa0b0ae6,slug_only,3,/:lang/:splat,0.00000000,false,2.908
4ce77b8b8674f614a32e,slug_only,1,/,0.00000000,false,2.833
4ce77b8b8674f614a32e,slug_only,2,/404/index.html,0.00000000,false,2.833
4ce77b8b8674f614a32e,slug_only,3,/<platform>/build-a-backend/auth/connect-your-frontend/manage-user-sessions,0.00000000,false,2.833
4d46c681b00c694f0d84,slug_only,1,/,0.00000000,false,2.772
4d46c681b00c694f0d84,slug_only,2,/404/index.html,0.00000000,false,2.772
4d46c681b00c694f0d84,slug_only,3,/<platform>/build-a-backend/auth/connect-your-frontend/manage-user-sessions,0.00000000,false,2.772
4d6bb4ec5cdee172d164,slug_only,1,/language/v1.1.x/upgrade-guides/0-12,0.90000000,true,2.562
4d6bb4ec5cdee172d164,slug_only,2,/language/v1.2.x/settings/backends/etcdv3,0.10000000,false,2.562
4d6bb4ec5cdee172d164,slug_only,3,/language/v1.2.x/settings/backends/manta,0.10000000,false,2.562
4d7127837a0a9e3744b3,slug_only,1,/,0.00000000,false,3.009
4d7127837a0a9e3744b3,slug_only,2,/404/index.html,0.00000000,false,3.009
4d7127837a0a9e3744b3,slug_only,3,/<platform>/build-a-backend/auth/connect-your-frontend/manage-user-sessions,0.00000000,false,3.009
4d8b7213b1170f103664,slug_only,1,/gen1/angular/deploy-and-host/custom-configuration,0.90000000,false,3.614
4d8b7213b1170f103664,slug_only,2,/gen1/javascript/deploy-and-host/custom-configuration,0.90000000,false,3.614
4d8b7213b1170f103664,slug_only,3,/gen1/javascript/prev/build-a-backend/more-features/analytics/create-custom-plugin,0.06250000,false,3.614
4d94dbc1fb7e1f8e0100,slug_only,1,/,0.00000000,false,3.044
4d94dbc1fb7e1f8e0100,slug_only,2,/404/index.html,0.00000000,false,3.044
4d94dbc1fb7e1f8e0100,slug_only,3,/<platform>/build-a-backend/auth/connect-your-frontend/manage-user-sessions,0.00000000,false,3.044
4ddee714a2e2814fe503,slug_only,1,/en/flagger/tutorials/gatewayapi-progressive-delivery,0.80000000,false,2.935
4ddee714a2e2814fe503,slug_only,2,/flagger/tutorials/gatewayapi-progressive-delivery,0.80000000,true,2.935
4ddee714a2e2814fe503,slug_only,3,/en/flagger/tutorials/apisix-progressive-delivery,0.12500000,false,2.935
4df02e5ca1bae48c3dc3,slug_only,1,/terraform/plugin/testing/testing-patterns,0.22500000,true,2.646
4df02e5ca1bae48c3dc3,slug_only,2,/terraform/plugin/best-practices/interacting-with-providers,0.10000000,false,2.646
4df02e5ca1bae48c3dc3,slug_only,3,/terraform/plugin/best-practices/provider-code,0.10000000,false,2.646
4e1962ea423100a03cda,slug_only,1,/providers/AviatrixSystems/aviatrix/latest/docs/data-sources/:path*,0.80000000,false,2.612
4e1962ea423100a03cda,slug_only,2,/providers/AviatrixSystems/aviatrix/latest/docs/guides/:path*,0.80000000,false,2.612
4e1962ea423100a03cda,slug_only,3,/providers/AviatrixSystems/aviatrix/latest/docs/resources/:path*,0.80000000,false,2.612
4e2cf528517a09f02094,slug_only,1,/,0.00000000,false,2.912
4e2cf528517a09f02094,slug_only,2,/404/index.html,0.00000000,false,2.912
4e2cf528517a09f02094,slug_only,3,/<platform>/build-a-backend/auth/connect-your-frontend/manage-user-sessions,0.00000000,false,2.912
4e5dc84c36ba44fc8b94,slug_only,1,/,0.00000000,false,2.791
4e5dc84c36ba44fc8b94,slug_only,2,/404/index.html,0.00000000,false,2.791
4e5dc84c36ba44fc8b94,slug_only,3,/<platform>/build-a-backend/auth/connect-your-frontend/manage-user-sessions,0.00000000,false,2.791
4e6e6feea74a5efe0625,slug_only,1,/gen1/angular/prev/start/project-setup/create-application,0.90000000,false,4.351
4e6e6feea74a5efe0625,slug_only,2,/gen1/javascript/prev/build-a-backend/more-features/analytics/create-custom-plugin,0.06250000,false,4.351
4e6e6feea74a5efe0625,slug_only,3,/,0.00000000,false,4.351
4eb86f0daf510dbe1f10,slug_only,1,/examples/parsing_serializing_yaml,0.25000000,true,3.184
4eb86f0daf510dbe1f10,slug_only,2,/examples/parsing_serializing_csv,0.12500000,false,3.184
4eb86f0daf510dbe1f10,slug_only,3,/examples/parsing_serializing_json,0.12500000,false,3.184
4eb970640a26cc950d15,slug_only,1,/runtime/contributing,0.10000000,true,2.861
4eb970640a26cc950d15,slug_only,2,/404,0.00000000,false,2.861
4eb970640a26cc950d15,slug_only,3,/README,0.00000000,false,2.861
4ed183c690024272c016,slug_only,1,/,0.00000000,false,4.078
4ed183c690024272c016,slug_only,2,/404/index.html,0.00000000,false,4.078
4ed183c690024272c016,slug_only,3,/<platform>/build-a-backend/auth/connect-your-frontend/manage-user-sessions,0.00000000,false,4.078
4ed1a7f6282535a638ed,slug_only,1,/flutter,0.80000000,false,3.385
4ed1a7f6282535a638ed,slug_only,2,/,0.00000000,false,3.385
4ed1a7f6282535a638ed,slug_only,3,/404/index.html,0.00000000,false,3.385
4ee514b497f32e6b2c70,slug_only,1,/gen1/<platform>/prev/build-a-backend/<category>/<page>,0.90000000,false,2.943
4ee514b497f32e6b2c70,slug_only,2,/gen1/<platform>/prev/tools/<category>/<page>,0.90000000,true,2.943
4ee514b497f32e6b2c70,slug_only,3,/gen1/<platform>/build-a-backend/graphqlapi/<page>,0.80000000,false,2.943
4f659f865c5a42f9515f,slug_only,1,/examples/aes_encryption,0.25000000,true,3.824
4f659f865c5a42f9515f,slug_only,2,/404,0.00000000,false,3.824
4f659f865c5a42f9515f,slug_only,3,/README,0.00000000,false,3.824
4ff03356ca53e9376d14,slug_only,1,/gen1/android/prev/start/project-setup/rxjava,0.90000000,true,3.244
4ff03356ca53e9376d14,slug_only,2,/,0.00000000,false,3.244
4ff03356ca53e9376d14,slug_only,3,/404/index.html,0.00000000,false,3.244
500357394ab0d4a4d391,slug_only,1,/,0.00000000,false,4.137
500357394ab0d4a4d391,slug_only,2,/404/index.html,0.00000000,false,4.137
500357394ab0d4a4d391,slug_only,3,/<platform>/build-a-backend/auth/connect-your-frontend/manage-user-sessions,0.00000000,false,4.137
500b410f4d5667336902,slug_only,1,/examples/tutorials/honeycomb,1.00000000,false,3.126
500b410f4d5667336902,slug_only,2,/examples/honeycomb_tutorial,0.12500000,true,3.126
500b410f4d5667336902,slug_only,3,/examples/tutorials/apollo,0.10000000,false,3.126
5070e2e1c5ef4a412b83,slug_only,1,/404,0.00000000,false,2.682
5070e2e1c5ef4a412b83,slug_only,2,/README,0.00000000,false,2.682
5070e2e1c5ef4a412b83,slug_only,3,/ai,0.00000000,false,2.682
5109caa0a2a6f184209e,slug_only,1,/,0.00000000,false,3.070
5109caa0a2a6f184209e,slug_only,2,/404/index.html,0.00000000,false,3.070
5109caa0a2a6f184209e,slug_only,3,/<platform>/build-a-backend/auth/connect-your-frontend/manage-user-sessions,0.00000000,false,3.070
5138ba44a50269f11c22,slug_only,1,/,0.00000000,false,2.819
5138ba44a50269f11c22,slug_only,2,/404/index.html,0.00000000,false,2.819
5138ba44a50269f11c22,slug_only,3,/<platform>/build-a-backend/auth/connect-your-frontend/manage-user-sessions,0.00000000,false,2.819
515bd6904f6237909108,slug_only,1,/,0.00000000,false,2.953
515bd6904f6237909108,slug_only,2,/404/index.html,0.00000000,false,2.953
515bd6904f6237909108,slug_only,3,/<platform>/build-a-backend/auth/connect-your-frontend/manage-user-sessions,0.00000000,false,2.953
517a1ba26c5387489d4d,slug_only,1,/android/build-a-backend/auth/managing-attributes,0.08333333,false,2.783
517a1ba26c5387489d4d,slug_only,2,/android/build-a-backend/more-features/analytics/identify-user,0.08333333,false,2.783
517a1ba26c5387489d4d,slug_only,3,/android/build-a-backend/more-features/logging/configure-user,0.08333333,false,2.783
5184e1a7e084639228cc,slug_only,1,/providers/AviatrixSystems/aviatrix/latest/docs/guides/:path*,0.90000000,false,2.721
5184e1a7e084639228cc,slug_only,2,/providers/CheckPointSW/checkpoint/latest/docs/guides/:path*,0.90000000,false,2.721
5184e1a7e084639228cc,slug_only,3,/providers/CiscoDevNet/mso/latest/docs/guides/:path*,0.90000000,false,2.721
519295c94761ba2f3d93,slug_only,1,/gen1/angular/build-a-backend/server-side-rendering/nextjs,0.90000000,false,2.922
519295c94761ba2f3d93,slug_only,2,/,0.00000000,false,2.922
519295c94761ba2f3d93,slug_only,3,/404/index.html,0.00000000,false,2.922
51df7672757ebc589235,slug_only,1,/gen1/<platform>/start/getting-started/<page>,0.90000000,true,2.839
51df7672757ebc589235,slug_only,2,/gen1/<platform>/build-a-backend/graphqlapi/<page>,0.80000000,false,2.839
51df7672757ebc589235,slug_only,3,/gen1/<platform>/build-a-backend/more-features/<page>,0.80000000,false,2.839
52009da7454f0400202b,slug_only,1,/android/build-a-backend/auth/multi-step-sign-in,0.05000000,false,2.946
52009da7454f0400202b,slug_only,2,/flutter/build-a-backend/auth/multi-step-sign-in,0.05000000,false,2.946
52009da7454f0400202b,slug_only,3,/,0.00000000,false,2.946
52131d6f2d0f6dc719de,slug_only,1,/,0.00000000,false,4.143
52131d6f2d0f6dc719de,slug_only,2,/404/index.html,0.00000000,false,4.143
52131d6f2d0f6dc719de,slug_only,3,/<platform>/build-a-backend/auth/connect-your-frontend/manage-user-sessions,0.00000000,false,4.143
521ec24b0832f6da851e,slug_only,1,/gen1/android/prev/build-a-backend/more-features/analytics/existing-resources,0.90000000,false,3.344
521ec24b0832f6da851e,slug_only,2,/android/build-a-backend/restapi/existing-resources,0.80000000,false,3.344
521ec24b0832f6da851e,slug_only,3,/flutter/build-a-backend/graphqlapi/existing-resources,0.80000000,false,3.344
527e495c1ba1f4ddb6bf,slug_only,1,/gen1/android/prev/start/project-setup/prerequisites,0.90000000,false,3.822
527e495c1ba1f4ddb6bf,slug_only,2,/,0.00000000,false,3.822
527e495c1ba1f4ddb6bf,slug_only,3,/404/index.html,0.00000000,false,3.822
52a551c0e1a723c43bcd,slug_only,1,/flutter,0.80000000,false,4.231
52a551c0e1a723c43bcd,slug_only,2,/,0.00000000,false,4.231
52a551c0e1a723c43bcd,slug_only,3,/404/index.html,0.00000000,false,4.231
5346e8a72b409947eb35,slug_only,1,/,0.00000000,false,3.401
5346e8a72b409947eb35,slug_only,2,/404/index.html,0.00000000,false,3.401
5346e8a72b409947eb35,slug_only,3,/<platform>/build-a-backend/auth/connect-your-frontend/manage-user-sessions,0.00000000,false,3.401
535abc8e08b61e40fede,slug_only,1,/,0.00000000,false,3.036
535abc8e08b61e40fede,slug_only,2,/404/index.html,0.00000000,false,3.036
535abc8e08b61e40fede,slug_only,3,/<platform>/build-a-backend/auth/connect-your-frontend/manage-user-sessions,0.00000000,false,3.036
53f225dec988846fa90b,slug_only,1,/flutter,0.80000000,false,3.130
53f225dec988846fa90b,slug_only,2,/,0.00000000,false,3.130
53f225dec988846fa90b,slug_only,3,/404/index.html,0.00000000,false,3.130
53fe5e95db130c40fbea,slug_only,1,/.github/pull_request_template,0.00000000,false,2.579
53fe5e95db130c40fbea,slug_only,2,/MIGRATION,0.00000000,false,2.579
53fe5e95db130c40fbea,slug_only,3,/README,0.00000000,false,2.579
54549888a29a4f4a3baa,slug_only,1,/,0.00000000,false,2.910
54549888a29a4f4a3baa,slug_only,2,/404/index.html,0.00000000,false,2.910
54549888a29a4f4a3baa,slug_only,3,/<platform>/build-a-backend/auth/connect-your-frontend/manage-user-sessions,0.00000000,false,2.910
546269cda1e717225a66,slug_only,1,/.github/pull_request_template,0.00000000,false,2.647
546269cda1e717225a66,slug_only,2,/MIGRATION,0.00000000,false,2.647
546269cda1e717225a66,slug_only,3,/README,0.00000000,false,2.647
54721773db7e1b547380,slug_only,1,/providers/AviatrixSystems/aviatrix/latest/docs/data-sources/:path*,0.80000000,false,2.637
54721773db7e1b547380,slug_only,2,/providers/AviatrixSystems/aviatrix/latest/docs/guides/:path*,0.80000000,false,2.637
54721773db7e1b547380,slug_only,3,/providers/AviatrixSystems/aviatrix/latest/docs/resources/:path*,0.80000000,false,2.637
5481822057b124c4be67,slug_only,1,/angular/build-a-backend/server-side-rendering,0.04166667,false,3.100
5481822057b124c4be67,slug_only,2,/angular/start/connect-to-aws-resources,0.03571429,false,3.100
5481822057b124c4be67,slug_only,3,/gen1/<platform>/build-a-backend/graphqlapi/connect-api-to-existing-database,0.03125000,false,3.100
549a5995a6cc4333f077,slug_only,1,/providers/AviatrixSystems/aviatrix/latest/docs/guides/:path*,0.90000000,false,2.872
549a5995a6cc4333f077,slug_only,2,/providers/CheckPointSW/checkpoint/latest/docs/guides/:path*,0.90000000,false,2.872
549a5995a6cc4333f077,slug_only,3,/providers/CiscoDevNet/mso/latest/docs/guides/:path*,0.90000000,false,2.872
54b46e26e018ad8e59bf,slug_only,1,/flutter,0.80000000,false,2.877
54b46e26e018ad8e59bf,slug_only,2,/,0.00000000,false,2.877
54b46e26e018ad8e59bf,slug_only,3,/404/index.html,0.00000000,false,2.877
54d69da09f0c359bb73d,slug_only,1,/docs/extend/writing-custom-providers.html,0.05000000,false,2.600
54d69da09f0c359bb73d,slug_only,2,/.github/pull_request_template,0.00000000,false,2.600
54d69da09f0c359bb73d,slug_only,3,/MIGRATION,0.00000000,false,2.600
54df152429c90f991170,slug_only,1,/:lang/recipes,0.10000000,false,2.677
54df152429c90f991170,slug_only,2,/:lang/recipes/rss,0.10000000,false,2.677
54df152429c90f991170,slug_only,3,/:lang/recipes/sharing-state-islands,0.10000000,false,2.677
5545e3b0e8f5409f69c4,slug_only,1,/,0.00000000,false,2.883
5545e3b0e8f5409f69c4,slug_only,2,/404/index.html,0.00000000,false,2.883
5545e3b0e8f5409f69c4,slug_only,3,/<platform>/build-a-backend/auth/connect-your-frontend/manage-user-sessions,0.00000000,false,2.883
556d6bc3e4945e58690e,slug_only,1,/:lang/guides/on-demand-rendering,0.06250000,true,2.811
556d6bc3e4945e58690e,slug_only,2,/.github/PULL_REQUEST_TEMPLATE,0.00000000,false,2.811
556d6bc3e4945e58690e,slug_only,3,/:lang/404,0.00000000,false,2.811
55a9022d7b2135ee6632,slug_only,1,/,0.00000000,false,2.817
55a9022d7b2135ee6632,slug_only,2,/404/index.html,0.00000000,false,2.817
55a9022d7b2135ee6632,slug_only,3,/<platform>/build-a-backend/auth/connect-your-frontend/manage-user-sessions,0.00000000,false,2.817
55b8ea2f072fd9d9c7bc,slug_only,1,/,0.00000000,false,3.550
55b8ea2f072fd9d9c7bc,slug_only,2,/404/index.html,0.00000000,false,3.550
55b8ea2f072fd9d9c7bc,slug_only,3,/<platform>/build-a-backend/auth/connect-your-frontend/manage-user-sessions,0.00000000,false,3.550
55d506c4654c02d7e48f,slug_only,1,/examples/spy_functions,0.25000000,true,2.767
55d506c4654c02d7e48f,slug_only,2,/404,0.00000000,false,2.767
55d506c4654c02d7e48f,slug_only,3,/README,0.00000000,false,2.767
55ebba82c1abe9553193,slug_only,1,/,0.00000000,false,2.950
55ebba82c1abe9553193,slug_only,2,/404/index.html,0.00000000,false,2.950
55ebba82c1abe9553193,slug_only,3,/<platform>/build-a-backend/auth/connect-your-frontend/manage-user-sessions,0.00000000,false,2.950
55f6704e519648e77d55,slug_only,1,/providers/AviatrixSystems/aviatrix/latest/docs/guides/:path*,0.90000000,false,2.607
55f6704e519648e77d55,slug_only,2,/providers/CheckPointSW/checkpoint/latest/docs/guides/:path*,0.90000000,false,2.607
55f6704e519648e77d55,slug_only,3,/providers/CiscoDevNet/mso/latest/docs/guides/:path*,0.90000000,false,2.607
55fb3e1e445168ccf864,slug_only,1,/flutter,0.80000000,false,3.017
55fb3e1e445168ccf864,slug_only,2,/,0.00000000,false,3.017
55fb3e1e445168ccf864,slug_only,3,/404/index.html,0.00000000,false,3.017
5619bdd170c5604d74a2,slug_only,1,/en/flagger/tutorials/apisix-progressive-delivery,0.16666667,false,2.956
5619bdd170c5604d74a2,slug_only,2,/en/flagger/tutorials/appmesh-progressive-delivery,0.16666667,false,2.956
5619bdd170c5604d74a2,slug_only,3,/en/flagger/tutorials/contour-progressive-delivery,0.16666667,false,2.956
56407f98f58479273e65,slug_only,1,/,0.00000000,false,3.059
56407f98f58479273e65,slug_only,2,/404/index.html,0.00000000,false,3.059
56407f98f58479273e65,slug_only,3,/<platform>/build-a-backend/auth/connect-your-frontend/manage-user-sessions,0.00000000,false,3.059
56aa6d7c6cfd8d6efe86,slug_only,1,/,0.00000000,false,3.543
56aa6d7c6cfd8d6efe86,slug_only,2,/404/index.html,0.00000000,false,3.543
56aa6d7c6cfd8d6efe86,slug_only,3,/<platform>/build-a-backend/auth/connect-your-frontend/manage-user-sessions,0.00000000,false,3.543
56c6dfd06852dc787460,slug_only,1,/android/build-a-backend/restapi/set-up-rest-api,0.10000000,false,3.079
56c6dfd06852dc787460,slug_only,2,/gen1/flutter/prev/build-a-backend/restapi/set-up-rest-api,0.10000000,false,3.079
56c6dfd06852dc787460,slug_only,3,/amplify-js/api,0.08333333,false,3.079
56cded35cf62d509f9d2,slug_only,1,/:lang/guides/astro-db,0.10000000,false,2.851
56cded35cf62d509f9d2,slug_only,2,/:lang/guides/backend/appwrite,0.10000000,false,2.851
56cded35cf62d509f9d2,slug_only,3,/:lang/guides/backend/firebase,0.10000000,false,2.851
575aeed94d5e54b8c88b,slug_only,1,/,0.00000000,false,3.290
575aeed94d5e54b8c88b,slug_only,2,/404/index.html,0.00000000,false,3.290
575aeed94d5e54b8c88b,slug_only,3,/<platform>/build-a-backend/auth/connect-your-frontend/manage-user-sessions,0.00000000,false,3.290
576f13f91841edf388ac,slug_only,1,/:lang/guides/migrate-to-astro,0.08333333,false,3.399
576f13f91841edf388ac,slug_only,2,/en/guides/migrate-to-astro,0.08333333,false,3.399
576f13f91841edf388ac,slug_only,3,/.github/PULL_REQUEST_TEMPLATE,0.00000000,false,3.399
57c6ce80e800210aef91,slug_only,1,/,0.00000000,false,3.554
57c6ce80e800210aef91,slug_only,2,/404/index.html,0.00000000,false,3.554
57c6ce80e800210aef91,slug_only,3,/<platform>/build-a-backend/auth/connect-your-frontend/manage-user-sessions,0.00000000,false,3.554
57eafb5c459978df3173,slug_only,1,/:lang/guides/content-collections,0.12500000,true,2.793
57eafb5c459978df3173,slug_only,2,/en/guides/content-collections,0.12500000,false,2.793
57eafb5c459978df3173,slug_only,3,/.github/PULL_REQUEST_TEMPLATE,0.00000000,false,2.793
57f0ddc606d38497dad5,slug_only,1,/,0.00000000,false,2.885
57f0ddc606d38497dad5,slug_only,2,/404/index.html,0.00000000,false,2.885
57f0ddc606d38497dad5,slug_only,3,/<platform>/build-a-backend/auth/connect-your-frontend/manage-user-sessions,0.00000000,false,2.885
58a22e60eab45d45a41e,slug_only,1,/android/build-a-backend/auth/sdk,0.80000000,false,2.709
58a22e60eab45d45a41e,slug_only,2,/android/sdk,0.80000000,false,2.709
58a22e60eab45d45a41e,slug_only,3,/gen1/android/prev/build-a-backend/auth/sdk,0.80000000,false,2.709
58cfcfd546c232de02cb,slug_only,1,/gen1/android/prev/build-a-backend,0.90000000,false,2.987
58cfcfd546c232de02cb,slug_only,2,/gen1/angular/prev/build-a-backend,0.90000000,true,2.987
58cfcfd546c232de02cb,slug_only,3,/gen1/flutter/prev/build-a-backend,0.90000000,false,2.987
5937f4ee75b2a493e384,slug_only,1,/,0.00000000,false,2.977
5937f4ee75b2a493e384,slug_only,2,/404/index.html,0.00000000,false,2.977
5937f4ee75b2a493e384,slug_only,3,/<platform>/build-a-backend/auth/connect-your-frontend/manage-user-sessions,0.00000000,false,2.977
594fa437bdd039e6dfd4,slug_only,1,/,0.00000000,false,2.900
594fa437bdd039e6dfd4,slug_only,2,/404/index.html,0.00000000,false,2.900
594fa437bdd039e6dfd4,slug_only,3,/<platform>/build-a-backend/auth/connect-your-frontend/manage-user-sessions,0.00000000,false,2.900
595b8959c367637aa64f,slug_only,1,/,0.00000000,false,2.918
595b8959c367637aa64f,slug_only,2,/404/index.html,0.00000000,false,2.918
595b8959c367637aa64f,slug_only,3,/<platform>/build-a-backend/auth/connect-your-frontend/manage-user-sessions,0.00000000,false,2.918
595d9ee17953cad1092b,slug_only,1,/gen1/<platform>/tools/cli-legacy,0.12500000,false,2.921
595d9ee17953cad1092b,slug_only,2,/,0.00000000,false,2.921
595d9ee17953cad1092b,slug_only,3,/404/index.html,0.00000000,false,2.921
595e809712140c64b8fd,slug_only,1,/enterprise/install/automated/active-active,0.10000000,true,3.099
595e809712140c64b8fd,slug_only,2,/enterprise/install/pre-install-checklist,0.10000000,false,3.099
595e809712140c64b8fd,slug_only,3,/.github/pull_request_template,0.00000000,false,3.099
59d472f7a60c7e33a79f,slug_only,1,/,0.00000000,false,3.458
59d472f7a60c7e33a79f,slug_only,2,/404/index.html,0.00000000,false,3.458
59d472f7a60c7e33a79f,slug_only,3,/<platform>/build-a-backend/auth/connect-your-frontend/manage-user-sessions,0.00000000,false,3.458
5a0feb2ce61dcd9e4ae2,slug_only,1,/,0.00000000,false,3.457
5a0feb2ce61dcd9e4ae2,slug_only,2,/404/index.html,0.00000000,false,3.457
5a0feb2ce61dcd9e4ae2,slug_only,3,/<platform>/build-a-backend/auth/connect-your-frontend/manage-user-sessions,0.00000000,false,3.457
5b1426d712b41f5fb279,slug_only,1,/en/flux/installation/configuration/openshift,0.80000000,false,3.163
5b1426d712b41f5fb279,slug_only,2,/flux/installation/configuration/openshift,0.80000000,true,3.163
5b1426d712b41f5fb279,slug_only,3,/CODE_OF_CONDUCT,0.00000000,false,3.163
5b1e0722fcb97695366d,slug_only,1,/,0.00000000,false,2.942
5b1e0722fcb97695366d,slug_only,2,/404/index.html,0.00000000,false,2.942
5b1e0722fcb97695366d,slug_only,3,/<platform>/build-a-backend/auth/connect-your-frontend/manage-user-sessions,0.00000000,false,2.942
5b28bdd863ced204cfda,slug_only,1,/,0.00000000,false,2.793
5b28bdd863ced204cfda,slug_only,2,/404/index.html,0.00000000,false,2.793
5b28bdd863ced204cfda,slug_only,3,/<platform>/build-a-backend/auth/connect-your-frontend/manage-user-sessions,0.00000000,false,2.793
5b503a49fcccf1067a3d,slug_only,1,/android/build-a-backend/auth/delete-user-account,0.90000000,false,2.979
5b503a49fcccf1067a3d,slug_only,2,/flutter/build-a-backend/auth/delete-user-account,0.90000000,false,2.979
5b503a49fcccf1067a3d,slug_only,3,/gen1/<platform>/build-a-backend/auth/delete-user-account,0.90000000,true,2.979
5b721b41492a15ec312b,slug_only,1,/gen1/<platform>/build-a-backend/auth/managing-credentials,0.90000000,true,4.448
5b721b41492a15ec312b,slug_only,2,/<platform>/build-a-backend/auth/connect-your-frontend/manage-user-sessions,0.10000000,false,4.448
5b721b41492a15ec312b,slug_only,3,/<platform>/build-a-backend/auth/connect-your-frontend/sign-up,0.10000000,false,4.448
5b7602f8305d8e690c83,slug_only,1,/,0.00000000,false,3.124
5b7602f8305d8e690c83,slug_only,2,/404/index.html,0.00000000,false,3.124
5b7602f8305d8e690c83,slug_only,3,/<platform>/build-a-backend/auth/connect-your-frontend/manage-user-sessions,0.00000000,false,3.124
5bd8c270b3f702020aaf,slug_only,1,/language/upgrade-guides/0-9,0.90000000,false,2.929
5bd8c270b3f702020aaf,slug_only,2,/language/v1.1.x/upgrade-guides/0-9,0.90000000,true,2.929
5bd8c270b3f702020aaf,slug_only,3,/language/upgrade-guides/0-8,0.25000000,false,2.929
5bea286cf1e801bc7b60,slug_only,1,/gen1/angular/prev/start/project-setup/create-application,0.90000000,false,3.069
5bea286cf1e801bc7b60,slug_only,2,/gen1/javascript/prev/build-a-backend/more-features/analytics/create-custom-plugin,0.06250000,false,3.069
5bea286cf1e801bc7b60,slug_only,3,/,0.00000000,false,3.069
5c36ab2d92dd8220e8cd,slug_only,1,/roadmap,0.80000000,true,2.835
5c36ab2d92dd8220e8cd,slug_only,2,/CODE_OF_CONDUCT,0.00000000,false,2.835
5c36ab2d92dd8220e8cd,slug_only,3,/CONTRIBUTING,0.00000000,false,2.835
5cc85ea169131595d77b,slug_only,1,/,0.00000000,false,3.028
5cc85ea169131595d77b,slug_only,2,/404/index.html,0.00000000,false,3.028
5cc85ea169131595d77b,slug_only,3,/<platform>/build-a-backend/auth/connect-your-frontend/manage-user-sessions,0.00000000,false,3.028
5ce1a75e859f09dabb09,slug_only,1,/deploy/*,0.80000000,true,3.443
5ce1a75e859f09dabb09,slug_only,2,/deploy/classic/*,0.80000000,false,3.443
5ce1a75e859f09dabb09,slug_only,3,/404,0.00000000,false,3.443
5d2858197a22b28fd2c9,slug_only,1,/:lang/guides/framework-components,0.80000000,true,2.795
5d2858197a22b28fd2c9,slug_only,2,/en/guides/framework-components,0.80000000,false,2.795
5d2858197a22b28fd2c9,slug_only,3,/de/tutorial/3-components,0.12500000,false,2.795
5d3b8c302a2e636fa376,slug_only,1,/,0.00000000,false,3.053
5d3b8c302a2e636fa376,slug_only,2,/404/index.html,0.00000000,false,3.053
5d3b8c302a2e636fa376,slug_only,3,/<platform>/build-a-backend/auth/connect-your-frontend/manage-user-sessions,0.00000000,false,3.053
5d708e6007f454a5ab04,slug_only,1,/,0.00000000,false,4.146
5d708e6007f454a5ab04,slug_only,2,/404/index.html,0.00000000,false,4.146
5d708e6007f454a5ab04,slug_only,3,/<platform>/build-a-backend/auth/connect-your-frontend/manage-user-sessions,0.00000000,false,4.146
5db06dfd38d2ca5f68bc,slug_only,1,/,0.00000000,false,3.449
5db06dfd38d2ca5f68bc,slug_only,2,/404/index.html,0.00000000,false,3.449
5db06dfd38d2ca5f68bc,slug_only,3,/<platform>/build-a-backend/auth/connect-your-frontend/manage-user-sessions,0.00000000,false,3.449
5dd795e006b6d8b9c789,slug_only,1,/,0.00000000,false,2.916
5dd795e006b6d8b9c789,slug_only,2,/404/index.html,0.00000000,false,2.916
5dd795e006b6d8b9c789,slug_only,3,/<platform>/build-a-backend/auth/connect-your-frontend/manage-user-sessions,0.00000000,false,2.916
5df1652310b00fb9e1ac,slug_only,1,/providers/AviatrixSystems/aviatrix/latest/docs/data-sources/:path*,0.80000000,false,2.717
5df1652310b00fb9e1ac,slug_only,2,/providers/AviatrixSystems/aviatrix/latest/docs/guides/:path*,0.80000000,false,2.717
5df1652310b00fb9e1ac,slug_only,3,/providers/AviatrixSystems/aviatrix/latest/docs/resources/:path*,0.80000000,false,2.717
5e67dcb6a926ed34cb4a,slug_only,1,/,0.00000000,false,3.001
5e67dcb6a926ed34cb4a,slug_only,2,/404/index.html,0.00000000,false,3.001
5e67dcb6a926ed34cb4a,slug_only,3,/<platform>/build-a-backend/auth/connect-your-frontend/manage-user-sessions,0.00000000,false,3.001
5e8a64476b664638f1ae,slug_only,1,/examples/tutorials/file_server,1.00000000,false,3.031
5e8a64476b664638f1ae,slug_only,2,/examples/file_server_tutorial,0.16666667,true,3.031
5e8a64476b664638f1ae,slug_only,3,/examples/tutorials/file_based_routing,0.16250000,false,3.031
5ef9d3008cb4844ee5d9,slug_only,1,/,0.00000000,false,4.003
5ef9d3008cb4844ee5d9,slug_only,2,/404/index.html,0.00000000,false,4.003
5ef9d3008cb4844ee5d9,slug_only,3,/<platform>/build-a-backend/auth/connect-your-frontend/manage-user-sessions,0.00000000,false,4.003
5f154d39ef4953ee4a98,slug_only,1,/gen1/android/build-a-backend/auth/switch-auth,0.90000000,false,3.021
5f154d39ef4953ee4a98,slug_only,2,/gen1/javascript/prev/build-a-backend/auth/switch-auth,0.90000000,false,3.021
5f154d39ef4953ee4a98,slug_only,3,/angular/build-a-backend/auth,0.12500000,false,3.021
5f88e4b480c034f6c041,slug_only,1,/,0.00000000,false,2.772
5f88e4b480c034f6c041,slug_only,2,/404/index.html,0.00000000,false,2.772
5f88e4b480c034f6c041,slug_only,3,/<platform>/build-a-backend/auth/connect-your-frontend/manage-user-sessions,0.00000000,false,2.772
60322e029b27f8fe0084,slug_only,1,/,0.00000000,false,2.781
60322e029b27f8fe0084,slug_only,2,/404/index.html,0.00000000,false,2.781
60322e029b27f8fe0084,slug_only,3,/<platform>/build-a-backend/auth/connect-your-frontend/manage-user-sessions,0.00000000,false,2.781
605749445f4aa256a9d8,slug_only,1,/,0.00000000,false,2.831
605749445f4aa256a9d8,slug_only,2,/404/index.html,0.00000000,false,2.831
605749445f4aa256a9d8,slug_only,3,/<platform>/build-a-backend/auth/connect-your-frontend/manage-user-sessions,0.00000000,false,2.831
60aeaa135c7830a91903,slug_only,1,/android/build-a-backend/storage/lambda-triggers,0.15000000,false,3.658
60aeaa135c7830a91903,slug_only,2,/android/build-a-backend/auth/accessing-credentials,0.10000000,false,3.658
60aeaa135c7830a91903,slug_only,3,/android/build-a-backend/auth/add-social-provider,0.10000000,false,3.658
60b6a17542c1dec2ee5d,slug_only,1,/examples/tutorials/qwik,1.00000000,false,2.981
60b6a17542c1dec2ee5d,slug_only,2,/examples/qwik_tutorial,0.12500000,true,2.981
60b6a17542c1dec2ee5d,slug_only,3,/examples/tutorials/apollo,0.10000000,false,2.981
60f609ff501ad2da6fe9,slug_only,1,/.github/pull_request_template,0.00000000,false,2.667
60f609ff501ad2da6fe9,slug_only,2,/MIGRATION,0.00000000,false,2.667
60f609ff501ad2da6fe9,slug_only,3,/README,0.00000000,false,2.667
60fa86a2096d20ced040,slug_only,1,/android/build-a-backend/push-notifications/set-up-push-service,0.90000000,false,3.531
60fa86a2096d20ced040,slug_only,2,/android/build-a-backend/push-notifications/set-up-push-notifications,0.15000000,false,3.531
60fa86a2096d20ced040,slug_only,3,/android/build-a-backend/auth/set-up-auth,0.10000000,false,3.531
616811fe059073820a64,slug_only,1,/.github/pull_request_template,0.00000000,false,2.611
616811fe059073820a64,slug_only,2,/MIGRATION,0.00000000,false,2.611
616811fe059073820a64,slug_only,3,/README,0.00000000,false,2.611
61c9ddc83a506931f2fd,slug_only,1,/android/sdk/auth/getting-started,0.80000000,false,2.843
61c9ddc83a506931f2fd,slug_only,2,/gen1/<platform>/start/getting-started,0.80000000,false,2.843
61c9ddc83a506931f2fd,slug_only,3,/,0.00000000,false,2.843
61eb77d9f615752e1b83,slug_only,1,/providers/AviatrixSystems/aviatrix/latest/docs/data-sources/:path*,0.80000000,false,2.655
61eb77d9f615752e1b83,slug_only,2,/providers/AviatrixSystems/aviatrix/latest/docs/guides/:path*,0.80000000,false,2.655
61eb77d9f615752e1b83,slug_only,3,/providers/AviatrixSystems/aviatrix/latest/docs/resources/:path*,0.80000000,false,2.655
61fc982a6bf992ab6f7d,slug_only,1,/,0.00000000,false,2.965
61fc982a6bf992ab6f7d,slug_only,2,/404/index.html,0.00000000,false,2.965
61fc982a6bf992ab6f7d,slug_only,3,/<platform>/build-a-backend/auth/connect-your-frontend/manage-user-sessions,0.00000000,false,2.965
6239f16416eb38583134,slug_only,1,/:lang/recipes/rss,0.80000000,true,2.618
6239f16416eb38583134,slug_only,2,/:lang/guides/astro-db,0.10000000,false,2.618
6239f16416eb38583134,slug_only,3,/:lang/guides/backend/appwrite,0.10000000,false,2.618
626e75f0be877cb02488,slug_only,1,/,0.00000000,false,3.058
626e75f0be877cb02488,slug_only,2,/404/index.html,0.00000000,false,3.058
626e75f0be877cb02488,slug_only,3,/<platform>/build-a-backend/auth/connect-your-frontend/manage-user-sessions,0.00000000,false,3.058
62e99cf53c740102021c,slug_only,1,/android/build-a-backend/auth/sign-in-with-web-ui,0.04166667,false,2.923
62e99cf53c740102021c,slug_only,2,/,0.00000000,true,2.923
62e99cf53c740102021c,slug_only,3,/404/index.html,0.00000000,false,2.923
62f38830a29eab7917c2,slug_only,1,/.github/pull_request_template,0.00000000,false,2.378
62f38830a29eab7917c2,slug_only,2,/MIGRATION,0.00000000,false,2.378
62f38830a29eab7917c2,slug_only,3,/README,0.00000000,false,2.378
63119045f77e84f9231d,slug_only,1,/,0.00000000,false,3.342
63119045f77e84f9231d,slug_only,2,/404/index.html,0.00000000,false,3.342
63119045f77e84f9231d,slug_only,3,/<platform>/build-a-backend/auth/connect-your-frontend/manage-user-sessions,0.00000000,false,3.342
63ba30465aedf5461c88,slug_only,1,/:lang/guides/astro-db,0.10000000,false,3.018
63ba30465aedf5461c88,slug_only,2,/:lang/guides/backend/appwrite,0.10000000,false,3.018
63ba30465aedf5461c88,slug_only,3,/:lang/guides/backend/firebase,0.10000000,false,3.018
640e3c5b6e7f8d838d22,slug_only,1,/,0.00000000,false,2.994
640e3c5b6e7f8d838d22,slug_only,2,/404/index.html,0.00000000,false,2.994
640e3c5b6e7f8d838d22,slug_only,3,/<platform>/build-a-backend/auth/connect-your-frontend/manage-user-sessions,0.00000000,false,2.994
6464017c73108eb35984,slug_only,1,/,0.00000000,false,3.147
6464017c73108eb35984,slug_only,2,/404/index.html,0.00000000,false,3.147
6464017c73108eb35984,slug_only,3,/<platform>/build-a-backend/auth/connect-your-frontend/manage-user-sessions,0.00000000,false,3.147
6467007955cfb75ccae7,slug_only,1,/,0.00000000,false,2.856
6467007955cfb75ccae7,slug_only,2,/404/index.html,0.00000000,false,2.856
6467007955cfb75ccae7,slug_only,3,/<platform>/build-a-backend/auth/connect-your-frontend/manage-user-sessions,0.00000000,false,2.856
646a28f7429531407cf1,slug_only,1,/runtime/reference/jsx,0.10000000,false,2.842
646a28f7429531407cf1,slug_only,2,/runtime/reference/migration_guide,0.10000000,false,2.842
646a28f7429531407cf1,slug_only,3,/runtime/reference/std,0.10000000,false,2.842
647f2fc04e8281935973,slug_only,1,/,0.00000000,false,4.486
647f2fc04e8281935973,slug_only,2,/404/index.html,0.00000000,false,4.486
647f2fc04e8281935973,slug_only,3,/<platform>/build-a-backend/auth/connect-your-frontend/manage-user-sessions,0.00000000,false,4.486
64de657008682e5515ed,slug_only,1,/gen1/angular/build-a-backend/server-side-rendering/nextjs,0.90000000,true,2.975
64de657008682e5515ed,slug_only,2,/angular/build-a-backend,0.10000000,false,2.975
64de657008682e5515ed,slug_only,3,/angular/build-a-backend/auth,0.10000000,false,2.975
64eb59b69b532039f4b5,slug_only,1,/amplify-js/api,0.12500000,false,2.925
64eb59b69b532039f4b5,slug_only,2,/android/build-a-backend/push-notifications/test-notifications,0.08333333,false,2.925
64eb59b69b532039f4b5,slug_only,3,/android/sdk/pubsub/working-api,0.08333333,false,2.925
64ebf65044377c2cf96e,slug_only,1,/android/build-a-backend/more-features/logging/configure-user,0.08333333,false,3.770
64ebf65044377c2cf96e,slug_only,2,/flutter/build-a-backend/storage/configure-access,0.08333333,false,3.770
64ebf65044377c2cf96e,slug_only,3,/gen1/<platform>/build-a-backend/storage/configure-storage,0.08333333,false,3.770
64f6fa4dbddb82101316,slug_only,1,/,0.00000000,false,3.292
64f6fa4dbddb82101316,slug_only,2,/404/index.html,0.00000000,false,3.292
64f6fa4dbddb82101316,slug_only,3,/<platform>/build-a-backend/auth/connect-your-frontend/manage-user-sessions,0.00000000,false,3.292
6512ed6ddd370b71501e,slug_only,1,/,0.00000000,false,2.988
6512ed6ddd370b71501e,slug_only,2,/404/index.html,0.00000000,false,2.988
6512ed6ddd370b71501e,slug_only,3,/<platform>/build-a-backend/auth/connect-your-frontend/manage-user-sessions,0.00000000,false,2.988
655617accef26be956ea,slug_only,1,/gen1/<platform>/build-a-backend/utilities,0.90000000,false,2.774
655617accef26be956ea,slug_only,2,/,0.00000000,false,2.774
655617accef26be956ea,slug_only,3,/404/index.html,0.00000000,false,2.774
656ea431465e90eef333,slug_only,1,/,0.00000000,false,2.789
656ea431465e90eef333,slug_only,2,/404/index.html,0.00000000,false,2.789
656ea431465e90eef333,slug_only,3,/<platform>/build-a-backend/auth/connect-your-frontend/manage-user-sessions,0.00000000,false,2.789
657a28d753362c6806be,slug_only,1,/:lang/guides/backend/firebase,0.22500000,false,2.837
657a28d753362c6806be,slug_only,2,/:lang/guides/deploy/firebase,0.22500000,true,2.837
657a28d753362c6806be,slug_only,3,/de/guides/deploy/firebase,0.12500000,false,2.837
65ad23d4826f43bcef08,slug_only,1,/,0.00000000,false,2.825
65ad23d4826f43bcef08,slug_only,2,/404/index.html,0.00000000,false,2.825
65ad23d4826f43bcef08,slug_only,3,/<platform>/build-a-backend/auth/connect-your-frontend/manage-user-sessions,0.00000000,false,2.825
65d4f595f36d54032b96,slug_only,1,/examples/dns_queries,0.25000000,true,2.743
65d4f595f36d54032b96,slug_only,2,/404,0.00000000,false,2.743
65d4f595f36d54032b96,slug_only,3,/README,0.00000000,false,2.743
65f8dc1c08741d487c2b,slug_only,1,/CODE_OF_CONDUCT,0.00000000,false,2.887
65f8dc1c08741d487c2b,slug_only,2,/CONTRIBUTING,0.00000000,false,2.887
65f8dc1c08741d487c2b,slug_only,3,/README,0.00000000,false,2.887
66a43ed058322ffc80fc,slug_only,1,/,0.00000000,false,2.986
66a43ed058322ffc80fc,slug_only,2,/404/index.html,0.00000000,false,2.986
66a43ed058322ffc80fc,slug_only,3,/<platform>/build-a-backend/auth/connect-your-frontend/manage-user-sessions,0.00000000,false,2.986
685030df9863aeb44e27,slug_only,1,/,0.00000000,false,2.931
685030df9863aeb44e27,slug_only,2,/404/index.html,0.00000000,false,2.931
685030df9863aeb44e27,slug_only,3,/<platform>/build-a-backend/auth/connect-your-frontend/manage-user-sessions,0.00000000,false,2.931
68c47ad7f5316cd9dff2,slug_only,1,/,0.00000000,false,2.749
68c47ad7f5316cd9dff2,slug_only,2,/404/index.html,0.00000000,false,2.749
68c47ad7f5316cd9dff2,slug_only,3,/<platform>/build-a-backend/auth/connect-your-frontend/manage-user-sessions,0.00000000,false,2.749
68cdf791be963ca3b438,slug_only,1,/,0.00000000,false,2.869
68cdf791be963ca3b438,slug_only,2,/404/index.html,0.00000000,false,2.869
68cdf791be963ca3b438,slug_only,3,/<platform>/build-a-backend/auth/connect-your-frontend/manage-user-sessions,0.00000000,false,2.869
68cff72c9c30dc975791,slug_only,1,/:lang/guides/content-collections,0.12500000,false,3.157
68cff72c9c30dc975791,slug_only,2,/:lang/guides/markdown-content,0.12500000,false,3.157
68cff72c9c30dc975791,slug_only,3,/en/guides/content-collections,0.12500000,false,3.157
68d78988281c47a1b313,slug_only,1,/.github/pull_request_template,0.00000000,false,2.574
68d78988281c47a1b313,slug_only,2,/MIGRATION,0.00000000,false,2.574
68d78988281c47a1b313,slug_only,3,/README,0.00000000,false,2.574
68fd7918466b4f37af22,slug_only,1,/,0.00000000,false,3.564
68fd7918466b4f37af22,slug_only,2,/404/index.html,0.00000000,false,3.564
68fd7918466b4f37af22,slug_only,3,/<platform>/build-a-backend/auth/connect-your-frontend/manage-user-sessions,0.00000000,false,3.564
6933790f866f51ccf011,slug_only,1,/android/build-a-backend/auth/sdk,0.80000000,false,3.103
6933790f866f51ccf011,slug_only,2,/android/sdk,0.80000000,false,3.103
6933790f866f51ccf011,slug_only,3,/gen1/android/prev/build-a-backend/auth/sdk,0.80000000,false,3.103
69472eb00ed292c8230e,slug_only,1,/,0.00000000,false,2.895
69472eb00ed292c8230e,slug_only,2,/404/index.html,0.00000000,false,2.895
69472eb00ed292c8230e,slug_only,3,/<platform>/build-a-backend/auth/connect-your-frontend/manage-user-sessions,0.00000000,false,2.895
6986597e33c9d79b738a,slug_only,1,/:lang/basics/astro-components,0.04166667,false,2.797
6986597e33c9d79b738a,slug_only,2,/:lang/basics/astro-pages,0.04166667,false,2.797
6986597e33c9d79b738a,slug_only,3,/:lang/basics/astro-syntax,0.04166667,false,2.797
6a0ce8e6a4021f61ffb9,slug_only,1,/,0.00000000,false,2.992
6a0ce8e6a4021f61ffb9,slug_only,2,/404/index.html,0.00000000,false,2.992
6a0ce8e6a4021f61ffb9,slug_only,3,/<platform>/build-a-backend/auth/connect-your-frontend/manage-user-sessions,0.00000000,false,2.992
6a56c3884d0de5d8fd03,slug_only,1,/.github/pull_request_template,0.00000000,false,2.704
6a56c3884d0de5d8fd03,slug_only,2,/MIGRATION,0.00000000,false,2.704
6a56c3884d0de5d8fd03,slug_only,3,/README,0.00000000,false,2.704
6af096ad2702aa1282ec,slug_only,1,/android/build-a-backend/more-features/datastore/conflict-resolution,0.08333333,false,3.259
6af096ad2702aa1282ec,slug_only,2,/angular/build-a-backend/more-features/datastore/conflict-resolution,0.08333333,false,3.259
6af096ad2702aa1282ec,slug_only,3,/gen1/flutter/prev/build-a-backend/graphqlapi/offline,0.04166667,false,3.259
6b104f19d6992c8a3c06,slug_only,1,/android/build-a-backend/more-features/datastore/sync-to-cloud,0.05000000,false,3.116
6b104f19d6992c8a3c06,slug_only,2,/android/start/sample-apps/to-do-app,0.05000000,false,3.116
6b104f19d6992c8a3c06,slug_only,3,/flutter/build-a-backend/more-features/datastore/sync-to-cloud,0.05000000,false,3.116
6b1346ff07728825e82e,slug_only,1,/gen1/<platform>/build-a-backend/push-notifications/<page>,0.90000000,true,3.903
6b1346ff07728825e82e,slug_only,2,/gen1/<platform>/sdk/push-notifications/<page>,0.90000000,false,3.903
6b1346ff07728825e82e,slug_only,3,/gen1/<platform>/build-a-backend/graphqlapi/<page>,0.80000000,false,3.903
6b2486fd409fcb699d22,slug_only,1,/flutter,0.80000000,false,3.217
6b2486fd409fcb699d22,slug_only,2,/,0.00000000,false,3.217
6b2486fd409fcb699d22,slug_only,3,/404/index.html,0.00000000,false,3.217
6b49a2b95de39a7192d1,slug_only,1,/,0.00000000,false,2.875
6b49a2b95de39a7192d1,slug_only,2,/404/index.html,0.00000000,false,2.875
6b49a2b95de39a7192d1,slug_only,3,/<platform>/build-a-backend/auth/connect-your-frontend/manage-user-sessions,0.00000000,false,2.875
6b5b9f8e28e6115111c5,slug_only,1,/,0.00000000,false,3.053
6b5b9f8e28e6115111c5,slug_only,2,/404/index.html,0.00000000,false,3.053
6b5b9f8e28e6115111c5,slug_only,3,/<platform>/build-a-backend/auth/connect-your-frontend/manage-user-sessions,0.00000000,false,3.053
6bb17da18866f71c607c,slug_only,1,/terraform/plugin/framework/handling-data/paths,0.90000000,true,2.937
6bb17da18866f71c607c,slug_only,2,/terraform/plugin/best-practices/interacting-with-providers,0.10000000,false,2.937
6bb17da18866f71c607c,slug_only,3,/terraform/plugin/best-practices/provider-code,0.10000000,false,2.937
6bcb23193384a3bf1b02,slug_only,1,/flux/installation/bootstrap/aws-codecommit,0.80000000,true,3.145
6bcb23193384a3bf1b02,slug_only,2,/en/flux/integrations/aws,0.12500000,false,3.145
6bcb23193384a3bf1b02,slug_only,3,/CODE_OF_CONDUCT,0.00000000,false,3.145
6c10d86de0dd5b4fd2c3,slug_only,1,/angular/start/connect-to-aws-resources,0.25000000,true,2.980
6c10d86de0dd5b4fd2c3,slug_only,2,/android/build-a-backend/restapi/existing-resources,0.12500000,false,2.980
6c10d86de0dd5b4fd2c3,slug_only,3,/flutter/build-a-backend/graphqlapi/existing-resources,0.12500000,false,2.980
6c6fc45d67721e6d94bd,slug_only,1,/,0.00000000,false,3.385
6c6fc45d67721e6d94bd,slug_only,2,/404/index.html,0.00000000,false,3.385
6c6fc45d67721e6d94bd,slug_only,3,/<platform>/build-a-backend/auth/connect-your-frontend/manage-user-sessions,0.00000000,false,3.385
6c79562c90a4ee6060ca,slug_only,1,/,0.00000000,false,3.006
6c79562c90a4ee6060ca,slug_only,2,/404/index.html,0.00000000,false,3.006
6c79562c90a4ee6060ca,slug_only,3,/<platform>/build-a-backend/auth/connect-your-frontend/manage-user-sessions,0.00000000,false,3.006
6c8da379050ac1f0513d,slug_only,1,/gen1/<platform>/build-a-backend/auth/managing-credentials,0.90000000,false,2.930
6c8da379050ac1f0513d,slug_only,2,/android/build-a-backend/auth/accessing-credentials,0.08333333,false,2.930
6c8da379050ac1f0513d,slug_only,3,/android/build-a-backend/auth/managing-attributes,0.08333333,false,2.930
6ccda3f9e9f794861b38,slug_only,1,/,0.00000000,false,2.983
6ccda3f9e9f794861b38,slug_only,2,/404/index.html,0.00000000,false,2.983
6ccda3f9e9f794861b38,slug_only,3,/<platform>/build-a-backend/auth/connect-your-frontend/manage-user-sessions,0.00000000,false,2.983
6ce30a3021c6c932c0ff,slug_only,1,/gen1/javascript/prev/build-a-backend/more-features/geo/location-search,0.05000000,false,3.105
6ce30a3021c6c932c0ff,slug_only,2,/android/deploy-and-host,0.04166667,false,3.105
6ce30a3021c6c932c0ff,slug_only,3,/,0.00000000,false,3.105
6d1056e583b2e6ec22aa,slug_only,1,/:lang/basics/astro-pages,0.80000000,true,3.199
6d1056e583b2e6ec22aa,slug_only,2,/ar/basics/astro-pages,0.80000000,false,3.199
6d1056e583b2e6ec22aa,slug_only,3,/de/basics/astro-pages,0.80000000,false,3.199
6d3f9847578481ad414d,slug_only,1,/.github/pull_request_template,0.00000000,false,2.590
6d3f9847578481ad414d,slug_only,2,/MIGRATION,0.00000000,false,2.590
6d3f9847578481ad414d,slug_only,3,/README,0.00000000,false,2.590
6d7a9ce4400cf2848f38,slug_only,1,/,0.00000000,false,3.055
6d7a9ce4400cf2848f38,slug_only,2,/404/index.html,0.00000000,false,3.055
6d7a9ce4400cf2848f38,slug_only,3,/<platform>/build-a-backend/auth/connect-your-frontend/manage-user-sessions,0.00000000,false,3.055
6d8026259577221ed27e,slug_only,1,/cloud-docs/policy-enforcement/sentinel/import/tfstate,0.90000000,true,2.650
6d8026259577221ed27e,slug_only,2,/cloud-docs/policy-enforcement/sentinel/import/tfstate-v2,0.12500000,false,2.650
6d8026259577221ed27e,slug_only,3,/.github/pull_request_template,0.00000000,false,2.650
6d8b5ea240ac35f71465,slug_only,1,/,0.00000000,false,3.963
6d8b5ea240ac35f71465,slug_only,2,/404/index.html,0.00000000,false,3.963
6d8b5ea240ac35f71465,slug_only,3,/<platform>/build-a-backend/auth/connect-your-frontend/manage-user-sessions,0.00000000,false,3.963
6dddaa4c58653b0988aa,slug_only,1,/.github/pull_request_template,0.00000000,false,2.934
6dddaa4c58653b0988aa,slug_only,2,/MIGRATION,0.00000000,false,2.934
6dddaa4c58653b0988aa,slug_only,3,/README,0.00000000,false,2.934
6df2c3a4e81c444c97e9,slug_only,1,/,0.00000000,false,3.017
6df2c3a4e81c444c97e9,slug_only,2,/404/index.html,0.00000000,false,3.017
6df2c3a4e81c444c97e9,slug_only,3,/<platform>/build-a-backend/auth/connect-your-frontend/manage-user-sessions,0.00000000,false,3.017
6e67718d51700c5bc02e,slug_only,1,/:lang/basics/project-structure,0.80000000,true,2.782
6e67718d51700c5bc02e,slug_only,2,/ar/basics/project-structure,0.80000000,false,2.782
6e67718d51700c5bc02e,slug_only,3,/de/basics/project-structure,0.80000000,false,2.782
6edfb168ee9c2d341718,slug_only,1,/,0.00000000,false,2.829
6edfb168ee9c2d341718,slug_only,2,/404/index.html,0.00000000,false,2.829
6edfb168ee9c2d341718,slug_only,3,/<platform>/build-a-backend/auth/connect-your-frontend/manage-user-sessions,0.00000000,false,2.829
6f7e0114d8a673c261a3,slug_only,1,/,0.00000000,false,2.915
6f7e0114d8a673c261a3,slug_only,2,/404/index.html,0.00000000,false,2.915
6f7e0114d8a673c261a3,slug_only,3,/<platform>/build-a-backend/auth/connect-your-frontend/manage-user-sessions,0.00000000,false,2.915
6f8a81a3e3ab0ab937a4,slug_only,1,/,0.00000000,false,2.827
6f8a81a3e3ab0ab937a4,slug_only,2,/404/index.html,0.00000000,false,2.827
6f8a81a3e3ab0ab937a4,slug_only,3,/<platform>/build-a-backend/auth/connect-your-frontend/manage-user-sessions,0.00000000,false,2.827
6fb1dc2e90e624572430,slug_only,1,/.github/pull_request_template,0.00000000,false,2.646
6fb1dc2e90e624572430,slug_only,2,/MIGRATION,0.00000000,false,2.646
6fb1dc2e90e624572430,slug_only,3,/README,0.00000000,false,2.646
6fbd71e6f55511614da8,slug_only,1,/android/sdk/auth/getting-started,0.80000000,false,2.899
6fbd71e6f55511614da8,slug_only,2,/gen1/<platform>/start/getting-started,0.80000000,false,2.899
6fbd71e6f55511614da8,slug_only,3,/,0.00000000,false,2.899
6fda3b8f9a7f7ac82bd4,slug_only,1,/,0.00000000,false,3.778
6fda3b8f9a7f7ac82bd4,slug_only,2,/404/index.html,0.00000000,false,3.778
6fda3b8f9a7f7ac82bd4,slug_only,3,/<platform>/build-a-backend/auth/connect-your-frontend/manage-user-sessions,0.00000000,false,3.778
6fde3a82a7ecb1732082,slug_only,1,/,0.00000000,false,3.150
6fde3a82a7ecb1732082,slug_only,2,/404/index.html,0.00000000,false,3.150
6fde3a82a7ecb1732082,slug_only,3,/<platform>/build-a-backend/auth/connect-your-frontend/manage-user-sessions,0.00000000,false,3.150
6fe34ad1322305241dd4,slug_only,1,/,0.00000000,false,2.979
6fe34ad1322305241dd4,slug_only,2,/404/index.html,0.00000000,false,2.979
6fe34ad1322305241dd4,slug_only,3,/<platform>/build-a-backend/auth/connect-your-frontend/manage-user-sessions,0.00000000,false,2.979
704317579a9b950910ea,slug_only,1,/android/build-a-backend/restapi,0.90000000,false,2.800
704317579a9b950910ea,slug_only,2,/gen1/<platform>/build-a-backend/restapi,0.90000000,true,2.800
704317579a9b950910ea,slug_only,3,/<platform>/build-a-backend/auth/connect-your-frontend/manage-user-sessions,0.10000000,false,2.800
707b8c8399769a0de01b,slug_only,1,/community,0.12500000,true,2.563
707b8c8399769a0de01b,slug_only,2,/docs/extend/writing-custom-providers.html,0.05000000,false,2.563
707b8c8399769a0de01b,slug_only,3,/.github/pull_request_template,0.00000000,false,2.563
709c623569e0e7a521f8,slug_only,1,/,0.00000000,false,2.951
709c623569e0e7a521f8,slug_only,2,/404/index.html,0.00000000,false,2.951
709c623569e0e7a521f8,slug_only,3,/<platform>/build-a-backend/auth/connect-your-frontend/manage-user-sessions,0.00000000,false,2.951
711b7ab4956e58d774ec,slug_only,1,/,0.00000000,false,2.932
711b7ab4956e58d774ec,slug_only,2,/404/index.html,0.00000000,false,2.932
711b7ab4956e58d774ec,slug_only,3,/<platform>/build-a-backend/auth/connect-your-frontend/manage-user-sessions,0.00000000,false,2.932
71496745d83a966a09ea,slug_only,1,/language/v1.2.x/settings/backends/manta,0.90000000,true,2.641
71496745d83a966a09ea,slug_only,2,/.github/pull_request_template,0.00000000,false,2.641
71496745d83a966a09ea,slug_only,3,/MIGRATION,0.00000000,false,2.641
714ef80817512d2d6103,slug_only,1,/providers/AviatrixSystems/aviatrix/latest/docs/data-sources/:path*,0.80000000,false,2.638
714ef80817512d2d6103,slug_only,2,/providers/AviatrixSystems/aviatrix/latest/docs/guides/:path*,0.80000000,false,2.638
714ef80817512d2d6103,slug_only,3,/providers/AviatrixSystems/aviatrix/latest/docs/resources/:path*,0.80000000,false,2.638
7161b43e343597241858,slug_only,1,/,0.00000000,false,2.993
7161b43e343597241858,slug_only,2,/404/index.html,0.00000000,false,2.993
7161b43e343597241858,slug_only,3,/<platform>/build-a-backend/auth/connect-your-frontend/manage-user-sessions,0.00000000,false,2.993
716f60a3770d6ffa5199,slug_only,1,/,0.00000000,false,2.860
716f60a3770d6ffa5199,slug_only,2,/404/index.html,0.00000000,false,2.860
716f60a3770d6ffa5199,slug_only,3,/<platform>/build-a-backend/auth/connect-your-frontend/manage-user-sessions,0.00000000,false,2.860
71ccd93cb3e54a1881cc,slug_only,1,/gen1/flutter/prev/build-a-backend/graphqlapi/mutate-data,0.90000000,false,2.800
71ccd93cb3e54a1881cc,slug_only,2,/android/build-a-backend/more-features/datastore/manipulate-data,0.08333333,false,2.800
71ccd93cb3e54a1881cc,slug_only,3,/flutter/build-a-backend/graphqlapi/query-data,0.08333333,false,2.800
71eb48dc0648d6af549c,slug_only,1,/,0.00000000,false,3.200
71eb48dc0648d6af549c,slug_only,2,/404/index.html,0.00000000,false,3.200
71eb48dc0648d6af549c,slug_only,3,/<platform>/build-a-backend/auth/connect-your-frontend/manage-user-sessions,0.00000000,false,3.200
72478062ab6bfb88474b,slug_only,1,/,0.00000000,false,2.853
72478062ab6bfb88474b,slug_only,2,/404/index.html,0.00000000,false,2.853
72478062ab6bfb88474b,slug_only,3,/<platform>/build-a-backend/auth/connect-your-frontend/manage-user-sessions,0.00000000,false,2.853
729fe0119d3251d16350,slug_only,1,/,0.00000000,false,3.040
729fe0119d3251d16350,slug_only,2,/404/index.html,0.00000000,false,3.040
729fe0119d3251d16350,slug_only,3,/<platform>/build-a-backend/auth/connect-your-frontend/manage-user-sessions,0.00000000,false,3.040
7332722479d53a3ca7bc,slug_only,1,/,0.00000000,false,2.953
7332722479d53a3ca7bc,slug_only,2,/404/index.html,0.00000000,false,2.953
7332722479d53a3ca7bc,slug_only,3,/<platform>/build-a-backend/auth/connect-your-frontend/manage-user-sessions,0.00000000,false,2.953
737de1862fc9d7de33b9,slug_only,1,/,0.00000000,false,2.795
737de1862fc9d7de33b9,slug_only,2,/404/index.html,0.00000000,false,2.795
737de1862fc9d7de33b9,slug_only,3,/<platform>/build-a-backend/auth/connect-your-frontend/manage-user-sessions,0.00000000,false,2.795
73c907aa0506c2efb66f,slug_only,1,/,0.25000000,false,2.997
73c907aa0506c2efb66f,slug_only,2,/404/index.html,0.00000000,false,2.997
73c907aa0506c2efb66f,slug_only,3,/<platform>/build-a-backend/auth/connect-your-frontend/manage-user-sessions,0.00000000,false,2.997
73ece4084b1380b19280,slug_only,1,/gen1/android/prev/start/project-setup/prerequisites,0.90000000,true,2.853
73ece4084b1380b19280,slug_only,2,/,0.00000000,false,2.853
73ece4084b1380b19280,slug_only,3,/404/index.html,0.00000000,false,2.853
73f0f1967926100e50ba,slug_only,1,/,0.00000000,false,3.040
73f0f1967926100e50ba,slug_only,2,/404/index.html,0.00000000,false,3.040
73f0f1967926100e50ba,slug_only,3,/<platform>/build-a-backend/auth/connect-your-frontend/manage-user-sessions,0.00000000,false,3.040
742545f050e435305c21,slug_only,1,/,0.00000000,false,3.051
742545f050e435305c21,slug_only,2,/404/index.html,0.00000000,false,3.051
742545f050e435305c21,slug_only,3,/<platform>/build-a-backend/auth/connect-your-frontend/manage-user-sessions,0.00000000,false,3.051
742c8fa054b74e308de1,slug_only,1,/,0.00000000,false,3.159
742c8fa054b74e308de1,slug_only,2,/404/index.html,0.00000000,false,3.159
742c8fa054b74e308de1,slug_only,3,/<platform>/build-a-backend/auth/connect-your-frontend/manage-user-sessions,0.00000000,false,3.159
7478c6002619ff14b9f3,slug_only,1,/,0.00000000,false,2.780
7478c6002619ff14b9f3,slug_only,2,/404/index.html,0.00000000,false,2.780
7478c6002619ff14b9f3,slug_only,3,/<platform>/build-a-backend/auth/connect-your-frontend/manage-user-sessions,0.00000000,false,2.780
74c6c663d0f22c08ff52,slug_only,1,/flutter,0.80000000,false,2.843
74c6c663d0f22c08ff52,slug_only,2,/,0.00000000,false,2.843
74c6c663d0f22c08ff52,slug_only,3,/404/index.html,0.00000000,false,2.843
74cced5f620ea0eeee0b,slug_only,1,/examples/watching_files,0.25000000,true,2.687
74cced5f620ea0eeee0b,slug_only,2,/examples/sandbox/upload_files,0.08333333,false,2.687
74cced5f620ea0eeee0b,slug_only,3,/examples/temporary_files,0.08333333,false,2.687
74fc9a190697d5adb1b9,slug_only,1,/,0.00000000,false,3.023
74fc9a190697d5adb1b9,slug_only,2,/404/index.html,0.00000000,false,3.023
74fc9a190697d5adb1b9,slug_only,3,/<platform>/build-a-backend/auth/connect-your-frontend/manage-user-sessions,0.00000000,false,3.023
751399004d86a67d0653,slug_only,1,/,0.00000000,false,2.815
751399004d86a67d0653,slug_only,2,/404/index.html,0.00000000,false,2.815
751399004d86a67d0653,slug_only,3,/<platform>/build-a-backend/auth/connect-your-frontend/manage-user-sessions,0.00000000,false,2.815
7524d9af8f3cb4daabe9,slug_only,1,/,0.00000000,false,2.969
7524d9af8f3cb4daabe9,slug_only,2,/404/index.html,0.00000000,false,2.969
7524d9af8f3cb4daabe9,slug_only,3,/<platform>/build-a-backend/auth/connect-your-frontend/manage-user-sessions,0.00000000,false,2.969
7569ca90848dc549264d,slug_only,1,/,0.00000000,false,2.866
7569ca90848dc549264d,slug_only,2,/404/index.html,0.00000000,false,2.866
7569ca90848dc549264d,slug_only,3,/<platform>/build-a-backend/auth/connect-your-frontend/manage-user-sessions,0.00000000,false,2.866
7584c3054408748e7bd2,slug_only,1,/,0.00000000,false,2.874
7584c3054408748e7bd2,slug_only,2,/404/index.html,0.00000000,false,2.874
7584c3054408748e7bd2,slug_only,3,/<platform>/build-a-backend/auth/connect-your-frontend/manage-user-sessions,0.00000000,false,2.874
75978a96b5a53689174e,slug_only,1,/,0.00000000,false,3.319
75978a96b5a53689174e,slug_only,2,/404/index.html,0.00000000,false,3.319
75978a96b5a53689174e,slug_only,3,/<platform>/build-a-backend/auth/connect-your-frontend/manage-user-sessions,0.00000000,false,3.319
75be646b8c78d59288c9,slug_only,1,/,0.00000000,false,2.929
75be646b8c78d59288c9,slug_only,2,/404/index.html,0.00000000,false,2.929
75be646b8c78d59288c9,slug_only,3,/<platform>/build-a-backend/auth/connect-your-frontend/manage-user-sessions,0.00000000,false,2.929
764675e1411903d63501,slug_only,1,/,0.00000000,false,3.093
764675e1411903d63501,slug_only,2,/404/index.html,0.00000000,false,3.093
764675e1411903d63501,slug_only,3,/<platform>/build-a-backend/auth/connect-your-frontend/manage-user-sessions,0.00000000,false,3.093
7657b753e9da5d3156f9,slug_only,1,/gen1/<platform>/build-a-backend/functions/layers,0.80000000,false,2.903
7657b753e9da5d3156f9,slug_only,2,/,0.00000000,false,2.903
7657b753e9da5d3156f9,slug_only,3,/404/index.html,0.00000000,false,2.903
7688a217449dd33853a7,slug_only,1,/android/build-a-backend/storage/lambda-triggers,0.04166667,false,3.102
7688a217449dd33853a7,slug_only,2,/gen1/android/prev/build-a-backend/storage/lambda-triggers,0.04166667,false,3.102
7688a217449dd33853a7,slug_only,3,/android/build-a-backend/more-features/datastore/sync-to-cloud,0.03571429,false,3.102
76bf4cf82706cc0571b4,slug_only,1,/,0.00000000,false,2.846
76bf4cf82706cc0571b4,slug_only,2,/404/index.html,0.00000000,false,2.846
76bf4cf82706cc0571b4,slug_only,3,/<platform>/build-a-backend/auth/connect-your-frontend/manage-user-sessions,0.00000000,false,2.846
76f6c40ac7f5ed65b74c,slug_only,1,/providers/AviatrixSystems/aviatrix/latest/docs/guides/:path*,0.90000000,false,2.590
76f6c40ac7f5ed65b74c,slug_only,2,/providers/CheckPointSW/checkpoint/latest/docs/guides/:path*,0.90000000,false,2.590
76f6c40ac7f5ed65b74c,slug_only,3,/providers/CiscoDevNet/mso/latest/docs/guides/:path*,0.90000000,false,2.590
77371ad367a83cbabf15,slug_only,1,/examples/os_signals,0.25000000,true,2.627
77371ad367a83cbabf15,slug_only,2,/examples/tutorials/os_signals,0.25000000,false,2.627
77371ad367a83cbabf15,slug_only,3,/404,0.00000000,false,2.627
77562979ee74f8c4a933,slug_only,1,/gen1/javascript/build-a-backend/storage/storage-v5-to-v6-migration-guide,0.90000000,false,3.189
77562979ee74f8c4a933,slug_only,2,/angular/getting-started/migration,0.04166667,false,3.189
77562979ee74f8c4a933,slug_only,3,/gen1/android/prev/build-a-backend/storage,0.04166667,false,3.189
77b6d508c4366f90466a,slug_only,1,/,0.00000000,false,2.940
77b6d508c4366f90466a,slug_only,2,/404/index.html,0.00000000,false,2.940
77b6d508c4366f90466a,slug_only,3,/<platform>/build-a-backend/auth/connect-your-frontend/manage-user-sessions,0.00000000,false,2.940
77e30515e5450cffb320,slug_only,1,/android/build-a-backend/more-features/logging/configure-user,0.08333333,false,2.950
77e30515e5450cffb320,slug_only,2,/flutter/build-a-backend/storage/configure-access,0.08333333,false,2.950
77e30515e5450cffb320,slug_only,3,/gen1/<platform>/build-a-backend/storage/configure-storage,0.08333333,false,2.950
78441738cbea5c0be875,slug_only,1,/examples/piping_streams,0.25000000,true,2.613
78441738cbea5c0be875,slug_only,2,/404,0.00000000,false,2.613
78441738cbea5c0be875,slug_only,3,/README,0.00000000,false,2.613
7844515664b4c3f26476,slug_only,1,/gen1/angular/build-a-backend/server-side-rendering/nextjs,0.08333333,false,3.025
7844515664b4c3f26476,slug_only,2,/,0.00000000,false,3.025
7844515664b4c3f26476,slug_only,3,/404/index.html,0.00000000,false,3.025
7854bc5040e4c66359bc,slug_only,1,/,0.00000000,false,2.844
7854bc5040e4c66359bc,slug_only,2,/404/index.html,0.00000000,false,2.844
7854bc5040e4c66359bc,slug_only,3,/<platform>/build-a-backend/auth/connect-your-frontend/manage-user-sessions,0.00000000,false,2.844
7903c8621169d9252009,slug_only,1,/language/v1.1.x/upgrade-guides/0-11,0.90000000,true,2.655
7903c8621169d9252009,slug_only,2,/language/v1.1.x/configuration-0-11,0.12500000,false,2.655
7903c8621169d9252009,slug_only,3,/language/v1.2.x/settings/backends/etcdv3,0.10000000,false,2.655
79373baff77661721aa1,slug_only,1,/,0.00000000,false,3.176
79373baff77661721aa1,slug_only,2,/404/index.html,0.00000000,false,3.176
79373baff77661721aa1,slug_only,3,/<platform>/build-a-backend/auth/connect-your-frontend/manage-user-sessions,0.00000000,false,3.176
794f22bf43686014476b,slug_only,1,/,0.00000000,false,2.832
794f22bf43686014476b,slug_only,2,/404/index.html,0.00000000,false,2.832
794f22bf43686014476b,slug_only,3,/<platform>/build-a-backend/auth/connect-your-frontend/manage-user-sessions,0.00000000,false,2.832
79be2b84cb270fb1362f,slug_only,1,/,0.00000000,false,2.916
79be2b84cb270fb1362f,slug_only,2,/404/index.html,0.00000000,false,2.916
79be2b84cb270fb1362f,slug_only,3,/<platform>/build-a-backend/auth/connect-your-frontend/manage-user-sessions,0.00000000,false,2.916
79ed04a740907a2bd018,slug_only,1,/providers/AviatrixSystems/aviatrix/latest/docs/data-sources/:path*,0.80000000,false,2.612
79ed04a740907a2bd018,slug_only,2,/providers/AviatrixSystems/aviatrix/latest/docs/guides/:path*,0.80000000,false,2.612
79ed04a740907a2bd018,slug_only,3,/providers/AviatrixSystems/aviatrix/latest/docs/resources/:path*,0.80000000,false,2.612
7a3d688cc5a00b1b3ccb,slug_only,1,/en/guides/actions,0.10000000,false,2.669
7a3d688cc5a00b1b3ccb,slug_only,2,/en/guides/astro-db,0.10000000,false,2.669
7a3d688cc5a00b1b3ccb,slug_only,3,/en/guides/authentication,0.10000000,false,2.669
7a4995c32685da27dc5d,slug_only,1,/providers/AviatrixSystems/aviatrix/latest/docs/guides/:path*,0.90000000,false,2.562
7a4995c32685da27dc5d,slug_only,2,/providers/CheckPointSW/checkpoint/latest/docs/guides/:path*,0.90000000,true,2.562
7a4995c32685da27dc5d,slug_only,3,/providers/CiscoDevNet/mso/latest/docs/guides/:path*,0.90000000,false,2.562
7a7e143964f43d5cb203,slug_only,1,/en/flagger/tutorials/appmesh-progressive-delivery,0.80000000,false,2.945
7a7e143964f43d5cb203,slug_only,2,/flagger/tutorials/appmesh-progressive-delivery,0.80000000,true,2.945
7a7e143964f43d5cb203,slug_only,3,/en/flagger/tutorials/apisix-progressive-delivery,0.12500000,false,2.945
7abecc6afd89b98ee92d,slug_only,1,/.github/pull_request_template,0.00000000,false,2.538
7abecc6afd89b98ee92d,slug_only,2,/MIGRATION,0.00000000,false,2.538
7abecc6afd89b98ee92d,slug_only,3,/README,0.00000000,false,2.538
7b1b6ec746ee15e1ef9a,slug_only,1,/,0.00000000,false,2.793
7b1b6ec746ee15e1ef9a,slug_only,2,/404/index.html,0.00000000,false,2.793
7b1b6ec746ee15e1ef9a,slug_only,3,/<platform>/build-a-backend/auth/connect-your-frontend/manage-user-sessions,0.00000000,false,2.793
7b643106ecf4c3aa53f5,slug_only,1,/,0.00000000,false,3.043
7b643106ecf4c3aa53f5,slug_only,2,/404/index.html,0.00000000,false,3.043
7b643106ecf4c3aa53f5,slug_only,3,/<platform>/build-a-backend/auth/connect-your-frontend/manage-user-sessions,0.00000000,false,3.043
7b9525a9c92b39da188c,slug_only,1,/docs/extend/writing-custom-providers.html,0.20000000,true,2.957
7b9525a9c92b39da188c,slug_only,2,/products/terraform,0.05000000,false,2.957
7b9525a9c92b39da188c,slug_only,3,/enterprise/api-docs/admin/terraform-versions,0.04166667,false,2.957
7bbce6549391f43f4356,slug_only,1,/android/build-a-backend/more-features/datastore/manipulate-data,0.08333333,false,2.885
7bbce6549391f43f4356,slug_only,2,/android/start/getting-started/generate-model,0.08333333,false,2.885
7bbce6549391f43f4356,slug_only,3,/flutter/build-a-backend/graphqlapi/query-data,0.08333333,false,2.885
7bd56e40775cbc94b9a2,slug_only,1,/examples/tutorials/solidjs,1.00000000,false,2.725
7bd56e40775cbc94b9a2,slug_only,2,/examples/solidjs_tutorial,0.12500000,true,2.725
7bd56e40775cbc94b9a2,slug_only,3,/examples/tutorials/apollo,0.10000000,false,2.725
7c1c5cca809d333d51ba,slug_only,1,/gen1/<platform>/build-a-backend/existing-resources,0.90000000,true,3.074
7c1c5cca809d333d51ba,slug_only,2,/android/build-a-backend/restapi/existing-resources,0.80000000,false,3.074
7c1c5cca809d333d51ba,slug_only,3,/flutter/build-a-backend/graphqlapi/existing-resources,0.80000000,false,3.074
7cef27a1e303e6c80d04,slug_only,1,/:lang/reference/dev-toolbar-app-reference,0.18333333,true,2.798
7cef27a1e303e6c80d04,slug_only,2,/:lang/reference/astro-syntax,0.10000000,false,2.798
7cef27a1e303e6c80d04,slug_only,3,/:lang/reference/modules/astro-config,0.10000000,false,2.798
7d3901832aa1073ee6b0,slug_only,1,/,0.00000000,false,2.891
7d3901832aa1073ee6b0,slug_only,2,/404/index.html,0.00000000,false,2.891
7d3901832aa1073ee6b0,slug_only,3,/<platform>/build-a-backend/auth/connect-your-frontend/manage-user-sessions,0.00000000,false,2.891
7d53d837f1b5437ea3c3,slug_only,1,/,0.00000000,true,2.695
7d53d837f1b5437ea3c3,slug_only,2,/404/index.html,0.00000000,false,2.695
7d53d837f1b5437ea3c3,slug_only,3,/<platform>/build-a-backend/auth/connect-your-frontend/manage-user-sessions,0.00000000,false,2.695
7daa4b31fbc893f99d95,slug_only,1,/,0.00000000,false,2.817
7daa4b31fbc893f99d95,slug_only,2,/404/index.html,0.00000000,false,2.817
7daa4b31fbc893f99d95,slug_only,3,/<platform>/build-a-backend/auth/connect-your-frontend/manage-user-sessions,0.00000000,false,2.817
7e41d7cfc0d7b8dd87bb,slug_only,1,/providers/AviatrixSystems/aviatrix/latest/docs/guides/:path*,0.90000000,false,2.713
7e41d7cfc0d7b8dd87bb,slug_only,2,/providers/CheckPointSW/checkpoint/latest/docs/guides/:path*,0.90000000,false,2.713
7e41d7cfc0d7b8dd87bb,slug_only,3,/providers/CiscoDevNet/mso/latest/docs/guides/:path*,0.90000000,false,2.713
7ece0ab7a6e5710196d2,slug_only,1,/,0.00000000,false,2.992
7ece0ab7a6e5710196d2,slug_only,2,/404/index.html,0.00000000,false,2.992
7ece0ab7a6e5710196d2,slug_only,3,/<platform>/build-a-backend/auth/connect-your-frontend/manage-user-sessions,0.00000000,false,2.992
7f10b59489d8528e0cc6,slug_only,1,/examples/deno_version,0.25000000,true,2.700
7f10b59489d8528e0cc6,slug_only,2,/api/deno,0.12500000,false,2.700
7f10b59489d8528e0cc6,slug_only,3,/deploy/reference/deno_kv,0.08333333,false,2.700
7f5870fdbd910053bfac,slug_only,1,/gen1/angular/deploy-and-host/deployment,0.90000000,true,2.804
7f5870fdbd910053bfac,slug_only,2,/,0.00000000,false,2.804
7f5870fdbd910053bfac,slug_only,3,/404/index.html,0.00000000,false,2.804
7f69afca26bc5c5e03ad,slug_only,1,/gen1/android/build-a-backend/storage/query-transfers,0.90000000,true,2.867
7f69afca26bc5c5e03ad,slug_only,2,/android/build-a-backend/auth/accessing-credentials,0.10000000,false,2.867
7f69afca26bc5c5e03ad,slug_only,3,/android/build-a-backend/auth/add-social-provider,0.10000000,false,2.867
7f8468aa2bda4bc6bbf7,slug_only,1,/.github/pull_request_template,0.00000000,false,2.652
7f8468aa2bda4bc6bbf7,slug_only,2,/MIGRATION,0.00000000,false,2.652
7f8468aa2bda4bc6bbf7,slug_only,3,/README,0.00000000,false,2.652
7fda64f02322f3cf7c70,slug_only,1,/,0.00000000,false,2.964
7fda64f02322f3cf7c70,slug_only,2,/404/index.html,0.00000000,false,2.964
7fda64f02322f3cf7c70,slug_only,3,/<platform>/build-a-backend/auth/connect-your-frontend/manage-user-sessions,0.00000000,false,2.964
7fefe999234385f38c28,slug_only,1,/,0.00000000,false,2.797
7fefe999234385f38c28,slug_only,2,/404/index.html,0.00000000,false,2.797
7fefe999234385f38c28,slug_only,3,/<platform>/build-a-backend/auth/connect-your-frontend/manage-user-sessions,0.00000000,false,2.797
8000e4ce3f790c27063c,slug_only,1,/flutter,0.80000000,false,2.939
8000e4ce3f790c27063c,slug_only,2,/,0.00000000,false,2.939
8000e4ce3f790c27063c,slug_only,3,/404/index.html,0.00000000,false,2.939
806e86a6b4aceb993665,slug_only,1,/.github/pull_request_template,0.00000000,false,2.622
806e86a6b4aceb993665,slug_only,2,/MIGRATION,0.00000000,false,2.622
806e86a6b4aceb993665,slug_only,3,/README,0.00000000,false,2.622
8106251b07f7281bdef8,slug_only,1,/providers/AviatrixSystems/aviatrix/latest/docs/guides/:path*,0.90000000,false,2.617
8106251b07f7281bdef8,slug_only,2,/providers/CheckPointSW/checkpoint/latest/docs/guides/:path*,0.90000000,false,2.617
8106251b07f7281bdef8,slug_only,3,/providers/CiscoDevNet/mso/latest/docs/guides/:path*,0.90000000,false,2.617
810b8f99576aafd825e8,slug_only,1,/.github/pull_request_template,0.00000000,false,2.659
810b8f99576aafd825e8,slug_only,2,/MIGRATION,0.00000000,false,2.659
810b8f99576aafd825e8,slug_only,3,/README,0.00000000,false,2.659
81637076b3ef3e2625e3,slug_only,1,/flutter,0.80000000,false,2.949
81637076b3ef3e2625e3,slug_only,2,/,0.00000000,false,2.949
81637076b3ef3e2625e3,slug_only,3,/404/index.html,0.00000000,false,2.949
81f655e60e48da2a73ef,slug_only,1,/gen1/<platform>/prev/build-a-backend/<category>/<page>,0.90000000,false,2.868
81f655e60e48da2a73ef,slug_only,2,/gen1/<platform>/prev/tools/<category>/<page>,0.90000000,false,2.868
81f655e60e48da2a73ef,slug_only,3,/gen1/<platform>/build-a-backend/graphqlapi/<page>,0.80000000,false,2.868
827199913842f3030fa9,slug_only,1,/,0.00000000,false,2.806
827199913842f3030fa9,slug_only,2,/404/index.html,0.00000000,false,2.806
827199913842f3030fa9,slug_only,3,/<platform>/build-a-backend/auth/connect-your-frontend/manage-user-sessions,0.00000000,false,2.806
8275845db66f7d97a8e0,slug_only,1,/,0.00000000,false,2.957
8275845db66f7d97a8e0,slug_only,2,/404/index.html,0.00000000,false,2.957
8275845db66f7d97a8e0,slug_only,3,/<platform>/build-a-backend/auth/connect-your-frontend/manage-user-sessions,0.00000000,false,2.957
829ed9e7cf705d172efb,slug_only,1,/,0.00000000,false,2.874
829ed9e7cf705d172efb,slug_only,2,/404/index.html,0.00000000,false,2.874
829ed9e7cf705d172efb,slug_only,3,/<platform>/build-a-backend/auth/connect-your-frontend/manage-user-sessions,0.00000000,false,2.874
82b2df876732a2754591,slug_only,1,/providers/AviatrixSystems/aviatrix/latest/docs/data-sources/:path*,0.80000000,false,4.177
82b2df876732a2754591,slug_only,2,/providers/AviatrixSystems/aviatrix/latest/docs/guides/:path*,0.80000000,false,4.177
82b2df876732a2754591,slug_only,3,/providers/AviatrixSystems/aviatrix/latest/docs/resources/:path*,0.80000000,false,4.177
82b5f415f11e14d1f44f,slug_only,1,/,0.00000000,false,2.835
82b5f415f11e14d1f44f,slug_only,2,/404/index.html,0.00000000,false,2.835
82b5f415f11e14d1f44f,slug_only,3,/<platform>/build-a-backend/auth/connect-your-frontend/manage-user-sessions,0.00000000,false,2.835
82e5c9c1020d26bd2a11,slug_only,1,/,0.00000000,false,3.088
82e5c9c1020d26bd2a11,slug_only,2,/404/index.html,0.00000000,false,3.088
82e5c9c1020d26bd2a11,slug_only,3,/<platform>/build-a-backend/auth/connect-your-frontend/manage-user-sessions,0.00000000,false,3.088
82ea60267a9090ed2427,slug_only,1,/flutter,0.80000000,false,2.943
82ea60267a9090ed2427,slug_only,2,/,0.00000000,false,2.943
82ea60267a9090ed2427,slug_only,3,/404/index.html,0.00000000,false,2.943
82f2d6c13f76115f3b28,slug_only,1,/,0.00000000,false,2.828
82f2d6c13f76115f3b28,slug_only,2,/404/index.html,0.00000000,false,2.828
82f2d6c13f76115f3b28,slug_only,3,/<platform>/build-a-backend/auth/connect-your-frontend/manage-user-sessions,0.00000000,false,2.828
833cc75de119829841fe,slug_only,1,/,0.00000000,false,2.952
833cc75de119829841fe,slug_only,2,/404/index.html,0.00000000,false,2.952
833cc75de119829841fe,slug_only,3,/<platform>/build-a-backend/auth/connect-your-frontend/manage-user-sessions,0.00000000,false,2.952
8363012bf35f53ac3ab8,slug_only,1,/android/build-a-backend/restapi/gen-ai,0.12500000,false,2.682
8363012bf35f53ac3ab8,slug_only,2,/,0.00000000,false,2.682
8363012bf35f53ac3ab8,slug_only,3,/404/index.html,0.00000000,false,2.682
837704e6ceb4c59c5307,slug_only,1,/,0.00000000,false,2.956
837704e6ceb4c59c5307,slug_only,2,/404/index.html,0.00000000,false,2.956
837704e6ceb4c59c5307,slug_only,3,/<platform>/build-a-backend/auth/connect-your-frontend/manage-user-sessions,0.00000000,false,2.956
83bf510a9e7ab357a27d,slug_only,1,/,0.00000000,false,2.851
83bf510a9e7ab357a27d,slug_only,2,/404/index.html,0.00000000,false,2.851
83bf510a9e7ab357a27d,slug_only,3,/<platform>/build-a-backend/auth/connect-your-frontend/manage-user-sessions,0.00000000,false,2.851
83c06978dea67de4d54b,slug_only,1,/providers/AviatrixSystems/aviatrix/latest/docs/guides/:path*,0.90000000,false,2.818
83c06978dea67de4d54b,slug_only,2,/providers/CheckPointSW/checkpoint/latest/docs/guides/:path*,0.90000000,false,2.818
83c06978dea67de4d54b,slug_only,3,/providers/CiscoDevNet/mso/latest/docs/guides/:path*,0.90000000,false,2.818
840cd60d1c692cc4e54a,slug_only,1,/,0.00000000,false,2.886
840cd60d1c692cc4e54a,slug_only,2,/404/index.html,0.00000000,false,2.886
840cd60d1c692cc4e54a,slug_only,3,/<platform>/build-a-backend/auth/connect-your-frontend/manage-user-sessions,0.00000000,false,2.886
84a3c1d7ce452a0b8d64,slug_only,1,/,0.00000000,false,2.857
84a3c1d7ce452a0b8d64,slug_only,2,/404/index.html,0.00000000,false,2.857
84a3c1d7ce452a0b8d64,slug_only,3,/<platform>/build-a-backend/auth/connect-your-frontend/manage-user-sessions,0.00000000,false,2.857
85095034a2ccada14153,slug_only,1,/providers/AviatrixSystems/aviatrix/latest/docs/data-sources/:path*,0.80000000,false,2.765
85095034a2ccada14153,slug_only,2,/providers/AviatrixSystems/aviatrix/latest/docs/guides/:path*,0.80000000,false,2.765
85095034a2ccada14153,slug_only,3,/providers/AviatrixSystems/aviatrix/latest/docs/resources/:path*,0.80000000,false,2.765
85d5d7e499a43055a754,slug_only,1,/,0.00000000,false,3.098
85d5d7e499a43055a754,slug_only,2,/404/index.html,0.00000000,false,3.098
85d5d7e499a43055a754,slug_only,3,/<platform>/build-a-backend/auth/connect-your-frontend/manage-user-sessions,0.00000000,false,3.098
85efdca356688f4bcbf3,slug_only,1,/providers/AviatrixSystems/aviatrix/latest/docs/data-sources/:path*,0.80000000,false,2.674
85efdca356688f4bcbf3,slug_only,2,/providers/AviatrixSystems/aviatrix/latest/docs/guides/:path*,0.80000000,false,2.674
85efdca356688f4bcbf3,slug_only,3,/providers/AviatrixSystems/aviatrix/latest/docs/resources/:path*,0.80000000,false,2.674
85f914a887c8352cdb7e,slug_only,1,/:lang/tutorial/6-islands/4,0.25000000,false,1.978
85f914a887c8352cdb7e,slug_only,2,/de/tutorial/0-introduction/1,0.25000000,false,1.978
85f914a887c8352cdb7e,slug_only,3,/de/tutorial/1-setup/1,0.25000000,false,1.978
8603d8b2de67d48a9471,slug_only,1,/,0.00000000,false,2.773
8603d8b2de67d48a9471,slug_only,2,/404/index.html,0.00000000,false,2.773
8603d8b2de67d48a9471,slug_only,3,/<platform>/build-a-backend/auth/connect-your-frontend/manage-user-sessions,0.00000000,false,2.773
86213a262726cd8e2420,slug_only,1,/,0.00000000,false,2.862
86213a262726cd8e2420,slug_only,2,/404/index.html,0.00000000,false,2.862
86213a262726cd8e2420,slug_only,3,/<platform>/build-a-backend/auth/connect-your-frontend/manage-user-sessions,0.00000000,false,2.862
8643f6e5c1ebae6f9e2b,slug_only,1,/providers/AviatrixSystems/aviatrix/latest/docs/data-sources/:path*,0.80000000,false,2.585
8643f6e5c1ebae6f9e2b,slug_only,2,/providers/AviatrixSystems/aviatrix/latest/docs/guides/:path*,0.80000000,false,2.585
8643f6e5c1ebae6f9e2b,slug_only,3,/providers/AviatrixSystems/aviatrix/latest/docs/resources/:path*,0.80000000,false,2.585
86523265279c1a305c7f,slug_only,1,/.github/pull_request_template,0.00000000,false,2.618
86523265279c1a305c7f,slug_only,2,/MIGRATION,0.00000000,false,2.618
86523265279c1a305c7f,slug_only,3,/README,0.00000000,false,2.618
8694cba8c5aa861dbaa1,slug_only,1,/providers/AviatrixSystems/aviatrix/latest/docs/data-sources/:path*,0.80000000,false,2.654
8694cba8c5aa861dbaa1,slug_only,2,/providers/AviatrixSystems/aviatrix/latest/docs/guides/:path*,0.80000000,false,2.654
8694cba8c5aa861dbaa1,slug_only,3,/providers/AviatrixSystems/aviatrix/latest/docs/resources/:path*,0.80000000,true,2.654
86aa3dc537e69268acbb,slug_only,1,/,0.00000000,false,2.885
86aa3dc537e69268acbb,slug_only,2,/404/index.html,0.00000000,false,2.885
86aa3dc537e69268acbb,slug_only,3,/<platform>/build-a-backend/auth/connect-your-frontend/manage-user-sessions,0.00000000,false,2.885
8703fba2c74ec1949d9b,slug_only,1,/,0.00000000,false,2.890
8703fba2c74ec1949d9b,slug_only,2,/404/index.html,0.00000000,false,2.890
8703fba2c74ec1949d9b,slug_only,3,/<platform>/build-a-backend/auth/connect-your-frontend/manage-user-sessions,0.00000000,false,2.890
87105fd7c57ce9b60372,slug_only,1,/flux/components/helm,0.10000000,false,3.157
87105fd7c57ce9b60372,slug_only,2,/flux/components/image,0.10000000,false,3.157
87105fd7c57ce9b60372,slug_only,3,/flux/components/kustomize,0.10000000,false,3.157
8755f0cf1025c0ba2da6,slug_only,1,/,0.00000000,false,2.976
8755f0cf1025c0ba2da6,slug_only,2,/404/index.html,0.00000000,false,2.976
8755f0cf1025c0ba2da6,slug_only,3,/<platform>/build-a-backend/auth/connect-your-frontend/manage-user-sessions,0.00000000,false,2.976
87b0751e470f280c63f0,slug_only,1,/providers/AviatrixSystems/aviatrix/latest/docs/data-sources/:path*,0.80000000,false,2.614
87b0751e470f280c63f0,slug_only,2,/providers/AviatrixSystems/aviatrix/latest/docs/guides/:path*,0.80000000,false,2.614
87b0751e470f280c63f0,slug_only,3,/providers/AviatrixSystems/aviatrix/latest/docs/resources/:path*,0.80000000,false,2.614
87d10fe9be65de0f18de,slug_only,1,/providers/AviatrixSystems/aviatrix/latest/docs/data-sources/:path*,0.80000000,false,2.589
87d10fe9be65de0f18de,slug_only,2,/providers/AviatrixSystems/aviatrix/latest/docs/guides/:path*,0.80000000,false,2.589
87d10fe9be65de0f18de,slug_only,3,/providers/AviatrixSystems/aviatrix/latest/docs/resources/:path*,0.80000000,false,2.589
87ee2fde4da514e6825e,slug_only,1,/providers/AviatrixSystems/aviatrix/latest/docs/data-sources/:path*,0.80000000,false,2.572
87ee2fde4da514e6825e,slug_only,2,/providers/AviatrixSystems/aviatrix/latest/docs/guides/:path*,0.80000000,false,2.572
87ee2fde4da514e6825e,slug_only,3,/providers/AviatrixSystems/aviatrix/latest/docs/resources/:path*,0.80000000,false,2.572
8830fae0e11bce5a5d41,slug_only,1,/,0.00000000,false,2.918
8830fae0e11bce5a5d41,slug_only,2,/404/index.html,0.00000000,false,2.918
8830fae0e11bce5a5d41,slug_only,3,/<platform>/build-a-backend/auth/connect-your-frontend/manage-user-sessions,0.00000000,false,2.918
89335a046d6400fa3e21,slug_only,1,/,0.00000000,false,3.004
89335a046d6400fa3e21,slug_only,2,/404/index.html,0.00000000,false,3.004
89335a046d6400fa3e21,slug_only,3,/<platform>/build-a-backend/auth/connect-your-frontend/manage-user-sessions,0.00000000,false,3.004
893f740cb505a5c5bad3,slug_only,1,/examples/tls_connector,0.25000000,true,2.727
893f740cb505a5c5bad3,slug_only,2,/404,0.00000000,false,2.727
893f740cb505a5c5bad3,slug_only,3,/README,0.00000000,false,2.727
89c175da75ddb655d37d,slug_only,1,/flutter,0.80000000,false,3.010
89c175da75ddb655d37d,slug_only,2,/,0.00000000,false,3.010
89c175da75ddb655d37d,slug_only,3,/404/index.html,0.00000000,false,3.010
89eb33ec984cc7d9aad5,slug_only,1,/,0.25000000,false,2.709
89eb33ec984cc7d9aad5,slug_only,2,/404/index.html,0.00000000,false,2.709
89eb33ec984cc7d9aad5,slug_only,3,/<platform>/build-a-backend/auth/connect-your-frontend/manage-user-sessions,0.00000000,false,2.709
8a1e0760d672b24bcbf6,slug_only,1,/language/v1.1.x/resources/provisioners/salt-masterless,0.90000000,true,2.706
8a1e0760d672b24bcbf6,slug_only,2,/.github/pull_request_template,0.00000000,false,2.706
8a1e0760d672b24bcbf6,slug_only,3,/MIGRATION,0.00000000,false,2.706
8a63e9e0883c0eba671f,slug_only,1,/gen1/<platform>/build-a-backend/storage/import,0.80000000,false,2.823
8a63e9e0883c0eba671f,slug_only,2,/,0.00000000,false,2.823
8a63e9e0883c0eba671f,slug_only,3,/404/index.html,0.00000000,false,2.823
8a7dc6f720348ddc5b18,slug_only,1,/flutter,0.80000000,false,2.867
8a7dc6f720348ddc5b18,slug_only,2,/,0.00000000,false,2.867
8a7dc6f720348ddc5b18,slug_only,3,/404/index.html,0.00000000,false,2.867
8ab6efaa722abd77a844,slug_only,1,/providers/AviatrixSystems/aviatrix/latest/docs/data-sources/:path*,0.80000000,false,2.608
8ab6efaa722abd77a844,slug_only,2,/providers/AviatrixSystems/aviatrix/latest/docs/guides/:path*,0.80000000,false,2.608
8ab6efaa722abd77a844,slug_only,3,/providers/AviatrixSystems/aviatrix/latest/docs/resources/:path*,0.80000000,false,2.608
8af77fd7e1583a5c5069,slug_only,1,/enterprise/install/automated/active-active,0.10000000,true,2.622
8af77fd7e1583a5c5069,slug_only,2,/enterprise/install/pre-install-checklist,0.10000000,false,2.622
8af77fd7e1583a5c5069,slug_only,3,/docs/extend/writing-custom-providers.html,0.05000000,false,2.622
8b39d29c5ae4a45fc543,slug_only,1,/,0.00000000,false,2.797
8b39d29c5ae4a45fc543,slug_only,2,/404/index.html,0.00000000,false,2.797
8b39d29c5ae4a45fc543,slug_only,3,/<platform>/build-a-backend/auth/connect-your-frontend/manage-user-sessions,0.00000000,false,2.797
8b510a2885df6d083dbf,slug_only,1,/providers/AviatrixSystems/aviatrix/latest/docs/data-sources/:path*,0.80000000,false,2.604
8b510a2885df6d083dbf,slug_only,2,/providers/AviatrixSystems/aviatrix/latest/docs/guides/:path*,0.80000000,false,2.604
8b510a2885df6d083dbf,slug_only,3,/providers/AviatrixSystems/aviatrix/latest/docs/resources/:path*,0.80000000,false,2.604
8c0612b719f51e627006,slug_only,1,/.github/pull_request_template,0.00000000,false,2.691
8c0612b719f51e627006,slug_only,2,/MIGRATION,0.00000000,false,2.691
8c0612b719f51e627006,slug_only,3,/README,0.00000000,false,2.691
8c39ffe16d7f520b9f46,slug_only,1,/.github/pull_request_template,0.00000000,false,2.690
8c39ffe16d7f520b9f46,slug_only,2,/MIGRATION,0.00000000,false,2.690
8c39ffe16d7f520b9f46,slug_only,3,/README,0.00000000,false,2.690
8c48a3e3d0beda87fb99,slug_only,1,/,0.00000000,false,2.770
8c48a3e3d0beda87fb99,slug_only,2,/404/index.html,0.00000000,false,2.770
8c48a3e3d0beda87fb99,slug_only,3,/<platform>/build-a-backend/auth/connect-your-frontend/manage-user-sessions,0.00000000,false,2.770
8c4b0db9873a3a8044b8,slug_only,1,/android/build-a-backend/auth/delete-user-account,0.90000000,false,3.048
8c4b0db9873a3a8044b8,slug_only,2,/flutter/build-a-backend/auth/delete-user-account,0.90000000,false,3.048
8c4b0db9873a3a8044b8,slug_only,3,/gen1/<platform>/build-a-backend/auth/delete-user-account,0.90000000,false,3.048
8c52a0047abf2930fe80,slug_only,1,/providers/AviatrixSystems/aviatrix/latest/docs/data-sources/:path*,0.80000000,false,2.566
8c52a0047abf2930fe80,slug_only,2,/providers/AviatrixSystems/aviatrix/latest/docs/guides/:path*,0.80000000,false,2.566
8c52a0047abf2930fe80,slug_only,3,/providers/AviatrixSystems/aviatrix/latest/docs/resources/:path*,0.80000000,false,2.566
8c64252a30afe92a5704,slug_only,1,/,0.00000000,false,2.953
8c64252a30afe92a5704,slug_only,2,/404/index.html,0.00000000,false,2.953
8c64252a30afe92a5704,slug_only,3,/<platform>/build-a-backend/auth/connect-your-frontend/manage-user-sessions,0.00000000,false,2.953
8c81b28421e1589aede9,slug_only,1,/,0.00000000,false,3.021
8c81b28421e1589aede9,slug_only,2,/404/index.html,0.00000000,false,3.021
8c81b28421e1589aede9,slug_only,3,/<platform>/build-a-backend/auth/connect-your-frontend/manage-user-sessions,0.00000000,false,3.021
8d2b6f4e7ba3af26ebfa,slug_only,1,/,0.00000000,false,2.957
8d2b6f4e7ba3af26ebfa,slug_only,2,/404/index.html,0.00000000,false,2.957
8d2b6f4e7ba3af26ebfa,slug_only,3,/<platform>/build-a-backend/auth/connect-your-frontend/manage-user-sessions,0.00000000,false,2.957
8df25a1851ba93f8e355,slug_only,1,/gen1/android/prev/build-a-backend/more-features/predictions/set-up-predictions,0.08333333,false,2.867
8df25a1851ba93f8e355,slug_only,2,/,0.00000000,false,2.867
8df25a1851ba93f8e355,slug_only,3,/404/index.html,0.00000000,false,2.867
8e04516b3ed09f8e9fc7,slug_only,1,/:lang/tutorial/6-islands/4,0.25000000,false,2.478
8e04516b3ed09f8e9fc7,slug_only,2,/de/tutorial/0-introduction/1,0.25000000,false,2.478
8e04516b3ed09f8e9fc7,slug_only,3,/de/tutorial/1-setup/1,0.25000000,false,2.478
8fcaa7f0117d4881e256,slug_only,1,/flutter,0.80000000,false,2.955
8fcaa7f0117d4881e256,slug_only,2,/,0.00000000,false,2.955
8fcaa7f0117d4881e256,slug_only,3,/404/index.html,0.00000000,false,2.955
8fdd1fa0e94049a90bce,slug_only,1,/providers/AviatrixSystems/aviatrix/latest/docs/data-sources/:path*,0.80000000,false,2.655
8fdd1fa0e94049a90bce,slug_only,2,/providers/AviatrixSystems/aviatrix/latest/docs/guides/:path*,0.80000000,false,2.655
8fdd1fa0e94049a90bce,slug_only,3,/providers/AviatrixSystems/aviatrix/latest/docs/resources/:path*,0.80000000,false,2.655
8ffaeb7409426b84086c,slug_only,1,/,0.00000000,false,3.186
8ffaeb7409426b84086c,slug_only,2,/404/index.html,0.00000000,false,3.186
8ffaeb7409426b84086c,slug_only,3,/<platform>/build-a-backend/auth/connect-your-frontend/manage-user-sessions,0.00000000,false,3.186
902fa7f4994c503c7a98,slug_only,1,/gen1/angular/prev,0.80000000,false,2.704
902fa7f4994c503c7a98,slug_only,2,/gen1/javascript/prev,0.80000000,false,2.704
902fa7f4994c503c7a98,slug_only,3,/,0.00000000,false,2.704
906ba2fce46d023bcf6b,slug_only,1,/flutter,0.80000000,false,2.856
906ba2fce46d023bcf6b,slug_only,2,/,0.00000000,false,2.856
906ba2fce46d023bcf6b,slug_only,3,/404/index.html,0.00000000,false,2.856
90702d744da119d49596,slug_only,1,/CODE_OF_CONDUCT,0.00000000,false,2.728
90702d744da119d49596,slug_only,2,/CONTRIBUTING,0.00000000,false,2.728
90702d744da119d49596,slug_only,3,/README,0.00000000,false,2.728
9072929269180e514697,slug_only,1,/,0.00000000,false,2.934
9072929269180e514697,slug_only,2,/404/index.html,0.00000000,false,2.934
9072929269180e514697,slug_only,3,/<platform>/build-a-backend/auth/connect-your-frontend/manage-user-sessions,0.00000000,false,2.934
909538304c95fe9cf10d,slug_only,1,/gen1/android/prev/start/project-setup/use-existing-resources,0.90000000,true,3.186
909538304c95fe9cf10d,slug_only,2,/android/build-a-backend/restapi/existing-resources,0.16666667,false,3.186
909538304c95fe9cf10d,slug_only,3,/flutter/build-a-backend/graphqlapi/existing-resources,0.16666667,false,3.186
90c146e75eb56438b32e,slug_only,1,/android/build-a-backend/more-features/logging/configure-user,0.12500000,false,2.912
90c146e75eb56438b32e,slug_only,2,/flutter/build-a-backend/storage/configure-access,0.12500000,false,2.912
90c146e75eb56438b32e,slug_only,3,/gen1/<platform>/build-a-backend/storage/configure-storage,0.12500000,false,2.912
90c8a86e8833ed041457,slug_only,1,/providers/AviatrixSystems/aviatrix/latest/docs/data-sources/:path*,0.80000000,false,2.648
90c8a86e8833ed041457,slug_only,2,/providers/AviatrixSystems/aviatrix/latest/docs/guides/:path*,0.80000000,false,2.648
90c8a86e8833ed041457,slug_only,3,/providers/AviatrixSystems/aviatrix/latest/docs/resources/:path*,0.80000000,false,2.648
910cadb52aa5568ce15f,slug_only,1,/,0.00000000,false,2.834
910cadb52aa5568ce15f,slug_only,2,/404/index.html,0.00000000,false,2.834
910cadb52aa5568ce15f,slug_only,3,/<platform>/build-a-backend/auth/connect-your-frontend/manage-user-sessions,0.00000000,false,2.834
9157ea108266afd4a215,slug_only,1,/,0.00000000,false,2.920
9157ea108266afd4a215,slug_only,2,/404/index.html,0.00000000,false,2.920
9157ea108266afd4a215,slug_only,3,/<platform>/build-a-backend/auth/connect-your-frontend/manage-user-sessions,0.00000000,false,2.920
91f40c85550b7219e548,slug_only,1,/:lang/guides/on-demand-rendering,0.15000000,true,2.953
91f40c85550b7219e548,slug_only,2,/:lang/guides/astro-db,0.10000000,false,2.953
91f40c85550b7219e548,slug_only,3,/:lang/guides/backend/appwrite,0.10000000,false,2.953
92a28c3480cbe56ba15b,slug_only,1,/,0.00000000,false,2.984
92a28c3480cbe56ba15b,slug_only,2,/404/index.html,0.00000000,false,2.984
92a28c3480cbe56ba15b,slug_only,3,/<platform>/build-a-backend/auth/connect-your-frontend/manage-user-sessions,0.00000000,false,2.984
92a3fe2df49ee2bae5ab,slug_only,1,/providers/AviatrixSystems/aviatrix/latest/docs/guides/:path*,0.90000000,false,2.757
92a3fe2df49ee2bae5ab,slug_only,2,/providers/CheckPointSW/checkpoint/latest/docs/guides/:path*,0.90000000,false,2.757
92a3fe2df49ee2bae5ab,slug_only,3,/providers/CiscoDevNet/mso/latest/docs/guides/:path*,0.90000000,false,2.757
92cad3b867cb9d339e70,slug_only,1,/,0.00000000,false,2.798
92cad3b867cb9d339e70,slug_only,2,/404/index.html,0.00000000,false,2.798
92cad3b867cb9d339e70,slug_only,3,/<platform>/build-a-backend/auth/connect-your-frontend/manage-user-sessions,0.00000000,false,2.798
92eda496ee7dced906aa,slug_only,1,/providers/AviatrixSystems/aviatrix/latest/docs/data-sources/:path*,0.80000000,false,2.632
92eda496ee7dced906aa,slug_only,2,/providers/AviatrixSystems/aviatrix/latest/docs/guides/:path*,0.80000000,false,2.632
92eda496ee7dced906aa,slug_only,3,/providers/AviatrixSystems/aviatrix/latest/docs/resources/:path*,0.80000000,false,2.632
93b1eeaae8a4c28f9203,slug_only,1,/,0.00000000,false,2.992
93b1eeaae8a4c28f9203,slug_only,2,/404/index.html,0.00000000,false,2.992
93b1eeaae8a4c28f9203,slug_only,3,/<platform>/build-a-backend/auth/connect-your-frontend/manage-user-sessions,0.00000000,false,2.992
94246c48002d64726087,slug_only,1,/,0.00000000,false,3.019
94246c48002d64726087,slug_only,2,/404/index.html,0.00000000,false,3.019
94246c48002d64726087,slug_only,3,/<platform>/build-a-backend/auth/connect-your-frontend/manage-user-sessions,0.00000000,false,3.019
94279bb5ec4666551d21,slug_only,1,/,0.00000000,false,2.956
94279bb5ec4666551d21,slug_only,2,/404/index.html,0.00000000,false,2.956
94279bb5ec4666551d21,slug_only,3,/<platform>/build-a-backend/auth/connect-your-frontend/manage-user-sessions,0.00000000,false,2.956
942fc1f67607b9a4d026,slug_only,1,/gen1/android/build-a-backend/auth/switch-auth,0.90000000,false,3.045
942fc1f67607b9a4d026,slug_only,2,/gen1/javascript/prev/build-a-backend/auth/switch-auth,0.90000000,false,3.045
942fc1f67607b9a4d026,slug_only,3,/angular/build-a-backend/auth,0.12500000,false,3.045
94e865153aa13f25a10b,slug_only,1,/providers/AviatrixSystems/aviatrix/latest/docs/data-sources/:path*,0.80000000,false,2.636
94e865153aa13f25a10b,slug_only,2,/providers/AviatrixSystems/aviatrix/latest/docs/guides/:path*,0.80000000,false,2.636
94e865153aa13f25a10b,slug_only,3,/providers/AviatrixSystems/aviatrix/latest/docs/resources/:path*,0.80000000,false,2.636
94ea8cfd822841a7437c,slug_only,1,/gen1/flutter/build-a-backend/troubleshooting/upgrade-amplify-packages,0.90000000,false,3.057
94ea8cfd822841a7437c,slug_only,2,/gen1/javascript/build-a-backend/troubleshooting/upgrade-amplify-packages,0.90000000,false,3.057
94ea8cfd822841a7437c,slug_only,3,/flutter/start/project-setup/upgrade-guide,0.06250000,false,3.057
958e5bcc3386de4368c6,slug_only,1,/security,0.12500000,true,2.500
958e5bcc3386de4368c6,slug_only,2,/docs/extend/writing-custom-providers.html,0.05000000,false,2.500
958e5bcc3386de4368c6,slug_only,3,/.github/pull_request_template,0.00000000,false,2.500
95926bf56d7f71d80ad6,slug_only,1,/.github/pull_request_template,0.00000000,false,2.622
95926bf56d7f71d80ad6,slug_only,2,/MIGRATION,0.00000000,false,2.622
95926bf56d7f71d80ad6,slug_only,3,/README,0.00000000,false,2.622
95ab4ac4c211bd91f575,slug_only,1,/,0.00000000,false,2.865
95ab4ac4c211bd91f575,slug_only,2,/404/index.html,0.00000000,false,2.865
95ab4ac4c211bd91f575,slug_only,3,/<platform>/build-a-backend/auth/connect-your-frontend/manage-user-sessions,0.00000000,false,2.865
95c0d724e5f068acea53,slug_only,1,/android/build-a-backend/more-features/datastore/manipulate-data,0.08333333,false,2.883
95c0d724e5f068acea53,slug_only,2,/flutter/build-a-backend/graphqlapi/query-data,0.08333333,false,2.883
95c0d724e5f068acea53,slug_only,3,/flutter/build-a-backend/graphqlapi/subscribe-data,0.08333333,false,2.883
95fe207d6abb21bacf13,slug_only,1,/,0.00000000,false,2.892
95fe207d6abb21bacf13,slug_only,2,/404/index.html,0.00000000,false,2.892
95fe207d6abb21bacf13,slug_only,3,/<platform>/build-a-backend/auth/connect-your-frontend/manage-user-sessions,0.00000000,false,2.892
960831ede1878038502c,slug_only,1,/,0.00000000,false,2.961
960831ede1878038502c,slug_only,2,/404/index.html,0.00000000,false,2.961
960831ede1878038502c,slug_only,3,/<platform>/build-a-backend/auth/connect-your-frontend/manage-user-sessions,0.00000000,false,2.961
9618774adaa268c62921,slug_only,1,/,0.00000000,false,3.007
9618774adaa268c62921,slug_only,2,/404/index.html,0.00000000,false,3.007
9618774adaa268c62921,slug_only,3,/<platform>/build-a-backend/auth/connect-your-frontend/manage-user-sessions,0.00000000,false,3.007
961a4f8d27aefbcbbbca,slug_only,1,/flutter,0.80000000,false,2.977
961a4f8d27aefbcbbbca,slug_only,2,/,0.00000000,false,2.977
961a4f8d27aefbcbbbca,slug_only,3,/404/index.html,0.00000000,false,2.977
962f6ef700beeb8dd663,slug_only,1,/examples/parsing_serializing_json,0.25000000,true,2.793
962f6ef700beeb8dd663,slug_only,2,/examples/parsing_serializing_csv,0.12500000,false,2.793
962f6ef700beeb8dd663,slug_only,3,/examples/parsing_serializing_yaml,0.12500000,false,2.793
9643e96647e7eec5c788,slug_only,1,/providers/AviatrixSystems/aviatrix/latest/docs/guides/:path*,0.90000000,false,2.633
9643e96647e7eec5c788,slug_only,2,/providers/CheckPointSW/checkpoint/latest/docs/guides/:path*,0.90000000,false,2.633
9643e96647e7eec5c788,slug_only,3,/providers/CiscoDevNet/mso/latest/docs/guides/:path*,0.90000000,false,2.633
96847b7eeb3705372eec,slug_only,1,/gen1/<platform>/tools/cli/<page>,0.90000000,true,2.790
96847b7eeb3705372eec,slug_only,2,/gen1/<platform>/build-a-backend/graphqlapi/<page>,0.80000000,false,2.790
96847b7eeb3705372eec,slug_only,3,/gen1/<platform>/build-a-backend/more-features/<page>,0.80000000,false,2.790
96900f611863c75874c7,slug_only,1,/,0.00000000,false,2.988
96900f611863c75874c7,slug_only,2,/404/index.html,0.00000000,false,2.988
96900f611863c75874c7,slug_only,3,/<platform>/build-a-backend/auth/connect-your-frontend/manage-user-sessions,0.00000000,false,2.988
969473f0de35830075e2,slug_only,1,/,0.00000000,false,2.896
969473f0de35830075e2,slug_only,2,/404/index.html,0.00000000,false,2.896
969473f0de35830075e2,slug_only,3,/<platform>/build-a-backend/auth/connect-your-frontend/manage-user-sessions,0.00000000,false,2.896
96cb3060472e6b6aeaf4,slug_only,1,/,0.00000000,false,3.092
96cb3060472e6b6aeaf4,slug_only,2,/404/index.html,0.00000000,false,3.092
96cb3060472e6b6aeaf4,slug_only,3,/<platform>/build-a-backend/auth/connect-your-frontend/manage-user-sessions,0.00000000,false,3.092
96f98ff1977cf0e587c7,slug_only,1,/.github/pull_request_template,0.00000000,false,2.587
96f98ff1977cf0e587c7,slug_only,2,/MIGRATION,0.00000000,false,2.587
96f98ff1977cf0e587c7,slug_only,3,/README,0.00000000,false,2.587
9700220f2dd9cf64e353,slug_only,1,/CODE_OF_CONDUCT,0.00000000,false,2.841
9700220f2dd9cf64e353,slug_only,2,/CONTRIBUTING,0.00000000,false,2.841
9700220f2dd9cf64e353,slug_only,3,/README,0.00000000,false,2.841
972b368058252bc0382f,slug_only,1,/providers/AviatrixSystems/aviatrix/latest/docs/guides/:path*,0.90000000,false,2.788
972b368058252bc0382f,slug_only,2,/providers/CheckPointSW/checkpoint/latest/docs/guides/:path*,0.90000000,false,2.788
972b368058252bc0382f,slug_only,3,/providers/CiscoDevNet/mso/latest/docs/guides/:path*,0.90000000,false,2.788
97fed8de4d97219459dd,slug_only,1,/,0.00000000,true,2.721
97fed8de4d97219459dd,slug_only,2,/404/index.html,0.00000000,false,2.721
97fed8de4d97219459dd,slug_only,3,/<platform>/build-a-backend/auth/connect-your-frontend/manage-user-sessions,0.00000000,false,2.721
982482d82f76f4bfc47d,slug_only,1,/,0.00000000,false,3.001
982482d82f76f4bfc47d,slug_only,2,/404/index.html,0.00000000,false,3.001
982482d82f76f4bfc47d,slug_only,3,/<platform>/build-a-backend/auth/connect-your-frontend/manage-user-sessions,0.00000000,false,3.001
985179282d29224613b6,slug_only,1,/,0.00000000,false,2.968
985179282d29224613b6,slug_only,2,/404/index.html,0.00000000,false,2.968
985179282d29224613b6,slug_only,3,/<platform>/build-a-backend/auth/connect-your-frontend/manage-user-sessions,0.00000000,false,2.968
991ee809837e188a823d,slug_only,1,/gen1/<platform>/tools/console,0.80000000,false,2.741
991ee809837e188a823d,slug_only,2,/,0.00000000,false,2.741
991ee809837e188a823d,slug_only,3,/404/index.html,0.00000000,false,2.741
99672c4a8e4bfea92f1d,slug_only,1,/enterprise/api-docs/admin/users,0.90000000,true,2.560
99672c4a8e4bfea92f1d,slug_only,2,/cloud-docs/users-teams-organizations/users,0.80000000,false,2.560
99672c4a8e4bfea92f1d,slug_only,3,/.github/pull_request_template,0.00000000,false,2.560
99890ce62b515d956726,slug_only,1,/.github/pull_request_template,0.00000000,false,2.648
99890ce62b515d956726,slug_only,2,/MIGRATION,0.00000000,false,2.648
99890ce62b515d956726,slug_only,3,/README,0.00000000,false,2.648
9999f22dc3bf688f14c3,slug_only,1,/android/deploy-and-host,0.05000000,false,2.954
9999f22dc3bf688f14c3,slug_only,2,/,0.00000000,false,2.954
9999f22dc3bf688f14c3,slug_only,3,/404/index.html,0.00000000,false,2.954
9a368818daba026cee6a,slug_only,1,/enterprise/api-docs/admin/settings,0.90000000,true,2.566
9a368818daba026cee6a,slug_only,2,/.github/pull_request_template,0.00000000,false,2.566
9a368818daba026cee6a,slug_only,3,/MIGRATION,0.00000000,false,2.566
9a5b3c87ebe11ff021b7,slug_only,1,/gen1/<platform>/prev/build-a-backend/<category>/<page>,0.90000000,false,2.815
9a5b3c87ebe11ff021b7,slug_only,2,/gen1/<platform>/prev/tools/<category>/<page>,0.90000000,false,2.815
9a5b3c87ebe11ff021b7,slug_only,3,/gen1/<platform>/build-a-backend/graphqlapi/<page>,0.80000000,false,2.815
9a60039b04c969146bc7,slug_only,1,/providers/AviatrixSystems/aviatrix/latest/docs/data-sources/:path*,0.80000000,false,2.560
9a60039b04c969146bc7,slug_only,2,/providers/AviatrixSystems/aviatrix/latest/docs/guides/:path*,0.80000000,false,2.560
9a60039b04c969146bc7,slug_only,3,/providers/AviatrixSystems/aviatrix/latest/docs/resources/:path*,0.80000000,false,2.560
9acfe1ac207eed093ec2,slug_only,1,/,0.00000000,false,2.866
9acfe1ac207eed093ec2,slug_only,2,/404/index.html,0.00000000,false,2.866
9acfe1ac207eed093ec2,slug_only,3,/<platform>/build-a-backend/auth/connect-your-frontend/manage-user-sessions,0.00000000,false,2.866
9afcb31fe0d8123df4ad,slug_only,1,/gen1/angular/prev,0.80000000,false,2.953
9afcb31fe0d8123df4ad,slug_only,2,/gen1/javascript/prev,0.80000000,false,2.953
9afcb31fe0d8123df4ad,slug_only,3,/,0.00000000,false,2.953
9b05590f6e0e5b4f1cf8,slug_only,1,/,0.00000000,false,3.190
9b05590f6e0e5b4f1cf8,slug_only,2,/404/index.html,0.00000000,false,3.190
9b05590f6e0e5b4f1cf8,slug_only,3,/<platform>/build-a-backend/auth/connect-your-frontend/manage-user-sessions,0.00000000,false,3.190
9b67d8c095d8d0a7c0b9,slug_only,1,/gen1/<platform>/deploy-and-host/deployment/<page>,0.90000000,true,2.823
9b67d8c095d8d0a7c0b9,slug_only,2,/gen1/<platform>/build-a-backend/graphqlapi/<page>,0.80000000,false,2.823
9b67d8c095d8d0a7c0b9,slug_only,3,/gen1/<platform>/build-a-backend/more-features/<page>,0.80000000,false,2.823
9bc2f3d31ff7506837e4,slug_only,1,/,0.00000000,false,2.812
9bc2f3d31ff7506837e4,slug_only,2,/404/index.html,0.00000000,false,2.812
9bc2f3d31ff7506837e4,slug_only,3,/<platform>/build-a-backend/auth/connect-your-frontend/manage-user-sessions,0.00000000,false,2.812
9be623a5d37fe1dfed02,slug_only,1,/gen1/android/prev/build-a-backend/storage,0.80000000,false,2.859
9be623a5d37fe1dfed02,slug_only,2,/gen1/<platform>/build-a-backend/storage/configure-storage,0.12500000,false,2.859
9be623a5d37fe1dfed02,slug_only,3,/gen1/flutter/prev/build-a-backend/storage/set-up-storage,0.08333333,false,2.859
9bf2bbdabb39f94c0881,slug_only,1,/flutter,0.80000000,false,2.827
9bf2bbdabb39f94c0881,slug_only,2,/,0.00000000,false,2.827
9bf2bbdabb39f94c0881,slug_only,3,/404/index.html,0.00000000,false,2.827
9c0deaf7408f0ce44d25,slug_only,1,/CODE_OF_CONDUCT,0.00000000,false,2.857
9c0deaf7408f0ce44d25,slug_only,2,/CONTRIBUTING,0.00000000,false,2.857
9c0deaf7408f0ce44d25,slug_only,3,/README,0.00000000,false,2.857
9d0e2b64d16122723b0f,slug_only,1,/examples/walking_directories,0.25000000,true,2.705
9d0e2b64d16122723b0f,slug_only,2,/404,0.00000000,false,2.705
9d0e2b64d16122723b0f,slug_only,3,/README,0.00000000,false,2.705
9d41dea203acef60a51c,slug_only,1,/providers/AviatrixSystems/aviatrix/latest/docs/guides/:path*,0.90000000,false,2.598
9d41dea203acef60a51c,slug_only,2,/providers/CheckPointSW/checkpoint/latest/docs/guides/:path*,0.90000000,false,2.598
9d41dea203acef60a51c,slug_only,3,/providers/CiscoDevNet/mso/latest/docs/guides/:path*,0.90000000,false,2.598
9d5c1a96b78b4142e5f2,slug_only,1,/flutter,0.80000000,false,2.841
9d5c1a96b78b4142e5f2,slug_only,2,/,0.00000000,false,2.841
9d5c1a96b78b4142e5f2,slug_only,3,/404/index.html,0.00000000,false,2.841
9dc6888c244668af8cea,slug_only,1,/android/build-a-backend/storage/lambda-triggers,0.05000000,false,3.088
9dc6888c244668af8cea,slug_only,2,/gen1/android/prev/build-a-backend/storage/lambda-triggers,0.05000000,false,3.088
9dc6888c244668af8cea,slug_only,3,/,0.00000000,false,3.088
9dcf0e3e95e9189b8951,slug_only,1,/gen1/<platform>/sdk/analytics/<page>,0.90000000,true,2.769
9dcf0e3e95e9189b8951,slug_only,2,/gen1/<platform>/build-a-backend/graphqlapi/<page>,0.80000000,false,2.769
9dcf0e3e95e9189b8951,slug_only,3,/gen1/<platform>/build-a-backend/more-features/<page>,0.80000000,false,2.769
9e0f79e27b215cc0a630,slug_only,1,/:lang/guides/content-collections,0.12500000,false,2.596
9e0f79e27b215cc0a630,slug_only,2,/en/guides/content-collections,0.12500000,true,2.596
9e0f79e27b215cc0a630,slug_only,3,/.github/PULL_REQUEST_TEMPLATE,0.00000000,false,2.596
9e12b4a650616fd60fc3,slug_only,1,/android/build-a-backend/restapi/existing-resources,0.08333333,false,2.894
9e12b4a650616fd60fc3,slug_only,2,/flutter/build-a-backend/graphqlapi/existing-resources,0.08333333,false,2.894
9e12b4a650616fd60fc3,slug_only,3,/gen1/<platform>/build-a-backend/auth/existing-resources,0.08333333,false,2.894
9e6794704480135b142c,slug_only,1,/,0.00000000,false,2.898
9e6794704480135b142c,slug_only,2,/404/index.html,0.00000000,false,2.898
9e6794704480135b142c,slug_only,3,/<platform>/build-a-backend/auth/connect-your-frontend/manage-user-sessions,0.00000000,false,2.898
9e8b9cd1e0818665adb8,slug_only,1,/,0.00000000,false,2.796
9e8b9cd1e0818665adb8,slug_only,2,/404/index.html,0.00000000,false,2.796
9e8b9cd1e0818665adb8,slug_only,3,/<platform>/build-a-backend/auth/connect-your-frontend/manage-user-sessions,0.00000000,false,2.796
9e9c78f8ac41257384ea,slug_only,1,/gen1/<platform>/build-a-backend/existing-resources,0.90000000,false,3.030
9e9c78f8ac41257384ea,slug_only,2,/android/build-a-backend/restapi/existing-resources,0.80000000,false,3.030
9e9c78f8ac41257384ea,slug_only,3,/flutter/build-a-backend/graphqlapi/existing-resources,0.80000000,false,3.030
9eb4d34cfb9c848db483,slug_only,1,/en/getting-started,0.10000000,false,2.711
9eb4d34cfb9c848db483,slug_only,2,/.github/PULL_REQUEST_TEMPLATE,0.00000000,false,2.711
9eb4d34cfb9c848db483,slug_only,3,/:lang/404,0.00000000,false,2.711
9ecf9b61c068cb6ee2d4,slug_only,1,/android/build-a-backend/storage/lambda-triggers,0.04166667,false,3.385
9ecf9b61c068cb6ee2d4,slug_only,2,/gen1/android/prev/build-a-backend/storage/lambda-triggers,0.04166667,false,3.385
9ecf9b61c068cb6ee2d4,slug_only,3,/android/build-a-backend/more-features/datastore/sync-to-cloud,0.03571429,false,3.385
9ee03bb7184fe55d096c,slug_only,1,/CODE_OF_CONDUCT,0.00000000,false,2.880
9ee03bb7184fe55d096c,slug_only,2,/CONTRIBUTING,0.00000000,false,2.880
9ee03bb7184fe55d096c,slug_only,3,/README,0.00000000,false,2.880
9ee37a44a819fc1ba63a,slug_only,1,/:lang/reference/astro-syntax,0.10000000,false,2.865
9ee37a44a819fc1ba63a,slug_only,2,/:lang/reference/dev-toolbar-app-reference,0.10000000,false,2.865
9ee37a44a819fc1ba63a,slug_only,3,/:lang/reference/modules/astro-config,0.10000000,true,2.865
9ee4166ea82775cfa1cc,slug_only,1,/gen1/<platform>/build-a-backend/debugging,0.90000000,true,2.814
9ee4166ea82775cfa1cc,slug_only,2,/<platform>/build-a-backend/auth/connect-your-frontend/manage-user-sessions,0.10000000,false,2.814
9ee4166ea82775cfa1cc,slug_only,3,/<platform>/build-a-backend/auth/connect-your-frontend/sign-up,0.10000000,false,2.814
9f2d723c0eb71095a389,slug_only,1,/providers/AviatrixSystems/aviatrix/latest/docs/data-sources/:path*,0.80000000,false,2.605
9f2d723c0eb71095a389,slug_only,2,/providers/AviatrixSystems/aviatrix/latest/docs/guides/:path*,0.80000000,false,2.605
9f2d723c0eb71095a389,slug_only,3,/providers/AviatrixSystems/aviatrix/latest/docs/resources/:path*,0.80000000,false,2.605
9f3ce4e3a67827e8415c,slug_only,1,/en/flagger/usage/how-it-works,0.80000000,false,2.851
9f3ce4e3a67827e8415c,slug_only,2,/flagger/usage/how-it-works,0.80000000,true,2.851
9f3ce4e3a67827e8415c,slug_only,3,/en/blog/2022-09-14-how-to-gitops-your-terraform,0.02500000,false,2.851
9f44041fa86b809dd018,slug_only,1,/CODE_OF_CONDUCT,0.00000000,false,2.666
9f44041fa86b809dd018,slug_only,2,/CONTRIBUTING,0.00000000,false,2.666
9f44041fa86b809dd018,slug_only,3,/README,0.00000000,false,2.666
9f53af8564e9499d32fa,slug_only,1,/.github/pull_request_template,0.00000000,false,2.618
9f53af8564e9499d32fa,slug_only,2,/MIGRATION,0.00000000,false,2.618
9f53af8564e9499d32fa,slug_only,3,/README,0.00000000,false,2.618
9f6518f536e079caff65,slug_only,1,/android/build-a-backend/auth/sdk,0.80000000,false,2.908
9f6518f536e079caff65,slug_only,2,/android/sdk,0.80000000,false,2.908
9f6518f536e079caff65,slug_only,3,/gen1/android/prev/build-a-backend/auth/sdk,0.80000000,false,2.908
9f82514274aac87ef3f6,slug_only,1,/,0.00000000,false,2.993
9f82514274aac87ef3f6,slug_only,2,/404/index.html,0.00000000,false,2.993
9f82514274aac87ef3f6,slug_only,3,/<platform>/build-a-backend/auth/connect-your-frontend/manage-user-sessions,0.00000000,false,2.993
9f9ff64a4c6abfbf92f2,slug_only,1,/providers/AviatrixSystems/aviatrix/latest/docs/guides/:path*,0.90000000,false,2.675
9f9ff64a4c6abfbf92f2,slug_only,2,/providers/CheckPointSW/checkpoint/latest/docs/guides/:path*,0.90000000,false,2.675
9f9ff64a4c6abfbf92f2,slug_only,3,/providers/CiscoDevNet/mso/latest/docs/guides/:path*,0.90000000,false,2.675
9fa6fae2d12ca7fc2ec9,slug_only,1,/,0.00000000,false,2.829
9fa6fae2d12ca7fc2ec9,slug_only,2,/404/index.html,0.00000000,false,2.829
9fa6fae2d12ca7fc2ec9,slug_only,3,/<platform>/build-a-backend/auth/connect-your-frontend/manage-user-sessions,0.00000000,false,2.829
9fd0302368183548c561,slug_only,1,/,0.00000000,false,2.946
9fd0302368183548c561,slug_only,2,/404/index.html,0.00000000,false,2.946
9fd0302368183548c561,slug_only,3,/<platform>/build-a-backend/auth/connect-your-frontend/manage-user-sessions,0.00000000,false,2.946
a02b2ecf07d4474c37f2,slug_only,1,/,0.00000000,false,2.858
a02b2ecf07d4474c37f2,slug_only,2,/404/index.html,0.00000000,false,2.858
a02b2ecf07d4474c37f2,slug_only,3,/<platform>/build-a-backend/auth/connect-your-frontend/manage-user-sessions,0.00000000,false,2.858
a06d4c619ced2bb013ac,slug_only,1,/flutter,0.80000000,false,2.971
a06d4c619ced2bb013ac,slug_only,2,/,0.00000000,false,2.971
a06d4c619ced2bb013ac,slug_only,3,/404/index.html,0.00000000,false,2.971
a0c8d8d760b398f277fc,slug_only,1,/,0.00000000,false,3.061
a0c8d8d760b398f277fc,slug_only,2,/404/index.html,0.00000000,false,3.061
a0c8d8d760b398f277fc,slug_only,3,/<platform>/build-a-backend/auth/connect-your-frontend/manage-user-sessions,0.00000000,false,3.061
a12de4cb559bd5c1e8a3,slug_only,1,/providers/AviatrixSystems/aviatrix/latest/docs/data-sources/:path*,0.80000000,false,2.584
a12de4cb559bd5c1e8a3,slug_only,2,/providers/AviatrixSystems/aviatrix/latest/docs/guides/:path*,0.80000000,false,2.584
a12de4cb559bd5c1e8a3,slug_only,3,/providers/AviatrixSystems/aviatrix/latest/docs/resources/:path*,0.80000000,false,2.584
a14c19b2d7f1d2e4685b,slug_only,1,/:lang/guides/backend/firebase,0.22500000,true,2.752
a14c19b2d7f1d2e4685b,slug_only,2,/:lang/guides/deploy/firebase,0.22500000,false,2.752
a14c19b2d7f1d2e4685b,slug_only,3,/de/guides/deploy/firebase,0.12500000,false,2.752
a17cf1b7d748a0fe3cfb,slug_only,1,/,0.00000000,false,3.045
a17cf1b7d748a0fe3cfb,slug_only,2,/404/index.html,0.00000000,false,3.045
a17cf1b7d748a0fe3cfb,slug_only,3,/<platform>/build-a-backend/auth/connect-your-frontend/manage-user-sessions,0.00000000,false,3.045
a189b1f94c9b5791a21b,slug_only,1,/providers/AviatrixSystems/aviatrix/latest/docs/guides/:path*,0.90000000,false,2.875
a189b1f94c9b5791a21b,slug_only,2,/providers/CheckPointSW/checkpoint/latest/docs/guides/:path*,0.90000000,false,2.875
a189b1f94c9b5791a21b,slug_only,3,/providers/CiscoDevNet/mso/latest/docs/guides/:path*,0.90000000,false,2.875
a1dff2960131a779ea64,slug_only,1,/:lang/basics/astro-components,0.10000000,false,2.698
a1dff2960131a779ea64,slug_only,2,/:lang/basics/astro-pages,0.10000000,false,2.698
a1dff2960131a779ea64,slug_only,3,/:lang/basics/astro-syntax,0.10000000,false,2.698
a1ee7b207e80b7a7c99a,slug_only,1,/CODE_OF_CONDUCT,0.00000000,false,2.845
a1ee7b207e80b7a7c99a,slug_only,2,/CONTRIBUTING,0.00000000,false,2.845
a1ee7b207e80b7a7c99a,slug_only,3,/README,0.00000000,false,2.845
a1eeb6400b06448fd327,slug_only,1,/,0.00000000,false,2.936
a1eeb6400b06448fd327,slug_only,2,/404/index.html,0.00000000,false,2.936
a1eeb6400b06448fd327,slug_only,3,/<platform>/build-a-backend/auth/connect-your-frontend/manage-user-sessions,0.00000000,false,2.936
a1ef8e2a3a4e5f7714dc,slug_only,1,/,0.00000000,false,3.034
a1ef8e2a3a4e5f7714dc,slug_only,2,/404/index.html,0.00000000,false,3.034
a1ef8e2a3a4e5f7714dc,slug_only,3,/<platform>/build-a-backend/auth/connect-your-frontend/manage-user-sessions,0.00000000,false,3.034
a1f89454942bda1bc4f5,slug_only,1,/.github/pull_request_template,0.00000000,false,2.671
a1f89454942bda1bc4f5,slug_only,2,/MIGRATION,0.00000000,false,2.671
a1f89454942bda1bc4f5,slug_only,3,/README,0.00000000,false,2.671
a2010bd067c62eef59b0,slug_only,1,/providers/AviatrixSystems/aviatrix/latest/docs/guides/:path*,0.90000000,false,2.637
a2010bd067c62eef59b0,slug_only,2,/providers/CheckPointSW/checkpoint/latest/docs/guides/:path*,0.90000000,false,2.637
a2010bd067c62eef59b0,slug_only,3,/providers/CiscoDevNet/mso/latest/docs/guides/:path*,0.90000000,false,2.637
a25859d4c329c4271640,slug_only,1,/,0.00000000,false,2.931
a25859d4c329c4271640,slug_only,2,/404/index.html,0.00000000,false,2.931
a25859d4c329c4271640,slug_only,3,/<platform>/build-a-backend/auth/connect-your-frontend/manage-user-sessions,0.00000000,false,2.931
a26d442544fbc3730058,slug_only,1,/gen1/javascript/prev/build-a-backend/more-features/geo/location-search,0.90000000,false,2.936
a26d442544fbc3730058,slug_only,2,/android/build-a-backend/more-features/geo/amazon-location-sdk,0.06250000,false,2.936
a26d442544fbc3730058,slug_only,3,/,0.00000000,false,2.936
a288eb5b1bedd10f06ff,slug_only,1,/providers/AviatrixSystems/aviatrix/latest/docs/data-sources/:path*,0.80000000,false,2.610
a288eb5b1bedd10f06ff,slug_only,2,/providers/AviatrixSystems/aviatrix/latest/docs/guides/:path*,0.80000000,false,2.610
a288eb5b1bedd10f06ff,slug_only,3,/providers/AviatrixSystems/aviatrix/latest/docs/resources/:path*,0.80000000,false,2.610
a28e41221c74a537d772,slug_only,1,/android/sdk/auth/getting-started,0.80000000,false,3.023
a28e41221c74a537d772,slug_only,2,/gen1/<platform>/start/getting-started,0.80000000,false,3.023
a28e41221c74a537d772,slug_only,3,/,0.00000000,false,3.023
a2d4774d3c4bfc8e3fc4,slug_only,1,/,0.00000000,false,2.938
a2d4774d3c4bfc8e3fc4,slug_only,2,/404/index.html,0.00000000,false,2.938
a2d4774d3c4bfc8e3fc4,slug_only,3,/<platform>/build-a-backend/auth/connect-your-frontend/manage-user-sessions,0.00000000,false,2.938
a2efabce244eb73d1dfa,slug_only,1,/,0.00000000,false,3.003
a2efabce244eb73d1dfa,slug_only,2,/404/index.html,0.00000000,false,3.003
a2efabce244eb73d1dfa,slug_only,3,/<platform>/build-a-backend/auth/connect-your-frontend/manage-user-sessions,0.00000000,false,3.003
a304c4ae8d3502783844,slug_only,1,/providers/AviatrixSystems/aviatrix/latest/docs/data-sources/:path*,0.80000000,false,2.748
a304c4ae8d3502783844,slug_only,2,/providers/AviatrixSystems/aviatrix/latest/docs/guides/:path*,0.80000000,false,2.748
a304c4ae8d3502783844,slug_only,3,/providers/AviatrixSystems/aviatrix/latest/docs/resources/:path*,0.80000000,false,2.748
a31477b724b99dfa1da4,slug_only,1,/,0.00000000,false,2.941
a31477b724b99dfa1da4,slug_only,2,/404/index.html,0.00000000,false,2.941
a31477b724b99dfa1da4,slug_only,3,/<platform>/build-a-backend/auth/connect-your-frontend/manage-user-sessions,0.00000000,false,2.941
a35f4c45e73f514613f5,slug_only,1,/.github/pull_request_template,0.00000000,false,2.663
a35f4c45e73f514613f5,slug_only,2,/MIGRATION,0.00000000,false,2.663
a35f4c45e73f514613f5,slug_only,3,/README,0.00000000,false,2.663
a38c040bdb570482b480,slug_only,1,/examples/hex_base64_encoding,0.25000000,true,3.060
a38c040bdb570482b480,slug_only,2,/404,0.00000000,false,3.060
a38c040bdb570482b480,slug_only,3,/README,0.00000000,false,3.060
a3c11e8f9e6ea90c7957,slug_only,1,/,0.00000000,false,2.906
a3c11e8f9e6ea90c7957,slug_only,2,/404/index.html,0.00000000,false,2.906
a3c11e8f9e6ea90c7957,slug_only,3,/<platform>/build-a-backend/auth/connect-your-frontend/manage-user-sessions,0.00000000,false,2.906
a3d9be9addc4d5cbc38b,slug_only,1,/gen1/angular/deploy-and-host/custom-configuration,0.90000000,false,2.921
a3d9be9addc4d5cbc38b,slug_only,2,/gen1/javascript/deploy-and-host/custom-configuration,0.90000000,true,2.921
a3d9be9addc4d5cbc38b,slug_only,3,/gen1/javascript/prev/build-a-backend/more-features/analytics/create-custom-plugin,0.06250000,false,2.921
a44d5a43d5390ee75ce4,slug_only,1,/examples/hmac_generate_verify,0.25000000,true,3.244
a44d5a43d5390ee75ce4,slug_only,2,/404,0.00000000,false,3.244
a44d5a43d5390ee75ce4,slug_only,3,/README,0.00000000,false,3.244
a47b21292139c271c14b,slug_only,1,/examples/http_server_streaming,0.25000000,true,3.017
a47b21292139c271c14b,slug_only,2,/examples/tutorials/file_server,0.06250000,false,3.017
a47b21292139c271c14b,slug_only,3,/examples/file_server_tutorial,0.05000000,false,3.017
a4a4c54af1ced7362771,slug_only,1,/,0.00000000,false,2.824
a4a4c54af1ced7362771,slug_only,2,/404/index.html,0.00000000,false,2.824
a4a4c54af1ced7362771,slug_only,3,/<platform>/build-a-backend/auth/connect-your-frontend/manage-user-sessions,0.00000000,false,2.824
a4cbda73f9f8458c1e65,slug_only,1,/,0.00000000,false,3.118
a4cbda73f9f8458c1e65,slug_only,2,/404/index.html,0.00000000,false,3.118
a4cbda73f9f8458c1e65,slug_only,3,/<platform>/build-a-backend/auth/connect-your-frontend/manage-user-sessions,0.00000000,false,3.118
a4f72db5c1535ed9b3b6,slug_only,1,/,0.00000000,false,2.827
a4f72db5c1535ed9b3b6,slug_only,2,/404/index.html,0.00000000,false,2.827
a4f72db5c1535ed9b3b6,slug_only,3,/<platform>/build-a-backend/auth/connect-your-frontend/manage-user-sessions,0.00000000,false,2.827
a502d00511d5c8921f15,slug_only,1,/providers/AviatrixSystems/aviatrix/latest/docs/guides/:path*,0.90000000,false,2.702
a502d00511d5c8921f15,slug_only,2,/providers/CheckPointSW/checkpoint/latest/docs/guides/:path*,0.90000000,false,2.702
a502d00511d5c8921f15,slug_only,3,/providers/CiscoDevNet/mso/latest/docs/guides/:path*,0.90000000,false,2.702
a527d73b4bbe8378f134,slug_only,1,/providers/AviatrixSystems/aviatrix/latest/docs/guides/:path*,0.90000000,false,2.923
a527d73b4bbe8378f134,slug_only,2,/providers/CheckPointSW/checkpoint/latest/docs/guides/:path*,0.90000000,false,2.923
a527d73b4bbe8378f134,slug_only,3,/providers/CiscoDevNet/mso/latest/docs/guides/:path*,0.90000000,false,2.923
a554aa3f779fdcf548fd,slug_only,1,/,0.00000000,false,3.055
a554aa3f779fdcf548fd,slug_only,2,/404/index.html,0.00000000,false,3.055
a554aa3f779fdcf548fd,slug_only,3,/<platform>/build-a-backend/auth/connect-your-frontend/manage-user-sessions,0.00000000,false,3.055
a5a3ffda8c2ced40e73c,slug_only,1,/,0.00000000,false,2.962
a5a3ffda8c2ced40e73c,slug_only,2,/404/index.html,0.00000000,false,2.962
a5a3ffda8c2ced40e73c,slug_only,3,/<platform>/build-a-backend/auth/connect-your-frontend/manage-user-sessions,0.00000000,false,2.962
a601f61cc3444f1d6f58,slug_only,1,/gen1/android/prev/start/project-setup/use-existing-resources,0.90000000,false,3.062
a601f61cc3444f1d6f58,slug_only,2,/android/build-a-backend/restapi/existing-resources,0.16666667,false,3.062
a601f61cc3444f1d6f58,slug_only,3,/flutter/build-a-backend/graphqlapi/existing-resources,0.16666667,false,3.062
a603c642a37d7f3e2eb5,slug_only,1,/,0.00000000,false,3.106
a603c642a37d7f3e2eb5,slug_only,2,/404/index.html,0.00000000,false,3.106
a603c642a37d7f3e2eb5,slug_only,3,/<platform>/build-a-backend/auth/connect-your-frontend/manage-user-sessions,0.00000000,false,3.106
a62cef4f3efeb83f09c9,slug_only,1,/flutter,0.80000000,false,3.100
a62cef4f3efeb83f09c9,slug_only,2,/,0.00000000,false,3.100
a62cef4f3efeb83f09c9,slug_only,3,/404/index.html,0.00000000,false,3.100
a6461308ea57c6e964e5,slug_only,1,/flutter,0.80000000,false,2.988
a6461308ea57c6e964e5,slug_only,2,/,0.00000000,false,2.988
a6461308ea57c6e964e5,slug_only,3,/404/index.html,0.00000000,false,2.988
a6d7983e16e7b5e49554,slug_only,1,/android/build-a-backend/storage/lambda-triggers,0.15000000,false,3.428
a6d7983e16e7b5e49554,slug_only,2,/android/build-a-backend/auth/accessing-credentials,0.10000000,false,3.428
a6d7983e16e7b5e49554,slug_only,3,/android/build-a-backend/auth/add-social-provider,0.10000000,false,3.428
a6f39cfae4937fa5e2f4,slug_only,1,/,0.00000000,false,3.082
a6f39cfae4937fa5e2f4,slug_only,2,/404/index.html,0.00000000,false,3.082
a6f39cfae4937fa5e2f4,slug_only,3,/<platform>/build-a-backend/auth/connect-your-frontend/manage-user-sessions,0.00000000,false,3.082
a73f656ee75098f04c3d,slug_only,1,/examples/byte_manipulation,0.25000000,true,2.718
a73f656ee75098f04c3d,slug_only,2,/examples/videos/byte_and_text_imports,0.05000000,false,2.718
a73f656ee75098f04c3d,slug_only,3,/404,0.00000000,false,2.718
a7506a23126c750a8abb,slug_only,1,/,0.00000000,false,3.022
a7506a23126c750a8abb,slug_only,2,/404/index.html,0.00000000,false,3.022
a7506a23126c750a8abb,slug_only,3,/<platform>/build-a-backend/auth/connect-your-frontend/manage-user-sessions,0.00000000,false,3.022
a75f42c138d9bf886979,slug_only,1,/flutter,0.80000000,false,2.945
a75f42c138d9bf886979,slug_only,2,/,0.00000000,false,2.945
a75f42c138d9bf886979,slug_only,3,/404/index.html,0.00000000,false,2.945
a76bca98c22418daf207,slug_only,1,/android/build-a-backend/storage/lambda-triggers,0.12500000,false,2.775
a76bca98c22418daf207,slug_only,2,/gen1/android/prev/build-a-backend/storage/lambda-triggers,0.12500000,false,2.775
a76bca98c22418daf207,slug_only,3,/,0.00000000,false,2.775
a7b105770efe245252b7,slug_only,1,/android/start/getting-started/generate-model,0.12500000,false,2.787
a7b105770efe245252b7,slug_only,2,/,0.00000000,false,2.787
a7b105770efe245252b7,slug_only,3,/404/index.html,0.00000000,false,2.787
a7de5d5b36554c03c55a,slug_only,1,/gen1/<platform>/build-a-backend/more-features,0.90000000,true,2.898
a7de5d5b36554c03c55a,slug_only,2,/<platform>/build-a-backend/auth/connect-your-frontend/manage-user-sessions,0.10000000,false,2.898
a7de5d5b36554c03c55a,slug_only,3,/<platform>/build-a-backend/auth/connect-your-frontend/sign-up,0.10000000,false,2.898
a7f70dfd8f03f0d75160,slug_only,1,/providers/AviatrixSystems/aviatrix/latest/docs/data-sources/:path*,0.80000000,false,2.611
a7f70dfd8f03f0d75160,slug_only,2,/providers/AviatrixSystems/aviatrix/latest/docs/guides/:path*,0.80000000,false,2.611
a7f70dfd8f03f0d75160,slug_only,3,/providers/AviatrixSystems/aviatrix/latest/docs/resources/:path*,0.80000000,false,2.611
a81448e86ca491029560,slug_only,1,/en/flux/integrations/gcp,0.08333333,false,3.004
a81448e86ca491029560,slug_only,2,/flux/components/source,0.08333333,false,3.004
a81448e86ca491029560,slug_only,3,/en/flux/gitops-toolkit/source-watcher,0.06250000,false,3.004
a823cbd9205438cae812,slug_only,1,/providers/AviatrixSystems/aviatrix/latest/docs/guides/:path*,0.90000000,false,2.727
a823cbd9205438cae812,slug_only,2,/providers/CheckPointSW/checkpoint/latest/docs/guides/:path*,0.90000000,false,2.727
a823cbd9205438cae812,slug_only,3,/providers/CiscoDevNet/mso/latest/docs/guides/:path*,0.90000000,false,2.727
a830701ee66dd279afa1,slug_only,1,/gen1/angular/prev/start/project-setup/create-application,0.90000000,false,2.955
a830701ee66dd279afa1,slug_only,2,/gen1/javascript/prev/build-a-backend/more-features/analytics/create-custom-plugin,0.06250000,false,2.955
a830701ee66dd279afa1,slug_only,3,/,0.00000000,false,2.955
a837001bec06cba767a2,slug_only,1,/providers/AviatrixSystems/aviatrix/latest/docs/guides/:path*,0.90000000,false,2.604
a837001bec06cba767a2,slug_only,2,/providers/CheckPointSW/checkpoint/latest/docs/guides/:path*,0.90000000,false,2.604
a837001bec06cba767a2,slug_only,3,/providers/CiscoDevNet/mso/latest/docs/guides/:path*,0.90000000,false,2.604
a83ccd269f49d4a181bc,slug_only,1,/angular/build-a-backend/troubleshooting/cdktoolkit-stack,0.12500000,false,3.075
a83ccd269f49d4a181bc,slug_only,2,/flutter/build-a-backend/troubleshooting/cdktoolkit-stack,0.12500000,false,3.075
a83ccd269f49d4a181bc,slug_only,3,/,0.00000000,false,3.075
a8bbb723db49b7754688,slug_only,1,/,0.00000000,false,2.971
a8bbb723db49b7754688,slug_only,2,/404/index.html,0.00000000,false,2.971
a8bbb723db49b7754688,slug_only,3,/<platform>/build-a-backend/auth/connect-your-frontend/manage-user-sessions,0.00000000,false,2.971
a8c7978dba0857ae7265,slug_only,1,/gen1/<platform>/build-a-backend/storage/configure-storage,0.90000000,true,2.902
a8c7978dba0857ae7265,slug_only,2,/gen1/android/prev/build-a-backend/storage,0.12500000,false,2.902
a8c7978dba0857ae7265,slug_only,3,/<platform>/build-a-backend/auth/connect-your-frontend/manage-user-sessions,0.10000000,false,2.902
a8e5e87f727e44ec0db1,slug_only,1,/examples/writing_tests,0.25000000,true,2.636
a8e5e87f727e44ec0db1,slug_only,2,/examples/writing_files,0.08333333,false,2.636
a8e5e87f727e44ec0db1,slug_only,3,/404,0.00000000,false,2.636
a8feb5850627faa65f47,slug_only,1,/api/deno,0.12500000,false,2.783
a8feb5850627faa65f47,slug_only,2,/deploy/reference/deno_kv,0.08333333,false,2.783
a8feb5850627faa65f47,slug_only,3,/examples/deno_version,0.08333333,false,2.783
a91b94d60fbdbc5b6c09,slug_only,1,/providers/AviatrixSystems/aviatrix/latest/docs/data-sources/:path*,0.80000000,false,2.621
a91b94d60fbdbc5b6c09,slug_only,2,/providers/AviatrixSystems/aviatrix/latest/docs/guides/:path*,0.80000000,false,2.621
a91b94d60fbdbc5b6c09,slug_only,3,/providers/AviatrixSystems/aviatrix/latest/docs/resources/:path*,0.80000000,false,2.621
a92c4c0752b8ac22638b,slug_only,1,/providers/AviatrixSystems/aviatrix/latest/docs/data-sources/:path*,0.80000000,false,2.705
a92c4c0752b8ac22638b,slug_only,2,/providers/AviatrixSystems/aviatrix/latest/docs/guides/:path*,0.80000000,false,2.705
a92c4c0752b8ac22638b,slug_only,3,/providers/AviatrixSystems/aviatrix/latest/docs/resources/:path*,0.80000000,false,2.705
a97fa90ddbf93b600148,slug_only,1,/flutter,0.80000000,false,2.985
a97fa90ddbf93b600148,slug_only,2,/,0.00000000,false,2.985
a97fa90ddbf93b600148,slug_only,3,/404/index.html,0.00000000,false,2.985
a9a7958e8db5972c990b,slug_only,1,/examples/importing_json,0.25000000,true,2.679
a9a7958e8db5972c990b,slug_only,2,/examples/parsing_serializing_json,0.06250000,false,2.679
a9a7958e8db5972c990b,slug_only,3,/examples/videos/configuration_with_deno_json,0.05000000,false,2.679
aa0186af799f0498a9b2,slug_only,1,/,0.00000000,false,2.863
aa0186af799f0498a9b2,slug_only,2,/404/index.html,0.00000000,false,2.863
aa0186af799f0498a9b2,slug_only,3,/<platform>/build-a-backend/auth/connect-your-frontend/manage-user-sessions,0.00000000,false,2.863
aa05219eddf068bbebed,slug_only,1,/flutter,0.80000000,false,2.903
aa05219eddf068bbebed,slug_only,2,/,0.00000000,false,2.903
aa05219eddf068bbebed,slug_only,3,/404/index.html,0.00000000,false,2.903
aa1052cbb02683a82139,slug_only,1,/providers/AviatrixSystems/aviatrix/latest/docs/data-sources/:path*,0.80000000,false,2.735
aa1052cbb02683a82139,slug_only,2,/providers/AviatrixSystems/aviatrix/latest/docs/guides/:path*,0.80000000,false,2.735
aa1052cbb02683a82139,slug_only,3,/providers/AviatrixSystems/aviatrix/latest/docs/resources/:path*,0.80000000,false,2.735
aa39c30974653c1b403a,slug_only,1,/,0.00000000,false,2.955
aa39c30974653c1b403a,slug_only,2,/404/index.html,0.00000000,false,2.955
aa39c30974653c1b403a,slug_only,3,/<platform>/build-a-backend/auth/connect-your-frontend/manage-user-sessions,0.00000000,false,2.955
aa6c9e76029ee05f71e5,slug_only,1,/,0.00000000,false,2.938
aa6c9e76029ee05f71e5,slug_only,2,/404/index.html,0.00000000,false,2.938
aa6c9e76029ee05f71e5,slug_only,3,/<platform>/build-a-backend/auth/connect-your-frontend/manage-user-sessions,0.00000000,false,2.938
aa95f771b1e5881eb445,slug_only,1,/,0.00000000,false,2.718
aa95f771b1e5881eb445,slug_only,2,/404/index.html,0.00000000,false,2.718
aa95f771b1e5881eb445,slug_only,3,/<platform>/build-a-backend/auth/connect-your-frontend/manage-user-sessions,0.00000000,false,2.718
aaa0210d8649d8b40af0,slug_only,1,/gen1/javascript/build-a-backend/storage/storage-v5-to-v6-migration-guide,0.17857143,false,3.259
aaa0210d8649d8b40af0,slug_only,2,/angular/getting-started/migration,0.04166667,false,3.259
aaa0210d8649d8b40af0,slug_only,3,/gen1/angular/build-a-backend/server-side-rendering/nextjs,0.04166667,false,3.259
aac8d78609a7658a879f,slug_only,1,/,0.00000000,false,2.797
aac8d78609a7658a879f,slug_only,2,/404/index.html,0.00000000,false,2.797
aac8d78609a7658a879f,slug_only,3,/<platform>/build-a-backend/auth/connect-your-frontend/manage-user-sessions,0.00000000,false,2.797
aad960fd8842c7b17404,slug_only,1,/,0.00000000,false,3.029
aad960fd8842c7b17404,slug_only,2,/404/index.html,0.00000000,false,3.029
aad960fd8842c7b17404,slug_only,3,/<platform>/build-a-backend/auth/connect-your-frontend/manage-user-sessions,0.00000000,false,3.029
ab1b46f737ba32b87089,slug_only,1,/providers/AviatrixSystems/aviatrix/latest/docs/data-sources/:path*,0.80000000,false,2.765
ab1b46f737ba32b87089,slug_only,2,/providers/AviatrixSystems/aviatrix/latest/docs/guides/:path*,0.80000000,false,2.765
ab1b46f737ba32b87089,slug_only,3,/providers/AviatrixSystems/aviatrix/latest/docs/resources/:path*,0.80000000,false,2.765
ab6076641a20b3ebbe97,slug_only,1,/,0.00000000,false,3.114
ab6076641a20b3ebbe97,slug_only,2,/404/index.html,0.00000000,false,3.114
ab6076641a20b3ebbe97,slug_only,3,/<platform>/build-a-backend/auth/connect-your-frontend/manage-user-sessions,0.00000000,false,3.114
ab8300b5cc2f6a5b4891,slug_only,1,/CODE_OF_CONDUCT,0.00000000,false,2.790
ab8300b5cc2f6a5b4891,slug_only,2,/CONTRIBUTING,0.00000000,false,2.790
ab8300b5cc2f6a5b4891,slug_only,3,/README,0.00000000,false,2.790
ab91e3820cddc2801475,slug_only,1,/gen1/javascript/build-a-backend/storage/storage-v5-to-v6-migration-guide,0.05555556,false,3.436
ab91e3820cddc2801475,slug_only,2,/angular/getting-started/migration,0.05000000,false,3.436
ab91e3820cddc2801475,slug_only,3,/android/build-a-backend/auth/app-uninstall,0.04166667,false,3.436
abc51a9f69f6185a2dbc,slug_only,1,/,0.00000000,false,2.933
abc51a9f69f6185a2dbc,slug_only,2,/404/index.html,0.00000000,false,2.933
abc51a9f69f6185a2dbc,slug_only,3,/<platform>/build-a-backend/auth/connect-your-frontend/manage-user-sessions,0.00000000,false,2.933
abcbd79c8845cc9f5ca5,slug_only,1,/gen1/android/build-a-backend/auth/switch-auth,0.90000000,true,2.913
abcbd79c8845cc9f5ca5,slug_only,2,/gen1/javascript/prev/build-a-backend/auth/switch-auth,0.90000000,false,2.913
abcbd79c8845cc9f5ca5,slug_only,3,/android/build-a-backend/auth/set-up-auth,0.16250000,false,2.913
ac154ed22809cf39a05d,slug_only,1,/flutter,0.80000000,false,3.366
ac154ed22809cf39a05d,slug_only,2,/,0.00000000,false,3.366
ac154ed22809cf39a05d,slug_only,3,/404/index.html,0.00000000,false,3.366
ac1abc3ef724ffeff26b,slug_only,1,/,0.00000000,false,3.132
ac1abc3ef724ffeff26b,slug_only,2,/404/index.html,0.00000000,false,3.132
ac1abc3ef724ffeff26b,slug_only,3,/<platform>/build-a-backend/auth/connect-your-frontend/manage-user-sessions,0.00000000,false,3.132
ac3e75e633ca4a530008,slug_only,1,/,0.00000000,false,4.068
ac3e75e633ca4a530008,slug_only,2,/404/index.html,0.00000000,false,4.068
ac3e75e633ca4a530008,slug_only,3,/<platform>/build-a-backend/auth/connect-your-frontend/manage-user-sessions,0.00000000,false,4.068
ac7605b5edf0403c4146,slug_only,1,/gen1/flutter/build-a-backend/troubleshooting/upgrade-amplify-packages,0.90000000,false,3.366
ac7605b5edf0403c4146,slug_only,2,/gen1/javascript/build-a-backend/troubleshooting/upgrade-amplify-packages,0.90000000,false,3.366
ac7605b5edf0403c4146,slug_only,3,/flutter/start/project-setup/upgrade-guide,0.06250000,false,3.366
acba543f6a460024528f,slug_only,1,/,0.00000000,false,2.854
acba543f6a460024528f,slug_only,2,/404/index.html,0.00000000,false,2.854
acba543f6a460024528f,slug_only,3,/<platform>/build-a-backend/auth/connect-your-frontend/manage-user-sessions,0.00000000,false,2.854
ad28d524b572012aa786,slug_only,1,/,0.00000000,false,2.854
ad28d524b572012aa786,slug_only,2,/404/index.html,0.00000000,false,2.854
ad28d524b572012aa786,slug_only,3,/<platform>/build-a-backend/auth/connect-your-frontend/manage-user-sessions,0.00000000,false,2.854
ad3608111ff2c07da785,slug_only,1,/.github/PULL_REQUEST_TEMPLATE,0.00000000,false,2.782
ad3608111ff2c07da785,slug_only,2,/:lang/404,0.00000000,false,2.782
ad3608111ff2c07da785,slug_only,3,/:lang/:splat,0.00000000,false,2.782
ad73ac76822aa0a38b9c,slug_only,1,/,0.00000000,false,2.905
ad73ac76822aa0a38b9c,slug_only,2,/404/index.html,0.00000000,false,2.905
ad73ac76822aa0a38b9c,slug_only,3,/<platform>/build-a-backend/auth/connect-your-frontend/manage-user-sessions,0.00000000,false,2.905
adaa53146801f637223d,slug_only,1,/flutter,0.80000000,false,3.050
adaa53146801f637223d,slug_only,2,/,0.00000000,false,3.050
adaa53146801f637223d,slug_only,3,/404/index.html,0.00000000,false,3.050
adc5986633ba87781aea,slug_only,1,/providers/AviatrixSystems/aviatrix/latest/docs/data-sources/:path*,0.80000000,false,2.745
adc5986633ba87781aea,slug_only,2,/providers/AviatrixSystems/aviatrix/latest/docs/guides/:path*,0.80000000,false,2.745
adc5986633ba87781aea,slug_only,3,/providers/AviatrixSystems/aviatrix/latest/docs/resources/:path*,0.80000000,false,2.745
ae4336c917272595dd96,slug_only,1,/,0.00000000,false,2.784
ae4336c917272595dd96,slug_only,2,/404/index.html,0.00000000,false,2.784
ae4336c917272595dd96,slug_only,3,/<platform>/build-a-backend/auth/connect-your-frontend/manage-user-sessions,0.00000000,false,2.784
ae51b93570e2ac510eb0,slug_only,1,/.github/PULL_REQUEST_TEMPLATE,0.00000000,false,2.767
ae51b93570e2ac510eb0,slug_only,2,/:lang/404,0.00000000,false,2.767
ae51b93570e2ac510eb0,slug_only,3,/:lang/:splat,0.00000000,false,2.767
ae6ab46bab455a08c4bc,slug_only,1,/,0.00000000,false,2.777
ae6ab46bab455a08c4bc,slug_only,2,/404/index.html,0.00000000,false,2.777
ae6ab46bab455a08c4bc,slug_only,3,/<platform>/build-a-backend/auth/connect-your-frontend/manage-user-sessions,0.00000000,false,2.777
aefc63f2b3b5ab3ebd1f,slug_only,1,/,0.00000000,false,3.261
aefc63f2b3b5ab3ebd1f,slug_only,2,/404/index.html,0.00000000,false,3.261
aefc63f2b3b5ab3ebd1f,slug_only,3,/<platform>/build-a-backend/auth/connect-your-frontend/manage-user-sessions,0.00000000,false,3.261
af14e4e85af4f2a0f8d7,slug_only,1,/providers/AviatrixSystems/aviatrix/latest/docs/data-sources/:path*,0.80000000,false,2.642
af14e4e85af4f2a0f8d7,slug_only,2,/providers/AviatrixSystems/aviatrix/latest/docs/guides/:path*,0.80000000,false,2.642
af14e4e85af4f2a0f8d7,slug_only,3,/providers/AviatrixSystems/aviatrix/latest/docs/resources/:path*,0.80000000,false,2.642
af643f5eaf2eac52624d,slug_only,1,/flutter,0.80000000,false,2.930
af643f5eaf2eac52624d,slug_only,2,/,0.00000000,false,2.930
af643f5eaf2eac52624d,slug_only,3,/404/index.html,0.00000000,false,2.930
af8ae355ae923f8872c9,slug_only,1,/,0.00000000,false,2.830
af8ae355ae923f8872c9,slug_only,2,/404/index.html,0.00000000,false,2.830
af8ae355ae923f8872c9,slug_only,3,/<platform>/build-a-backend/auth/connect-your-frontend/manage-user-sessions,0.00000000,false,2.830
af937e900cc327d1a44d,slug_only,1,/,0.00000000,false,3.058
af937e900cc327d1a44d,slug_only,2,/404/index.html,0.00000000,false,3.058
af937e900cc327d1a44d,slug_only,3,/<platform>/build-a-backend/auth/connect-your-frontend/manage-user-sessions,0.00000000,false,3.058
afaa10800d2f37393ce9,slug_only,1,/,0.00000000,false,2.956
afaa10800d2f37393ce9,slug_only,2,/404/index.html,0.00000000,false,2.956
afaa10800d2f37393ce9,slug_only,3,/<platform>/build-a-backend/auth/connect-your-frontend/manage-user-sessions,0.00000000,false,2.956
b00e5d55ba3f571d66db,slug_only,1,/,0.00000000,false,3.078
b00e5d55ba3f571d66db,slug_only,2,/404/index.html,0.00000000,false,3.078
b00e5d55ba3f571d66db,slug_only,3,/<platform>/build-a-backend/auth/connect-your-frontend/manage-user-sessions,0.00000000,false,3.078
b00f72c39812e3e41906,slug_only,1,/cloud-docs/users-teams-organizations/users,0.10000000,true,2.622
b00f72c39812e3e41906,slug_only,2,/.github/pull_request_template,0.00000000,false,2.622
b00f72c39812e3e41906,slug_only,3,/MIGRATION,0.00000000,false,2.622
b02855f4567cbf9a1f28,slug_only,1,/,0.00000000,false,3.503
b02855f4567cbf9a1f28,slug_only,2,/404/index.html,0.00000000,false,3.503
b02855f4567cbf9a1f28,slug_only,3,/<platform>/build-a-backend/auth/connect-your-frontend/manage-user-sessions,0.00000000,false,3.503
b091ad4e5a2e796e89d2,slug_only,1,/,0.00000000,false,2.973
b091ad4e5a2e796e89d2,slug_only,2,/404/index.html,0.00000000,false,2.973
b091ad4e5a2e796e89d2,slug_only,3,/<platform>/build-a-backend/auth/connect-your-frontend/manage-user-sessions,0.00000000,false,2.973
b0bcee33e4c6cfd022ef,slug_only,1,/en/reference/integrations-reference,0.08333333,true,2.710
b0bcee33e4c6cfd022ef,slug_only,2,/:lang/reference/dev-toolbar-app-reference,0.05000000,false,2.710
b0bcee33e4c6cfd022ef,slug_only,3,/.github/PULL_REQUEST_TEMPLATE,0.00000000,false,2.710
b0c461d6ef95f5da1832,slug_only,1,/CODE_OF_CONDUCT,0.00000000,false,2.958
b0c461d6ef95f5da1832,slug_only,2,/CONTRIBUTING,0.00000000,false,2.958
b0c461d6ef95f5da1832,slug_only,3,/README,0.00000000,false,2.958
b0e3254e51f914b2efd3,slug_only,1,/,0.00000000,false,2.965
b0e3254e51f914b2efd3,slug_only,2,/404/index.html,0.00000000,false,2.965
b0e3254e51f914b2efd3,slug_only,3,/<platform>/build-a-backend/auth/connect-your-frontend/manage-user-sessions,0.00000000,false,2.965
b0e5a22da3f5f26f8108,slug_only,1,/,0.00000000,false,3.560
b0e5a22da3f5f26f8108,slug_only,2,/404/index.html,0.00000000,false,3.560
b0e5a22da3f5f26f8108,slug_only,3,/<platform>/build-a-backend/auth/connect-your-frontend/manage-user-sessions,0.00000000,false,3.560
b11cfee7b98264dc0aa5,slug_only,1,/android/build-a-backend/storage/list,0.12500000,false,3.042
b11cfee7b98264dc0aa5,slug_only,2,/gen1/flutter/prev/build-a-backend/storage/list,0.12500000,false,3.042
b11cfee7b98264dc0aa5,slug_only,3,/,0.00000000,false,3.042
b1373bb9aa4040dd880d,slug_only,1,/providers/AviatrixSystems/aviatrix/latest/docs/data-sources/:path*,0.80000000,false,2.865
b1373bb9aa4040dd880d,slug_only,2,/providers/AviatrixSystems/aviatrix/latest/docs/guides/:path*,0.80000000,false,2.865
b1373bb9aa4040dd880d,slug_only,3,/providers/AviatrixSystems/aviatrix/latest/docs/resources/:path*,0.80000000,false,2.865
b17990f0cfd33b48b9b4,slug_only,1,/,0.00000000,false,2.798
b17990f0cfd33b48b9b4,slug_only,2,/404/index.html,0.00000000,false,2.798
b17990f0cfd33b48b9b4,slug_only,3,/<platform>/build-a-backend/auth/connect-your-frontend/manage-user-sessions,0.00000000,false,2.798
b1b0cb111eb990c20817,slug_only,1,/,0.00000000,false,2.773
b1b0cb111eb990c20817,slug_only,2,/404/index.html,0.00000000,false,2.773
b1b0cb111eb990c20817,slug_only,3,/<platform>/build-a-backend/auth/connect-your-frontend/manage-user-sessions,0.00000000,false,2.773
b26e5cdb8aac64ac561f,slug_only,1,/intro/vs/boto,0.22500000,true,2.651
b26e5cdb8aac64ac561f,slug_only,2,/intro/vs,0.10000000,false,2.651
b26e5cdb8aac64ac561f,slug_only,3,/docs/extend/writing-custom-providers.html,0.05000000,false,2.651
b29354635a1f7995fe20,slug_only,1,/providers/AviatrixSystems/aviatrix/latest/docs/data-sources/:path*,0.80000000,false,2.690
b29354635a1f7995fe20,slug_only,2,/providers/AviatrixSystems/aviatrix/latest/docs/guides/:path*,0.80000000,false,2.690
b29354635a1f7995fe20,slug_only,3,/providers/AviatrixSystems/aviatrix/latest/docs/resources/:path*,0.80000000,false,2.690
b2d651ecdfea9f562d2a,slug_only,1,/<platform>/build-a-backend/auth/connect-your-frontend/sign-up,0.12500000,false,3.142
b2d651ecdfea9f562d2a,slug_only,2,/gen1/javascript/prev/build-a-backend/auth/enable-sign-up,0.10000000,false,3.142
b2d651ecdfea9f562d2a,slug_only,3,/android/build-a-backend/auth/sign-out,0.05000000,false,3.142
b2fd6a265713853ef474,slug_only,1,/android/build-a-backend/auth/sign-in-with-web-ui,0.04166667,false,4.177
b2fd6a265713853ef474,slug_only,2,/,0.00000000,true,4.177
b2fd6a265713853ef474,slug_only,3,/404/index.html,0.00000000,false,4.177
b3172fdd918e4eeda320,slug_only,1,/,0.00000000,false,3.519
b3172fdd918e4eeda320,slug_only,2,/404/index.html,0.00000000,false,3.519
b3172fdd918e4eeda320,slug_only,3,/<platform>/build-a-backend/auth/connect-your-frontend/manage-user-sessions,0.00000000,false,3.519
b388539443e12f4a1b03,slug_only,1,/flutter/build-a-backend/storage/get-properties,0.90000000,false,3.113
b388539443e12f4a1b03,slug_only,2,/,0.00000000,false,3.113
b388539443e12f4a1b03,slug_only,3,/404/index.html,0.00000000,false,3.113
b3c0e48759ef6ac3b953,slug_only,1,/providers/AviatrixSystems/aviatrix/latest/docs/data-sources/:path*,0.80000000,false,2.836
b3c0e48759ef6ac3b953,slug_only,2,/providers/AviatrixSystems/aviatrix/latest/docs/guides/:path*,0.80000000,false,2.836
b3c0e48759ef6ac3b953,slug_only,3,/providers/AviatrixSystems/aviatrix/latest/docs/resources/:path*,0.80000000,false,2.836
b455d75be28ad3c97480,slug_only,1,/examples/tutorials/bdd,1.00000000,false,2.789
b455d75be28ad3c97480,slug_only,2,/examples/bdd_tutorial,0.12500000,true,2.789
b455d75be28ad3c97480,slug_only,3,/examples/tutorials/apollo,0.10000000,false,2.789
b4b9504d3e89011ce3df,slug_only,1,/android/build-a-backend/storage/lambda-triggers,0.05000000,false,3.190
b4b9504d3e89011ce3df,slug_only,2,/gen1/android/prev/build-a-backend/storage/lambda-triggers,0.05000000,false,3.190
b4b9504d3e89011ce3df,slug_only,3,/,0.00000000,false,3.190
b4db9895dcab6c9609e5,slug_only,1,/,0.00000000,false,2.842
b4db9895dcab6c9609e5,slug_only,2,/404/index.html,0.00000000,false,2.842
b4db9895dcab6c9609e5,slug_only,3,/<platform>/build-a-backend/auth/connect-your-frontend/manage-user-sessions,0.00000000,false,2.842
b5198746f5fc350ee5e3,slug_only,1,/gen1/flutter/build-a-backend/troubleshooting/upgrade-amplify-packages,0.90000000,false,3.221
b5198746f5fc350ee5e3,slug_only,2,/gen1/javascript/build-a-backend/troubleshooting/upgrade-amplify-packages,0.90000000,false,3.221
b5198746f5fc350ee5e3,slug_only,3,/flutter/start/project-setup/upgrade-guide,0.06250000,false,3.221
b51b69fb3c0d763e3aed,slug_only,1,/,0.00000000,false,2.906
b51b69fb3c0d763e3aed,slug_only,2,/404/index.html,0.00000000,false,2.906
b51b69fb3c0d763e3aed,slug_only,3,/<platform>/build-a-backend/auth/connect-your-frontend/manage-user-sessions,0.00000000,false,2.906
b51cdab096e7e63f3aa1,slug_only,1,/providers/AviatrixSystems/aviatrix/latest/docs/guides/:path*,0.90000000,false,2.572
b51cdab096e7e63f3aa1,slug_only,2,/providers/CheckPointSW/checkpoint/latest/docs/guides/:path*,0.90000000,false,2.572
b51cdab096e7e63f3aa1,slug_only,3,/providers/CiscoDevNet/mso/latest/docs/guides/:path*,0.90000000,true,2.572
b54b87e5e2e1ce283927,slug_only,1,/gen1/javascript/build-a-backend/storage/storage-v5-to-v6-migration-guide,0.90000000,false,3.191
b54b87e5e2e1ce283927,slug_only,2,/angular/getting-started/migration,0.04166667,false,3.191
b54b87e5e2e1ce283927,slug_only,3,/gen1/android/prev/build-a-backend/storage,0.04166667,false,3.191
b5bdddd6f3d37986b6f0,slug_only,1,/,0.00000000,false,2.986
b5bdddd6f3d37986b6f0,slug_only,2,/404/index.html,0.00000000,false,2.986
b5bdddd6f3d37986b6f0,slug_only,3,/<platform>/build-a-backend/auth/connect-your-frontend/manage-user-sessions,0.00000000,false,2.986
b5e77bb58c27696732a5,slug_only,1,/flutter,0.80000000,false,3.827
b5e77bb58c27696732a5,slug_only,2,/,0.00000000,false,3.827
b5e77bb58c27696732a5,slug_only,3,/404/index.html,0.00000000,false,3.827
b5f67a64c8a84d841def,slug_only,1,/flutter,0.80000000,false,3.166
b5f67a64c8a84d841def,slug_only,2,/,0.00000000,false,3.166
b5f67a64c8a84d841def,slug_only,3,/404/index.html,0.00000000,false,3.166
b64e4f4d6478e3011777,slug_only,1,/,0.00000000,false,2.920
b64e4f4d6478e3011777,slug_only,2,/404/index.html,0.00000000,false,2.920
b64e4f4d6478e3011777,slug_only,3,/<platform>/build-a-backend/auth/connect-your-frontend/manage-user-sessions,0.00000000,false,2.920
b677469dc30a3f4aafcb,slug_only,1,/,0.00000000,true,2.725
b677469dc30a3f4aafcb,slug_only,2,/404/index.html,0.00000000,false,2.725
b677469dc30a3f4aafcb,slug_only,3,/<platform>/build-a-backend/auth/connect-your-frontend/manage-user-sessions,0.00000000,false,2.725
b687f7fdd607047dc933,slug_only,1,/android/build-a-backend/auth/add-social-provider,0.08333333,false,2.923
b687f7fdd607047dc933,slug_only,2,/gen1/android/build-a-backend/auth/add-social-provider,0.08333333,false,2.923
b687f7fdd607047dc933,slug_only,3,/gen1/flutter/build-a-backend/auth/add-social-provider,0.08333333,false,2.923
b6971117b18da2301b1b,slug_only,1,/en/flagger/tutorials/skipper-progressive-delivery,0.80000000,false,2.982
b6971117b18da2301b1b,slug_only,2,/flagger/tutorials/skipper-progressive-delivery,0.80000000,true,2.982
b6971117b18da2301b1b,slug_only,3,/en/flagger/tutorials/apisix-progressive-delivery,0.12500000,false,2.982
b6cb23b87efd204833fd,slug_only,1,/.github/pull_request_template,0.00000000,false,2.715
b6cb23b87efd204833fd,slug_only,2,/MIGRATION,0.00000000,false,2.715
b6cb23b87efd204833fd,slug_only,3,/README,0.00000000,false,2.715
b6cf7887fc380e0e480f,slug_only,1,/providers/AviatrixSystems/aviatrix/latest/docs/guides/:path*,0.90000000,false,2.645
b6cf7887fc380e0e480f,slug_only,2,/providers/CheckPointSW/checkpoint/latest/docs/guides/:path*,0.90000000,false,2.645
b6cf7887fc380e0e480f,slug_only,3,/providers/CiscoDevNet/mso/latest/docs/guides/:path*,0.90000000,false,2.645
b6e38a69c46cc0ac5741,slug_only,1,/.github/PULL_REQUEST_TEMPLATE,0.00000000,false,2.729
b6e38a69c46cc0ac5741,slug_only,2,/:lang/404,0.00000000,false,2.729
b6e38a69c46cc0ac5741,slug_only,3,/:lang/:splat,0.00000000,false,2.729
b6fdc695bbaafb119bdf,slug_only,1,/android/sdk/auth/getting-started,0.80000000,false,2.979
b6fdc695bbaafb119bdf,slug_only,2,/gen1/<platform>/start/getting-started,0.80000000,false,2.979
b6fdc695bbaafb119bdf,slug_only,3,/,0.00000000,false,2.979
b749f7c3c94fc5a5e158,slug_only,1,/:lang/reference/astro-syntax,0.10000000,false,2.764
b749f7c3c94fc5a5e158,slug_only,2,/:lang/reference/dev-toolbar-app-reference,0.10000000,false,2.764
b749f7c3c94fc5a5e158,slug_only,3,/:lang/reference/modules/astro-config,0.10000000,false,2.764
b74a7fd6354c15a7ab62,slug_only,1,/,0.00000000,false,2.985
b74a7fd6354c15a7ab62,slug_only,2,/404/index.html,0.00000000,false,2.985
b74a7fd6354c15a7ab62,slug_only,3,/<platform>/build-a-backend/auth/connect-your-frontend/manage-user-sessions,0.00000000,false,2.985
b7c2d68946a0e13b4ce3,slug_only,1,/angular/build-a-backend,0.80000000,false,2.860
b7c2d68946a0e13b4ce3,slug_only,2,/flutter/build-a-backend,0.80000000,false,2.860
b7c2d68946a0e13b4ce3,slug_only,3,/gen1/android/prev/build-a-backend,0.80000000,false,2.860
b8cf1d3ceb5ea9acbcc8,slug_only,1,/.github/pull_request_template,0.00000000,false,2.641
b8cf1d3ceb5ea9acbcc8,slug_only,2,/MIGRATION,0.00000000,false,2.641
b8cf1d3ceb5ea9acbcc8,slug_only,3,/README,0.00000000,false,2.641
b8f5bc05789cf42c7543,slug_only,1,/,0.00000000,false,2.804
b8f5bc05789cf42c7543,slug_only,2,/404/index.html,0.00000000,false,2.804
b8f5bc05789cf42c7543,slug_only,3,/<platform>/build-a-backend/auth/connect-your-frontend/manage-user-sessions,0.00000000,false,2.804
b92cda653459de348636,slug_only,1,/,0.00000000,false,3.108
b92cda653459de348636,slug_only,2,/404/index.html,0.00000000,false,3.108
b92cda653459de348636,slug_only,3,/<platform>/build-a-backend/auth/connect-your-frontend/manage-user-sessions,0.00000000,false,3.108
b9c13cbb05c2c05b182b,slug_only,1,/,0.00000000,false,2.769
b9c13cbb05c2c05b182b,slug_only,2,/404/index.html,0.00000000,false,2.769
b9c13cbb05c2c05b182b,slug_only,3,/<platform>/build-a-backend/auth/connect-your-frontend/manage-user-sessions,0.00000000,false,2.769
b9d7703165128e38ea2f,slug_only,1,/,0.00000000,false,2.738
b9d7703165128e38ea2f,slug_only,2,/404/index.html,0.00000000,false,2.738
b9d7703165128e38ea2f,slug_only,3,/<platform>/build-a-backend/auth/connect-your-frontend/manage-user-sessions,0.00000000,false,2.738
b9de188741dddca7ac23,slug_only,1,/,0.00000000,false,2.861
b9de188741dddca7ac23,slug_only,2,/404/index.html,0.00000000,false,2.861
b9de188741dddca7ac23,slug_only,3,/<platform>/build-a-backend/auth/connect-your-frontend/manage-user-sessions,0.00000000,false,2.861
ba5c07649980e01506f9,slug_only,1,/providers/AviatrixSystems/aviatrix/latest/docs/data-sources/:path*,0.80000000,false,2.557
ba5c07649980e01506f9,slug_only,2,/providers/AviatrixSystems/aviatrix/latest/docs/guides/:path*,0.80000000,false,2.557
ba5c07649980e01506f9,slug_only,3,/providers/AviatrixSystems/aviatrix/latest/docs/resources/:path*,0.80000000,false,2.557
ba72133a38068a71d8cb,slug_only,1,/android/build-a-backend/push-notifications/register-device,0.90000000,false,3.141
ba72133a38068a71d8cb,slug_only,2,/android/build-a-backend/auth/remember-device,0.08333333,false,3.141
ba72133a38068a71d8cb,slug_only,3,/gen1/flutter/prev/build-a-backend/auth/remember-device,0.08333333,false,3.141
bb10936ffc016722a261,slug_only,1,/flutter,0.80000000,false,2.937
bb10936ffc016722a261,slug_only,2,/,0.00000000,false,2.937
bb10936ffc016722a261,slug_only,3,/404/index.html,0.00000000,false,2.937
bb614c60f3751d41f9f1,slug_only,1,/gen1/<platform>/prev/build-a-backend/<page>,0.90000000,false,3.262
bb614c60f3751d41f9f1,slug_only,2,/gen1/<platform>/build-a-backend/graphqlapi/<page>,0.80000000,false,3.262
bb614c60f3751d41f9f1,slug_only,3,/gen1/<platform>/build-a-backend/more-features/<page>,0.80000000,false,3.262
bb9279d1c84840aaecf8,slug_only,1,/examples/tutorials/mocking,1.00000000,false,2.663
bb9279d1c84840aaecf8,slug_only,2,/examples/mocking_tutorial,0.12500000,true,2.663
bb9279d1c84840aaecf8,slug_only,3,/examples/tutorials/apollo,0.10000000,false,2.663
bbc577c9d6bb35993545,slug_only,1,/examples/tutorials/mysql2,1.00000000,false,2.646
bbc577c9d6bb35993545,slug_only,2,/examples/mysql2_tutorial,0.12500000,true,2.646
bbc577c9d6bb35993545,slug_only,3,/examples/tutorials/apollo,0.10000000,false,2.646
bbd67c1db6e071ef0dfd,slug_only,1,/,0.00000000,false,3.114
bbd67c1db6e071ef0dfd,slug_only,2,/404/index.html,0.00000000,false,3.114
bbd67c1db6e071ef0dfd,slug_only,3,/<platform>/build-a-backend/auth/connect-your-frontend/manage-user-sessions,0.00000000,false,3.114
bbd863c82a545f9d0335,slug_only,1,/deploy/kv,0.10000000,false,2.626
bbd863c82a545f9d0335,slug_only,2,/deploy/kv/backup,0.10000000,false,2.626
bbd863c82a545f9d0335,slug_only,3,/deploy/kv/data_modeling_typescript,0.10000000,false,2.626
bbf0c1f1e096bdf5efce,slug_only,1,/android/build-a-backend/storage/lambda-triggers,0.05000000,false,3.031
bbf0c1f1e096bdf5efce,slug_only,2,/gen1/android/prev/build-a-backend/storage/lambda-triggers,0.05000000,false,3.031
bbf0c1f1e096bdf5efce,slug_only,3,/,0.00000000,false,3.031
bbf9781366127ca35754,slug_only,1,/,0.00000000,false,3.350
bbf9781366127ca35754,slug_only,2,/404/index.html,0.00000000,false,3.350
bbf9781366127ca35754,slug_only,3,/<platform>/build-a-backend/auth/connect-your-frontend/manage-user-sessions,0.00000000,false,3.350
bc0dbe6f804c22c1a0e6,slug_only,1,/providers/AviatrixSystems/aviatrix/latest/docs/data-sources/:path*,0.80000000,true,2.602
bc0dbe6f804c22c1a0e6,slug_only,2,/providers/AviatrixSystems/aviatrix/latest/docs/guides/:path*,0.80000000,false,2.602
bc0dbe6f804c22c1a0e6,slug_only,3,/providers/AviatrixSystems/aviatrix/latest/docs/resources/:path*,0.80000000,false,2.602
bc1d25a18820032dc940,slug_only,1,/,0.00000000,false,2.841
bc1d25a18820032dc940,slug_only,2,/404/index.html,0.00000000,false,2.841
bc1d25a18820032dc940,slug_only,3,/<platform>/build-a-backend/auth/connect-your-frontend/manage-user-sessions,0.00000000,false,2.841
bc3052d2ed225919643f,slug_only,1,/android/build-a-backend/storage/lambda-triggers,0.14166667,false,3.183
bc3052d2ed225919643f,slug_only,2,/android/build-a-backend/more-features/datastore/sync-to-cloud,0.13571429,false,3.183
bc3052d2ed225919643f,slug_only,3,/android/build-a-backend/auth/accessing-credentials,0.10000000,false,3.183
bc5651a950a062054705,slug_only,1,/angular/build-a-backend,0.10000000,false,3.178
bc5651a950a062054705,slug_only,2,/angular/build-a-backend/auth,0.10000000,false,3.178
bc5651a950a062054705,slug_only,3,/angular/build-a-backend/functions,0.10000000,true,3.178
bcd9bc23d43a163040d1,slug_only,1,/providers/AviatrixSystems/aviatrix/latest/docs/guides/:path*,0.90000000,false,2.601
bcd9bc23d43a163040d1,slug_only,2,/providers/CheckPointSW/checkpoint/latest/docs/guides/:path*,0.90000000,false,2.601
bcd9bc23d43a163040d1,slug_only,3,/providers/CiscoDevNet/mso/latest/docs/guides/:path*,0.90000000,false,2.601
bd00e5f73aeb2139bc53,slug_only,1,/,0.00000000,false,2.913
bd00e5f73aeb2139bc53,slug_only,2,/404/index.html,0.00000000,false,2.913
bd00e5f73aeb2139bc53,slug_only,3,/<platform>/build-a-backend/auth/connect-your-frontend/manage-user-sessions,0.00000000,false,2.913
bd05640b9d2a856c196c,slug_only,1,/.github/pull_request_template,0.00000000,false,2.667
bd05640b9d2a856c196c,slug_only,2,/MIGRATION,0.00000000,false,2.667
bd05640b9d2a856c196c,slug_only,3,/README,0.00000000,false,2.667
bdae834a9db821c5b0d3,slug_only,1,/,0.00000000,false,3.034
bdae834a9db821c5b0d3,slug_only,2,/404/index.html,0.00000000,false,3.034
bdae834a9db821c5b0d3,slug_only,3,/<platform>/build-a-backend/auth/connect-your-frontend/manage-user-sessions,0.00000000,false,3.034
bdcd528f5b67d8187f5a,slug_only,1,/,0.00000000,false,3.008
bdcd528f5b67d8187f5a,slug_only,2,/404/index.html,0.00000000,false,3.008
bdcd528f5b67d8187f5a,slug_only,3,/<platform>/build-a-backend/auth/connect-your-frontend/manage-user-sessions,0.00000000,false,3.008
bddcf890b4f942dc5a75,slug_only,1,/,0.00000000,false,2.877
bddcf890b4f942dc5a75,slug_only,2,/404/index.html,0.00000000,false,2.877
bddcf890b4f942dc5a75,slug_only,3,/<platform>/build-a-backend/auth/connect-your-frontend/manage-user-sessions,0.00000000,false,2.877
bdf1949d44e0f709caa8,slug_only,1,/android/build-a-backend/auth/managing-attributes,0.08333333,false,2.958
bdf1949d44e0f709caa8,slug_only,2,/android/build-a-backend/more-features/analytics/identify-user,0.08333333,false,2.958
bdf1949d44e0f709caa8,slug_only,3,/android/build-a-backend/more-features/logging/configure-user,0.08333333,false,2.958
be4bc8acd19fef064daa,slug_only,1,/enterprise/api-docs/admin/runs,0.90000000,true,2.573
be4bc8acd19fef064daa,slug_only,2,/.github/pull_request_template,0.00000000,false,2.573
be4bc8acd19fef064daa,slug_only,3,/MIGRATION,0.00000000,false,2.573
be77d253f60b872da54e,slug_only,1,/,0.00000000,false,3.233
be77d253f60b872da54e,slug_only,2,/404/index.html,0.00000000,false,3.233
be77d253f60b872da54e,slug_only,3,/<platform>/build-a-backend/auth/connect-your-frontend/manage-user-sessions,0.00000000,false,3.233
be7b8093d07d79886337,slug_only,1,/:lang/guides/deploy/aws-via-sst,0.18333333,true,2.618
be7b8093d07d79886337,slug_only,2,/:lang/guides/astro-db,0.10000000,false,2.618
be7b8093d07d79886337,slug_only,3,/:lang/guides/backend/appwrite,0.10000000,false,2.618
bf698d987a353232e9dd,slug_only,1,/<platform>/build-a-backend/auth/connect-your-frontend/manage-user-sessions,0.22500000,true,2.904
bf698d987a353232e9dd,slug_only,2,/<platform>/build-a-backend/auth/connect-your-frontend/sign-up,0.10000000,false,2.904
bf698d987a353232e9dd,slug_only,3,/<platform>/build-a-backend/auth/modify-resources-with-cdk,0.10000000,false,2.904
bf82f76a7cf7358a37bd,slug_only,1,/,0.00000000,false,2.972
bf82f76a7cf7358a37bd,slug_only,2,/404/index.html,0.00000000,false,2.972
bf82f76a7cf7358a37bd,slug_only,3,/<platform>/build-a-backend/auth/connect-your-frontend/manage-user-sessions,0.00000000,false,2.972
bfb17ee5339e4ad268d1,slug_only,1,/,0.00000000,false,3.070
bfb17ee5339e4ad268d1,slug_only,2,/404/index.html,0.00000000,false,3.070
bfb17ee5339e4ad268d1,slug_only,3,/<platform>/build-a-backend/auth/connect-your-frontend/manage-user-sessions,0.00000000,false,3.070
bfe77680a4192125a03d,slug_only,1,/,0.00000000,false,3.115
bfe77680a4192125a03d,slug_only,2,/404/index.html,0.00000000,false,3.115
bfe77680a4192125a03d,slug_only,3,/<platform>/build-a-backend/auth/connect-your-frontend/manage-user-sessions,0.00000000,false,3.115
bffe4c2236928ac4167a,slug_only,1,/gen1/<platform>/tools/console,0.90000000,true,2.830
bffe4c2236928ac4167a,slug_only,2,/,0.00000000,false,2.830
bffe4c2236928ac4167a,slug_only,3,/404/index.html,0.00000000,false,2.830
c03e1a2972e94e3bdcfb,slug_only,1,/examples/tutorials/llm,1.00000000,false,2.622
c03e1a2972e94e3bdcfb,slug_only,2,/examples/llm_tutorial,0.12500000,true,2.622
c03e1a2972e94e3bdcfb,slug_only,3,/examples/tutorials/apollo,0.10000000,false,2.622
c06e136e11dbf983fd42,slug_only,1,/,0.00000000,false,2.771
c06e136e11dbf983fd42,slug_only,2,/404/index.html,0.00000000,false,2.771
c06e136e11dbf983fd42,slug_only,3,/<platform>/build-a-backend/auth/connect-your-frontend/manage-user-sessions,0.00000000,false,2.771
c0cc17596fd14273f4e3,slug_only,1,/,0.00000000,false,3.114
c0cc17596fd14273f4e3,slug_only,2,/404/index.html,0.00000000,false,3.114
c0cc17596fd14273f4e3,slug_only,3,/<platform>/build-a-backend/auth/connect-your-frontend/manage-user-sessions,0.00000000,false,3.114
c14041a1025be61d2128,slug_only,1,/angular/build-a-backend,0.10000000,false,3.084
c14041a1025be61d2128,slug_only,2,/angular/build-a-backend/auth,0.10000000,false,3.084
c14041a1025be61d2128,slug_only,3,/angular/build-a-backend/functions,0.10000000,true,3.084
c1654d6002089842727d,slug_only,1,/,0.00000000,false,3.099
c1654d6002089842727d,slug_only,2,/404/index.html,0.00000000,false,3.099
c1654d6002089842727d,slug_only,3,/<platform>/build-a-backend/auth/connect-your-frontend/manage-user-sessions,0.00000000,false,3.099
c1719a0f061b3edff4c3,slug_only,1,/,0.00000000,false,2.969
c1719a0f061b3edff4c3,slug_only,2,/404/index.html,0.00000000,false,2.969
c1719a0f061b3edff4c3,slug_only,3,/<platform>/build-a-backend/auth/connect-your-frontend/manage-user-sessions,0.00000000,false,2.969
c18ca8b31ef854c15187,slug_only,1,/gen1/flutter/prev/build-a-backend/restapi/customize-authz,0.12500000,false,2.967
c18ca8b31ef854c15187,slug_only,2,/gen1/flutter/prev/build-a-backend/more-features/datastore/customize-primary-keys,0.08333333,false,2.967
c18ca8b31ef854c15187,slug_only,3,/gen1/javascript/prev/build-a-backend/graphqlapi/customize-authz-modes,0.08333333,false,2.967
c26678138f68a4af014a,slug_only,1,/flutter,0.80000000,false,2.876
c26678138f68a4af014a,slug_only,2,/,0.00000000,false,2.876
c26678138f68a4af014a,slug_only,3,/404/index.html,0.00000000,false,2.876
c2a82dd0d910e903511e,slug_only,1,/,0.00000000,false,2.803
c2a82dd0d910e903511e,slug_only,2,/404/index.html,0.00000000,false,2.803
c2a82dd0d910e903511e,slug_only,3,/<platform>/build-a-backend/auth/connect-your-frontend/manage-user-sessions,0.00000000,false,2.803
c2d89a12bdbc237fb894,slug_only,1,/,0.00000000,false,2.893
c2d89a12bdbc237fb894,slug_only,2,/404/index.html,0.00000000,false,2.893
c2d89a12bdbc237fb894,slug_only,3,/<platform>/build-a-backend/auth/connect-your-frontend/manage-user-sessions,0.00000000,false,2.893
c352c4e95afa12fe18f0,slug_only,1,/,0.00000000,false,2.957
c352c4e95afa12fe18f0,slug_only,2,/404/index.html,0.00000000,false,2.957
c352c4e95afa12fe18f0,slug_only,3,/<platform>/build-a-backend/auth/connect-your-frontend/manage-user-sessions,0.00000000,false,2.957
c3567396b82815ad41ce,slug_only,1,/,0.00000000,false,3.275
c3567396b82815ad41ce,slug_only,2,/404/index.html,0.00000000,false,3.275
c3567396b82815ad41ce,slug_only,3,/<platform>/build-a-backend/auth/connect-your-frontend/manage-user-sessions,0.00000000,false,3.275
c3c04819e3b3e5782dc2,slug_only,1,/language/v1.1.x/configuration-0-11,0.80000000,true,2.593
c3c04819e3b3e5782dc2,slug_only,2,/enterprise/saml/configuration,0.12500000,false,2.593
c3c04819e3b3e5782dc2,slug_only,3,/language/v1.1.x/upgrade-guides/0-11,0.12500000,false,2.593
c3f3aea1dd6f0329a9f5,slug_only,1,/,0.00000000,false,2.921
c3f3aea1dd6f0329a9f5,slug_only,2,/404/index.html,0.00000000,false,2.921
c3f3aea1dd6f0329a9f5,slug_only,3,/<platform>/build-a-backend/auth/connect-your-frontend/manage-user-sessions,0.00000000,false,2.921
c4ed333842fff8fddb4b,slug_only,1,/android/sdk/auth/getting-started,0.90000000,false,2.938
c4ed333842fff8fddb4b,slug_only,2,/gen1/<platform>/start/getting-started,0.80000000,false,2.938
c4ed333842fff8fddb4b,slug_only,3,/,0.00000000,false,2.938
c4f61d7e75c15cdf119d,slug_only,1,/examples/tutorials/deno_doc,1.00000000,false,2.774
c4f61d7e75c15cdf119d,slug_only,2,/examples/tutorials/deno_deploy,0.18333333,false,2.774
c4f61d7e75c15cdf119d,slug_only,3,/examples/deno_doc_tutorial,0.16666667,true,2.774
c5051e5e87895cda0982,slug_only,1,/android/build-a-backend/restapi/existing-resources,0.90000000,false,2.862
c5051e5e87895cda0982,slug_only,2,/flutter/build-a-backend/graphqlapi/existing-resources,0.80000000,false,2.862
c5051e5e87895cda0982,slug_only,3,/gen1/<platform>/build-a-backend/auth/existing-resources,0.80000000,false,2.862
c51fe69c0ec147568215,slug_only,1,/,0.00000000,false,2.973
c51fe69c0ec147568215,slug_only,2,/404/index.html,0.00000000,false,2.973
c51fe69c0ec147568215,slug_only,3,/<platform>/build-a-backend/auth/connect-your-frontend/manage-user-sessions,0.00000000,false,2.973
c524f68b069bbba0c38c,slug_only,1,/CODE_OF_CONDUCT,0.00000000,false,2.848
c524f68b069bbba0c38c,slug_only,2,/CONTRIBUTING,0.00000000,false,2.848
c524f68b069bbba0c38c,slug_only,3,/README,0.00000000,false,2.848
c53998298709cb22a625,slug_only,1,/android/build-a-backend/restapi/set-up-rest-api,0.20000000,false,2.927
c53998298709cb22a625,slug_only,2,/android/build-a-backend/graphqlapi/api-graphql-concepts,0.15000000,false,2.927
c53998298709cb22a625,slug_only,3,/android/build-a-backend/auth/accessing-credentials,0.10000000,false,2.927
c563e41b08aca62984ab,slug_only,1,/.github/pull_request_template,0.00000000,false,2.739
c563e41b08aca62984ab,slug_only,2,/MIGRATION,0.00000000,false,2.739
c563e41b08aca62984ab,slug_only,3,/README,0.00000000,false,2.739
c60c15cea30bcd60a210,slug_only,1,/providers/AviatrixSystems/aviatrix/latest/docs/data-sources/:path*,0.80000000,false,2.560
c60c15cea30bcd60a210,slug_only,2,/providers/AviatrixSystems/aviatrix/latest/docs/guides/:path*,0.80000000,false,2.560
c60c15cea30bcd60a210,slug_only,3,/providers/AviatrixSystems/aviatrix/latest/docs/resources/:path*,0.80000000,false,2.560
c64c709cac96126a7f28,slug_only,1,/,0.00000000,false,3.000
c64c709cac96126a7f28,slug_only,2,/404/index.html,0.00000000,false,3.000
c64c709cac96126a7f28,slug_only,3,/<platform>/build-a-backend/auth/connect-your-frontend/manage-user-sessions,0.00000000,false,3.000
c66f2cfc37a038b3c8f1,slug_only,1,/,0.00000000,false,2.864
c66f2cfc37a038b3c8f1,slug_only,2,/404/index.html,0.00000000,false,2.864
c66f2cfc37a038b3c8f1,slug_only,3,/<platform>/build-a-backend/auth/connect-your-frontend/manage-user-sessions,0.00000000,false,2.864
c6a82492831cb0954b22,slug_only,1,/flutter,0.80000000,false,2.990
c6a82492831cb0954b22,slug_only,2,/,0.00000000,false,2.990
c6a82492831cb0954b22,slug_only,3,/404/index.html,0.00000000,false,2.990
c6de01f207c094512f27,slug_only,1,/terraform/plugin/best-practices/interacting-with-providers,0.10000000,false,2.537
c6de01f207c094512f27,slug_only,2,/terraform/plugin/best-practices/provider-code,0.10000000,false,2.537
c6de01f207c094512f27,slug_only,3,/terraform/plugin/framework-benefits,0.10000000,true,2.537
c701fa87fbf940ab106a,slug_only,1,/,0.00000000,false,2.818
c701fa87fbf940ab106a,slug_only,2,/404/index.html,0.00000000,false,2.818
c701fa87fbf940ab106a,slug_only,3,/<platform>/build-a-backend/auth/connect-your-frontend/manage-user-sessions,0.00000000,false,2.818
c73c396fefe2fb6a73ab,slug_only,1,/,0.00000000,false,2.775
c73c396fefe2fb6a73ab,slug_only,2,/404/index.html,0.00000000,false,2.775
c73c396fefe2fb6a73ab,slug_only,3,/<platform>/build-a-backend/auth/connect-your-frontend/manage-user-sessions,0.00000000,false,2.775
c78a5d353fa7935ed4ac,slug_only,1,/,0.00000000,false,2.971
c78a5d353fa7935ed4ac,slug_only,2,/404/index.html,0.00000000,false,2.971
c78a5d353fa7935ed4ac,slug_only,3,/<platform>/build-a-backend/auth/connect-your-frontend/manage-user-sessions,0.00000000,false,2.971
c7948e913a9277dfe482,slug_only,1,/,0.00000000,false,2.923
c7948e913a9277dfe482,slug_only,2,/404/index.html,0.00000000,false,2.923
c7948e913a9277dfe482,slug_only,3,/<platform>/build-a-backend/auth/connect-your-frontend/manage-user-sessions,0.00000000,false,2.923
c7cd32ebd8df66955c36,slug_only,1,/providers/AviatrixSystems/aviatrix/latest/docs/data-sources/:path*,0.80000000,false,2.757
c7cd32ebd8df66955c36,slug_only,2,/providers/AviatrixSystems/aviatrix/latest/docs/guides/:path*,0.80000000,false,2.757
c7cd32ebd8df66955c36,slug_only,3,/providers/AviatrixSystems/aviatrix/latest/docs/resources/:path*,0.80000000,false,2.757
c7eef4db939ab7b257b2,slug_only,1,/,0.00000000,false,2.927
c7eef4db939ab7b257b2,slug_only,2,/404/index.html,0.00000000,false,2.927
c7eef4db939ab7b257b2,slug_only,3,/<platform>/build-a-backend/auth/connect-your-frontend/manage-user-sessions,0.00000000,false,2.927
c881de4b102fa8f52235,slug_only,1,/,0.00000000,false,2.889
c881de4b102fa8f52235,slug_only,2,/404/index.html,0.00000000,false,2.889
c881de4b102fa8f52235,slug_only,3,/<platform>/build-a-backend/auth/connect-your-frontend/manage-user-sessions,0.00000000,false,2.889
c8f3263e4976f0c94261,slug_only,1,/examples/color_logging,0.25000000,true,2.668
c8f3263e4976f0c94261,slug_only,2,/404,0.00000000,false,2.668
c8f3263e4976f0c94261,slug_only,3,/README,0.00000000,false,2.668
c90e50bdc9b30a4f9c6e,slug_only,1,/en/flagger/tutorials/contour-progressive-delivery,0.80000000,false,3.015
c90e50bdc9b30a4f9c6e,slug_only,2,/flagger/tutorials/contour-progressive-delivery,0.80000000,true,3.015
c90e50bdc9b30a4f9c6e,slug_only,3,/en/flagger/tutorials/apisix-progressive-delivery,0.12500000,false,3.015
c9109fb8e34f9db7bfa3,slug_only,1,/,0.00000000,false,2.941
c9109fb8e34f9db7bfa3,slug_only,2,/404/index.html,0.00000000,false,2.941
c9109fb8e34f9db7bfa3,slug_only,3,/<platform>/build-a-backend/auth/connect-your-frontend/manage-user-sessions,0.00000000,false,2.941
c9367981dcae587d250d,slug_only,1,/en/flagger/tutorials/kuma-progressive-delivery,0.80000000,false,2.944
c9367981dcae587d250d,slug_only,2,/flagger/tutorials/kuma-progressive-delivery,0.80000000,true,2.944
c9367981dcae587d250d,slug_only,3,/en/flagger/tutorials/apisix-progressive-delivery,0.12500000,false,2.944
c93d32e33c9c52506732,slug_only,1,/gen1/<platform>/build-a-backend/graphqlapi/connect-api-to-existing-database,0.90000000,false,3.516
c93d32e33c9c52506732,slug_only,2,/gen1/flutter/prev/build-a-backend/graphqlapi/existing-resources,0.14166667,true,3.516
c93d32e33c9c52506732,slug_only,3,/gen1/flutter/prev/build-a-backend/more-features/datastore/sync-to-cloud,0.13571429,false,3.516
c9a875ae7bf67fd85704,slug_only,1,/,0.00000000,false,2.823
c9a875ae7bf67fd85704,slug_only,2,/404/index.html,0.00000000,false,2.823
c9a875ae7bf67fd85704,slug_only,3,/<platform>/build-a-backend/auth/connect-your-frontend/manage-user-sessions,0.00000000,false,2.823
c9b74ecf8ed778b4ddc1,slug_only,1,/providers/AviatrixSystems/aviatrix/latest/docs/guides/:path*,0.90000000,false,2.568
c9b74ecf8ed778b4ddc1,slug_only,2,/providers/CheckPointSW/checkpoint/latest/docs/guides/:path*,0.90000000,false,2.568
c9b74ecf8ed778b4ddc1,slug_only,3,/providers/CiscoDevNet/mso/latest/docs/guides/:path*,0.90000000,false,2.568
ca15fd00b5efe90c7ee1,slug_only,1,/,0.00000000,false,2.874
ca15fd00b5efe90c7ee1,slug_only,2,/404/index.html,0.00000000,false,2.874
ca15fd00b5efe90c7ee1,slug_only,3,/<platform>/build-a-backend/auth/connect-your-frontend/manage-user-sessions,0.00000000,false,2.874
ca81eee904147abe8a97,slug_only,1,/gen1/<platform>/build-a-backend/push-notifications,0.12500000,false,3.404
ca81eee904147abe8a97,slug_only,2,/android/build-a-backend/push-notifications/set-up-push-notifications,0.08333333,false,3.404
ca81eee904147abe8a97,slug_only,3,/angular/getting-started/migration,0.06250000,false,3.404
caadcb1c941147bade18,slug_only,1,/:lang/guides/routing,0.80000000,true,2.691
caadcb1c941147bade18,slug_only,2,/.github/PULL_REQUEST_TEMPLATE,0.00000000,false,2.691
caadcb1c941147bade18,slug_only,3,/:lang/404,0.00000000,false,2.691
caeee2f8acef56ee222f,slug_only,1,/flutter,0.80000000,false,2.848
caeee2f8acef56ee222f,slug_only,2,/,0.00000000,false,2.848
caeee2f8acef56ee222f,slug_only,3,/404/index.html,0.00000000,false,2.848
caf7ff47ba5d4a6e9d0e,slug_only,1,/,0.00000000,false,2.724
caf7ff47ba5d4a6e9d0e,slug_only,2,/404/index.html,0.00000000,false,2.724
caf7ff47ba5d4a6e9d0e,slug_only,3,/<platform>/build-a-backend/auth/connect-your-frontend/manage-user-sessions,0.00000000,false,2.724
cb2a8b8eb9b6cf8d524c,slug_only,1,/,0.00000000,false,3.393
cb2a8b8eb9b6cf8d524c,slug_only,2,/404/index.html,0.00000000,false,3.393
cb2a8b8eb9b6cf8d524c,slug_only,3,/<platform>/build-a-backend/auth/connect-your-frontend/manage-user-sessions,0.00000000,false,3.393
cbc338037dc534ba2478,slug_only,1,/,0.00000000,false,3.336
cbc338037dc534ba2478,slug_only,2,/404/index.html,0.00000000,false,3.336
cbc338037dc534ba2478,slug_only,3,/<platform>/build-a-backend/auth/connect-your-frontend/manage-user-sessions,0.00000000,false,3.336
cbfbf59e69b601627ff9,slug_only,1,/,0.00000000,false,2.975
cbfbf59e69b601627ff9,slug_only,2,/404/index.html,0.00000000,false,2.975
cbfbf59e69b601627ff9,slug_only,3,/<platform>/build-a-backend/auth/connect-your-frontend/manage-user-sessions,0.00000000,false,2.975
cc3aa0c5118784e72f14,slug_only,1,/flutter,0.80000000,false,2.933
cc3aa0c5118784e72f14,slug_only,2,/,0.00000000,false,2.933
cc3aa0c5118784e72f14,slug_only,3,/404/index.html,0.00000000,false,2.933
cc87b3dd144a32dffdd9,slug_only,1,/,0.00000000,false,2.895
cc87b3dd144a32dffdd9,slug_only,2,/404/index.html,0.00000000,false,2.895
cc87b3dd144a32dffdd9,slug_only,3,/<platform>/build-a-backend/auth/connect-your-frontend/manage-user-sessions,0.00000000,false,2.895
cc8cdb48f3e182027545,slug_only,1,/,0.00000000,false,3.304
cc8cdb48f3e182027545,slug_only,2,/404/index.html,0.00000000,false,3.304
cc8cdb48f3e182027545,slug_only,3,/<platform>/build-a-backend/auth/connect-your-frontend/manage-user-sessions,0.00000000,false,3.304
cccb8d584e9a1988eba4,slug_only,1,/android/build-a-backend/more-features/datastore/conflict-resolution,0.90000000,false,3.093
cccb8d584e9a1988eba4,slug_only,2,/angular/build-a-backend/more-features/datastore/conflict-resolution,0.90000000,false,3.093
cccb8d584e9a1988eba4,slug_only,3,/,0.00000000,false,3.093
ccd4a6d79b71224f63c2,slug_only,1,/,0.00000000,false,2.885
ccd4a6d79b71224f63c2,slug_only,2,/404/index.html,0.00000000,false,2.885
ccd4a6d79b71224f63c2,slug_only,3,/<platform>/build-a-backend/auth/connect-your-frontend/manage-user-sessions,0.00000000,false,2.885
ccf18d3c57d2eadd5639,slug_only,1,/:lang/recipes/sharing-state-islands,0.16666667,true,2.812
ccf18d3c57d2eadd5639,slug_only,2,/.github/PULL_REQUEST_TEMPLATE,0.00000000,false,2.812
ccf18d3c57d2eadd5639,slug_only,3,/:lang/404,0.00000000,false,2.812
cd5c9c139b05a5469251,slug_only,1,/flagger/tutorials/crossover-progressive-delivery,0.80000000,true,3.051
cd5c9c139b05a5469251,slug_only,2,/en/flagger/tutorials/apisix-progressive-delivery,0.12500000,false,3.051
cd5c9c139b05a5469251,slug_only,3,/en/flagger/tutorials/appmesh-progressive-delivery,0.12500000,false,3.051
cd7ef10e8273fbacbcdb,slug_only,1,/:lang/reference/dev-toolbar-app-reference,0.15000000,false,2.775
cd7ef10e8273fbacbcdb,slug_only,2,/de/tutorial/3-components,0.12500000,false,2.775
cd7ef10e8273fbacbcdb,slug_only,3,/:lang/reference/astro-syntax,0.10000000,false,2.775
cde6d017556e6c88e18f,slug_only,1,/gen1/<platform>/build-a-backend/more-features/<page>,0.90000000,true,2.970
cde6d017556e6c88e18f,slug_only,2,/gen1/<platform>/build-a-backend/graphqlapi/<page>,0.80000000,false,2.970
cde6d017556e6c88e18f,slug_only,3,/gen1/<platform>/build-a-backend/push-notifications/<page>,0.80000000,false,2.970
ce1b763407b877941de0,slug_only,1,/,0.00000000,false,3.015
ce1b763407b877941de0,slug_only,2,/404/index.html,0.00000000,false,3.015
ce1b763407b877941de0,slug_only,3,/<platform>/build-a-backend/auth/connect-your-frontend/manage-user-sessions,0.00000000,false,3.015
ce8731bc92626cc0f2f6,slug_only,1,/:lang/basics/astro-syntax,0.80000000,true,2.839
ce8731bc92626cc0f2f6,slug_only,2,/:lang/reference/astro-syntax,0.80000000,false,2.839
ce8731bc92626cc0f2f6,slug_only,3,/:lang/basics/astro-components,0.08333333,false,2.839
cea1856d74f0067fe243,slug_only,1,/,0.00000000,false,2.846
cea1856d74f0067fe243,slug_only,2,/404/index.html,0.00000000,false,2.846
cea1856d74f0067fe243,slug_only,3,/<platform>/build-a-backend/auth/connect-your-frontend/manage-user-sessions,0.00000000,false,2.846
cecb74e208db9e6773d0,slug_only,1,/android/build-a-backend/push-notifications/record-notifications,0.12500000,false,2.785
cecb74e208db9e6773d0,slug_only,2,/android/build-a-backend/push-notifications/test-notifications,0.12500000,false,2.785
cecb74e208db9e6773d0,slug_only,3,/gen1/<platform>/build-a-backend/push-notifications,0.12500000,false,2.785
cee0a9c74d60bc66cfbc,slug_only,1,/cloud-docs/workspaces/health,0.22500000,true,2.734
cee0a9c74d60bc66cfbc,slug_only,2,/.github/pull_request_template,0.00000000,false,2.734
cee0a9c74d60bc66cfbc,slug_only,3,/MIGRATION,0.00000000,false,2.734
cefafbb7c6764b4aa70b,slug_only,1,/providers/AviatrixSystems/aviatrix/latest/docs/data-sources/:path*,0.80000000,false,2.577
cefafbb7c6764b4aa70b,slug_only,2,/providers/AviatrixSystems/aviatrix/latest/docs/guides/:path*,0.80000000,false,2.577
cefafbb7c6764b4aa70b,slug_only,3,/providers/AviatrixSystems/aviatrix/latest/docs/resources/:path*,0.80000000,false,2.577
cf375020f2c1eacb5499,slug_only,1,/terraform/plugin/framework/handling-data/writing-state,0.90000000,true,2.598
cf375020f2c1eacb5499,slug_only,2,/terraform/plugin/best-practices/interacting-with-providers,0.10000000,false,2.598
cf375020f2c1eacb5499,slug_only,3,/terraform/plugin/best-practices/provider-code,0.10000000,false,2.598
cf661b41515be95454c9,slug_only,1,/,0.00000000,false,2.714
cf661b41515be95454c9,slug_only,2,/404/index.html,0.00000000,false,2.714
cf661b41515be95454c9,slug_only,3,/<platform>/build-a-backend/auth/connect-your-frontend/manage-user-sessions,0.00000000,false,2.714
cfbbdae0f2f7a48286a4,slug_only,1,/android/sdk/auth/getting-started,0.80000000,false,3.408
cfbbdae0f2f7a48286a4,slug_only,2,/gen1/<platform>/start/getting-started,0.80000000,false,3.408
cfbbdae0f2f7a48286a4,slug_only,3,/,0.00000000,false,3.408
cfbc9bd0bb9c444b61bf,slug_only,1,/providers/AviatrixSystems/aviatrix/latest/docs/guides/:path*,0.90000000,false,2.740
cfbc9bd0bb9c444b61bf,slug_only,2,/providers/CheckPointSW/checkpoint/latest/docs/guides/:path*,0.90000000,false,2.740
cfbc9bd0bb9c444b61bf,slug_only,3,/providers/CiscoDevNet/mso/latest/docs/guides/:path*,0.90000000,false,2.740
cfd0fb3747d186f8097b,slug_only,1,/,0.00000000,false,2.742
cfd0fb3747d186f8097b,slug_only,2,/404/index.html,0.00000000,false,2.742
cfd0fb3747d186f8097b,slug_only,3,/<platform>/build-a-backend/auth/connect-your-frontend/manage-user-sessions,0.00000000,false,2.742
cff14cd68940ac50810d,slug_only,1,/,0.00000000,false,2.829
cff14cd68940ac50810d,slug_only,2,/404/index.html,0.00000000,false,2.829
cff14cd68940ac50810d,slug_only,3,/<platform>/build-a-backend/auth/connect-your-frontend/manage-user-sessions,0.00000000,false,2.829
d0443243c489a2bd5637,slug_only,1,/.github/pull_request_template,0.00000000,false,2.588
d0443243c489a2bd5637,slug_only,2,/MIGRATION,0.00000000,false,2.588
d0443243c489a2bd5637,slug_only,3,/README,0.00000000,false,2.588
d06115ac0c75837d1749,slug_only,1,/flutter,0.80000000,false,2.849
d06115ac0c75837d1749,slug_only,2,/,0.00000000,false,2.849
d06115ac0c75837d1749,slug_only,3,/404/index.html,0.00000000,false,2.849
d07bba36a76c86531a30,slug_only,1,/,0.00000000,false,2.851
d07bba36a76c86531a30,slug_only,2,/404/index.html,0.00000000,false,2.851
d07bba36a76c86531a30,slug_only,3,/<platform>/build-a-backend/auth/connect-your-frontend/manage-user-sessions,0.00000000,false,2.851
d07f42090aed295a4cc7,slug_only,1,/android/build-a-backend/more-features/datastore/manipulate-data,0.06250000,false,3.314
d07f42090aed295a4cc7,slug_only,2,/flutter/build-a-backend/graphqlapi/query-data,0.06250000,false,3.314
d07f42090aed295a4cc7,slug_only,3,/flutter/build-a-backend/graphqlapi/subscribe-data,0.06250000,false,3.314
d0915a540e635839ec34,slug_only,1,/,0.00000000,false,2.856
d0915a540e635839ec34,slug_only,2,/404/index.html,0.00000000,false,2.856
d0915a540e635839ec34,slug_only,3,/<platform>/build-a-backend/auth/connect-your-frontend/manage-user-sessions,0.00000000,false,2.856
d0d9adb8134ce204c633,slug_only,1,/gen1/<platform>/build-a-backend/graphqlapi/<page>,0.90000000,true,3.074
d0d9adb8134ce204c633,slug_only,2,/gen1/<platform>/build-a-backend/more-features/<page>,0.80000000,false,3.074
d0d9adb8134ce204c633,slug_only,3,/gen1/<platform>/build-a-backend/push-notifications/<page>,0.80000000,false,3.074
d188c210500ca8129824,slug_only,1,/language/upgrade-guides/0-9,1.00000000,false,2.626
d188c210500ca8129824,slug_only,2,/language/v1.1.x/upgrade-guides/0-9,0.90000000,true,2.626
d188c210500ca8129824,slug_only,3,/language/upgrade-guides/0-8,0.35000000,false,2.626
d1b8b8c8016e1752ea1a,slug_only,1,/,0.00000000,false,2.865
d1b8b8c8016e1752ea1a,slug_only,2,/404/index.html,0.00000000,false,2.865
d1b8b8c8016e1752ea1a,slug_only,3,/<platform>/build-a-backend/auth/connect-your-frontend/manage-user-sessions,0.00000000,false,2.865
d1d0b6289f74c4672c8f,slug_only,1,/,0.00000000,false,2.867
d1d0b6289f74c4672c8f,slug_only,2,/404/index.html,0.00000000,false,2.867
d1d0b6289f74c4672c8f,slug_only,3,/<platform>/build-a-backend/auth/connect-your-frontend/manage-user-sessions,0.00000000,false,2.867
d1e4955f1ff867314aa1,slug_only,1,/,0.00000000,false,2.891
d1e4955f1ff867314aa1,slug_only,2,/404/index.html,0.00000000,false,2.891
d1e4955f1ff867314aa1,slug_only,3,/<platform>/build-a-backend/auth/connect-your-frontend/manage-user-sessions,0.00000000,false,2.891
d2199dcc480a83f0b46a,slug_only,1,/providers/AviatrixSystems/aviatrix/latest/docs/guides/:path*,0.90000000,false,2.592
d2199dcc480a83f0b46a,slug_only,2,/providers/CheckPointSW/checkpoint/latest/docs/guides/:path*,0.90000000,false,2.592
d2199dcc480a83f0b46a,slug_only,3,/providers/CiscoDevNet/mso/latest/docs/guides/:path*,0.90000000,false,2.592
d21d9b701e7f19676318,slug_only,1,/providers/AviatrixSystems/aviatrix/latest/docs/data-sources/:path*,0.80000000,false,2.678
d21d9b701e7f19676318,slug_only,2,/providers/AviatrixSystems/aviatrix/latest/docs/guides/:path*,0.80000000,false,2.678
d21d9b701e7f19676318,slug_only,3,/providers/AviatrixSystems/aviatrix/latest/docs/resources/:path*,0.80000000,false,2.678
d226e79590a4579fc5ff,slug_only,1,/,0.00000000,false,2.975
d226e79590a4579fc5ff,slug_only,2,/404/index.html,0.00000000,false,2.975
d226e79590a4579fc5ff,slug_only,3,/<platform>/build-a-backend/auth/connect-your-frontend/manage-user-sessions,0.00000000,false,2.975
d2aa4bea3473b3cc656d,slug_only,1,/,0.00000000,false,2.769
d2aa4bea3473b3cc656d,slug_only,2,/404/index.html,0.00000000,false,2.769
d2aa4bea3473b3cc656d,slug_only,3,/<platform>/build-a-backend/auth/connect-your-frontend/manage-user-sessions,0.00000000,false,2.769
d2bd07b0530f45703660,slug_only,1,/,0.00000000,false,2.854
d2bd07b0530f45703660,slug_only,2,/404/index.html,0.00000000,false,2.854
d2bd07b0530f45703660,slug_only,3,/<platform>/build-a-backend/auth/connect-your-frontend/manage-user-sessions,0.00000000,false,2.854
d2d129801b6367623527,slug_only,1,/android/build-a-backend/more-features/geo/maps,0.90000000,false,2.839
d2d129801b6367623527,slug_only,2,/,0.00000000,false,2.839
d2d129801b6367623527,slug_only,3,/404/index.html,0.00000000,false,2.839
d2ecb729cf3c82312532,slug_only,1,/,0.00000000,false,2.935
d2ecb729cf3c82312532,slug_only,2,/404/index.html,0.00000000,false,2.935
d2ecb729cf3c82312532,slug_only,3,/<platform>/build-a-backend/auth/connect-your-frontend/manage-user-sessions,0.00000000,false,2.935
d3069513903a3a296085,slug_only,1,/,0.00000000,false,2.941
d3069513903a3a296085,slug_only,2,/404/index.html,0.00000000,false,2.941
d3069513903a3a296085,slug_only,3,/<platform>/build-a-backend/auth/connect-your-frontend/manage-user-sessions,0.00000000,false,2.941
d341db7eec1c28b8f1c2,slug_only,1,/gen1/javascript/prev/build-a-backend/more-features/geo/location-search,0.12500000,false,2.771
d341db7eec1c28b8f1c2,slug_only,2,/,0.00000000,false,2.771
d341db7eec1c28b8f1c2,slug_only,3,/404/index.html,0.00000000,false,2.771
d37c167f2c430c2034d9,slug_only,1,/gen1/<platform>/build-a-backend/auth/existing-resources,0.90000000,true,3.018
d37c167f2c430c2034d9,slug_only,2,/gen1/android/prev/build-a-backend/auth/existing-resources,0.90000000,false,3.018
d37c167f2c430c2034d9,slug_only,3,/android/build-a-backend/restapi/existing-resources,0.80000000,false,3.018
d3b0db7ec1160c3636e7,slug_only,1,/,0.00000000,false,2.994
d3b0db7ec1160c3636e7,slug_only,2,/404/index.html,0.00000000,false,2.994
d3b0db7ec1160c3636e7,slug_only,3,/<platform>/build-a-backend/auth/connect-your-frontend/manage-user-sessions,0.00000000,false,2.994
d3c2f14ed27508417f6d,slug_only,1,/,0.00000000,false,2.950
d3c2f14ed27508417f6d,slug_only,2,/404/index.html,0.00000000,false,2.950
d3c2f14ed27508417f6d,slug_only,3,/<platform>/build-a-backend/auth/connect-your-frontend/manage-user-sessions,0.00000000,false,2.950
d3ef8697b6d3ccafff29,slug_only,1,/,0.00000000,false,2.957
d3ef8697b6d3ccafff29,slug_only,2,/404/index.html,0.00000000,false,2.957
d3ef8697b6d3ccafff29,slug_only,3,/<platform>/build-a-backend/auth/connect-your-frontend/manage-user-sessions,0.00000000,false,2.957
d3f5afdc94a2428c11f0,slug_only,1,/,0.00000000,false,3.024
d3f5afdc94a2428c11f0,slug_only,2,/404/index.html,0.00000000,false,3.024
d3f5afdc94a2428c11f0,slug_only,3,/<platform>/build-a-backend/auth/connect-your-frontend/manage-user-sessions,0.00000000,false,3.024
d3fa82e22d744c4b6487,slug_only,1,/en/flagger/usage/monitoring,0.80000000,false,2.852
d3fa82e22d744c4b6487,slug_only,2,/CODE_OF_CONDUCT,0.00000000,false,2.852
d3fa82e22d744c4b6487,slug_only,3,/CONTRIBUTING,0.00000000,false,2.852
d41c8ef9c08c5f63aa2b,slug_only,1,/CODE_OF_CONDUCT,0.00000000,false,2.965
d41c8ef9c08c5f63aa2b,slug_only,2,/CONTRIBUTING,0.00000000,false,2.965
d41c8ef9c08c5f63aa2b,slug_only,3,/README,0.00000000,false,2.965
d4603a3e60d50dca1f5f,slug_only,1,/,0.00000000,false,2.974
d4603a3e60d50dca1f5f,slug_only,2,/404/index.html,0.00000000,false,2.974
d4603a3e60d50dca1f5f,slug_only,3,/<platform>/build-a-backend/auth/connect-your-frontend/manage-user-sessions,0.00000000,false,2.974
d48972aa2f702607ca88,slug_only,1,/angular/build-a-backend/auth,0.06250000,false,3.047
d48972aa2f702607ca88,slug_only,2,/flutter/build-a-backend/auth/auth-events,0.05000000,false,3.047
d48972aa2f702607ca88,slug_only,3,/gen1/<platform>/build-a-backend/auth/auth-events,0.05000000,false,3.047
d57fd5228b65e9112633,slug_only,1,/gen1/<platform>/build-a-backend/storage/import,0.80000000,false,2.972
d57fd5228b65e9112633,slug_only,2,/,0.00000000,false,2.972
d57fd5228b65e9112633,slug_only,3,/404/index.html,0.00000000,false,2.972
d580302b005cdd7c10e7,slug_only,1,/,0.00000000,false,3.043
d580302b005cdd7c10e7,slug_only,2,/404/index.html,0.00000000,false,3.043
d580302b005cdd7c10e7,slug_only,3,/<platform>/build-a-backend/auth/connect-your-frontend/manage-user-sessions,0.00000000,false,3.043
d5b2fd9caeaab9161bc8,slug_only,1,/gen1/<platform>/build-a-backend/more-features,0.90000000,false,2.910
d5b2fd9caeaab9161bc8,slug_only,2,/,0.00000000,false,2.910
d5b2fd9caeaab9161bc8,slug_only,3,/404/index.html,0.00000000,false,2.910
d5e70f4a13003de38550,slug_only,1,/404,0.00000000,false,2.625
d5e70f4a13003de38550,slug_only,2,/README,0.00000000,false,2.625
d5e70f4a13003de38550,slug_only,3,/ai,0.00000000,false,2.625
d6159b8c2a34f9f5f70c,slug_only,1,/,0.00000000,false,2.997
d6159b8c2a34f9f5f70c,slug_only,2,/404/index.html,0.00000000,false,2.997
d6159b8c2a34f9f5f70c,slug_only,3,/<platform>/build-a-backend/auth/connect-your-frontend/manage-user-sessions,0.00000000,false,2.997
d61813d88d8f569b5a9c,slug_only,1,/gen1/<platform>/build-a-backend/graphqlapi/connect-api-to-existing-database,0.08333333,false,3.075
d61813d88d8f569b5a9c,slug_only,2,/android/build-a-backend/more-features/datastore/manipulate-data,0.06250000,false,3.075
d61813d88d8f569b5a9c,slug_only,3,/android/build-a-backend/restapi/existing-resources,0.06250000,false,3.075
d62aadeeb4417f96e0c3,slug_only,1,/flutter,0.80000000,false,2.987
d62aadeeb4417f96e0c3,slug_only,2,/,0.00000000,false,2.987
d62aadeeb4417f96e0c3,slug_only,3,/404/index.html,0.00000000,false,2.987
d66ba715490e4ed92222,slug_only,1,/,0.00000000,false,2.928
d66ba715490e4ed92222,slug_only,2,/404/index.html,0.00000000,false,2.928
d66ba715490e4ed92222,slug_only,3,/<platform>/build-a-backend/auth/connect-your-frontend/manage-user-sessions,0.00000000,false,2.928
d68dbdee60b6fbaee602,slug_only,1,/flux/installation/configuration/bootstrap-customization,0.18333333,true,2.938
d68dbdee60b6fbaee602,slug_only,2,/flux/installation,0.10000000,false,2.938
d68dbdee60b6fbaee602,slug_only,3,/flux/installation/bootstrap/aws-codecommit,0.10000000,false,2.938
d69d724c4476a11872e3,slug_only,1,/android/build-a-backend/auth/app-uninstall,0.80000000,false,2.944
d69d724c4476a11872e3,slug_only,2,/android/start/sample-apps/to-do-app,0.06250000,false,2.944
d69d724c4476a11872e3,slug_only,3,/,0.00000000,false,2.944
d6f1d673eb7516ae7676,slug_only,1,/android/build-a-backend/more-features/datastore/sync-to-cloud,0.05000000,false,2.806
d6f1d673eb7516ae7676,slug_only,2,/android/start/sample-apps/to-do-app,0.05000000,false,2.806
d6f1d673eb7516ae7676,slug_only,3,/flutter/build-a-backend/more-features/datastore/sync-to-cloud,0.05000000,false,2.806
d74288c9f9349a7f943d,slug_only,1,/android/sdk/auth/getting-started,0.90000000,false,2.960
d74288c9f9349a7f943d,slug_only,2,/gen1/<platform>/start/getting-started,0.80000000,false,2.960
d74288c9f9349a7f943d,slug_only,3,/,0.00000000,false,2.960
d753997a344fcf366308,slug_only,1,/.github/pull_request_template,0.00000000,false,2.562
d753997a344fcf366308,slug_only,2,/MIGRATION,0.00000000,false,2.562
d753997a344fcf366308,slug_only,3,/README,0.00000000,false,2.562
d7ec38d7ce71f6c3bda1,slug_only,1,/flutter,0.80000000,false,2.842
d7ec38d7ce71f6c3bda1,slug_only,2,/,0.00000000,false,2.842
d7ec38d7ce71f6c3bda1,slug_only,3,/404/index.html,0.00000000,false,2.842
d839258d099e162d2c8c,slug_only,1,/providers/AviatrixSystems/aviatrix/latest/docs/data-sources/:path*,0.80000000,false,2.585
d839258d099e162d2c8c,slug_only,2,/providers/AviatrixSystems/aviatrix/latest/docs/guides/:path*,0.80000000,false,2.585
d839258d099e162d2c8c,slug_only,3,/providers/AviatrixSystems/aviatrix/latest/docs/resources/:path*,0.80000000,false,2.585
d86132328d8e3772de0c,slug_only,1,/,0.00000000,false,2.816
d86132328d8e3772de0c,slug_only,2,/404/index.html,0.00000000,false,2.816
d86132328d8e3772de0c,slug_only,3,/<platform>/build-a-backend/auth/connect-your-frontend/manage-user-sessions,0.00000000,false,2.816
d871f021116ecb03c0e5,slug_only,1,/android/build-a-backend/storage/list,0.12500000,false,2.867
d871f021116ecb03c0e5,slug_only,2,/gen1/flutter/prev/build-a-backend/storage/list,0.12500000,false,2.867
d871f021116ecb03c0e5,slug_only,3,/,0.00000000,false,2.867
d8d9d504b6573fe12512,slug_only,1,/,0.00000000,false,3.087
d8d9d504b6573fe12512,slug_only,2,/404/index.html,0.00000000,false,3.087
d8d9d504b6573fe12512,slug_only,3,/<platform>/build-a-backend/auth/connect-your-frontend/manage-user-sessions,0.00000000,false,3.087
d8faf7a1c8af0f45af30,slug_only,1,/providers/AviatrixSystems/aviatrix/latest/docs/data-sources/:path*,0.80000000,false,2.636
d8faf7a1c8af0f45af30,slug_only,2,/providers/AviatrixSystems/aviatrix/latest/docs/guides/:path*,0.80000000,false,2.636
d8faf7a1c8af0f45af30,slug_only,3,/providers/AviatrixSystems/aviatrix/latest/docs/resources/:path*,0.80000000,false,2.636
d913808dd167c706e7c6,slug_only,1,/:lang/guides/deploy/:service,0.90000000,true,2.636
d913808dd167c706e7c6,slug_only,2,/.github/PULL_REQUEST_TEMPLATE,0.00000000,false,2.636
d913808dd167c706e7c6,slug_only,3,/:lang/404,0.00000000,false,2.636
d920d2370bd2d381c4b6,slug_only,1,/,0.00000000,false,2.784
d920d2370bd2d381c4b6,slug_only,2,/404/index.html,0.00000000,false,2.784
d920d2370bd2d381c4b6,slug_only,3,/<platform>/build-a-backend/auth/connect-your-frontend/manage-user-sessions,0.00000000,false,2.784
d9229447bc7f801b193b,slug_only,1,/,0.00000000,false,2.993
d9229447bc7f801b193b,slug_only,2,/404/index.html,0.00000000,false,2.993
d9229447bc7f801b193b,slug_only,3,/<platform>/build-a-backend/auth/connect-your-frontend/manage-user-sessions,0.00000000,false,2.993
d92beaa24c4afe938b99,slug_only,1,/gen1/<platform>/tools/libraries,0.90000000,true,2.978
d92beaa24c4afe938b99,slug_only,2,/,0.00000000,false,2.978
d92beaa24c4afe938b99,slug_only,3,/404/index.html,0.00000000,false,2.978
d930c23f9b7ba6f8bca3,slug_only,1,/gen1/flutter/prev/build-a-backend/restapi/customize-authz,0.12500000,false,2.802
d930c23f9b7ba6f8bca3,slug_only,2,/flutter/build-a-backend/more-features/datastore/authz-rules-setup,0.08333333,false,2.802
d930c23f9b7ba6f8bca3,slug_only,3,/gen1/flutter/prev/build-a-backend/more-features/datastore/authz-rules-setup,0.08333333,false,2.802
d99dd56eb2e4b8092e35,slug_only,1,/enterprise/requirements/network,0.12500000,true,2.675
d99dd56eb2e4b8092e35,slug_only,2,/enterprise/requirements/os-specific/centos-requirements,0.08333333,false,2.675
d99dd56eb2e4b8092e35,slug_only,3,/enterprise/requirements/os-specific/rhel-requirements,0.08333333,false,2.675
da1197539099e4dd49bf,slug_only,1,/,0.00000000,false,3.040
da1197539099e4dd49bf,slug_only,2,/404/index.html,0.00000000,false,3.040
da1197539099e4dd49bf,slug_only,3,/<platform>/build-a-backend/auth/connect-your-frontend/manage-user-sessions,0.00000000,false,3.040
da47b755e5ef7efb4cfd,slug_only,1,/.github/pull_request_template,0.00000000,false,2.668
da47b755e5ef7efb4cfd,slug_only,2,/MIGRATION,0.00000000,false,2.668
da47b755e5ef7efb4cfd,slug_only,3,/README,0.00000000,false,2.668
da583d9dc04113a2b892,slug_only,1,/,0.00000000,false,3.003
da583d9dc04113a2b892,slug_only,2,/404/index.html,0.00000000,false,3.003
da583d9dc04113a2b892,slug_only,3,/<platform>/build-a-backend/auth/connect-your-frontend/manage-user-sessions,0.00000000,false,3.003
dac5da0bc25f1ff29987,slug_only,1,/,0.00000000,false,3.141
dac5da0bc25f1ff29987,slug_only,2,/404/index.html,0.00000000,false,3.141
dac5da0bc25f1ff29987,slug_only,3,/<platform>/build-a-backend/auth/connect-your-frontend/manage-user-sessions,0.00000000,false,3.141
daedd247e5d1619e00d9,slug_only,1,/flutter,0.80000000,false,2.952
daedd247e5d1619e00d9,slug_only,2,/,0.00000000,false,2.952
daedd247e5d1619e00d9,slug_only,3,/404/index.html,0.00000000,false,2.952
db09d381b903401f4781,slug_only,1,/en/flux/integrations/azure,0.80000000,false,2.829
db09d381b903401f4781,slug_only,2,/en/flux/installation/bootstrap/azure-devops,0.12500000,false,2.829
db09d381b903401f4781,slug_only,3,/flux/installation/bootstrap/azure-devops,0.12500000,true,2.829
db3e7bf51639e010289a,slug_only,1,/android/build-a-backend/more-features/datastore/manipulate-data,0.06250000,false,3.090
db3e7bf51639e010289a,slug_only,2,/flutter/build-a-backend/graphqlapi/query-data,0.06250000,false,3.090
db3e7bf51639e010289a,slug_only,3,/flutter/build-a-backend/graphqlapi/subscribe-data,0.06250000,false,3.090
db480d6afdfd57c2fd67,slug_only,1,/android/deploy-and-host,0.80000000,false,2.922
db480d6afdfd57c2fd67,slug_only,2,/,0.00000000,false,2.922
db480d6afdfd57c2fd67,slug_only,3,/404/index.html,0.00000000,false,2.922
db4d614ad829d46a2f20,slug_only,1,/enterprise/requirements/os-specific/rhel-requirements,0.90000000,true,2.805
db4d614ad829d46a2f20,slug_only,2,/enterprise/requirements/os-specific/centos-requirements,0.08333333,false,2.805
db4d614ad829d46a2f20,slug_only,3,/.github/pull_request_template,0.00000000,false,2.805
dbd4199122a3b442d3e1,slug_only,1,/guides,1.00000000,false,2.391
dbd4199122a3b442d3e1,slug_only,2,/.github/pull_request_template,0.00000000,false,2.391
dbd4199122a3b442d3e1,slug_only,3,/MIGRATION,0.00000000,false,2.391
dc15612e6acc2a526102,slug_only,1,/:lang/reference/publish-to-npm,0.80000000,true,2.751
dc15612e6acc2a526102,slug_only,2,/:lang/guides/migrate-to-astro,0.15000000,false,2.751
dc15612e6acc2a526102,slug_only,3,/:lang/guides/astro-db,0.10000000,false,2.751
dc68bf9ea22584befd2a,slug_only,1,/,0.00000000,false,2.858
dc68bf9ea22584befd2a,slug_only,2,/404/index.html,0.00000000,false,2.858
dc68bf9ea22584befd2a,slug_only,3,/<platform>/build-a-backend/auth/connect-your-frontend/manage-user-sessions,0.00000000,false,2.858
dcf5363341013bf708a0,slug_only,1,/en/reference/integrations-reference,0.18333333,true,2.823
dcf5363341013bf708a0,slug_only,2,/:lang/reference/dev-toolbar-app-reference,0.05000000,false,2.823
dcf5363341013bf708a0,slug_only,3,/.github/PULL_REQUEST_TEMPLATE,0.00000000,false,2.823
dd36469a4fcc8c84dbe6,slug_only,1,/,0.00000000,false,3.065
dd36469a4fcc8c84dbe6,slug_only,2,/404/index.html,0.00000000,false,3.065
dd36469a4fcc8c84dbe6,slug_only,3,/<platform>/build-a-backend/auth/connect-your-frontend/manage-user-sessions,0.00000000,false,3.065
dd5065cb1376ac55e7b1,slug_only,1,/,0.00000000,false,2.884
dd5065cb1376ac55e7b1,slug_only,2,/404/index.html,0.00000000,false,2.884
dd5065cb1376ac55e7b1,slug_only,3,/<platform>/build-a-backend/auth/connect-your-frontend/manage-user-sessions,0.00000000,false,2.884
dd5e50055d70789c1708,slug_only,1,/angular/getting-started/migration,0.08333333,false,3.060
dd5e50055d70789c1708,slug_only,2,/gen1/javascript/build-a-backend/storage/storage-v5-to-v6-migration-guide,0.07142857,false,3.060
dd5e50055d70789c1708,slug_only,3,/flutter/start/project-setup/upgrade-guide,0.06250000,false,3.060
dda9c639886eb6b82c86,slug_only,1,/,0.00000000,false,2.892
dda9c639886eb6b82c86,slug_only,2,/404/index.html,0.00000000,false,2.892
dda9c639886eb6b82c86,slug_only,3,/<platform>/build-a-backend/auth/connect-your-frontend/manage-user-sessions,0.00000000,false,2.892
ddb590b82276f82400e2,slug_only,1,/,0.00000000,false,2.929
ddb590b82276f82400e2,slug_only,2,/404/index.html,0.00000000,false,2.929
ddb590b82276f82400e2,slug_only,3,/<platform>/build-a-backend/auth/connect-your-frontend/manage-user-sessions,0.00000000,false,2.929
ddb595d05e7925cd57b4,slug_only,1,/gen1/android/build-a-backend/auth/switch-auth,0.90000000,false,3.093
ddb595d05e7925cd57b4,slug_only,2,/gen1/javascript/prev/build-a-backend/auth/switch-auth,0.90000000,false,3.093
ddb595d05e7925cd57b4,slug_only,3,/angular/build-a-backend/auth,0.12500000,false,3.093
de9c0139c1a4130a00d3,slug_only,1,/providers/AviatrixSystems/aviatrix/latest/docs/data-sources/:path*,0.80000000,false,2.700
de9c0139c1a4130a00d3,slug_only,2,/providers/AviatrixSystems/aviatrix/latest/docs/guides/:path*,0.80000000,false,2.700
de9c0139c1a4130a00d3,slug_only,3,/providers/AviatrixSystems/aviatrix/latest/docs/resources/:path*,0.80000000,false,2.700
deb158611eb8e9891271,slug_only,1,/flutter,0.80000000,false,3.122
deb158611eb8e9891271,slug_only,2,/,0.00000000,false,3.122
deb158611eb8e9891271,slug_only,3,/404/index.html,0.00000000,false,3.122
df09f7da88037a684e26,slug_only,1,/,0.00000000,false,2.868
df09f7da88037a684e26,slug_only,2,/404/index.html,0.00000000,false,2.868
df09f7da88037a684e26,slug_only,3,/<platform>/build-a-backend/auth/connect-your-frontend/manage-user-sessions,0.00000000,false,2.868
df23c2ce44d1cd031bec,slug_only,1,/language/upgrade-guides/0-15,1.00000000,false,2.643
df23c2ce44d1cd031bec,slug_only,2,/language/v1.1.x/upgrade-guides/0-15,0.90000000,true,2.643
df23c2ce44d1cd031bec,slug_only,3,/language/upgrade-guides/0-13,0.10000000,false,2.643
df40c30afe130e079965,slug_only,1,/providers/AviatrixSystems/aviatrix/latest/docs/data-sources/:path*,0.80000000,false,2.619
df40c30afe130e079965,slug_only,2,/providers/AviatrixSystems/aviatrix/latest/docs/guides/:path*,0.80000000,false,2.619
df40c30afe130e079965,slug_only,3,/providers/AviatrixSystems/aviatrix/latest/docs/resources/:path*,0.80000000,false,2.619
df6f9270361b6b006804,slug_only,1,/flutter,0.80000000,false,2.920
df6f9270361b6b006804,slug_only,2,/,0.00000000,false,2.920
df6f9270361b6b006804,slug_only,3,/404/index.html,0.00000000,false,2.920
df76e6147c8cc8f1b881,slug_only,1,/,0.00000000,false,2.975
df76e6147c8cc8f1b881,slug_only,2,/404/index.html,0.00000000,false,2.975
df76e6147c8cc8f1b881,slug_only,3,/<platform>/build-a-backend/auth/connect-your-frontend/manage-user-sessions,0.00000000,false,2.975
dfd6b03880880d6a96f6,slug_only,1,/,0.00000000,false,3.070
dfd6b03880880d6a96f6,slug_only,2,/404/index.html,0.00000000,false,3.070
dfd6b03880880d6a96f6,slug_only,3,/<platform>/build-a-backend/auth/connect-your-frontend/manage-user-sessions,0.00000000,false,3.070
e02b13747c13376df273,slug_only,1,/,0.00000000,false,2.764
e02b13747c13376df273,slug_only,2,/404/index.html,0.00000000,false,2.764
e02b13747c13376df273,slug_only,3,/<platform>/build-a-backend/auth/connect-your-frontend/manage-user-sessions,0.00000000,false,2.764
e03841ed41db9cf8f259,slug_only,1,/flutter/build-a-backend/graphqlapi/query-data,0.06250000,false,3.368
e03841ed41db9cf8f259,slug_only,2,/gen1/android/build-a-backend/storage/query-transfers,0.06250000,false,3.368
e03841ed41db9cf8f259,slug_only,3,/gen1/android/prev/build-a-backend/graphqlapi/query-data,0.06250000,false,3.368
e0aa086f03fea61e8a98,slug_only,1,/,0.00000000,false,2.992
e0aa086f03fea61e8a98,slug_only,2,/404/index.html,0.00000000,false,2.992
e0aa086f03fea61e8a98,slug_only,3,/<platform>/build-a-backend/auth/connect-your-frontend/manage-user-sessions,0.00000000,false,2.992
e0ddbdeed56c5152f291,slug_only,1,/,0.00000000,false,2.929
e0ddbdeed56c5152f291,slug_only,2,/404/index.html,0.00000000,false,2.929
e0ddbdeed56c5152f291,slug_only,3,/<platform>/build-a-backend/auth/connect-your-frontend/manage-user-sessions,0.00000000,false,2.929
e10c87ce210d6fc0cbc9,slug_only,1,/,0.00000000,false,3.004
e10c87ce210d6fc0cbc9,slug_only,2,/404/index.html,0.00000000,false,3.004
e10c87ce210d6fc0cbc9,slug_only,3,/<platform>/build-a-backend/auth/connect-your-frontend/manage-user-sessions,0.00000000,false,3.004
e126ae7d523b583444a2,slug_only,1,/:lang/guides/endpoints,0.80000000,true,2.689
e126ae7d523b583444a2,slug_only,2,/en/guides/endpoints,0.80000000,false,2.689
e126ae7d523b583444a2,slug_only,3,/.github/PULL_REQUEST_TEMPLATE,0.00000000,false,2.689
e16eb9bf07085a7b6942,slug_only,1,/android/start/getting-started/integrate,0.06250000,false,3.098
e16eb9bf07085a7b6942,slug_only,2,/android/build-a-backend/storage/lambda-triggers,0.05000000,false,3.098
e16eb9bf07085a7b6942,slug_only,3,/gen1/android/prev/build-a-backend/storage/lambda-triggers,0.05000000,false,3.098
e17ff128d2a241543a21,slug_only,1,/providers/AviatrixSystems/aviatrix/latest/docs/guides/:path*,0.90000000,false,2.729
e17ff128d2a241543a21,slug_only,2,/providers/CheckPointSW/checkpoint/latest/docs/guides/:path*,0.90000000,false,2.729
e17ff128d2a241543a21,slug_only,3,/providers/CiscoDevNet/mso/latest/docs/guides/:path*,0.90000000,false,2.729
e22e459c043a8f3f2d46,slug_only,1,/android/build-a-backend/storage/lambda-triggers,0.04166667,false,3.172
e22e459c043a8f3f2d46,slug_only,2,/gen1/android/prev/build-a-backend/storage/lambda-triggers,0.04166667,false,3.172
e22e459c043a8f3f2d46,slug_only,3,/android/build-a-backend/more-features/datastore/sync-to-cloud,0.03571429,false,3.172
e23f12b5f36c95c2b97e,slug_only,1,/.github/PULL_REQUEST_TEMPLATE,0.00000000,false,2.759
e23f12b5f36c95c2b97e,slug_only,2,/:lang/404,0.00000000,false,2.759
e23f12b5f36c95c2b97e,slug_only,3,/:lang/:splat,0.00000000,false,2.759
e242eed672bb24ff4c80,slug_only,1,/,0.00000000,false,2.972
e242eed672bb24ff4c80,slug_only,2,/404/index.html,0.00000000,false,2.972
e242eed672bb24ff4c80,slug_only,3,/<platform>/build-a-backend/auth/connect-your-frontend/manage-user-sessions,0.00000000,false,2.972
e3038b0651c99819f79b,slug_only,1,/providers/AviatrixSystems/aviatrix/latest/docs/guides/:path*,0.90000000,false,2.636
e3038b0651c99819f79b,slug_only,2,/providers/CheckPointSW/checkpoint/latest/docs/guides/:path*,0.90000000,false,2.636
e3038b0651c99819f79b,slug_only,3,/providers/CiscoDevNet/mso/latest/docs/guides/:path*,0.90000000,false,2.636
e34f83fe97058e5bdedf,slug_only,1,/flutter,0.80000000,false,2.925
e34f83fe97058e5bdedf,slug_only,2,/,0.00000000,false,2.925
e34f83fe97058e5bdedf,slug_only,3,/404/index.html,0.00000000,false,2.925
e38ecdf9dbcb057cd5e2,slug_only,1,/,0.00000000,false,2.892
e38ecdf9dbcb057cd5e2,slug_only,2,/404/index.html,0.00000000,false,2.892
e38ecdf9dbcb057cd5e2,slug_only,3,/<platform>/build-a-backend/auth/connect-your-frontend/manage-user-sessions,0.00000000,false,2.892
e3c6c20a35d1f1d83cb4,slug_only,1,/flutter,0.80000000,false,2.858
e3c6c20a35d1f1d83cb4,slug_only,2,/,0.00000000,false,2.858
e3c6c20a35d1f1d83cb4,slug_only,3,/404/index.html,0.00000000,false,2.858
e48d1328828939bc3c99,slug_only,1,/:lang/guides/images,0.12500000,true,2.898
e48d1328828939bc3c99,slug_only,2,/en/guides/images,0.12500000,false,2.898
e48d1328828939bc3c99,slug_only,3,/:lang/reference/astro-syntax,0.10000000,false,2.898
e51cc00af60a0f4c1afb,slug_only,1,/gen1/angular/build-a-backend/server-side-rendering/nextjs,0.90000000,false,3.046
e51cc00af60a0f4c1afb,slug_only,2,/,0.00000000,false,3.046
e51cc00af60a0f4c1afb,slug_only,3,/404/index.html,0.00000000,false,3.046
e56efcd2c3fae6e76ad3,slug_only,1,/,0.00000000,false,3.020
e56efcd2c3fae6e76ad3,slug_only,2,/404/index.html,0.00000000,false,3.020
e56efcd2c3fae6e76ad3,slug_only,3,/<platform>/build-a-backend/auth/connect-your-frontend/manage-user-sessions,0.00000000,false,3.020
e582adda270f2e61730d,slug_only,1,/gen1/<platform>/build-a-backend/graphqlapi/<page>,0.80000000,false,2.823
e582adda270f2e61730d,slug_only,2,/gen1/<platform>/build-a-backend/more-features/<page>,0.80000000,false,2.823
e582adda270f2e61730d,slug_only,3,/gen1/<platform>/build-a-backend/push-notifications/<page>,0.80000000,false,2.823
e59de135a22be4854829,slug_only,1,/flutter,0.80000000,false,2.914
e59de135a22be4854829,slug_only,2,/,0.00000000,false,2.914
e59de135a22be4854829,slug_only,3,/404/index.html,0.00000000,false,2.914
e5a99cc743319e9b6ec4,slug_only,1,/android/sdk/analytics/endpoints,0.90000000,false,2.859
e5a99cc743319e9b6ec4,slug_only,2,/,0.00000000,false,2.859
e5a99cc743319e9b6ec4,slug_only,3,/404/index.html,0.00000000,false,2.859
e5c53336fb0ed107cb0e,slug_only,1,/language/v1.1.x/upgrade-guides/0-10,0.90000000,true,2.899
e5c53336fb0ed107cb0e,slug_only,2,/language/v1.2.x/settings/backends/etcdv3,0.10000000,false,2.899
e5c53336fb0ed107cb0e,slug_only,3,/language/v1.2.x/settings/backends/manta,0.10000000,false,2.899
e5fba4c7959c9d579e8b,slug_only,1,/android/build-a-backend/storage/lambda-triggers,0.04166667,false,3.131
e5fba4c7959c9d579e8b,slug_only,2,/gen1/android/prev/build-a-backend/storage/lambda-triggers,0.04166667,false,3.131
e5fba4c7959c9d579e8b,slug_only,3,/android/build-a-backend/more-features/datastore/sync-to-cloud,0.03571429,false,3.131
e61d6b2b6b63342724c2,slug_only,1,/cloud-docs/policy-enforcement/sentinel/import/tfstate-v2,0.90000000,true,2.695
e61d6b2b6b63342724c2,slug_only,2,/cloud-docs/policy-enforcement/sentinel/import/tfstate,0.12500000,false,2.695
e61d6b2b6b63342724c2,slug_only,3,/.github/pull_request_template,0.00000000,false,2.695
e662b1dc4386e8724ccd,slug_only,1,/,0.00000000,false,2.807
e662b1dc4386e8724ccd,slug_only,2,/404/index.html,0.00000000,false,2.807
e662b1dc4386e8724ccd,slug_only,3,/<platform>/build-a-backend/auth/connect-your-frontend/manage-user-sessions,0.00000000,false,2.807
e6c5539a4bfb0acfa410,slug_only,1,/gen1/android/prev/build-a-backend/more-features/analytics/enable-disable,0.90000000,false,2.873
e6c5539a4bfb0acfa410,slug_only,2,/gen1/flutter/prev/build-a-backend/more-features/analytics/enable-disable,0.90000000,false,2.873
e6c5539a4bfb0acfa410,slug_only,3,/flutter/build-a-backend/auth/enable-guest-access,0.06250000,false,2.873
e77846350d163aae2fda,slug_only,1,/examples/tutorials/deno_deploy,1.00000000,false,2.722
e77846350d163aae2fda,slug_only,2,/examples/tutorials/deno_doc,0.18333333,false,2.722
e77846350d163aae2fda,slug_only,3,/examples/tutorials/deploy_command,0.18333333,false,2.722
e799bbda373d093b813b,slug_only,1,/language/v1.2.x/settings/backends/etcdv3,0.90000000,true,2.539
e799bbda373d093b813b,slug_only,2,/.github/pull_request_template,0.00000000,false,2.539
e799bbda373d093b813b,slug_only,3,/MIGRATION,0.00000000,false,2.539
e7ba25c319b7baa8402f,slug_only,1,/terraform/plugin/best-practices/interacting-with-providers,0.10000000,false,2.730
e7ba25c319b7baa8402f,slug_only,2,/terraform/plugin/best-practices/provider-code,0.10000000,true,2.730
e7ba25c319b7baa8402f,slug_only,3,/terraform/plugin/framework-benefits,0.10000000,false,2.730
e7c6755dcfa14e75fb45,slug_only,1,/,0.00000000,false,2.998
e7c6755dcfa14e75fb45,slug_only,2,/404/index.html,0.00000000,false,2.998
e7c6755dcfa14e75fb45,slug_only,3,/<platform>/build-a-backend/auth/connect-your-frontend/manage-user-sessions,0.00000000,false,2.998
e84a90d671017ea9b940,slug_only,1,/,0.00000000,false,2.867
e84a90d671017ea9b940,slug_only,2,/404/index.html,0.00000000,false,2.867
e84a90d671017ea9b940,slug_only,3,/<platform>/build-a-backend/auth/connect-your-frontend/manage-user-sessions,0.00000000,false,2.867
e858b1a44a8afc837b4f,slug_only,1,/:lang/basics/layouts,0.80000000,true,2.636
e858b1a44a8afc837b4f,slug_only,2,/ar/basics/layouts,0.80000000,false,2.636
e858b1a44a8afc837b4f,slug_only,3,/de/basics/layouts,0.80000000,false,2.636
e8a20968687ac0f2bb6c,slug_only,1,/,0.00000000,false,3.062
e8a20968687ac0f2bb6c,slug_only,2,/404/index.html,0.00000000,false,3.062
e8a20968687ac0f2bb6c,slug_only,3,/<platform>/build-a-backend/auth/connect-your-frontend/manage-user-sessions,0.00000000,false,3.062
e8ae0e60122a86edc4b4,slug_only,1,/:lang/tutorial/6-islands/4,0.25000000,false,2.486
e8ae0e60122a86edc4b4,slug_only,2,/de/tutorial/0-introduction/1,0.25000000,false,2.486
e8ae0e60122a86edc4b4,slug_only,3,/de/tutorial/1-setup/1,0.25000000,false,2.486
e8faa1883a419a25ee65,slug_only,1,/providers/AviatrixSystems/aviatrix/latest/docs/data-sources/:path*,0.80000000,false,2.608
e8faa1883a419a25ee65,slug_only,2,/providers/AviatrixSystems/aviatrix/latest/docs/guides/:path*,0.80000000,false,2.608
e8faa1883a419a25ee65,slug_only,3,/providers/AviatrixSystems/aviatrix/latest/docs/resources/:path*,0.80000000,false,2.608
e8fe36952c9a55dff4eb,slug_only,1,/providers/AviatrixSystems/aviatrix/latest/docs/data-sources/:path*,0.80000000,false,2.589
e8fe36952c9a55dff4eb,slug_only,2,/providers/AviatrixSystems/aviatrix/latest/docs/guides/:path*,0.80000000,false,2.589
e8fe36952c9a55dff4eb,slug_only,3,/providers/AviatrixSystems/aviatrix/latest/docs/resources/:path*,0.80000000,false,2.589
e9390b4c14eebf02b830,slug_only,1,/404,0.00000000,false,2.852
e9390b4c14eebf02b830,slug_only,2,/README,0.00000000,false,2.852
e9390b4c14eebf02b830,slug_only,3,/ai,0.00000000,false,2.852
e957cb28bd72edcfc170,slug_only,1,/flutter,0.80000000,false,2.956
e957cb28bd72edcfc170,slug_only,2,/,0.00000000,false,2.956
e957cb28bd72edcfc170,slug_only,3,/404/index.html,0.00000000,false,2.956
e9a54c9b5c94db8778ba,slug_only,1,/,0.00000000,false,2.839
e9a54c9b5c94db8778ba,slug_only,2,/404/index.html,0.00000000,false,2.839
e9a54c9b5c94db8778ba,slug_only,3,/<platform>/build-a-backend/auth/connect-your-frontend/manage-user-sessions,0.00000000,false,2.839
ea57f704b282f17123b3,slug_only,1,/providers/AviatrixSystems/aviatrix/latest/docs/data-sources/:path*,0.80000000,false,2.735
ea57f704b282f17123b3,slug_only,2,/providers/AviatrixSystems/aviatrix/latest/docs/guides/:path*,0.80000000,false,2.735
ea57f704b282f17123b3,slug_only,3,/providers/AviatrixSystems/aviatrix/latest/docs/resources/:path*,0.80000000,false,2.735
ea94962075ea62caf0d1,slug_only,1,/android/build-a-backend/auth/sign-in-with-web-ui,0.04166667,false,2.844
ea94962075ea62caf0d1,slug_only,2,/,0.00000000,true,2.844
ea94962075ea62caf0d1,slug_only,3,/404/index.html,0.00000000,false,2.844
eb15d92ba212990f874d,slug_only,1,/<platform>/build-a-backend/auth/connect-your-frontend/manage-user-sessions,0.10000000,false,2.911
eb15d92ba212990f874d,slug_only,2,/<platform>/build-a-backend/auth/connect-your-frontend/sign-up,0.10000000,false,2.911
eb15d92ba212990f874d,slug_only,3,/<platform>/build-a-backend/auth/modify-resources-with-cdk,0.10000000,true,2.911
eb40aa3c7e902a0c6e5b,slug_only,1,/android/build-a-backend/more-features/datastore/sync-to-cloud,0.05000000,false,2.868
eb40aa3c7e902a0c6e5b,slug_only,2,/android/start/sample-apps/to-do-app,0.05000000,false,2.868
eb40aa3c7e902a0c6e5b,slug_only,3,/flutter/build-a-backend/more-features/datastore/sync-to-cloud,0.05000000,false,2.868
eba15af7aa552b81c441,slug_only,1,/flutter/build-a-backend/storage/get-properties,0.90000000,false,2.887
eba15af7aa552b81c441,slug_only,2,/,0.00000000,false,2.887
eba15af7aa552b81c441,slug_only,3,/404/index.html,0.00000000,false,2.887
ebb915aed832a1161de6,slug_only,1,/,0.00000000,false,2.991
ebb915aed832a1161de6,slug_only,2,/404/index.html,0.00000000,false,2.991
ebb915aed832a1161de6,slug_only,3,/<platform>/build-a-backend/auth/connect-your-frontend/manage-user-sessions,0.00000000,false,2.991
ebf0a18652c27d603f81,slug_only,1,/gen1/javascript/prev/build-a-backend/more-features/analytics/create-custom-plugin,0.08333333,false,2.842
ebf0a18652c27d603f81,slug_only,2,/,0.00000000,false,2.842
ebf0a18652c27d603f81,slug_only,3,/404/index.html,0.00000000,false,2.842
ec27e639eb1d567a4b27,slug_only,1,/,0.00000000,false,3.046
ec27e639eb1d567a4b27,slug_only,2,/404/index.html,0.00000000,false,3.046
ec27e639eb1d567a4b27,slug_only,3,/<platform>/build-a-backend/auth/connect-your-frontend/manage-user-sessions,0.00000000,false,3.046
ec302288598f56645aec,slug_only,1,/angular/build-a-backend,0.10000000,false,3.225
ec302288598f56645aec,slug_only,2,/angular/build-a-backend/auth,0.10000000,false,3.225
ec302288598f56645aec,slug_only,3,/angular/build-a-backend/functions,0.10000000,true,3.225
ec44e7824c1402e9f375,slug_only,1,/,0.00000000,false,2.734
ec44e7824c1402e9f375,slug_only,2,/404/index.html,0.00000000,false,2.734
ec44e7824c1402e9f375,slug_only,3,/<platform>/build-a-backend/auth/connect-your-frontend/manage-user-sessions,0.00000000,false,2.734
ec540e6c4a3ec357a342,slug_only,1,/flutter,0.80000000,false,2.874
ec540e6c4a3ec357a342,slug_only,2,/,0.00000000,false,2.874
ec540e6c4a3ec357a342,slug_only,3,/404/index.html,0.00000000,false,2.874
ec75c78bdf5e2b8ef4a7,slug_only,1,/examples/tutorials/drizzle,1.00000000,false,2.699
ec75c78bdf5e2b8ef4a7,slug_only,2,/examples/drizzle_tutorial,0.12500000,true,2.699
ec75c78bdf5e2b8ef4a7,slug_only,3,/examples/tutorials/apollo,0.10000000,false,2.699
ec786510a752823d7044,slug_only,1,/,0.00000000,false,3.009
ec786510a752823d7044,slug_only,2,/404/index.html,0.00000000,false,3.009
ec786510a752823d7044,slug_only,3,/<platform>/build-a-backend/auth/connect-your-frontend/manage-user-sessions,0.00000000,false,3.009
ecd1ef4a2b3862e2e685,slug_only,1,/,0.00000000,false,2.885
ecd1ef4a2b3862e2e685,slug_only,2,/404/index.html,0.00000000,false,2.885
ecd1ef4a2b3862e2e685,slug_only,3,/<platform>/build-a-backend/auth/connect-your-frontend/manage-user-sessions,0.00000000,false,2.885
ecd32a77841d118dbdb3,slug_only,1,/terraform/plugin/framework/handling-data/accessing-values,0.90000000,true,2.688
ecd32a77841d118dbdb3,slug_only,2,/terraform/plugin/best-practices/interacting-with-providers,0.10000000,false,2.688
ecd32a77841d118dbdb3,slug_only,3,/terraform/plugin/best-practices/provider-code,0.10000000,false,2.688
ed195da6e77b1482f890,slug_only,1,/,0.00000000,false,2.934
ed195da6e77b1482f890,slug_only,2,/404/index.html,0.00000000,false,2.934
ed195da6e77b1482f890,slug_only,3,/<platform>/build-a-backend/auth/connect-your-frontend/manage-user-sessions,0.00000000,false,2.934
ed541e6c82c00f71f3de,slug_only,1,/providers/AviatrixSystems/aviatrix/latest/docs/data-sources/:path*,0.80000000,false,2.665
ed541e6c82c00f71f3de,slug_only,2,/providers/AviatrixSystems/aviatrix/latest/docs/guides/:path*,0.80000000,false,2.665
ed541e6c82c00f71f3de,slug_only,3,/providers/AviatrixSystems/aviatrix/latest/docs/resources/:path*,0.80000000,false,2.665
ed813d8eb7f9c4c79ab2,slug_only,1,/,0.00000000,false,2.989
ed813d8eb7f9c4c79ab2,slug_only,2,/404/index.html,0.00000000,false,2.989
ed813d8eb7f9c4c79ab2,slug_only,3,/<platform>/build-a-backend/auth/connect-your-frontend/manage-user-sessions,0.00000000,false,2.989
ed99a3168f38e6ad838f,slug_only,1,/angular/build-a-backend/server-side-rendering,0.15000000,false,2.972
ed99a3168f38e6ad838f,slug_only,2,/angular/build-a-backend,0.10000000,false,2.972
ed99a3168f38e6ad838f,slug_only,3,/angular/build-a-backend/auth,0.10000000,false,2.972
edc9af5986a9b0a40ee4,slug_only,1,/angular/start/connect-to-aws-resources,0.15000000,false,2.994
edc9af5986a9b0a40ee4,slug_only,2,/android/build-a-backend/restapi/existing-resources,0.12500000,false,2.994
edc9af5986a9b0a40ee4,slug_only,3,/flutter/build-a-backend/graphqlapi/existing-resources,0.12500000,false,2.994
edcfba45a49375ea7309,slug_only,1,/,0.00000000,false,2.855
edcfba45a49375ea7309,slug_only,2,/404/index.html,0.00000000,false,2.855
edcfba45a49375ea7309,slug_only,3,/<platform>/build-a-backend/auth/connect-your-frontend/manage-user-sessions,0.00000000,false,2.855
edea8077f1987e375220,slug_only,1,/flutter,0.80000000,false,2.889
edea8077f1987e375220,slug_only,2,/,0.00000000,false,2.889
edea8077f1987e375220,slug_only,3,/404/index.html,0.00000000,false,2.889
ee598184f22f68d8e692,slug_only,1,/gen1/angular/deploy-and-host/deployment,0.90000000,false,2.809
ee598184f22f68d8e692,slug_only,2,/android/deploy-and-host,0.10000000,true,2.809
ee598184f22f68d8e692,slug_only,3,/,0.00000000,false,2.809
eea976ca0669871cac0b,slug_only,1,/,0.00000000,false,2.952
eea976ca0669871cac0b,slug_only,2,/404/index.html,0.00000000,false,2.952
eea976ca0669871cac0b,slug_only,3,/<platform>/build-a-backend/auth/connect-your-frontend/manage-user-sessions,0.00000000,false,2.952
eeeb0e47a4185b7c97ed,slug_only,1,/providers/AviatrixSystems/aviatrix/latest/docs/data-sources/:path*,0.80000000,false,2.687
eeeb0e47a4185b7c97ed,slug_only,2,/providers/AviatrixSystems/aviatrix/latest/docs/guides/:path*,0.80000000,false,2.687
eeeb0e47a4185b7c97ed,slug_only,3,/providers/AviatrixSystems/aviatrix/latest/docs/resources/:path*,0.80000000,false,2.687
eef476d2eef100a4df7d,slug_only,1,/ar/getting-started,0.08333333,false,2.659
eef476d2eef100a4df7d,slug_only,2,/de/getting-started,0.08333333,false,2.659
eef476d2eef100a4df7d,slug_only,3,/en/getting-started,0.08333333,false,2.659
ef862d8102308edb8404,slug_only,1,/:lang/guides/content-collections,0.16666667,false,2.786
ef862d8102308edb8404,slug_only,2,/en/guides/content-collections,0.16666667,false,2.786
ef862d8102308edb8404,slug_only,3,/:lang/guides/markdown-content,0.06250000,false,2.786
f07c1b38889821439cc1,slug_only,1,/,0.00000000,false,2.938
f07c1b38889821439cc1,slug_only,2,/404/index.html,0.00000000,false,2.938
f07c1b38889821439cc1,slug_only,3,/<platform>/build-a-backend/auth/connect-your-frontend/manage-user-sessions,0.00000000,false,2.938
f09d56e0314474725f5c,slug_only,1,/.github/pull_request_template,0.00000000,false,2.652
f09d56e0314474725f5c,slug_only,2,/MIGRATION,0.00000000,false,2.652
f09d56e0314474725f5c,slug_only,3,/README,0.00000000,false,2.652
f0cfa9bfd8496f1304ce,slug_only,1,/,0.00000000,false,2.841
f0cfa9bfd8496f1304ce,slug_only,2,/404/index.html,0.00000000,false,2.841
f0cfa9bfd8496f1304ce,slug_only,3,/<platform>/build-a-backend/auth/connect-your-frontend/manage-user-sessions,0.00000000,false,2.841
f0ec5a8a73f3981fd092,slug_only,1,/angular/build-a-backend,0.08333333,false,2.754
f0ec5a8a73f3981fd092,slug_only,2,/flutter/build-a-backend,0.08333333,false,2.754
f0ec5a8a73f3981fd092,slug_only,3,/gen1/android/prev/build-a-backend,0.08333333,false,2.754
f12e0922b388eb9b9d4f,slug_only,1,/examples/tutorials/digital_ocean,1.00000000,false,2.736
f12e0922b388eb9b9d4f,slug_only,2,/examples/digital_ocean_tutorial,0.16666667,true,2.736
f12e0922b388eb9b9d4f,slug_only,3,/examples/tutorials/apollo,0.10000000,false,2.736
f145264614cd81de1ac5,slug_only,1,/.github/pull_request_template,0.00000000,false,2.640
f145264614cd81de1ac5,slug_only,2,/MIGRATION,0.00000000,false,2.640
f145264614cd81de1ac5,slug_only,3,/README,0.00000000,false,2.640
f1eb36c03f03e59f27ed,slug_only,1,/flutter/build-a-backend/graphqlapi/query-data,0.90000000,false,2.993
f1eb36c03f03e59f27ed,slug_only,2,/gen1/android/prev/build-a-backend/graphqlapi/query-data,0.90000000,false,2.993
f1eb36c03f03e59f27ed,slug_only,3,/gen1/flutter/prev/build-a-backend/graphqlapi/query-data,0.90000000,true,2.993
f21467de95e9015f2d4c,slug_only,1,/providers/AviatrixSystems/aviatrix/latest/docs/data-sources/:path*,0.80000000,false,2.599
f21467de95e9015f2d4c,slug_only,2,/providers/AviatrixSystems/aviatrix/latest/docs/guides/:path*,0.80000000,false,2.599
f21467de95e9015f2d4c,slug_only,3,/providers/AviatrixSystems/aviatrix/latest/docs/resources/:path*,0.80000000,false,2.599
f22f3cc8575ae0599e5c,slug_only,1,/,0.00000000,false,2.872
f22f3cc8575ae0599e5c,slug_only,2,/404/index.html,0.00000000,false,2.872
f22f3cc8575ae0599e5c,slug_only,3,/<platform>/build-a-backend/auth/connect-your-frontend/manage-user-sessions,0.00000000,false,2.872
f289824e8e6c4739ec62,slug_only,1,/,0.00000000,false,2.942
f289824e8e6c4739ec62,slug_only,2,/404/index.html,0.00000000,false,2.942
f289824e8e6c4739ec62,slug_only,3,/<platform>/build-a-backend/auth/connect-your-frontend/manage-user-sessions,0.00000000,false,2.942
f293ae481b64003662b1,slug_only,1,/android/sdk/api/graphql,0.08333333,false,3.095
f293ae481b64003662b1,slug_only,2,/android/build-a-backend/storage/lambda-triggers,0.06250000,false,3.095
f293ae481b64003662b1,slug_only,3,/gen1/android/prev/build-a-backend/storage/lambda-triggers,0.06250000,false,3.095
f325d71adf40beff9d42,slug_only,1,/android/build-a-backend/more-features/geo/maps,0.90000000,false,2.847
f325d71adf40beff9d42,slug_only,2,/,0.00000000,false,2.847
f325d71adf40beff9d42,slug_only,3,/404/index.html,0.00000000,false,2.847
f34209457696e84afa29,slug_only,1,/,0.00000000,false,2.840
f34209457696e84afa29,slug_only,2,/404/index.html,0.00000000,false,2.840
f34209457696e84afa29,slug_only,3,/<platform>/build-a-backend/auth/connect-your-frontend/manage-user-sessions,0.00000000,false,2.840
f344068b548650d4306b,slug_only,1,/,0.00000000,false,2.915
f344068b548650d4306b,slug_only,2,/404/index.html,0.00000000,false,2.915
f344068b548650d4306b,slug_only,3,/<platform>/build-a-backend/auth/connect-your-frontend/manage-user-sessions,0.00000000,false,2.915
f3502fc54ac866613e9f,slug_only,1,/providers/AviatrixSystems/aviatrix/latest/docs/data-sources/:path*,0.80000000,false,2.671
f3502fc54ac866613e9f,slug_only,2,/providers/AviatrixSystems/aviatrix/latest/docs/guides/:path*,0.80000000,false,2.671
f3502fc54ac866613e9f,slug_only,3,/providers/AviatrixSystems/aviatrix/latest/docs/resources/:path*,0.80000000,false,2.671
f3953418a98b946a20d0,slug_only,1,/,0.00000000,false,3.177
f3953418a98b946a20d0,slug_only,2,/404/index.html,0.00000000,false,3.177
f3953418a98b946a20d0,slug_only,3,/<platform>/build-a-backend/auth/connect-your-frontend/manage-user-sessions,0.00000000,false,3.177
f3a6c8007879df4b3be7,slug_only,1,/language/modules,0.80000000,true,2.522
f3a6c8007879df4b3be7,slug_only,2,/.github/pull_request_template,0.00000000,false,2.522
f3a6c8007879df4b3be7,slug_only,3,/MIGRATION,0.00000000,false,2.522
f3c9968c1f79ee706216,slug_only,1,/,0.00000000,false,2.744
f3c9968c1f79ee706216,slug_only,2,/404/index.html,0.00000000,false,2.744
f3c9968c1f79ee706216,slug_only,3,/<platform>/build-a-backend/auth/connect-your-frontend/manage-user-sessions,0.00000000,false,2.744
f3f33ab4f6af192c6276,slug_only,1,/providers/AviatrixSystems/aviatrix/latest/docs/data-sources/:path*,0.80000000,false,2.693
f3f33ab4f6af192c6276,slug_only,2,/providers/AviatrixSystems/aviatrix/latest/docs/guides/:path*,0.80000000,false,2.693
f3f33ab4f6af192c6276,slug_only,3,/providers/AviatrixSystems/aviatrix/latest/docs/resources/:path*,0.80000000,false,2.693
f43ce66095d924e47e97,slug_only,1,/,0.00000000,false,2.821
f43ce66095d924e47e97,slug_only,2,/404/index.html,0.00000000,false,2.821
f43ce66095d924e47e97,slug_only,3,/<platform>/build-a-backend/auth/connect-your-frontend/manage-user-sessions,0.00000000,false,2.821
f4733c08623c9e2deb0a,slug_only,1,/examples/tutorials/debugging_with_console,1.00000000,false,2.867
f4733c08623c9e2deb0a,slug_only,2,/examples/debugging_with_console_tutorial,0.18750000,true,2.867
f4733c08623c9e2deb0a,slug_only,3,/examples/tutorials/apollo,0.10000000,false,2.867
f4c93dd1cf13a191b688,slug_only,1,/,0.00000000,false,3.076
f4c93dd1cf13a191b688,slug_only,2,/404/index.html,0.00000000,false,3.076
f4c93dd1cf13a191b688,slug_only,3,/<platform>/build-a-backend/auth/connect-your-frontend/manage-user-sessions,0.00000000,false,3.076
f4c9f8fd784c9b33c364,slug_only,1,/terraform/plugin/best-practices/interacting-with-providers,0.15000000,true,2.728
f4c9f8fd784c9b33c364,slug_only,2,/terraform/plugin/best-practices/provider-code,0.10000000,false,2.728
f4c9f8fd784c9b33c364,slug_only,3,/terraform/plugin/framework-benefits,0.10000000,false,2.728
f54afe520ebeb6740b3f,slug_only,1,/.github/pull_request_template,0.00000000,false,2.751
f54afe520ebeb6740b3f,slug_only,2,/MIGRATION,0.00000000,false,2.751
f54afe520ebeb6740b3f,slug_only,3,/README,0.00000000,false,2.751
f5959ba7b39fe1f4be23,slug_only,1,/,0.00000000,false,2.921
f5959ba7b39fe1f4be23,slug_only,2,/404/index.html,0.00000000,false,2.921
f5959ba7b39fe1f4be23,slug_only,3,/<platform>/build-a-backend/auth/connect-your-frontend/manage-user-sessions,0.00000000,false,2.921
f5af94528d048c653944,slug_only,1,/providers/AviatrixSystems/aviatrix/latest/docs/data-sources/:path*,0.80000000,false,2.652
f5af94528d048c653944,slug_only,2,/providers/AviatrixSystems/aviatrix/latest/docs/guides/:path*,0.80000000,false,2.652
f5af94528d048c653944,slug_only,3,/providers/AviatrixSystems/aviatrix/latest/docs/resources/:path*,0.80000000,false,2.652
f5b8c81d78f585b93dcb,slug_only,1,/,0.00000000,false,2.921
f5b8c81d78f585b93dcb,slug_only,2,/404/index.html,0.00000000,false,2.921
f5b8c81d78f585b93dcb,slug_only,3,/<platform>/build-a-backend/auth/connect-your-frontend/manage-user-sessions,0.00000000,false,2.921
f5d60dc54f9d464a1786,slug_only,1,/android/build-a-backend/more-features/datastore/manipulate-data,0.06250000,false,2.892
f5d60dc54f9d464a1786,slug_only,2,/flutter/build-a-backend/graphqlapi/query-data,0.06250000,false,2.892
f5d60dc54f9d464a1786,slug_only,3,/flutter/build-a-backend/graphqlapi/subscribe-data,0.06250000,false,2.892
f5d72a7235961a18ab86,slug_only,1,/gen1/<platform>/build-a-backend/functions/layers,0.90000000,true,2.801
f5d72a7235961a18ab86,slug_only,2,/<platform>/build-a-backend/auth/connect-your-frontend/manage-user-sessions,0.10000000,false,2.801
f5d72a7235961a18ab86,slug_only,3,/<platform>/build-a-backend/auth/connect-your-frontend/sign-up,0.10000000,false,2.801
f631a7d402333d7432fd,slug_only,1,/,0.00000000,false,3.051
f631a7d402333d7432fd,slug_only,2,/404/index.html,0.00000000,false,3.051
f631a7d402333d7432fd,slug_only,3,/<platform>/build-a-backend/auth/connect-your-frontend/manage-user-sessions,0.00000000,false,3.051
f6a3ef131a096b0eede2,slug_only,1,/,0.00000000,false,2.814
f6a3ef131a096b0eede2,slug_only,2,/404/index.html,0.00000000,false,2.814
f6a3ef131a096b0eede2,slug_only,3,/<platform>/build-a-backend/auth/connect-your-frontend/manage-user-sessions,0.00000000,false,2.814
f6d118823d071996c002,slug_only,1,/,0.00000000,false,2.931
f6d118823d071996c002,slug_only,2,/404/index.html,0.00000000,false,2.931
f6d118823d071996c002,slug_only,3,/<platform>/build-a-backend/auth/connect-your-frontend/manage-user-sessions,0.00000000,false,2.931
f73ad395b1183a26855d,slug_only,1,/providers/AviatrixSystems/aviatrix/latest/docs/guides/:path*,0.90000000,false,2.631
f73ad395b1183a26855d,slug_only,2,/providers/CheckPointSW/checkpoint/latest/docs/guides/:path*,0.90000000,false,2.631
f73ad395b1183a26855d,slug_only,3,/providers/CiscoDevNet/mso/latest/docs/guides/:path*,0.90000000,false,2.631
f7f7fdc11c5a53b364d7,slug_only,1,/,0.00000000,false,3.329
f7f7fdc11c5a53b364d7,slug_only,2,/404/index.html,0.00000000,false,3.329
f7f7fdc11c5a53b364d7,slug_only,3,/<platform>/build-a-backend/auth/connect-your-frontend/manage-user-sessions,0.00000000,false,3.329
f8006fd2753a6b8a1b17,slug_only,1,/,0.00000000,false,2.835
f8006fd2753a6b8a1b17,slug_only,2,/404/index.html,0.00000000,false,2.835
f8006fd2753a6b8a1b17,slug_only,3,/<platform>/build-a-backend/auth/connect-your-frontend/manage-user-sessions,0.00000000,false,2.835
f810647d22c71e0ae468,slug_only,1,/examples/writing_files,0.25000000,true,2.714
f810647d22c71e0ae468,slug_only,2,/examples/sandbox/upload_files,0.08333333,false,2.714
f810647d22c71e0ae468,slug_only,3,/examples/temporary_files,0.08333333,false,2.714
f8bb5601963419428b3d,slug_only,1,/providers/AviatrixSystems/aviatrix/latest/docs/guides/:path*,0.90000000,false,2.584
f8bb5601963419428b3d,slug_only,2,/providers/CheckPointSW/checkpoint/latest/docs/guides/:path*,0.90000000,false,2.584
f8bb5601963419428b3d,slug_only,3,/providers/CiscoDevNet/mso/latest/docs/guides/:path*,0.90000000,false,2.584
f8d9db9bd4ebee5f1db3,slug_only,1,/providers/AviatrixSystems/aviatrix/latest/docs/data-sources/:path*,0.80000000,false,2.755
f8d9db9bd4ebee5f1db3,slug_only,2,/providers/AviatrixSystems/aviatrix/latest/docs/guides/:path*,0.80000000,false,2.755
f8d9db9bd4ebee5f1db3,slug_only,3,/providers/AviatrixSystems/aviatrix/latest/docs/resources/:path*,0.80000000,false,2.755
f8fbdeb4c03da7b3c979,slug_only,1,/gen1/javascript/build-ui/uibuilder,0.90000000,true,2.862
f8fbdeb4c03da7b3c979,slug_only,2,/,0.00000000,false,2.862
f8fbdeb4c03da7b3c979,slug_only,3,/404/index.html,0.00000000,false,2.862
f903a463f4b20134c49a,slug_only,1,/,0.00000000,false,3.136
f903a463f4b20134c49a,slug_only,2,/404/index.html,0.00000000,false,3.136
f903a463f4b20134c49a,slug_only,3,/<platform>/build-a-backend/auth/connect-your-frontend/manage-user-sessions,0.00000000,false,3.136
f926cc2f37ef11d76ae1,slug_only,1,/.github/PULL_REQUEST_TEMPLATE,0.00000000,false,2.838
f926cc2f37ef11d76ae1,slug_only,2,/:lang/404,0.00000000,false,2.838
f926cc2f37ef11d76ae1,slug_only,3,/:lang/:splat,0.00000000,false,2.838
f9564d26c6796b84d57b,slug_only,1,/,0.00000000,false,2.892
f9564d26c6796b84d57b,slug_only,2,/404/index.html,0.00000000,false,2.892
f9564d26c6796b84d57b,slug_only,3,/<platform>/build-a-backend/auth/connect-your-frontend/manage-user-sessions,0.00000000,false,2.892
f97a7293acb92180f976,slug_only,1,/language/upgrade-guides/0-14,0.12500000,true,2.514
f97a7293acb92180f976,slug_only,2,/docs/extend/writing-custom-providers.html,0.05000000,false,2.514
f97a7293acb92180f976,slug_only,3,/.github/pull_request_template,0.00000000,false,2.514
f97c9c94a1b9f61bb00e,slug_only,1,/gen1/<platform>/build-a-backend/storage/import,0.90000000,true,3.147
f97c9c94a1b9f61bb00e,slug_only,2,/<platform>/build-a-backend/auth/connect-your-frontend/manage-user-sessions,0.10000000,false,3.147
f97c9c94a1b9f61bb00e,slug_only,3,/<platform>/build-a-backend/auth/connect-your-frontend/sign-up,0.10000000,false,3.147
f99575a02bf537423ce8,slug_only,1,/,0.00000000,false,3.085
f99575a02bf537423ce8,slug_only,2,/404/index.html,0.00000000,false,3.085
f99575a02bf537423ce8,slug_only,3,/<platform>/build-a-backend/auth/connect-your-frontend/manage-user-sessions,0.00000000,false,3.085
f99777adb90d1b664b3f,slug_only,1,/providers/AviatrixSystems/aviatrix/latest/docs/guides/:path*,0.90000000,false,3.118
f99777adb90d1b664b3f,slug_only,2,/providers/CheckPointSW/checkpoint/latest/docs/guides/:path*,0.90000000,false,3.118
f99777adb90d1b664b3f,slug_only,3,/providers/CiscoDevNet/mso/latest/docs/guides/:path*,0.90000000,false,3.118
fa3e26a9da05dc0f2d73,slug_only,1,/flux/installation,0.80000000,true,2.866
fa3e26a9da05dc0f2d73,slug_only,2,/CODE_OF_CONDUCT,0.00000000,false,2.866
fa3e26a9da05dc0f2d73,slug_only,3,/CONTRIBUTING,0.00000000,false,2.866
faa0159fd5bd646e0904,slug_only,1,/,0.00000000,false,2.846
faa0159fd5bd646e0904,slug_only,2,/404/index.html,0.00000000,false,2.846
faa0159fd5bd646e0904,slug_only,3,/<platform>/build-a-backend/auth/connect-your-frontend/manage-user-sessions,0.00000000,false,2.846
faf10d14621e00f67ce9,slug_only,1,/,0.00000000,false,2.905
faf10d14621e00f67ce9,slug_only,2,/404/index.html,0.00000000,false,2.905
faf10d14621e00f67ce9,slug_only,3,/<platform>/build-a-backend/auth/connect-your-frontend/manage-user-sessions,0.00000000,false,2.905
faf8e42eca47b79c99d8,slug_only,1,/,0.00000000,false,2.830
faf8e42eca47b79c99d8,slug_only,2,/404/index.html,0.00000000,false,2.830
faf8e42eca47b79c99d8,slug_only,3,/<platform>/build-a-backend/auth/connect-your-frontend/manage-user-sessions,0.00000000,false,2.830
fb1caeb3c3ec12febcdd,slug_only,1,/,0.00000000,false,2.990
fb1caeb3c3ec12febcdd,slug_only,2,/404/index.html,0.00000000,false,2.990
fb1caeb3c3ec12febcdd,slug_only,3,/<platform>/build-a-backend/auth/connect-your-frontend/manage-user-sessions,0.00000000,false,2.990
fb2bf2b3a7057f002ae1,slug_only,1,/flutter,0.80000000,false,2.933
fb2bf2b3a7057f002ae1,slug_only,2,/,0.00000000,false,2.933
fb2bf2b3a7057f002ae1,slug_only,3,/404/index.html,0.00000000,false,2.933
fb54184fa62d0d454587,slug_only,1,/,0.00000000,false,3.101
fb54184fa62d0d454587,slug_only,2,/404/index.html,0.00000000,false,3.101
fb54184fa62d0d454587,slug_only,3,/<platform>/build-a-backend/auth/connect-your-frontend/manage-user-sessions,0.00000000,false,3.101
fb7fd9de6b0a578b50cd,slug_only,1,/,0.00000000,false,2.857
fb7fd9de6b0a578b50cd,slug_only,2,/404/index.html,0.00000000,false,2.857
fb7fd9de6b0a578b50cd,slug_only,3,/<platform>/build-a-backend/auth/connect-your-frontend/manage-user-sessions,0.00000000,false,2.857
fb8b21f2cca18f3ec55b,slug_only,1,/examples/openai_chat_completion,0.25000000,true,2.749
fb8b21f2cca18f3ec55b,slug_only,2,/examples/tutorials/chat_app,0.06250000,false,2.749
fb8b21f2cca18f3ec55b,slug_only,3,/404,0.00000000,false,2.749
fb8c331bd8b17e24d31a,slug_only,1,/en/flux/installation/configuration/bootstrap-customization,0.12500000,false,2.768
fb8c331bd8b17e24d31a,slug_only,2,/flux/installation/configuration/bootstrap-customization,0.12500000,false,2.768
fb8c331bd8b17e24d31a,slug_only,3,/en/blog/2025-04-14-flux-operator-github-app-bootstrap,0.03125000,false,2.768
fbb44eeb88b40b79ed8a,slug_only,1,/angular/build-a-backend/troubleshooting/cdktoolkit-stack,0.22500000,true,3.134
fbb44eeb88b40b79ed8a,slug_only,2,/flutter/build-a-backend/troubleshooting/cdktoolkit-stack,0.12500000,false,3.134
fbb44eeb88b40b79ed8a,slug_only,3,/angular/build-a-backend,0.10000000,false,3.134
fbc7483e004113050822,slug_only,1,/gen1/<platform>/prev/build-a-backend/<category>/<page>,0.90000000,false,2.846
fbc7483e004113050822,slug_only,2,/gen1/<platform>/prev/tools/<category>/<page>,0.90000000,false,2.846
fbc7483e004113050822,slug_only,3,/gen1/<platform>/build-a-backend/graphqlapi/<page>,0.80000000,false,2.846
fbf1cb499f68096c4fc6,slug_only,1,/flutter,0.80000000,false,3.028
fbf1cb499f68096c4fc6,slug_only,2,/,0.00000000,false,3.028
fbf1cb499f68096c4fc6,slug_only,3,/404/index.html,0.00000000,false,3.028
fc3ca6bf83d4ccfc9e2b,slug_only,1,/,0.00000000,false,2.745
fc3ca6bf83d4ccfc9e2b,slug_only,2,/404/index.html,0.00000000,false,2.745
fc3ca6bf83d4ccfc9e2b,slug_only,3,/<platform>/build-a-backend/auth/connect-your-frontend/manage-user-sessions,0.00000000,false,2.745
fc4e135cc07b5f02a62d,slug_only,1,/,0.00000000,false,2.790
fc4e135cc07b5f02a62d,slug_only,2,/404/index.html,0.00000000,true,2.790
fc4e135cc07b5f02a62d,slug_only,3,/<platform>/build-a-backend/auth/connect-your-frontend/manage-user-sessions,0.00000000,false,2.790
fc746a53136157591072,slug_only,1,/providers/AviatrixSystems/aviatrix/latest/docs/data-sources/:path*,0.80000000,false,2.661
fc746a53136157591072,slug_only,2,/providers/AviatrixSystems/aviatrix/latest/docs/guides/:path*,0.80000000,false,2.661
fc746a53136157591072,slug_only,3,/providers/AviatrixSystems/aviatrix/latest/docs/resources/:path*,0.80000000,false,2.661
fc74ce5c6fcc10277c27,slug_only,1,/examples/udp_listener,0.25000000,true,2.631
fc74ce5c6fcc10277c27,slug_only,2,/404,0.00000000,false,2.631
fc74ce5c6fcc10277c27,slug_only,3,/README,0.00000000,false,2.631
fc88319279eaea7fb49f,slug_only,1,/providers/AviatrixSystems/aviatrix/latest/docs/data-sources/:path*,0.80000000,false,2.576
fc88319279eaea7fb49f,slug_only,2,/providers/AviatrixSystems/aviatrix/latest/docs/guides/:path*,0.80000000,false,2.576
fc88319279eaea7fb49f,slug_only,3,/providers/AviatrixSystems/aviatrix/latest/docs/resources/:path*,0.80000000,false,2.576
fc89bfcf75d9be0780b7,slug_only,1,/,0.00000000,false,2.825
fc89bfcf75d9be0780b7,slug_only,2,/404/index.html,0.00000000,false,2.825
fc89bfcf75d9be0780b7,slug_only,3,/<platform>/build-a-backend/auth/connect-your-frontend/manage-user-sessions,0.00000000,false,2.825
fcf46ebbe82e517067e0,slug_only,1,/providers/AviatrixSystems/aviatrix/latest/docs/data-sources/:path*,0.80000000,false,2.573
fcf46ebbe82e517067e0,slug_only,2,/providers/AviatrixSystems/aviatrix/latest/docs/guides/:path*,0.80000000,false,2.573
fcf46ebbe82e517067e0,slug_only,3,/providers/AviatrixSystems/aviatrix/latest/docs/resources/:path*,0.80000000,false,2.573
fd1975fa7752d6d6013a,slug_only,1,/,0.00000000,false,3.066
fd1975fa7752d6d6013a,slug_only,2,/404/index.html,0.00000000,false,3.066
fd1975fa7752d6d6013a,slug_only,3,/<platform>/build-a-backend/auth/connect-your-frontend/manage-user-sessions,0.00000000,false,3.066
fd75af1ef9cf06bfaa9f,slug_only,1,/docs/extend/writing-custom-providers.html,0.06250000,false,2.614
fd75af1ef9cf06bfaa9f,slug_only,2,/.github/pull_request_template,0.00000000,false,2.614
fd75af1ef9cf06bfaa9f,slug_only,3,/MIGRATION,0.00000000,false,2.614
fd7dc7fa22a81a4aba94,slug_only,1,/android/build-a-backend/auth/sign-in-with-web-ui,0.04166667,false,2.794
fd7dc7fa22a81a4aba94,slug_only,2,/,0.00000000,true,2.794
fd7dc7fa22a81a4aba94,slug_only,3,/404/index.html,0.00000000,false,2.794
fda18708340fe495781e,slug_only,1,/language/upgrade-guides/0-15,0.12500000,true,2.552
fda18708340fe495781e,slug_only,2,/language/v1.1.x/upgrade-guides/0-15,0.12500000,false,2.552
fda18708340fe495781e,slug_only,3,/docs/extend/writing-custom-providers.html,0.05000000,false,2.552
fdca15e6babe1dc81a97,slug_only,1,/android/sdk/auth/getting-started,0.80000000,false,2.800
fdca15e6babe1dc81a97,slug_only,2,/gen1/<platform>/start/getting-started,0.80000000,false,2.800
fdca15e6babe1dc81a97,slug_only,3,/,0.00000000,false,2.800
fe2461f7604a82d6370e,slug_only,1,/.github/pull_request_template,0.00000000,false,2.745
fe2461f7604a82d6370e,slug_only,2,/MIGRATION,0.00000000,false,2.745
fe2461f7604a82d6370e,slug_only,3,/README,0.00000000,false,2.745
ff3807b2cec0edc5de9d,slug_only,1,/providers/AviatrixSystems/aviatrix/latest/docs/data-sources/:path*,0.80000000,false,2.575
ff3807b2cec0edc5de9d,slug_only,2,/providers/AviatrixSystems/aviatrix/latest/docs/guides/:path*,0.80000000,false,2.575
ff3807b2cec0edc5de9d,slug_only,3,/providers/AviatrixSystems/aviatrix/latest/docs/resources/:path*,0.80000000,false,2.575
ff49e24b66963d4039ca,slug_only,1,/blog/2025/07/time-based-deployments,0.90000000,true,3.393
ff49e24b66963d4039ca,slug_only,2,/en/blog/2025-07-07-time-based-deployments,0.15000000,false,3.393
ff49e24b66963d4039ca,slug_only,3,/en/flagger/tutorials/zero-downtime-deployments,0.05000000,false,3.393
ff60cf6174c9294c1eef,slug_only,1,/android/build-a-backend/more-features/datastore/manipulate-data,0.08333333,false,2.902
ff60cf6174c9294c1eef,slug_only,2,/flutter/build-a-backend/graphqlapi/query-data,0.08333333,false,2.902
ff60cf6174c9294c1eef,slug_only,3,/flutter/build-a-backend/graphqlapi/subscribe-data,0.08333333,false,2.902
ff783efabb9eb9483717,slug_only,1,/android/build-a-backend/restapi/set-up-rest-api,0.10000000,false,3.162
ff783efabb9eb9483717,slug_only,2,/gen1/flutter/prev/build-a-backend/restapi/set-up-rest-api,0.10000000,false,3.162
ff783efabb9eb9483717,slug_only,3,/amplify-js/api,0.08333333,false,3.162
ff7e1c721142b018fab5,slug_only,1,/,0.00000000,false,2.907
ff7e1c721142b018fab5,slug_only,2,/404/index.html,0.00000000,false,2.907
ff7e1c721142b018fab5,slug_only,3,/<platform>/build-a-backend/auth/connect-your-frontend/manage-user-sessions,0.00000000,false,2.907
ffcb95a14923a697c2c7,slug_only,1,/gen1/<platform>/prev/build-a-backend/<category>/<page>,0.90000000,true,3.110
ffcb95a14923a697c2c7,slug_only,2,/gen1/<platform>/prev/tools/<category>/<page>,0.90000000,false,3.110
ffcb95a14923a697c2c7,slug_only,3,/gen1/<platform>/build-a-backend/graphqlapi/<page>,0.80000000,false,3.110
ffde24bf0a4ee05bfc6f,slug_only,1,/gen1/angular/prev,0.80000000,false,2.754
ffde24bf0a4ee05bfc6f,slug_only,2,/gen1/javascript/prev,0.80000000,false,2.754
ffde24bf0a4ee05bfc6f,slug_only,3,/,0.00000000,false,2.754
